Id,A,D,H
3419,0.21052530202566241,0.27371024817625866,0.515764449798079
3420,0.27267016255163035,0.30352952832184793,0.42380030912652183
3421,0.18557638654361097,0.23734142327197208,0.5770821901844169
3422,0.25698848846173417,0.2109016065984012,0.5321099049398647
3423,0.1256659150077765,0.1919402452528902,0.6823938397393333
3424,0.3341869200881084,0.19846149605242183,0.46735158385946973
3425,0.22543270691877568,0.2579389488166746,0.5166283442645497
3426,0.2774593501770037,0.16212867361318514,0.5604119762098111
3427,0.20514322996233728,0.25234860879765264,0.54250816124001
3428,0.24264514720516994,0.2318094628162946,0.5255453899785355
3429,0.3640046393048332,0.3082570983181456,0.3277382623770213
3430,0.21989024433525206,0.32417204453952647,0.45593771112522147
3431,0.1215403509929801,0.20219694780863742,0.6762627011983825
3432,0.23877515535090524,0.21557331780112707,0.5456515268479677
3433,0.15774821763488373,0.2856620009553116,0.5565897814098048
3434,0.17389730785919938,0.2832181922194673,0.5428844999213333
3435,0.3700219031164504,0.36482726276192373,0.2651508341216258
3436,0.25041189093494554,0.28056180654891044,0.46902630251614413
3437,0.27713147038737557,0.26632584348529986,0.4565426861273246
3438,0.1431490120551274,0.19061405412700066,0.666236933817872
3439,0.19296807305405078,0.23351389619899218,0.5735180307469571
3440,0.37158757131988585,0.3278650397387099,0.3005473889414043
3441,0.21144193942130737,0.24400822953583098,0.5445498310428617
3442,0.19511954828469513,0.22977178304472248,0.5751086686705824
3443,0.23018403299618714,0.30502549145750846,0.4647904755463044
3444,0.08545028864821788,0.15947263429007713,0.755077077061705
3445,0.2231290833663008,0.268212286328967,0.5086586303047322
3446,0.26343439197296903,0.3076597160438491,0.42890589198318185
3447,0.18046087766109656,0.3108792256750354,0.508659896663868
3448,0.3051623571941382,0.2648251704439463,0.4300124723619155
3449,0.2084391595109181,0.25526355884864266,0.5362972816404392
3450,0.26695827820560813,0.261309860276247,0.4717318615181449
3451,0.41604525530414715,0.3352930362334773,0.2486617084623756
3452,0.23798642408856407,0.27678804561005166,0.4852255303013844
3453,0.3007302822548701,0.26638048573347567,0.4328892320116542
3454,0.1920493391706119,0.20690251820694985,0.6010481426224383
3455,0.3113850968547489,0.2677286911939733,0.42088621195127784
3456,0.16706069473252733,0.23392970986373934,0.5990095954037332
3457,0.23341109245533825,0.2849007056495399,0.48168820189512196
3458,0.13713379767343017,0.20662971176116324,0.6562364905654066
3459,0.2822960813021795,0.30539858445970786,0.4123053342381127
3460,0.13344470969939012,0.2473278419856028,0.6192274483150071
3461,0.21436140030377032,0.28104306454970573,0.504595535146524
3462,0.2037654769421492,0.2512553458796908,0.54497917717816
3463,0.20491587870793615,0.26980343900436704,0.5252806822876968
3464,0.19749854119785648,0.28851864480885964,0.5139828139932839
3465,0.30880168583799594,0.3304310193288081,0.36076729483319603
3466,0.28003021383505877,0.28279500378710276,0.4371747823778386
3467,0.25693282041319543,0.2804488716884544,0.4626183078983503
3468,0.29599847671994534,0.308842823864036,0.39515869941601867
3469,0.33871175290878475,0.28067058635555,0.38061766073566533
3470,0.22053310300480042,0.2719345050919648,0.5075323919032348
3471,0.1503586471305104,0.25023195990540936,0.5994093929640802
3472,0.2652622992551724,0.3078398775305632,0.42689782321426445
3473,0.21413482686885538,0.27113765867890677,0.5147275144522379
3474,0.18929579833836194,0.2811640304501116,0.5295401712115264
3475,0.29555106142590526,0.2760491664327949,0.42839977214129976
3476,0.2522301874645319,0.2510545211453436,0.49671529139012444
3477,0.28692665256414096,0.24912743098083454,0.46394591645502453
3478,0.3180323897807194,0.2981430393261869,0.3838245708930937
3479,0.2412759309431174,0.2735047084668593,0.48521936059002324
3480,0.17539015356437138,0.2637937706865488,0.5608160757490799
3481,0.1896023920213336,0.24795986032764952,0.5624377476510168
3482,0.32768061955298944,0.30429615989362213,0.3680232205533885
3483,0.17928160347114994,0.26718748742670617,0.553530909102144
3484,0.27173642680683663,0.2658254093042663,0.4624381638888971
3485,0.1974510040684721,0.23997641714431758,0.5625725787872103
3486,0.31052543899991564,0.3107635394107405,0.37871102158934394
3487,0.21116237440899263,0.27765278740425353,0.5111848381867539
3488,0.2800329470837776,0.2894139108537065,0.43055314206251594
3489,0.18213016614592406,0.2442778685065099,0.5735919653475661
3490,0.28716451748484406,0.2871446620285437,0.42569082048661216
3491,0.241452686779561,0.2958271649786582,0.4627201482417809
3492,0.2636239920485563,0.2953550706300684,0.4410209373213754
3493,0.1943313848166177,0.24526815535785906,0.5604004598255232
3494,0.2506492014796235,0.24955942926291622,0.49979136925746026
3495,0.26849825152259427,0.2658939262689754,0.4656078222084303
3496,0.1072112232974791,0.18964971481661094,0.7031390618859099
3497,0.23191678790488146,0.2838093420515448,0.4842738700435737
3498,0.31622475669769873,0.3079773040415613,0.37579793926073995
3499,0.19544546618239314,0.29088492503678715,0.5136696087808197
3500,0.24792116202711284,0.27956240552658496,0.4725164324463022
3501,0.3404035990415034,0.27493579679238694,0.38466060416610964
3502,0.2053806453340335,0.25563358338694236,0.5389857712790241
3503,0.2787129726364842,0.3228633653805303,0.3984236619829855
3504,0.2950329169864991,0.30053286325392997,0.404434219759571
3505,0.14021763034132867,0.20282290154899424,0.6569594681096772
3506,0.23167726525341448,0.30066942959793275,0.4676533051486528
3507,0.24023531703711656,0.2804271217008244,0.4793375612620589
3508,0.25870570452812564,0.26902422980455754,0.47227006566731683
3509,0.3351824979429496,0.33050888682674073,0.33430861523030964
3510,0.21035140127787702,0.2793903494222797,0.5102582492998433
3511,0.26488509021485024,0.30760136167807395,0.42751354810707587
3512,0.21300153249284065,0.2580706376043648,0.5289278299027945
3513,0.3140050888031728,0.28996368849590076,0.39603122270092644
3514,0.33944390682923087,0.29657153433286204,0.36398455883790715
3515,0.2420384715665262,0.29982358982455626,0.4581379386089175
3516,0.12759527513436827,0.25597472259857,0.6164300022670617
3517,0.2989689906445082,0.28272959939113035,0.41830140996436155
3518,0.29193086468937063,0.3078602169475881,0.4002089183630412
3519,0.16995506182083575,0.2580025783664672,0.5720423598126971
3520,0.15398350881642298,0.23577830642368597,0.610238184759891
3521,0.27630141154042676,0.27769350721551195,0.4460050812440614
3522,0.22132277584759294,0.27668029279368894,0.501996931358718
3523,0.2601922748129096,0.27624155408095397,0.4635661711061365
3524,0.27151812519102386,0.30773963516675573,0.42074223964222035
3525,0.20118998835798163,0.25856178825893467,0.5402482233830836
3526,0.345003580777868,0.29533440070630207,0.35966201851582996
3527,0.30983652040879367,0.3173298071804919,0.3728336724107144
3528,0.2578045380984247,0.2576605319745562,0.48453492992701913
3529,0.32050350820686596,0.26538253143074625,0.4141139603623877
3530,0.19973014374586517,0.27219418476750423,0.5280756714866306
3531,0.3141411705412287,0.3054843830008805,0.38037444645789076
3532,0.19685663611906276,0.2813120502661635,0.5218313136147738
3533,0.28972331685430375,0.304036213826066,0.40624046931963026
3534,0.24102074206976368,0.294148795429618,0.4648304625006182
3535,0.2553744067209489,0.30821548132720994,0.4364101119518412
3536,0.39113632339690385,0.2863850334629689,0.32247864314012725
3537,0.14840137031199324,0.24695477265274807,0.6046438570352586
3538,0.26612709086745623,0.2717989828017376,0.46207392633080613
3539,0.29630588502644156,0.3147075426268207,0.3889865723467378
3540,0.23343180135562364,0.2776583759871054,0.488909822657271
3541,0.19348565591464795,0.24689469680374887,0.5596196472816032
3542,0.16261539420503235,0.25382639138070345,0.5835582144142643
3543,0.3008433559472589,0.28305740841708493,0.4160992356356561
3544,0.2042756680668876,0.2831600322457595,0.512564299687353
3545,0.31134991161336745,0.2882417198966806,0.40040836848995204
3546,0.13398173787022336,0.24279145561556914,0.6232268065142075
3547,0.2005306176895129,0.2608452000661743,0.5386241822443127
3548,0.28299165649771163,0.31437563858753476,0.40263270491475367
3549,0.15805788053339043,0.23615788428288564,0.6057842351837239
3550,0.2286623948512237,0.2877934121725152,0.4835441929762612
3551,0.19136641501900034,0.26217821537342045,0.5464553696075792
3552,0.2010983575733959,0.2447078291905225,0.5541938132360815
3553,0.12616130300501585,0.21654855596974534,0.6572901410252389
3554,0.39379349976547884,0.3297921642789746,0.27641433595554654
3555,0.3191592887628501,0.28113752136929365,0.39970318986785625
3556,0.24070678852634544,0.3045965687477846,0.45469664272586985
3557,0.25577354068255204,0.2699896126579937,0.4742368466594543
3558,0.17464019512758927,0.2491446400302371,0.5762151648421737
3559,0.2464578469559004,0.2939320162838826,0.45961013676021695
3560,0.43012063791985455,0.2893004373597444,0.2805789247204011
3561,0.2607962076099128,0.3256983014521573,0.41350549093792993
3562,0.2602023180127913,0.27719479095871946,0.4626028910284892
3563,0.14634595792161667,0.2602627059683624,0.5933913361100209
3564,0.26215603539559906,0.24591877260189776,0.4919251920025033
3565,0.23052524119085435,0.26718675598977076,0.5022880028193748
3566,0.24907209948465248,0.2829412589451113,0.4679866415702362
3567,0.294925382668066,0.2636303201490347,0.44144429718289935
3568,0.16967689935559319,0.28087192629330426,0.5494511743511026
3569,0.18800382941364938,0.25034817328785447,0.5616479972984961
3570,0.20463361567459826,0.29652321977284474,0.49884316455255695
3571,0.3092484137350789,0.3275237534101727,0.36322783285474836
3572,0.2657264943545456,0.26784510320270766,0.4664284024427468
3573,0.24777191967028447,0.2879940466491251,0.46423403368059035
3574,0.14136893234509673,0.23700795860465182,0.6216231090502514
3575,0.38297562837084576,0.3391507543545044,0.2778736172746498
3576,0.2409378242252802,0.2866534731171302,0.47240870265758955
3577,0.22761672241615732,0.2959942267861832,0.4763890507976594
3578,0.17652899796377225,0.22240954215053255,0.6010614598856953
3579,0.2273535545666137,0.29030148657464905,0.4823449588587373
3580,0.3589015471679565,0.2890942359659611,0.3520042168660823
3581,0.1404870096496461,0.2366147296943442,0.6228982606560096
3582,0.27251031209239535,0.288511606188466,0.4389780817191387
3583,0.2931171034921216,0.28024871307504257,0.42663418343283593
3584,0.24789067912988202,0.2933805144885412,0.4587288063815767
3585,0.21019686820114028,0.24871877592371416,0.5410843558751456
3586,0.40797405296472705,0.28939789061885834,0.3026280564164146
3587,0.2854721648545468,0.290901801902538,0.42362603324291526
3588,0.1471433589350695,0.23237398276204474,0.6204826583028856
3589,0.16714894284210502,0.24724931593963712,0.5856017412182578
3590,0.17589396322179776,0.24415073999423173,0.5799552967839705
3591,0.3064115862525569,0.3188219224791946,0.3747664912682486
3592,0.18599019174700138,0.25328586822549254,0.560723940027506
3593,0.1390942207616864,0.2220155449122383,0.6388902343260753
3594,0.20597877107806029,0.2671737172888975,0.5268475116330422
3595,0.14837374487193555,0.21490418829409208,0.6367220668339725
3596,0.1817077732007929,0.2642518205449449,0.5540404062542622
3597,0.36432009490672046,0.32681626388543916,0.3088636412078404
3598,0.35683369807458803,0.3225651851291208,0.3206011167962911
3599,0.18370004068937074,0.2650949833671646,0.5512049759434647
3600,0.3732393425843231,0.31138902824603115,0.3153716291696456
3601,0.4072790176411235,0.2609858048049485,0.33173517755392806
3602,0.1944178317115602,0.2659315427720832,0.5396506255163567
3603,0.3496979712929956,0.3134494625453486,0.3368525661616557
3604,0.17882004673462104,0.2608447034161627,0.5603352498492162
3605,0.2466973793803858,0.2599788265463196,0.49332379407329463
3606,0.1524415188505966,0.2446894870959258,0.6028689940534776
3607,0.3143051270490411,0.2890667752686683,0.39662809768229057
3608,0.3211201239500785,0.2636599370162449,0.41521993903367665
3609,0.2974571572497336,0.32293858511364537,0.37960425763662103
3610,0.2150619417145479,0.25512321677385935,0.5298148415115927
3611,0.13321929992585324,0.222294116854962,0.6444865832191848
3612,0.12619577051248648,0.22844449088604316,0.6453597386014704
3613,0.23307971475513295,0.28297771206926636,0.4839425731756006
3614,0.2798138934906429,0.2847502343046929,0.43543587220466423
3615,0.2052808664518435,0.27223495682048043,0.5224841767276761
3616,0.2239291230106078,0.25444237223603866,0.5216285047533535
3617,0.15937130946146286,0.25258170679835107,0.588046983740186
3618,0.2735108366917223,0.30175573353141527,0.4247334297768623
3619,0.3192405023463721,0.2855474860690309,0.39521201158459707
3620,0.301472119132799,0.2903567170428936,0.4081711638243074
3621,0.3568781123610967,0.2737640665369405,0.36935782110196275
3622,0.41133804841016863,0.28229054321510955,0.3063714083747217
3623,0.3041527372798944,0.27284401257521956,0.423003250144886
3624,0.14124770170918363,0.20739364201097232,0.6513586562798441
3625,0.1184559371241224,0.21837711149588485,0.6631669513799927
3626,0.3201500302376287,0.30813308329614264,0.37171688646622875
3627,0.18318158585066638,0.2665916104173825,0.5502268037319511
3628,0.3372740561472436,0.28316879667801903,0.3795571471747374
3629,0.20038309338610447,0.25169116658154533,0.5479257400323502
3630,0.24936250571573018,0.2978630974318701,0.4527743968523997
3631,0.2337140195339467,0.26454876733293053,0.5017372131331228
3632,0.2649442185128998,0.27010287510558517,0.46495290638151493
3633,0.4016153174728599,0.3041857717878264,0.2941989107393138
3634,0.2175081753912794,0.2626861640828851,0.5198056605258355
3635,0.15406484649971733,0.2735776611945229,0.5723574923057597
3636,0.2590648347259215,0.26921124116575823,0.4717239241083203
3637,0.26629317150073306,0.28997547856598105,0.4437313499332859
3638,0.2501187416671565,0.2866546954697291,0.46322656286311437
3639,0.14749846907859426,0.21680032085332412,0.6357012100680816
3640,0.11800799327124574,0.19403205850763536,0.6879599482211188
3641,0.2819739239179245,0.2937307258710577,0.4242953502110178
3642,0.1916183279620573,0.27853853758396985,0.5298431344539728
3643,0.20152686217586668,0.24300775428087593,0.5554653835432574
3644,0.25832606308971584,0.2660606563404016,0.47561328056988256
3645,0.21911189543754328,0.24416536567948763,0.5367227388829691
3646,0.2845825449660182,0.3040944537355106,0.41132300129847127
3647,0.23497724880467416,0.2781989337726542,0.4868238174226715
3648,0.3812123171438536,0.2815258155814076,0.3372618672747387
3649,0.2662780606975373,0.2568964986543634,0.47682544064809934
3650,0.215768634580805,0.24245157901246048,0.5417797864067345
3651,0.25889048268181364,0.2937384760819061,0.44737104123628035
3652,0.2660248259960635,0.29732777027532203,0.43664740372861444
3653,0.263578939512475,0.34599213904460735,0.3904289214429177
3654,0.23185942514812405,0.28017573327845785,0.4879648415734181
3655,0.4142069777515972,0.3071645439024418,0.278628478345961
3656,0.29996578632459,0.2751438493061105,0.42489036436929944
3657,0.12322933732945278,0.1962342893093862,0.680536373361161
3658,0.18555133044970593,0.25969902873649964,0.5547496408137944
3659,0.2621778903775893,0.2569008237359602,0.48092128588645056
3660,0.2514831689125161,0.28574099057159963,0.4627758405158842
3661,0.3587504197617014,0.3086220455698554,0.3326275346684433
3662,0.15598052584066663,0.22904056683517546,0.6149789073241579
3663,0.11240021815611052,0.21151988763668444,0.676079894207205
3664,0.23088975743511542,0.26056708930281264,0.5085431532620719
3665,0.15868656313257448,0.2655865733106659,0.5757268635567596
3666,0.3571188290368717,0.3119751075771266,0.3309060633860016
3667,0.2748507488147814,0.29045901152456066,0.43469023966065784
3668,0.19312278987788759,0.261439094777295,0.5454381153448175
3669,0.1615538929716819,0.23039963518298642,0.6080464718453318
3670,0.2518389877691858,0.2883358583562598,0.45982515387455436
3671,0.1375224060798265,0.22733413415517373,0.6351434597649999
3672,0.1764365252538863,0.28187875435963344,0.5416847203864803
3673,0.08061395850830784,0.17766630101762687,0.7417197404740653
3674,0.3717182239796653,0.2937818774982443,0.33449989852209033
3675,0.3049001693456035,0.2823772978889272,0.4127225327654692
3676,0.29592530502123193,0.24122771507558594,0.4628469799031822
3677,0.28211388969995754,0.26709167321230126,0.45079443708774114
3678,0.3270152197574108,0.31112779453148504,0.3618569857111042
3679,0.413728083005987,0.2964746267637604,0.28979729023025264
3680,0.21690286684532273,0.25175235443820954,0.5313447787164678
3681,0.2386174836995088,0.26624628835862674,0.49513622794186446
3682,0.2375083759136241,0.26631380280850003,0.4961778212778758
3683,0.16466225028325895,0.25242527130595643,0.5829124784107846
3684,0.24805037913279496,0.29436118370926806,0.45758843715793707
3685,0.3341772611745393,0.31148727424407474,0.35433546458138593
3686,0.11713785297935549,0.20372192436916992,0.6791402226514747
3687,0.16357474771724226,0.20283538908623464,0.6335898631965231
3688,0.40211301920473064,0.2785440428533922,0.319342937941877
3689,0.1695054129747413,0.23193235254689276,0.598562234478366
3690,0.26579856720857087,0.2638336254898705,0.4703678073015586
3691,0.14145573365229597,0.21920573144774733,0.6393385348999567
3692,0.32697682696247227,0.2809272510128929,0.39209592202463484
3693,0.10365411283397906,0.19224581301831903,0.7041000741477019
3694,0.3206388037010929,0.32899280226331307,0.3503683940355941
3695,0.30163417058812936,0.3123581697369487,0.386007659674922
3696,0.2872333388225824,0.3149863230199845,0.397780338157433
3697,0.18665084826196882,0.2491867765747855,0.5641623751632457
3698,0.14708054574380433,0.216727804710125,0.6361916495460708
3699,0.26161276236966263,0.28497813099772257,0.45340910663261474
3700,0.2778258001860377,0.3046010043343427,0.4175731954796195
3701,0.15527825580233148,0.23422956416429774,0.6104921800333707
3702,0.13022351185273254,0.20043574234375391,0.6693407458035135
3703,0.26618512905344865,0.2759435924349118,0.4578712785116396
3704,0.16915949288400187,0.22813160634206614,0.602708900773932
3705,0.23391556254601467,0.3238913667116951,0.44219307074229025
3706,0.16123933114244615,0.21414805329709605,0.6246126155604578
3707,0.3809948342598836,0.3303674608232507,0.2886377049168658
3708,0.42190843952380247,0.2684661478820289,0.3096254125941686
3709,0.3951642727148328,0.27468611069058335,0.3301496165945839
3710,0.21068400998765596,0.24782540819559748,0.5414905818167466
3711,0.2625388927790913,0.3034956483646834,0.4339654588562253
3712,0.19803092891689264,0.2759381366153488,0.5260309344677586
3713,0.20235552412369912,0.24966991987142076,0.5479745560048801
3714,0.28694266954667474,0.264414111378039,0.44864321907528637
3715,0.06892376825816465,0.1597485750982339,0.7713276566436015
3716,0.21788031623900941,0.26112493131708553,0.5209947524439051
3717,0.31318926855889734,0.30583199381664333,0.3809787376244593
3718,0.3663643195910947,0.3071505364362989,0.3264851439726064
3719,0.19775778977317265,0.25658752095134185,0.5456546892754854
3720,0.1415843912796331,0.2519617445610346,0.6064538641593323
3721,0.13612652051361843,0.21869882150790496,0.6451746579784766
3722,0.1687201747886008,0.2911632587412174,0.5401165664701818
3723,0.14908064670039484,0.2230467953251683,0.627872557974437
3724,0.3331762940147939,0.27347704573297305,0.3933466602522331
3725,0.1710857258645958,0.24521157692286205,0.5837026972125422
3726,0.44695384319384973,0.3097429027017942,0.24330325410435608
3727,0.1696952544619032,0.2313039194743562,0.5990008260637405
3728,0.21777798617664246,0.2700750925920376,0.5121469212313199
3729,0.19585812840136443,0.26705439780021667,0.5370874737984189
3730,0.2290368126579008,0.24332728517102953,0.5276359021710697
3731,0.10984549866215124,0.21725945188877613,0.6728950494490725
3732,0.3203039235657845,0.31111784237807394,0.36857823405614154
3733,0.33959259158995625,0.27950548089818267,0.380901927511861
3734,0.15004820517657771,0.20862829366377214,0.6413235011596501
3735,0.42791933206245203,0.2689449564975948,0.3031357114399531
3736,0.2478332157310855,0.24609022125832813,0.5060765630105863
3737,0.14166101293832695,0.23632772332000912,0.6220112637416639
3738,0.2919897626716912,0.26978654872437857,0.4382236886039302
3739,0.30664342861733396,0.29632180763195287,0.3970347637507132
3740,0.2553299787691919,0.2609285246056017,0.4837414966252064
3741,0.05309927689413263,0.15182175364209347,0.7950789694637739
3742,0.153575058858981,0.27490440544084016,0.5715205357001789
3743,0.4183006777366774,0.28705258061387345,0.29464674164944904
3744,0.2614983924801118,0.2846029531071535,0.4538986544127347
3745,0.40775083775131904,0.311863101111691,0.28038606113698983
3746,0.2677181745926228,0.29117935470846157,0.44110247069891567
3747,0.23246748747137763,0.2880462493098485,0.47948626321877386
3748,0.3476757768337526,0.2898133236958296,0.36251089947041765
3749,0.13709835064803677,0.23043493639194348,0.6324667129600198
3750,0.2548972225413922,0.2788841881883732,0.4662185892702346
3751,0.1806843309237951,0.2576943821443036,0.5616212869319013
3752,0.25763125434131295,0.28377860321998627,0.4585901424387009
3753,0.11723830140662972,0.2010735451797168,0.6816881534136535
3754,0.13391772819294917,0.21862511092261586,0.647457160884435
3755,0.17042444491067496,0.24517680532138594,0.584398749767939
3756,0.11055877397899581,0.19811739410101692,0.6913238319199873
3757,0.19690739428610615,0.2420100182046828,0.5610825875092111
3758,0.30150377445305304,0.2830079909092106,0.4154882346377363
3759,0.342848653369548,0.3018056977141554,0.35534564891629666
3760,0.19853536877778635,0.24765821012309197,0.5538064210991217
3761,0.23089112937349246,0.2780984049959443,0.4910104656305634
3762,0.3125495020443013,0.2848353371861353,0.4026151607695634
3763,0.21564255927086573,0.25421158473298816,0.5301458559961462
3764,0.2819625161221568,0.2753692380753702,0.442668245802473
3765,0.3990251031334825,0.25799989050673305,0.34297500635978456
3766,0.29545412565882,0.2576064070463865,0.44693946729479356
3767,0.15982237530939616,0.24308651439869863,0.5970911102919052
3768,0.10931725279322987,0.21641086927780506,0.674271877928965
3769,0.19196794284911972,0.29168555248662537,0.5163465046642549
3770,0.11868698318914561,0.2098312444356181,0.6714817723752363
3771,0.25472140413945743,0.2877317343753827,0.4575468614851598
3772,0.16365824337812626,0.21568466352677595,0.6206570930950978
3773,0.13053840699392333,0.20773384037953352,0.6617277526265433
3774,0.14986027654688144,0.21911013787318734,0.6310295855799313
3775,0.3934614219433987,0.30892581290556037,0.29761276515104085
3776,0.16331192071045494,0.2536235857538132,0.5830644935357319
3777,0.4351605045423159,0.3166602613518354,0.24817923410584858
3778,0.1509540683281667,0.2822414867537792,0.566804444918054
3779,0.2635403440106766,0.2879187774920101,0.4485408784973133
3780,0.3537472091132825,0.26493958974258025,0.38131320114413725
3781,0.3460953390591279,0.3025228589603661,0.3513818019805059
3782,0.13716255416645629,0.2319488896257162,0.6308885562078276
3783,0.18620663082987035,0.24441349822759004,0.5693798709425397
3784,0.292695550119553,0.2803939023322497,0.42691054754819735
3785,0.4769580909790653,0.27634420268313037,0.24669770633780436
3786,0.10393167511173927,0.21858144435149404,0.6774868805367666
3787,0.1653467009825986,0.229712926995595,0.6049403720218064
3788,0.24699719893107158,0.2816808376241468,0.47132196344478156
3789,0.09010753150306892,0.1718163846321728,0.7380760838647582
3790,0.1719727385755437,0.25025294651700514,0.5777743149074511
3791,0.22458246680708177,0.283125981202874,0.4922915519900441
3792,0.3676916374969906,0.2786908411768673,0.35361752132614216
3793,0.2176573658479791,0.22357071957846666,0.5587719145735542
3794,0.2007384374717957,0.2513017242091309,0.5479598383190734
3795,0.2309382049500947,0.26556606634363933,0.503495728706266
3796,0.2781968028737602,0.30702244859570504,0.4147807485305347
3797,0.2590053870030534,0.3003310953188191,0.4406635176781275
3798,0.2923140784206597,0.27778254855041123,0.429903373028929
3799,0.2860333227368978,0.3052313574352777,0.40873531982782446
3800,0.1091422169986777,0.21145746733872026,0.6794003156626021
3801,0.17899263320997613,0.2327375102178479,0.588269856572176
3802,0.2683284252500689,0.2992029949981812,0.4324685797517499
3803,0.2683134162359821,0.21816425395884834,0.5135223298051697
3804,0.25501836265732397,0.26827298496096796,0.47670865238170806
3805,0.14557918158036004,0.2200692299281332,0.6343515884915069
3806,0.14899154636178877,0.21566089616046713,0.6353475574777441
3807,0.15445397624662,0.2162947277411006,0.6292512960122794
3808,0.1683913001340842,0.20412504215058921,0.6274836577153265
3809,0.14397917236710006,0.2247932940625601,0.6312275335703398
3810,0.22976761327651118,0.343475977846361,0.4267564088771279
3811,0.25865553372640865,0.32875325051550525,0.4125912157580861
3812,0.293411347639279,0.33669907319951875,0.3698895791612022
3813,0.1745063528034048,0.30854458399843926,0.5169490631981559
3814,0.36277822959296546,0.313240287587871,0.3239814828191636
3815,0.3423730122985233,0.28878937154429396,0.36883761615718286
3816,0.35301195221820975,0.34304150876020273,0.3039465390215875
3817,0.3340891133675816,0.3626012972119466,0.3033095894204718
3818,0.25451193145367845,0.3582227651195909,0.3872653034267307
3819,0.36725076648083127,0.33143119567685125,0.30131803784231753
3820,0.22685605963757474,0.3585474608223186,0.41459647954010675
3821,0.25432717369217567,0.2349577432017792,0.5107150831060452
3822,0.1609972114908452,0.25307488778349607,0.5859279007256587
3823,0.3064250790821775,0.31111827306810075,0.38245664784972183
3824,0.2271149763941438,0.2896096312010532,0.483275392404803
3825,0.18667629369235578,0.30678972208061217,0.5065339842270321
3826,0.2928076624549718,0.3162358775557755,0.39095645998925266
3827,0.1167964416960264,0.22993846360736112,0.6532650946966125
3828,0.22688882745576364,0.22717467627541799,0.5459364962688185
3829,0.22950548341800267,0.275335365997416,0.4951591505845814
3830,0.1448002627903126,0.25469961858927465,0.6005001186204127
3831,0.2652828208710046,0.29108079491192834,0.4436363842170671
3832,0.26345651139819753,0.29962310281809584,0.43692038578370657
3833,0.2267240836640207,0.27992943408469173,0.4933464822512877
3834,0.2761012475646619,0.3131669361741063,0.41073181626123184
3835,0.24291424618288798,0.24860884603151687,0.5084769077855951
3836,0.3980436266353499,0.29580340254596205,0.30615297081868803
3837,0.17740176684301873,0.2493978624983272,0.573200370658654
3838,0.2744354368011477,0.30575015742665335,0.419814405772199
3839,0.26633086352867347,0.28219499125686814,0.45147414521445844
3840,0.1622784753626274,0.22583734650640794,0.6118841781309646
3841,0.25979583172009935,0.2747528707133241,0.46545129756657655
3842,0.3124773443093716,0.3093014609260098,0.3782211947646186
3843,0.19087923757051745,0.2646086502934999,0.5445121121359826
3844,0.2945947429345097,0.3039649972456499,0.40144025981984033
3845,0.11506196416067345,0.221438192210421,0.6634998436289056
3846,0.3437335647400241,0.3077121772101208,0.3485542580498551
3847,0.21750517654519555,0.23648157805130984,0.5460132454034945
3848,0.20473277522300307,0.2825659082744053,0.5127013165025915
3849,0.32150862001950165,0.28644949837516,0.3920418816053384
3850,0.1267909475525535,0.233424696746692,0.6397843557007545
3851,0.08918936239641853,0.19596611565828084,0.7148445219453007
3852,0.24360625358426985,0.2853728758589997,0.4710208705567305
3853,0.27337434819622203,0.28422915405355575,0.4423964977502222
3854,0.29136681263350056,0.3073194760769038,0.40131371128959564
3855,0.2541846223211167,0.27883237582509296,0.46698300185379044
3856,0.2927565246150316,0.30700942589458724,0.4002340494903811
3857,0.14819444045420266,0.23205724774549893,0.6197483118002983
3858,0.334375618738097,0.3341925466095726,0.33143183465233045
3859,0.26299726078198826,0.26473531420401564,0.4722674250139961
3860,0.3778582837513376,0.30943868424631,0.3127030320023524
3861,0.24789713468806449,0.3123634084624453,0.4397394568494901
3862,0.30547347489387927,0.29191549037217795,0.4026110347339427
3863,0.4088268926083483,0.3157697631729599,0.27540334421869184
3864,0.1748544410721096,0.2662195543014136,0.5589260046264768
3865,0.3613771270557959,0.3118457195523079,0.3267771533918962
3866,0.22353131754622146,0.2541323010847667,0.5223363813690118
3867,0.2951750778994209,0.2745362255999238,0.43028869650065543
3868,0.18240701839375625,0.2721003538746424,0.5454926277316013
3869,0.20403170806412005,0.2613420299681115,0.5346262619677684
3870,0.17649067150689732,0.261317091323688,0.5621922371694147
3871,0.23665048595620566,0.2593607812094675,0.5039887328343269
3872,0.18341124525913435,0.2518643751043265,0.5647243796365391
3873,0.15869744746649483,0.2399273393976693,0.6013752131358358
3874,0.3051988496311016,0.3168340452880576,0.37796710508084075
3875,0.1745907492614717,0.24205371002902995,0.5833555407094982
3876,0.27957656383722057,0.2880137591718795,0.43240967699089994
3877,0.25758332292055736,0.2889759414804368,0.4534407355990057
3878,0.15518613165627157,0.22373808025837147,0.621075788085357
3879,0.15475875437446485,0.2395680754085825,0.6056731702169527
3880,0.33691315595589516,0.27876309259332244,0.38432375145078246
3881,0.24785776898234185,0.30221421849160734,0.4499280125260507
3882,0.30385501002051785,0.31815705494030716,0.37798793503917494
3883,0.291813688106881,0.2912681570624063,0.4169181548307128
3884,0.1712187296705594,0.25733333397204344,0.5714479363573972
3885,0.2537881585137255,0.2666155449057945,0.4795962965804801
3886,0.2551785672539218,0.28067749142964277,0.4641439413164354
3887,0.08040791393834706,0.17489863639139255,0.7446934496702604
3888,0.35137737124732377,0.2948567660879371,0.3537658626647391
3889,0.3512577572386646,0.28908415253051967,0.3596580902308158
3890,0.14998552507684657,0.23724547626495615,0.6127689986581972
3891,0.29219661196977337,0.30039789665841526,0.40740549137181126
3892,0.20651482445638794,0.29641548688172725,0.4970696886618848
3893,0.20589072162419997,0.25844882959115467,0.5356604487846454
3894,0.2974821248790287,0.2860202368423006,0.4164976382786708
3895,0.15449133677639643,0.24424922582077213,0.6012594374028315
3896,0.3044083382340599,0.29051831281761076,0.40507334894832936
3897,0.18597847635373957,0.2917757444075251,0.5222457792387354
3898,0.3688006772522644,0.3111846451234953,0.3200146776242403
3899,0.27862441409093724,0.28338845302786664,0.4379871328811961
3900,0.21667994190979867,0.2641781906292189,0.5191418674609823
3901,0.268190992109227,0.25140034402381073,0.48040866386696235
3902,0.4369306039527018,0.30691521522004284,0.2561541808272554
3903,0.2166716830702037,0.2884699068004513,0.494858410129345
3904,0.1907806439565384,0.23704615730843936,0.5721731987350221
3905,0.42153475793323525,0.28745970776346735,0.29100553430329745
3906,0.29820731614941015,0.29828382180853824,0.40350886204205155
3907,0.302633694500642,0.2613677650317782,0.4359985404675798
3908,0.29329598972398896,0.3004133532516081,0.4062906570244029
3909,0.24953574050532978,0.2567676341818146,0.4936966253128555
3910,0.15295149917183437,0.2276123245085066,0.6194361763196591
3911,0.2511534812557032,0.31319255748829883,0.43565396125599787
3912,0.3188428402108099,0.2780664541151042,0.4030907056740859
3913,0.14044127026206019,0.2113521606449122,0.6482065690930275
3914,0.14527949056397527,0.25572137751931856,0.5989991319167062
3915,0.3483258883063342,0.28890536161288727,0.36276875008077863
3916,0.1895277169353318,0.25969765518139104,0.5507746278832772
3917,0.3201202461379237,0.304592807216465,0.3752869466456112
3918,0.3231973704251111,0.3109717581562099,0.3658308714186789
3919,0.26746698906934224,0.27577127982609295,0.45676173110456486
3920,0.31789383319803616,0.30537754068393463,0.3767286261180291
3921,0.20529746845941463,0.2522314590675911,0.5424710724729942
3922,0.14137880330428793,0.26609967789093286,0.5925215188047791
3923,0.24188690508481536,0.2885656506200267,0.469547444295158
3924,0.3058635403323806,0.30158078541211003,0.3925556742555093
3925,0.15818255937501244,0.225137593050523,0.6166798475744646
3926,0.11489933890733112,0.2047882978295804,0.6803123632630884
3927,0.2647222263754583,0.2894745687848818,0.44580320483966
3928,0.20950192015372657,0.25543326880065814,0.5350648110456153
3929,0.23690910060524376,0.2890146282840839,0.47407627111067246
3930,0.3175363089703719,0.3145583489771725,0.3679053420524555
3931,0.18689477585218586,0.23400665611595742,0.5790985680318567
3932,0.3432368251667571,0.26987804955360656,0.3868851252796364
3933,0.1829833101556636,0.2911754950192472,0.5258411948250892
3934,0.25623016100193363,0.2696797796196826,0.47409005937838383
3935,0.21097804373239934,0.2538251736389646,0.5351967826286361
3936,0.22845636735789968,0.2769026554108363,0.49464097723126393
3937,0.2157638777233692,0.2645777499872318,0.519658372289399
3938,0.21934136089162312,0.2806147725789857,0.5000438665293911
3939,0.15157129227637212,0.24242823382017137,0.6060004739034565
3940,0.1889179691727012,0.26078150056480287,0.5503005302624959
3941,0.20861810451428522,0.3044689899096311,0.4869129055760837
3942,0.17028111249868938,0.27095351586692346,0.5587653716343871
3943,0.16939846835763323,0.25387416758000586,0.5767273640623609
3944,0.1865882130857479,0.23147444556152147,0.5819373413527306
3945,0.26057670622490875,0.288313506722982,0.4511097870521092
3946,0.362264198659456,0.3186273350461269,0.319108466294417
3947,0.13931654374515495,0.2067148347979073,0.6539686214569378
3948,0.1645751853765674,0.23345141889135196,0.6019733957320806
3949,0.3306799490893199,0.2834913339179946,0.3858287169926855
3950,0.3028226782208506,0.2874371970342963,0.40974012474485305
3951,0.22431918906544934,0.2617372761555448,0.5139435347790059
3952,0.25009685578216306,0.296248441917013,0.45365470230082405
3953,0.2012897453006769,0.26307353423507474,0.5356367204642484
3954,0.389305721320533,0.28685768678344736,0.3238365918960196
3955,0.3644290230413184,0.2940673398257796,0.34150363713290194
3956,0.40063043185436614,0.2914934320900962,0.30787613605553776
3957,0.17519829907939147,0.28161757719478475,0.5431841237258238
3958,0.15235131266886973,0.2552996374408368,0.5923490498902936
3959,0.17586037659788822,0.2858070444313319,0.5383325789707799
3960,0.16220399799480412,0.23888761335729314,0.5989083886479027
3961,0.21753499769243823,0.25189947858096723,0.5305655237265946
3962,0.27186855078177335,0.2842487806659204,0.4438826685523062
3963,0.15425050345000732,0.22681904909423944,0.6189304474557532
3964,0.41562417052572576,0.28757076100448387,0.2968050684697904
3965,0.10366903294219848,0.2084722215612823,0.6878587454965193
3966,0.3419523190066611,0.3140949174971523,0.34395276349618664
3967,0.3421425691120563,0.26470374299836846,0.3931536878895752
3968,0.3030378896427249,0.30154774764961073,0.3954143627076644
3969,0.2148385345652433,0.27505136402657565,0.5101101014081811
3970,0.2806290765926789,0.28737830434524353,0.4319926190620775
3971,0.2139062489604072,0.2663112518990631,0.5197824991405298
3972,0.40423939275934895,0.30865137562650213,0.28710923161414903
3973,0.2612447922261182,0.2762426040498619,0.46251260372402
3974,0.32386147879685806,0.31032755511278937,0.36581096609035246
3975,0.34691397104322513,0.32144864933576156,0.33163737962101325
3976,0.28538112024845574,0.32641887166531136,0.3882000080862329
3977,0.156736609517387,0.24665873893511361,0.5966046515474994
3978,0.1855484454580907,0.2506283776657613,0.563823176876148
3979,0.2899392014452961,0.27383770017957365,0.4362230983751302
3980,0.1616524459918381,0.24501895053614725,0.5933286034720145
3981,0.25971207754409736,0.24376521883520086,0.49652270362070167
3982,0.18668491138449472,0.23323253694892215,0.5800825516665831
3983,0.21172151282172408,0.24323207827036106,0.5450464089079148
3984,0.12373583216627522,0.23436585201300833,0.6418983158207164
3985,0.1342856914877982,0.20397892920058341,0.6617353793116183
3986,0.20735885497089102,0.2895098856967091,0.5031312593323999
3987,0.21629547351403322,0.24786977142920102,0.5358347550567658
3988,0.29401085032881047,0.3102718898732537,0.39571725979793587
3989,0.331927794580551,0.29912963910458834,0.36894256631486066
3990,0.1280685228429505,0.21277627210673514,0.6591552050503143
3991,0.30306221905083414,0.29567187377730897,0.4012659071718569
3992,0.3744654459059367,0.29177618095032887,0.33375837314373435
3993,0.3114117379603578,0.319273493154525,0.3693147688851171
3994,0.3891311563179868,0.31149432937901866,0.2993745143029945
3995,0.344044963335386,0.28867873841694647,0.3672762982476675
3996,0.30111814692227795,0.2994694645812627,0.3994123884964594
3997,0.19116144020837533,0.25639243869199874,0.5524461210996259
3998,0.17653190329791604,0.272216927347326,0.5512511693547579
3999,0.2089781316741118,0.2765421065075,0.5144797618183882
4000,0.3700222807192467,0.2681421404929404,0.3618355787878128
4001,0.17853212185830897,0.23804902418461774,0.5834188539570733
4002,0.11324466209125877,0.18566642415459733,0.7010889137541438
4003,0.23663667686531287,0.25044892053024875,0.5129144026044384
4004,0.1480428377450724,0.2274054325874504,0.6245517296674772
4005,0.0876965261063476,0.18782859392798543,0.7244748799656671
4006,0.18477916981924286,0.2513453748360557,0.5638754553447015
4007,0.2252889636107511,0.2612641745566069,0.513446861832642
4008,0.28761914159145824,0.29489228290855274,0.4174885754999891
4009,0.1545604892623945,0.25490211325539935,0.5905373974822062
4010,0.1770103079403563,0.25952435033319005,0.5634653417264537
4011,0.31730459464081506,0.3045756198884577,0.3781197854707272
4012,0.18410872725362243,0.2576668959212348,0.5582243768251427
4013,0.2814303807972076,0.25047478162325765,0.4680948375795347
4014,0.21460634425590133,0.2496089435545792,0.5357847121895194
4015,0.29846339488876805,0.30124522124944675,0.40029138386178514
4016,0.18681266460617038,0.24053421142826528,0.5726531239655643
4017,0.22482621629221106,0.2515306544158055,0.5236431292919834
4018,0.22379692318487496,0.2752831601112108,0.5009199167039143
4019,0.2808022245990375,0.2747231337386279,0.4444746416623347
4020,0.3364359790598483,0.25489459772213635,0.4086694232180154
4021,0.2417260848540922,0.25342651667491567,0.5048473984709921
4022,0.2194509716868769,0.24448602147061188,0.5360630068425112
4023,0.11114940929654611,0.22558110289024105,0.6632694878132128
4024,0.376557360549575,0.2884313382985999,0.3350113011518251
4025,0.2616606383954618,0.3097026332779959,0.4286367283265425
4026,0.19254202890921382,0.2446992754394881,0.562758695651298
4027,0.24100271938561088,0.28277051640708717,0.4762267642073019
4028,0.3189891290413524,0.32645598556889194,0.3545548853897556
4029,0.3168117055778196,0.33441855631550904,0.34876973810667133
4030,0.15390565496472833,0.23195809162237976,0.6141362534128919
4031,0.28135861850499816,0.2581473751904343,0.4604940063045676
4032,0.19567341235189314,0.28671411142914427,0.5176124762189626
4033,0.2043264902392904,0.24854920136267647,0.5471243083980332
4034,0.2973604672337761,0.286337021300532,0.4163025114656918
4035,0.2845466771826147,0.2724913402018186,0.4429619826155667
4036,0.1588515540327167,0.2600563689594273,0.581092077007856
4037,0.28608045392149367,0.26134479696774826,0.4525747491107581
4038,0.1636008189789605,0.24023291685207773,0.5961662641689617
4039,0.15375996184701415,0.22616691486376836,0.6200731232892174
4040,0.21874809342243182,0.25521778280377483,0.5260341237737933
4041,0.3513123910719017,0.2624900866116253,0.386197522316473
4042,0.2748922150767382,0.2709324733563352,0.45417531156692664
4043,0.2562379854531519,0.2765451056706156,0.46721690887623246
4044,0.4630197498436036,0.27120280342938724,0.2657774467270091
4045,0.21316899584245663,0.24959714360326757,0.5372338605542758
4046,0.29452039629149696,0.2785472543409573,0.4269323493675458
4047,0.2822835216123261,0.2855830512558493,0.4321334271318246
4048,0.14161440475003276,0.2216675172099529,0.6367180780400143
4049,0.21718696138620158,0.2668138101666164,0.5159992284471819
4050,0.26330030712054964,0.26585669914224636,0.47084299373720406
4051,0.2672590011796349,0.3096606487652601,0.42308035005510486
4052,0.2211467136499856,0.24327397445487461,0.5355793118951399
4053,0.26506477067410206,0.2679624334174508,0.46697279590844704
4054,0.1064771976408748,0.19907052887744184,0.6944522734816834
4055,0.2335665315697258,0.29090663566466063,0.4755268327656137
4056,0.10000307840695881,0.2039441743169663,0.6960527472760749
4057,0.1417727154569404,0.21641307722000927,0.6418142073230504
4058,0.22593958901664976,0.25275004416476343,0.5213103668185869
4059,0.21933637363030242,0.25840884465680897,0.5222547817128886
4060,0.398374856994249,0.27699125099562494,0.324633892010126
4061,0.33014197622854496,0.2590508550321757,0.41080716873927947
4062,0.29506512165234405,0.2796048255299737,0.42533005281768227
4063,0.2883219243843344,0.2689025988162907,0.4427754767993748
4064,0.296759599333425,0.29204362516393784,0.4111967755026371
4065,0.3154629696050387,0.32034504862460383,0.36419198177035744
4066,0.1796419611381233,0.248347172993257,0.5720108658686197
4067,0.3175306771614917,0.29879846364458074,0.38367085919392757
4068,0.2117155841539231,0.23271799732064263,0.5555664185254343
4069,0.2826104287397116,0.2819413190100745,0.43544825225021394
4070,0.2105221100883903,0.3067290665150769,0.4827488233965327
4071,0.26380214418241765,0.2705034848950544,0.4656943709225279
4072,0.1847878522130953,0.2561064948105622,0.5591056529763425
4073,0.14245747732939398,0.2376483136608095,0.6198942090097965
4074,0.14887185923590762,0.2443252224451177,0.6068029183189747
4075,0.19445152331152102,0.2716468975382385,0.5339015791502405
4076,0.17546469994940697,0.24844874933247696,0.5760865507181161
4077,0.15758367181117133,0.22305425633180198,0.6193620718570266
4078,0.44732818143816544,0.27301530415373554,0.279656514408099
4079,0.13547385032993553,0.21233444735164356,0.6521917023184209
4080,0.18117181287480957,0.28715664205236163,0.5316715450728289
4081,0.1918594377860447,0.2443819776851341,0.5637585845288212
4082,0.2570469358432101,0.28923147802603427,0.4537215861307555
4083,0.1624698145269486,0.2173492297144367,0.6201809557586146
4084,0.2519745769962619,0.27298330646819025,0.4750421165355478
4085,0.2910774137903574,0.29067629270438766,0.418246293505255
4086,0.3096967602282052,0.26788177019186915,0.42242146957992566
4087,0.202243065274603,0.24210627357792452,0.5556506611474724
4088,0.3529910835593574,0.27468510087602016,0.3723238155646225
4089,0.12660485471324814,0.22388768575424536,0.6495074595325064
4090,0.19616232812839818,0.2402485283190873,0.5635891435525145
4091,0.17088699245296815,0.2350245505028011,0.5940884570442307
4092,0.2274947824093623,0.2581584599056076,0.5143467576850301
4093,0.1763092085864273,0.27665472605936686,0.5470360653542059
4094,0.11569602982083355,0.21134720516295072,0.6729567650162156
4095,0.14641197408539308,0.22374315384273807,0.6298448720718689
4096,0.2917637816679315,0.26319776253971017,0.4450384557923584
4097,0.25501806429486434,0.29474502162538496,0.4502369140797507
4098,0.1399649458863422,0.21729198912496359,0.6427430649886943
4099,0.3883413691595921,0.29783415813892716,0.3138244727014806
4100,0.1293856708817043,0.2515540314411902,0.6190602976771055
4101,0.17831654203691993,0.26165939104076036,0.5600240669223197
4102,0.25415886401317905,0.27692044874766947,0.4689206872391515
4103,0.20053937851575934,0.26727301482452615,0.5321876066597145
4104,0.33092593883450094,0.29389662888479945,0.3751774322806996
4105,0.22679791585249798,0.2605213547423945,0.5126807294051074
4106,0.4215286149702656,0.31009045426816045,0.26838093076157404
4107,0.16658840606585648,0.2348284232859043,0.5985831706482392
4108,0.15089498143109606,0.2460821375728217,0.6030228809960824
4109,0.179053597407422,0.25472566704695987,0.5662207355456181
4110,0.28729184076084807,0.28333613143952924,0.4293720277996227
4111,0.2667473310388627,0.28146881455420525,0.4517838544069319
4112,0.33628542349762053,0.27197415270097924,0.3917404238014001
4113,0.30393811181173264,0.3028043775928704,0.393257510595397
4114,0.2513159226887647,0.2630350238518431,0.48564905345939213
4115,0.23786289169307956,0.27402859082984155,0.4881085174770789
4116,0.20912497314193498,0.23463514896980878,0.5562398778882564
4117,0.1896002575873139,0.23789009444782813,0.572509647964858
4118,0.28796633069961597,0.3079499204476012,0.40408374885278286
4119,0.2635906019070739,0.2733841516453735,0.46302524644755255
4120,0.2658140348559524,0.32548028058650585,0.4087056845575418
4121,0.24675327039529074,0.3130611301953142,0.44018559940939517
4122,0.24069771269346657,0.29014578474851005,0.4691565025580233
4123,0.2314199041625436,0.26985910608840646,0.4987209897490499
4124,0.31665423214530586,0.29209440967317263,0.39125135818152157
4125,0.16401660742412666,0.2249591859126022,0.6110242066632712
4126,0.14663069052276573,0.24005194450535258,0.6133173649718816
4127,0.18019312646906968,0.2723160558307343,0.547490817700196
4128,0.17771016144488322,0.24205411445939162,0.5802357240957252
4129,0.12799616961022692,0.23872302697404743,0.6332808034157256
4130,0.32644890743550015,0.2653680376420758,0.4081830549224241
4131,0.24020112596698492,0.27816193035380515,0.4816369436792099
4132,0.2505566681232553,0.2747483106017613,0.47469502127498325
4133,0.17290447273269255,0.24118650151673274,0.5859090257505748
4134,0.20811929850798444,0.22413895699529374,0.5677417444967219
4135,0.25111674599933825,0.28899826998439065,0.4598849840162711
4136,0.20488361360105023,0.24685582737460124,0.5482605590243486
4137,0.28577645105251687,0.28310062690341964,0.43112292204406344
4138,0.19143733656527023,0.2745268816193586,0.5340357818153711
4139,0.16033967978623861,0.2332116114806578,0.6064487087331036
4140,0.18889426104829843,0.2329622369308707,0.578143502020831
4141,0.14254946966402862,0.2507754174689211,0.6066751128670503
4142,0.18171068388352013,0.2835616738329976,0.5347276422834824
4143,0.19695660629998732,0.250300816758925,0.5527425769410876
4144,0.46685594782055406,0.2886867344835372,0.24445731769590878
4145,0.3621929703530294,0.2763485554446127,0.36145847420235794
4146,0.26533679032510477,0.2741485328495027,0.4605146768253926
4147,0.20374372055216897,0.29053265619973384,0.5057236232480972
4148,0.26823024778087784,0.2960252424052655,0.43574450981385665
4149,0.24012518635715546,0.31139156880428254,0.44848324483856206
4150,0.27004323652319007,0.2643425726017149,0.46561419087509504
4151,0.19071157858095522,0.2880704583933874,0.5212179630256574
4152,0.25727577231728005,0.25282165807944995,0.48990256960327
4153,0.24510563898359322,0.28176391017420577,0.473130450842201
4154,0.36751496715611265,0.3172255909365286,0.31525944190735883
4155,0.0742028233216825,0.16224412068676433,0.7635530559915532
4156,0.14712224799251966,0.22244661627311527,0.6304311357343652
4157,0.28061884097644957,0.27521188555799075,0.4441692734655598
4158,0.17629462477636787,0.20850875872863267,0.6151966164949995
4159,0.2355855193926692,0.2883849805464304,0.4760295000609003
4160,0.13803294871207172,0.22377508854548206,0.6381919627424463
4161,0.14794433160663203,0.2651184473242844,0.5869372210690835
4162,0.14776750921904305,0.21773487119275037,0.6344976195882066
4163,0.37413727179714734,0.27925464961946284,0.3466080785833898
4164,0.18104849818204605,0.2609522888017131,0.5579992130162409
4165,0.19324210940269826,0.2650819957090017,0.5416758948883
4166,0.14616721816514486,0.23767070442778776,0.6161620774070673
4167,0.17992889328296377,0.23951655831353216,0.5805545484035041
4168,0.17166742399427568,0.2361941519290353,0.592138424076689
4169,0.22127791277814135,0.26494015671550264,0.5137819305063559
4170,0.390560203944139,0.3013088807285075,0.30813091532735365
4171,0.350931561078252,0.3379912944499507,0.3110771444717972
4172,0.36722610988241433,0.29262900858117885,0.3401448815364068
4173,0.2902964890581496,0.26425706300726154,0.4454464479345887
4174,0.20500683442857526,0.3074901381838374,0.48750302738758744
4175,0.2036502664712955,0.2732140740187729,0.5231356595099317
4176,0.28810389281316184,0.2754756434075636,0.4364204637792745
4177,0.27546030403929406,0.30894976947436004,0.41558992648634596
4178,0.2898604463043478,0.28366021161995,0.4264793420757023
4179,0.01594077042720908,0.008040757393732152,0.9760184721790588
4180,0.18195764453422555,0.24007776162617755,0.5779645938395969
4181,0.21021339090123037,0.24164775777363484,0.5481388513251348
4182,0.2212258826796467,0.2811375290669006,0.49763658825345264
4183,0.20676438899308702,0.26593729802897226,0.5272983129779407
4184,0.27824221751537204,0.22580980497933306,0.49594797750529485
4185,0.2863411969209353,0.29304311354191226,0.4206156895371524
4186,0.2837520903200498,0.3022092390185074,0.41403867066144295
4187,0.25686439770334113,0.2647284663619258,0.4784071359347331
4188,0.1644745852978724,0.07554339332913443,0.7599820213729932
4189,0.31037190329599945,0.31034499602195825,0.37928310068204235
4190,0.2016098874192023,0.30358201539483126,0.49480809718596647
4191,0.2273295717564664,0.3151859862294663,0.45748444201406735
4192,0.15808639314992598,0.2429440298892942,0.5989695769607798
4193,0.18223657967769594,0.2693876229158444,0.5483757974064597
4194,0.36860677341728637,0.32607235531547263,0.30532087126724106
4195,0.14657761862512453,0.26518116605108066,0.5882412153237948
4196,0.1850829322664354,0.21604550465450417,0.5988715630790604
4197,0.2512967508007357,0.31564979567465484,0.43305345352460944
4198,0.21620891620126204,0.30485107655708377,0.4789400072416542
4199,0.22926378184402108,0.2775037102189498,0.4932325079370292
4200,0.18841689500966544,0.26244242922065003,0.5491406757696845
4201,0.17341006051248045,0.29654397329297305,0.5300459661945466
4202,0.24599647087267,0.3325842670290244,0.42141926209830566
4203,0.17970423197415267,0.33163363041963695,0.4886621376062104
4204,0.2935788901937726,0.3088285763559864,0.3975925334502411
4205,0.33278270635597734,0.30264922606109984,0.36456806758292276
4206,0.17930803587553973,0.2566633233261707,0.5640286407982895
4207,0.25263003368995224,0.2564732326331399,0.4908967336769077
4208,0.35172923198911166,0.33435133878517836,0.31391942922570987
4209,0.29893370509804473,0.31622686061302735,0.384839434288928
4210,0.17522434801016196,0.24510169985658178,0.5796739521332563
4211,0.2768417499425587,0.3160114454340325,0.40714680462340885
4212,0.23594288705393485,0.27181669522397667,0.4922404177220885
4213,0.22963238404134495,0.2625478270842435,0.5078197888744116
4214,0.3671864591797439,0.28009589946124275,0.3527176413590134
4215,0.14779354811220952,0.22740735250098743,0.6247990993868031
4216,0.2986147027775417,0.31422039354121656,0.38716490368124173
4217,0.3090958658626847,0.3033202710118057,0.3875838631255096
4218,0.2352878270730925,0.2926020095573417,0.4721101633695657
4219,0.24623049221875884,0.3300861736072697,0.4236833341739714
4220,0.18094328390012426,0.23443319990274605,0.5846235161971296
4221,0.3313799709738861,0.3081090767564655,0.3605109522696484
4222,0.1857770487566506,0.2439345727253816,0.5702883785179678
4223,0.38354700023566834,0.3175301869710981,0.29892281279323346
4224,0.1945422629970879,0.27458386547452884,0.5308738715283833
4225,0.3149036000897434,0.35128202716640816,0.3338143727438485
4226,0.23804097856327286,0.29268404630675965,0.4692749751299674
4227,0.17624681621988375,0.2536061131533109,0.5701470706268054
4228,0.2565971374087098,0.2526086554365787,0.49079420715471156
4229,0.26740056925260436,0.2834059542998219,0.4491934764475736
4230,0.2239543291364229,0.2751991751669126,0.5008464956966645
4231,0.2087167003473048,0.24677200329950066,0.5445112963531945
4232,0.2862986630467346,0.2869129628847554,0.42678837406850995
4233,0.35224763781353036,0.3365818823157521,0.31117047987071766
4234,0.1862288558057133,0.2528114312614144,0.5609597129328723
4235,0.2775949659648096,0.28734995561389864,0.43505507842129176
4236,0.14589448925593418,0.2597765503169768,0.594328960427089
4237,0.30910876718390223,0.3069806416417248,0.38391059117437293
4238,0.34629846626680666,0.3112336966431701,0.34246783709002315
4239,0.24708672350844677,0.2866955562035944,0.46621772028795877
4240,0.19713869077954907,0.29028753675714836,0.5125737724633026
4241,0.27757405347962066,0.29517451832242536,0.427251428197954
4242,0.2871984224178197,0.2821835286107504,0.43061804897142986
4243,0.21995887933377975,0.26457153433595454,0.5154695863302657
4244,0.33288061066563807,0.3156659719726985,0.35145341736166347
4245,0.24508587888902644,0.25316435778120344,0.5017497633297701
4246,0.19450572831246765,0.2551508015342045,0.5503434701533279
4247,0.26474755007530615,0.3010306486869423,0.4342218012377516
4248,0.21717795470446302,0.2703710148182033,0.5124510304773336
4249,0.17444555329055988,0.2480062295879991,0.577548217121441
4250,0.1728993547206792,0.24755469384948553,0.5795459514298352
4251,0.20915177981262514,0.2892792216238149,0.50156899856356
4252,0.22981388977158,0.28914021059409806,0.4810458996343219
4253,0.13066108203871982,0.2316078139923655,0.6377311039689147
4254,0.15713147382204007,0.24294301006353863,0.5999255161144212
4255,0.22731734491293618,0.2789217307443396,0.4937609243427241
4256,0.24297377739744705,0.28713419769383675,0.4698920249087162
4257,0.2919485583232991,0.31282064123205894,0.3952308004446419
4258,0.37860966547294866,0.3409401702525611,0.28045016427449027
4259,0.301457884882637,0.299116619694382,0.39942549542298095
4260,0.3149480107971763,0.3286131396154541,0.3564388495873697
4261,0.2440858377061554,0.2990565477556812,0.45685761453816337
4262,0.31953454928942976,0.2982913399424674,0.38217411076810287
4263,0.20620391990940068,0.3033280572749675,0.49046802281563195
4264,0.2806333353834578,0.30715443110614243,0.41221223351039976
4265,0.2149790139154454,0.25552611891697996,0.5294948671675745
4266,0.25342212085494265,0.26262440998285236,0.483953469162205
4267,0.2564463744915166,0.2622441729873445,0.48130945252113894
4268,0.18415100068472987,0.24514176136634586,0.5707072379489243
4269,0.20961385687563908,0.23567897707491753,0.5547071660494434
4270,0.19497123210543865,0.2580941694337645,0.5469345984607968
4271,0.38077643521463017,0.3252000859416662,0.2940234788437036
4272,0.14661330167545106,0.2409724367589682,0.6124142615655807
4273,0.15943750513034438,0.25672589710459987,0.5838365977650557
4274,0.32180544933080596,0.321432967616029,0.356761583053165
4275,0.29146792077144523,0.30835269146954,0.4001793877590148
4276,0.20626121956544596,0.2985081871052563,0.49523059332929775
4277,0.35310903141294375,0.30255273432263496,0.3443382342644213
4278,0.17105100225929426,0.2322314946545764,0.5967175030861293
4279,0.21328888874975485,0.269744710911504,0.5169664003387412
4280,0.38553112096940273,0.3204006111421319,0.29406826788846546
4281,0.1988478353040683,0.2678690765362717,0.53328308815966
4282,0.18067753759272887,0.23855599192425941,0.5807664704830117
4283,0.10516452137816593,0.20603513787217295,0.6888003407496611
4284,0.22058759483682744,0.2715254417370678,0.5078869634261048
4285,0.2621084595091586,0.2715745959681907,0.46631694452265066
4286,0.31447070697966484,0.2909046487481621,0.39462464427217314
4287,0.2665204740180116,0.2832388113354625,0.45024071464652593
4288,0.3975188714936252,0.3053157760519705,0.2971653524544043
4289,0.15592390044685034,0.2133447164725538,0.6307313830805958
4290,0.3358698848062981,0.33144917647469924,0.33268093871900273
4291,0.21189098446534915,0.296581214174689,0.4915278013599617
4292,0.26863474991811914,0.28049690488051987,0.4508683452013609
4293,0.21794572372495508,0.3042560676664891,0.47779820860855593
4294,0.27457041205833704,0.3010273543523208,0.4244022335893422
4295,0.332771567118602,0.3221804787461356,0.3450479541352624
4296,0.15512328263220973,0.24650097158527046,0.5983757457825198
4297,0.16979211036164202,0.2381884923568386,0.5920193972815194
4298,0.22602793473099664,0.24559192436564414,0.5283801409033592
4299,0.2445712556313987,0.2783305140456964,0.4770982303229048
4300,0.304246285549135,0.3210513526183211,0.3747023618325438
4301,0.1573187488072147,0.23487688864340484,0.6078043625493805
4302,0.30348367746958993,0.3050092605733379,0.3915070619570722
4303,0.1327418067870891,0.21117041067582001,0.6560877825370909
4304,0.2809056154242075,0.33052998031298875,0.38856440426280375
4305,0.26912570410998016,0.2985504701644783,0.4323238257255415
4306,0.3180505307424011,0.29794206169549226,0.3840074075621067
4307,0.2127123743071035,0.29274451917528804,0.4945431065176085
4308,0.2637982700181434,0.2823945977330219,0.45380713224883473
4309,0.17424837934088153,0.25509475008968463,0.5706568705694338
4310,0.15573692566737912,0.2049664814676022,0.6392965928650185
4311,0.35148062546951964,0.3331380485027937,0.31538132602768676
4312,0.2404657311376037,0.2848689061431209,0.4746653627192754
4313,0.3720916565797787,0.3040843253879364,0.3238240180322849
4314,0.11915885030951082,0.2195977919616481,0.661243357728841
4315,0.21796283413626405,0.2568783954405364,0.5251587704231995
4316,0.21621597963736444,0.24042733895726565,0.54335668140537
4317,0.16016924077259065,0.22920127025766845,0.6106294889697409
4318,0.3074493613444912,0.24411870901143912,0.44843192964406964
4319,0.1722791796963747,0.22504940964842662,0.6026714106551987
4320,0.3442380909069739,0.3189065712029743,0.33685533789005184
4321,0.1529373019276357,0.23599614166892682,0.6110665564034375
4322,0.29007429023976605,0.30811864098085007,0.40180706877938394
4323,0.21840842615789982,0.2917164550779434,0.4898751187641569
4324,0.27729330878462594,0.27342914734651336,0.4492775438688607
4325,0.21445735570192723,0.24802122514261493,0.5375214191554578
4326,0.2337464587525934,0.28630978762248704,0.4799437536249195
4327,0.09529408245608388,0.19704440313393648,0.7076615144099796
4328,0.2131604395270445,0.23976407679662948,0.547075483676326
4329,0.15598472182289924,0.21522191665861903,0.6287933615184818
4330,0.25320238632049696,0.29454629280321065,0.45225132087629233
4331,0.3415149365121538,0.32466691423559313,0.33381814925225306
4332,0.17551213013840622,0.2635434891403402,0.5609443807212535
4333,0.20846424810059344,0.26715177327998396,0.5243839786194227
4334,0.3251867135778041,0.3091497774967692,0.3656635089254266
4335,0.2718265620804962,0.2796141451359657,0.4485592927835381
4336,0.3367298637481731,0.2877215799489512,0.3755485563028757
4337,0.163577848820243,0.23130410499629314,0.6051180461834639
4338,0.23918492247783857,0.3142303053650393,0.446584772157122
4339,0.14044038402142084,0.24098111987398857,0.6185784961045906
4340,0.13433323899672533,0.20718510475400959,0.6584816562492651
4341,0.16480229484015863,0.2704974175712305,0.5647002875886109
4342,0.1436742495232493,0.22560101409556446,0.6307247363811863
4343,0.24111159479266925,0.28182627966095936,0.4770621255463714
4344,0.20442762152723662,0.2693362806712718,0.5262360978014916
4345,0.18703950030564528,0.22407740624700367,0.5888830934473509
4346,0.23529798005624328,0.2829585923846286,0.481743427559128
4347,0.12311518169188956,0.23906033899739257,0.6378244793107178
4348,0.3257331134137836,0.29580026745162424,0.3784666191345923
4349,0.21369807589184783,0.2484249669680608,0.5378769571400913
4350,0.33098259366619237,0.28336450368084387,0.3856529026529637
4351,0.15840123899229114,0.22338722173356704,0.6182115392741419
4352,0.2420816893072101,0.30436606333597305,0.45355224735681676
4353,0.4053064683410869,0.3179771762878119,0.2767163553711013
4354,0.3749014602025833,0.2836820405085675,0.34141649928884915
4355,0.4158997611396235,0.3070557700729462,0.2770444687874304
4356,0.2380323335597783,0.27029271624832335,0.4916749501918984
4357,0.26040750592758816,0.2665243953050173,0.4730680987673946
4358,0.09234712924063775,0.18779895122680815,0.7198539195325541
4359,0.2513771026148874,0.26917428992858844,0.4794486074565241
4360,0.16009849100224663,0.24613342317099213,0.5937680858267612
4361,0.19279810558982027,0.26986906741887645,0.5373328269913032
4362,0.18505712853773187,0.24340543336046122,0.5715374381018069
4363,0.09530427924025402,0.1815261316341132,0.7231695891256328
4364,0.17754137104244344,0.24736352855607127,0.5750951004014854
4365,0.2841074486570654,0.30228141467221153,0.4136111366707231
4366,0.2615766685205904,0.2780002321185026,0.4604230993609069
4367,0.2811934762410373,0.29691286214022555,0.42189366161873726
4368,0.2589340177898272,0.26398287599601933,0.4770831062141534
4369,0.42607808116254137,0.3112811041663844,0.2626408146710743
4370,0.3177596535849658,0.2933628990094101,0.38887744740562413
4371,0.26950242635708854,0.30268964431438694,0.4278079293285245
4372,0.21086404632190386,0.2393801895448059,0.5497557641332903
4373,0.2028752843297221,0.24250901550013546,0.5546157001701425
4374,0.2658231407080747,0.29597496720829686,0.43820189208362836
4375,0.2914703310170389,0.273134909523231,0.4353947594597301
4376,0.21952465701584833,0.28026555935649283,0.5002097836276589
4377,0.13728267469988908,0.2256544035858247,0.6370629217142862
4378,0.315026443498528,0.3024363464198753,0.38253721008159663
4379,0.2606877536635123,0.2815806701354429,0.45773157620104477
4380,0.23650674235914215,0.2689358584579114,0.49455739918294633
4381,0.2453133306546614,0.28152315407267436,0.47316351527266426
4382,0.37681217624572255,0.3250155870125302,0.29817223674174725
4383,0.2019557794597751,0.2526335488443701,0.5454106716958547
4384,0.19794772678110287,0.22715832755877832,0.5748939456601189
4385,0.11534681604610217,0.20172198797992238,0.6829311959739754
4386,0.22655594301387583,0.295720260048032,0.4777237969380922
4387,0.1790722371982952,0.22559692440835247,0.5953308383933523
4388,0.1404190615779787,0.24921521541300226,0.610365723009019
4389,0.20471097170774602,0.27568444619270766,0.5196045820995463
4390,0.28309883500337024,0.2893279022121365,0.4275732627844932
4391,0.24608082230023584,0.28588617494762125,0.46803300275214277
4392,0.42048871614566075,0.289453686976228,0.29005759687811133
4393,0.23959717962702778,0.27183618979710417,0.4885666305758681
4394,0.1853580913811894,0.2418400803061807,0.5728018283126299
4395,0.18748553626144848,0.22479303364619488,0.5877214300923566
4396,0.226674269747502,0.278898762579091,0.494426967673407
4397,0.33474211259825687,0.30783339808613425,0.35742448931560894
4398,0.3175706109962751,0.2906820772233278,0.3917473117803971
4399,0.12013963465313067,0.21505762468064224,0.6648027406662271
4400,0.16466195441318413,0.2534819137385021,0.5818561318483138
4401,0.279168603374912,0.31789118530830573,0.40294021131678237
4402,0.2593527518110205,0.2939980018677349,0.4466492463212445
4403,0.13026095410121621,0.21825904534011306,0.6514800005586708
4404,0.14534461684978528,0.21382857405387481,0.6408268090963399
4405,0.25340282916837986,0.28280063754343915,0.46379653328818093
4406,0.165279323418832,0.22516877470846075,0.6095519018727072
4407,0.24199160618394647,0.3061762365182627,0.4518321572977909
4408,0.27264290352112364,0.26775421665592986,0.4596028798229466
4409,0.2257344264632716,0.25291419498170764,0.5213513785550208
4410,0.3164545197763279,0.2664282784816426,0.41711720174202943
4411,0.2115997928798466,0.26982503011662917,0.5185751770035242
4412,0.15280477209475665,0.21140286683840426,0.6357923610668391
4413,0.24624324430614586,0.28531210703009985,0.46844464866375435
4414,0.33400083426022803,0.3035998250991073,0.3623993406406646
4415,0.36186236179308484,0.27198277200140947,0.36615486620550564
4416,0.26296245922786926,0.26999063569460874,0.46704690507752195
4417,0.2793952868944586,0.2963139089304068,0.4242908041751346
4418,0.31615625935793795,0.2649053787622667,0.4189383618797953
4419,0.3024247822130576,0.3016687492404346,0.39590646854650785
4420,0.2588567015338531,0.2765501380066365,0.4645931604595103
4421,0.25243246191396423,0.3168671839616964,0.4307003541243394
4422,0.27665552101467555,0.29035914399657775,0.43298533498874664
4423,0.3401235466999491,0.2812063231590043,0.3786701301410467
4424,0.12831533966026454,0.20827834193889314,0.6634063184008423
4425,0.24255793754222574,0.28298761564187397,0.47445444681590027
4426,0.31472414119978287,0.2884884772234425,0.39678738157677473
4427,0.10300306185164501,0.19213864940009623,0.7048582887482587
4428,0.2643511194760356,0.27819516578577896,0.4574537147381853
4429,0.22887927063707875,0.24375393199025305,0.5273667973726682
4430,0.17649656216378384,0.24087172006609936,0.5826317177701169
4431,0.14216027062140799,0.25683412975550823,0.6010055996230838
4432,0.1757350358267272,0.2427306122761016,0.5815343518971713
4433,0.2605229842726326,0.28404236661040944,0.45543464911695797
4434,0.31954935836363696,0.3109122799243461,0.3695383617120169
4435,0.16897311608289975,0.24023780234415315,0.5907890815729471
4436,0.20069975014715333,0.2369886100816179,0.5623116397712288
4437,0.33029456497507415,0.289212879397828,0.3804925556270978
4438,0.3372477863933275,0.30202545954739063,0.360726754059282
4439,0.29086501197396575,0.29627901884222124,0.412855969183813
4440,0.22336183396420892,0.25777017480094166,0.5188679912348495
4441,0.27745929212607895,0.2861417037810318,0.4363990040928892
4442,0.3304526345353159,0.29380896543388507,0.37573840003079895
4443,0.18393645720564603,0.25038721007932785,0.5656763327150262
4444,0.12772719063124036,0.242202797340855,0.6300700120279047
4445,0.13122278296490056,0.27111157121261203,0.5976656458224875
4446,0.29073939033619556,0.2609927247525834,0.44826788491122105
4447,0.35764739449457933,0.30355353923884587,0.3387990662665747
4448,0.10733803190039787,0.21327360901616463,0.6793883590834375
4449,0.19338329048536487,0.2278818469254241,0.578734862589211
4450,0.19143765580145794,0.2721633073532032,0.5363990368453389
4451,0.22358080961403423,0.2708167077254478,0.505602482660518
4452,0.12443682697183518,0.2348447113184984,0.6407184617096665
4453,0.1667648839276814,0.2190311162289674,0.6142039998433513
4454,0.19757402023166654,0.23517108812895807,0.5672548916393754
4455,0.2631943678839695,0.2739832536781427,0.4628223784378878
4456,0.31188582712125246,0.28999693640188057,0.3981172364768671
4457,0.3605079479469361,0.2874394632468679,0.352052588806196
4458,0.157682478724947,0.24026591876340583,0.6020516025116471
4459,0.4040877775064719,0.28238992361483045,0.31352229887869765
4460,0.2646713206015785,0.2662959931186696,0.4690326862797518
4461,0.32742873946988593,0.30405928901913465,0.3685119715109794
4462,0.35317665622768085,0.2947078650875399,0.3521154786847793
4463,0.17576674606362877,0.25419408182125103,0.5700391721151201
4464,0.21685764277731698,0.29296932017138533,0.49017303705129767
4465,0.1762001151481766,0.2296465176857529,0.5941533671660705
4466,0.19505569426489602,0.23912733822564838,0.5658169675094555
4467,0.22042042324877867,0.2614243017011581,0.5181552750500633
4468,0.145280366191402,0.2335563647866867,0.6211632690219113
4469,0.31821300152644083,0.25983182254403864,0.4219551759295205
4470,0.11024784191680151,0.20516698619067697,0.6845851718925215
4471,0.22757676103803035,0.26081203190345464,0.511611207058515
4472,0.15260412286142927,0.24466049803521545,0.6027353791033553
4473,0.2805176260399402,0.268680489216772,0.4508018847432878
4474,0.42175945646072727,0.3077513413807873,0.27048920215848543
4475,0.2018062333082181,0.25247869936378536,0.5457150673279966
4476,0.20496664440238405,0.22547575646620363,0.5695575991314124
4477,0.1318310984772611,0.21783068845772682,0.650338213065012
4478,0.15350603080230094,0.22021127643851582,0.6262826927591832
4479,0.14471831354498096,0.22472878496741838,0.6305529014876008
4480,0.2737232209139339,0.2935872677825733,0.4326895113034928
4481,0.3014994439826992,0.273522598614427,0.4249779574028738
4482,0.24720404675103375,0.29163364478301623,0.4611623084659499
4483,0.34905901302873993,0.31342400742877996,0.3375169795424801
4484,0.2864087147633906,0.28108525537392154,0.432506029862688
4485,0.29899688005865616,0.27702632416945483,0.42397679577188896
4486,0.2367721248243301,0.26755691308288776,0.495670962092782
4487,0.18016376405945153,0.23737463493522068,0.5824616010053278
4488,0.2425472304518874,0.289348503545542,0.46810426600257066
4489,0.21199790887316305,0.2321480452121204,0.5558540459147165
4490,0.2475305611504594,0.26290217637150887,0.4895672624780318
4491,0.40265329682953055,0.25579659590677456,0.34155010726369484
4492,0.32497497171100687,0.32650742908765223,0.34851759920134096
4493,0.28039479405368073,0.260209143527389,0.45939606241893033
4494,0.1313424269743675,0.236054650678744,0.6326029223468886
4495,0.12947776661032195,0.20970186153662432,0.6608203718530538
4496,0.39899599957334037,0.2917840508670594,0.30921994955960014
4497,0.3189206764591144,0.2785415707074709,0.4025377528334146
4498,0.1360248200671069,0.23247591377137047,0.6314992661615226
4499,0.13323785335765959,0.20131880208629915,0.6654433445560414
4500,0.09405487664641225,0.19532926994285071,0.710615853410737
4501,0.27154611626346403,0.2786594883771495,0.44979439535938637
4502,0.30921364872589396,0.2630532226815863,0.4277331285925198
4503,0.24230760942973822,0.24258128882318558,0.5151111017470762
4504,0.13594129887856238,0.22278660947793755,0.6412720916435002
4505,0.3165360504909558,0.27073716191313024,0.412726787595914
4506,0.1334817634670069,0.2099582448802823,0.6565599916527107
4507,0.16422591813661447,0.23670175802807736,0.5990723238353082
4508,0.3216497534323936,0.26248367098391695,0.4158665755836894
4509,0.1705213990491689,0.2446785192610982,0.5848000816897329
4510,0.18680755146114333,0.2273379039420971,0.5858545445967595
4511,0.33449186857137225,0.29393792542725655,0.3715702060013711
4512,0.24092997209204955,0.2945537470216497,0.4645162808863007
4513,0.38524735230195495,0.2869471549815498,0.3278054927164953
4514,0.3646240790464954,0.30726391296264965,0.328112007990855
4515,0.17034289810701328,0.23161693845196107,0.5980401634410256
4516,0.3204813956313709,0.28995567760375346,0.38956292676487553
4517,0.3448841269920912,0.30160066385255907,0.35351520915534973
4518,0.3324108875937234,0.27785666641298856,0.389732445993288
4519,0.47039694397630627,0.31354830826024777,0.21605474776344585
4520,0.11991585707755796,0.2520956916549188,0.6279884512675232
4521,0.25659996141277935,0.25162720649141845,0.49177283209580225
4522,0.16127364644881564,0.22682219301185333,0.6119041605393309
4523,0.2568318179860337,0.2290561287269865,0.5141120532869798
4524,0.1606306575584643,0.2452265482101107,0.594142794231425
4525,0.10741131623490158,0.19667744867527964,0.6959112350898188
4526,0.2059738022738783,0.2427069346915686,0.5513192630345531
4527,0.186422415863642,0.2779063227875247,0.5356712613488332
4528,0.16316516747384302,0.23334985068790196,0.6034849818382549
4529,0.17513112128132935,0.26406531293366786,0.5608035657850028
4530,0.2683362565747172,0.24882863796953283,0.4828351054557499
4531,0.32865216174902057,0.28885219170376214,0.38249564654721724
4532,0.27207795354065134,0.27533126800874563,0.4525907784506029
4533,0.18084886094328806,0.21079805027886503,0.6083530887778469
4534,0.23655955195420922,0.29806352178416484,0.4653769262616259
4535,0.27606600418960775,0.28217493008872785,0.44175906572166446
4536,0.24372593069060325,0.2652822647535424,0.4909918045558543
4537,0.25966131595003916,0.27160327881815205,0.46873540523180873
4538,0.33337984688933564,0.2875959324707066,0.3790242206399577
4539,0.14579841282411948,0.24399614859737245,0.6102054385785081
4540,0.2845408280013111,0.23985568441144287,0.4756034875872461
4541,0.39366678255769205,0.31308709609453406,0.29324612134777395
4542,0.14125209709037004,0.23277149351734044,0.6259764093922896
4543,0.23342237632171423,0.2642908192039145,0.5022868044743712
4544,0.43449079862973083,0.28339804603874447,0.2821111553315248
4545,0.3512034793686519,0.30335284601341217,0.34544367461793585
4546,0.2017974740991708,0.28985235537425924,0.50835017052657
4547,0.22022181722078396,0.2565094573290812,0.5232687254501348
4548,0.1873604247335162,0.23169557149235684,0.580944003774127
4549,0.21437797049320342,0.2351136665524326,0.550508362954364
4550,0.20226502311687433,0.2323376771839029,0.5653972996992227
4551,0.13768399416315255,0.22814735480075293,0.6341686510360947
4552,0.20895200190728955,0.25339854264769035,0.5376494554450202
4553,0.31369124946509813,0.2803053754697645,0.4060033750651375
4554,0.1284342058986781,0.23366005120156733,0.6379057428997545
4555,0.2376778565757967,0.26069737048065045,0.5016247729435529
4556,0.27471803168111325,0.30025542290229906,0.4250265454165877
4557,0.2416103267691699,0.2617906802700151,0.4965989929608151
4558,0.11427093920767813,0.2016118016611746,0.6841172591311473
4559,0.24364271928766704,0.26845249505697377,0.4879047856553593
4560,0.185522542142344,0.2561764043704178,0.5583010534872382
4561,0.23438398065245894,0.24203793758673461,0.5235780817608064
4562,0.2766947796021044,0.30107607152625887,0.4222291488716366
4563,0.18064181749419383,0.2020187528776223,0.6173394296281839
4564,0.20405094561307893,0.279565949329047,0.5163831050578741
4565,0.24356897941822395,0.3148288308147166,0.4416021897670594
4566,0.20002019005876845,0.27754538641040444,0.5224344235308271
4567,0.3254361485491557,0.3108127274764881,0.36375112397435616
4568,0.20975633953511882,0.22275628440877582,0.5674873760561053
4569,0.25813602236023897,0.301146775113069,0.4407172025266921
4570,0.1547600407582445,0.2786488451176052,0.5665911141241503
4571,0.12367143081659103,0.29908408408272835,0.5772444851006806
4572,0.28899135032502343,0.30359463314638846,0.40741401652858816
4573,0.25158930668868623,0.3292829533978242,0.4191277399134896
4574,0.1681049071850626,0.26716858726980053,0.5647265055451369
4575,0.314080121712527,0.31882917509234837,0.3670907031951245
4576,0.3450137145373787,0.35161051424164264,0.30337577122097864
4577,0.3345045146192065,0.3642732792573427,0.30122220612345085
4578,0.30219005091877205,0.2946863319512384,0.4031236171299895
4579,0.35083859269821843,0.3569618674696841,0.2921995398320975
4580,0.2533452094352117,0.2675949611711793,0.479059829393609
4581,0.21648187424534715,0.29923652050308425,0.4842816052515687
4582,0.2250047429026835,0.2562175623568972,0.5187776947404192
4583,0.2651873286134362,0.2611431589466704,0.4736695124398934
4584,0.31991305951270327,0.33546352973360605,0.34462341075369063
4585,0.21786745533948243,0.271617399509173,0.5105151451513446
4586,0.2066690846148514,0.29054787426078843,0.5027830411243601
4587,0.21913139073851384,0.26783023074969836,0.5130383785117878
4588,0.27099206371990153,0.3075043940353458,0.42150354224475256
4589,0.25885615661821104,0.29256346196117156,0.44858038142061735
4590,0.1656857710307488,0.2604670581638395,0.5738471708054117
4591,0.2549237808903928,0.2897481562209791,0.45532806288862815
4592,0.3015892737798793,0.317635105182545,0.3807756210375756
4593,0.1697744148336375,0.26560193635293594,0.5646236488134266
4594,0.24008098046445384,0.31691043100256827,0.4430085885329778
4595,0.12330066778317735,0.23371861607292865,0.6429807161438941
4596,0.3170562919695274,0.277308109324068,0.40563559870640464
4597,0.3377462206737699,0.2919125737463683,0.3703412055798617
4598,0.2472954851430185,0.2764939392493088,0.47621057560767255
4599,0.17239645930114716,0.24653954970982397,0.5810639909890288
4600,0.3322957987951091,0.3468178935192702,0.32088630768562065
4601,0.3568714231348425,0.2849808839934126,0.35814769287174497
4602,0.2907721343110865,0.2585792509288024,0.45064861476011114
4603,0.3680954540815193,0.3169187932308282,0.3149857526876525
4604,0.2127215510615862,0.2727530375974681,0.5145254113409458
4605,0.19875065814291076,0.27534796133585804,0.5259013805212311
4606,0.25380886583268597,0.35437004080134304,0.39182109336597093
4607,0.2200727757907602,0.2898755879068572,0.4900516363023825
4608,0.2674937150581949,0.2887233678341146,0.4437829171076904
4609,0.15181446210695548,0.27663078879786374,0.5715547490951808
4610,0.28620435136430844,0.2786774571163935,0.4351181915192981
4611,0.23237330088748748,0.25215688279388104,0.5154698163186314
4612,0.3781722172408664,0.28320167177044436,0.3386261109886892
4613,0.18177929999111758,0.2966713530571708,0.5215493469517116
4614,0.15992505003109886,0.2697337638578616,0.5703411861110395
4615,0.23796765265898498,0.27585676032365236,0.4861755870173628
4616,0.11718896657497502,0.213103791697432,0.669707241727593
4617,0.23695031563825494,0.27594920185216587,0.4871004825095792
4618,0.28555916964123007,0.31950759930542005,0.39493323105334993
4619,0.2563310341755505,0.27116724418213345,0.47250172164231613
4620,0.2610532821543622,0.2665661012099038,0.472380616635734
4621,0.2800385764795492,0.26839647290811647,0.4515649506123344
4622,0.1799314146540509,0.24971467529093438,0.5703539100550147
4623,0.32949571780334197,0.2917004407095122,0.3788038414871458
4624,0.251483476088914,0.25457128231340975,0.4939452415976763
4625,0.3369551687173066,0.35927828520466476,0.3037665460780286
4626,0.3415327098222366,0.323194948323733,0.3352723418540305
4627,0.21223028618113407,0.25451260126026864,0.5332571125585972
4628,0.3074846514932455,0.26580214529844937,0.42671320320830525
4629,0.1663343330627117,0.27959653522584593,0.5540691317114425
4630,0.2707782283261815,0.3166817806708136,0.412539991003005
4631,0.27604149654312027,0.31190451757922766,0.412053985877652
4632,0.24718948977269053,0.2778275433675659,0.47498296685974345
4633,0.12802279579338618,0.23836039639415463,0.6336168078124592
4634,0.34316302360908707,0.3150764745517091,0.34176050183920376
4635,0.24871414442435774,0.3002651467699077,0.4510207088057345
4636,0.15732032120557699,0.23953627793205262,0.6031434008623704
4637,0.2167528315040867,0.26602442823504513,0.5172227402608681
4638,0.2937859051234788,0.2794187259553379,0.4267953689211833
4639,0.1912619927179921,0.2548113195365717,0.5539266877454361
4640,0.33823425247948397,0.2621902254452222,0.3995755220752939
4641,0.21787962720931545,0.2684973253026012,0.5136230474880834
4642,0.23123818001249133,0.2605650445254305,0.5081967754620782
4643,0.17833225136624742,0.22114091281946083,0.6005268358142917
4644,0.35734157215107665,0.27056477267619117,0.37209365517273213
4645,0.27504611806395596,0.3463917229900832,0.37856215894596085
4646,0.19140206865139858,0.24954679137803984,0.5590511399705617
4647,0.19678163735977858,0.2742700788784602,0.5289482837617612
4648,0.21277296611354246,0.24942210234178078,0.5378049315446768
4649,0.2091702380814137,0.24011112999055584,0.5507186319280305
4650,0.21420431967491405,0.2678419007218048,0.5179537796032812
4651,0.2404657808154729,0.2884159499299271,0.47111826925460015
4652,0.26242976012316466,0.2885335784672835,0.44903666140955184
4653,0.18820815985280478,0.28573547519436104,0.5260563649528343
4654,0.41283243756973853,0.29430845629518343,0.29285910613507793
4655,0.21469068671337532,0.2534270042409104,0.5318823090457142
4656,0.2162570008548766,0.2915792041887412,0.4921637949563822
4657,0.16658521984061006,0.24717225431646953,0.5862425258429205
4658,0.23948135438663046,0.27731501035994943,0.4832036352534201
4659,0.27251026271958656,0.3204224034846276,0.40706733379578586
4660,0.16453580622185096,0.23395462382949028,0.6015095699486588
4661,0.3262629516060163,0.2541169807335161,0.4196200676604676
4662,0.4077762180702983,0.2676935828260472,0.32453019910365444
4663,0.24600241428566635,0.27769993409024657,0.47629765162408716
4664,0.18177066593948488,0.234093594065097,0.5841357399954181
4665,0.14768652750438988,0.22281188286115589,0.6295015896344542
4666,0.2532953224600909,0.3500193043738304,0.39668537316607866
4667,0.2252092382912073,0.2688915490499916,0.5058992126588011
4668,0.1275266464309223,0.23479742946496268,0.637675924104115
4669,0.19020789341587638,0.24536597984576236,0.5644261267383612
4670,0.31483148488225715,0.31780989184593,0.3673586232718129
4671,0.19633744670597186,0.2435569435097905,0.5601056097842376
4672,0.266465508300527,0.2837451764922341,0.449789315207239
4673,0.22393520405449288,0.27633548203233377,0.49972931391317343
4674,0.21751432394744505,0.2366696503545756,0.5458160256979794
4675,0.11173821737236568,0.2020107240676962,0.6862510585599381
4676,0.22333432701016892,0.24761484048907748,0.5290508325007536
4677,0.36254886269637526,0.2723936796101185,0.3650574576935062
4678,0.22087346895599286,0.2766647149564376,0.5024618160875696
4679,0.20527973841402766,0.31587740001757764,0.4788428615683946
4680,0.1723280193629275,0.2492720640768552,0.5783999165602174
4681,0.2375689451407859,0.25875219433031943,0.5036788605288947
4682,0.2683579102335049,0.23945588718094926,0.4921862025855457
4683,0.15544862979884713,0.24056086066630925,0.6039905095348437
4684,0.2681357887511231,0.25357886796698137,0.47828534328189554
4685,0.408622607314277,0.32566439775422773,0.26571299493149525
4686,0.11221735139438528,0.21716450282669225,0.6706181457789225
4687,0.1875555488011597,0.2376560102224552,0.574788440976385
4688,0.22323751463560199,0.2683261539276094,0.5084363314367886
4689,0.3273862244722918,0.28457056643772694,0.3880432090899813
4690,0.2731062170170083,0.2846934367503465,0.44220034623264515
4691,0.18311103743606522,0.2751012604164241,0.5417877021475106
4692,0.30420692197564997,0.26420614097905076,0.4315869370452994
4693,0.20128130599239452,0.26043035094659517,0.5382883430610103
4694,0.11192266047497498,0.19408186526341029,0.6939954742616147
4695,0.2839669865326916,0.34444515286722405,0.3715878606000843
4696,0.16947780676747234,0.25848388774570974,0.572038305486818
4697,0.48556739380614744,0.2948132072233821,0.2196193989704705
4698,0.13628452048581718,0.26352745193771204,0.6001880275764707
4699,0.3115380909202562,0.28251441869183685,0.4059474903879069
4700,0.3002811160278866,0.32461836282571993,0.3751005211463934
4701,0.2781685789081024,0.304863090760033,0.4169683303318646
4702,0.3284410617951361,0.27819800816215234,0.3933609300427115
4703,0.31623791670911533,0.2848777721433766,0.398884311147508
4704,0.1845515283267435,0.24880357056198923,0.5666449011112673
4705,0.3367579999831985,0.2868653140830791,0.3763766859337225
4706,0.1484823681463676,0.2505808111658187,0.6009368206878137
4707,0.28253963950023797,0.313911740965142,0.40354861953461996
4708,0.1633248428088053,0.2392127000971685,0.5974624570940262
4709,0.3161743942841337,0.31796435051576727,0.36586125520009904
4710,0.13642036716614309,0.22057830181437613,0.6430013310194808
4711,0.11894052688478667,0.22273657544026185,0.6583228976749514
4712,0.23826683071481536,0.27131759538134104,0.49041557390384355
4713,0.127553258501075,0.19881099028618102,0.6736357512127441
4714,0.17485796531156167,0.2543342471774407,0.5708077875109976
4715,0.1264307679643068,0.23936543410727104,0.6342037979284221
4716,0.2502085867804641,0.26570377609755824,0.4840876371219777
4717,0.4094121754896588,0.2977851381679748,0.29280268634236634
4718,0.1662259978261587,0.25321936174472903,0.5805546404291122
4719,0.24494322930212678,0.27311020839189226,0.48194656230598104
4720,0.18003455499287943,0.30458871638450596,0.5153767286226145
4721,0.21589580849017342,0.251390317819104,0.5327138736907227
4722,0.2144933956842021,0.28178724530120686,0.5037193590145911
4723,0.38714344165664405,0.30415745573994546,0.3086991026034105
4724,0.35521786152718565,0.34990445520304647,0.2948776832697678
4725,0.21776882730882466,0.28058861886162234,0.501642553829553
4726,0.22025354058355326,0.25565647326363206,0.5240899861528148
4727,0.2871603003172503,0.259935757595158,0.45290394208759177
4728,0.15087449870197123,0.25083955227526683,0.5982859490227619
4729,0.1874405344199921,0.24879984720633205,0.5637596183736758
4730,0.33007363260380695,0.3242460130662858,0.3456803543299073
4731,0.16992977906979656,0.24708326647435164,0.5829869544558517
4732,0.11138541764835098,0.22046555793485031,0.6681490244167988
4733,0.3082509841091043,0.2789877734414696,0.41276124244942614
4734,0.13215181559469658,0.24081383060456032,0.627034353800743
4735,0.1873645090693607,0.23817339352711786,0.5744620974035215
4736,0.3982973816633001,0.2823020874673878,0.3194005308693121
4737,0.2593769613275404,0.3030535977912486,0.43756944088121114
4738,0.21770427930101696,0.24185595870837248,0.5404397619906105
4739,0.3748132688738213,0.32734496060678986,0.2978417705193888
4740,0.1907231592044468,0.24326151444573266,0.5660153263498205
4741,0.2652056518440264,0.27368209788368797,0.4611122502722857
4742,0.18968668503297853,0.23491554641215023,0.5753977685548711
4743,0.23943350982269052,0.2689055360244352,0.4916609541528743
4744,0.2960685681805935,0.30708772619251945,0.39684370562688714
4745,0.2265081409394639,0.3117369369578948,0.4617549221026413
4746,0.22360413716757407,0.2997375826017888,0.47665828023063717
4747,0.33629350781377043,0.27901586139407675,0.3846906307921528
4748,0.2985702496979254,0.2711649116635835,0.4302648386384912
4749,0.20768946015173728,0.267162720732759,0.5251478191155038
4750,0.2237765832580572,0.2727579738131472,0.5034654429287956
4751,0.14677863104640476,0.27397932174677875,0.5792420472068165
4752,0.27281540266538273,0.2871748420594789,0.4400097552751384
4753,0.3173036746478534,0.30299547772416574,0.3797008476279808
4754,0.39957215510417776,0.3195242658826866,0.28090357901313556
4755,0.19405750089656487,0.27651489493990317,0.529427604163532
4756,0.08778478619219479,0.1909562239768697,0.7212589898309355
4757,0.09651840413920892,0.19138066951420799,0.712100926346583
4758,0.20233148532696474,0.24716019257103344,0.5505083221020018
4759,0.13534955612706703,0.2265031091865129,0.63814733468642
4760,0.2127466003584571,0.26545021629282595,0.5218031833487169
4761,0.0868180792452232,0.18475955279475242,0.7284223679600245
4762,0.30767725947373853,0.28551692376231397,0.40680581676394756
4763,0.3579274223792394,0.3128569661618961,0.3292156114588644
4764,0.23017234773762438,0.2808067985399786,0.4890208537223971
4765,0.29847952847769044,0.24948384217126873,0.45203662935104094
4766,0.1883607852230398,0.23017655254987068,0.5814626622270895
4767,0.31544442814309925,0.31533767242934835,0.36921789942755234
4768,0.2750924431897776,0.26519643124903935,0.45971112556118304
4769,0.29163461421177367,0.3139903292536399,0.39437505653458643
4770,0.12525162500124074,0.23026881173709263,0.6444795632616666
4771,0.24231187328000586,0.2794469466931901,0.478241180026804
4772,0.20016830663697516,0.22983929148528068,0.5699924018777442
4773,0.20330511622313874,0.27232543392209535,0.524369449854766
4774,0.4461980586150987,0.3012040892126015,0.25259785217229974
4775,0.2791987614217567,0.33612521529448164,0.38467602328376155
4776,0.23732426910539736,0.2903698267140071,0.4723059041805955
4777,0.23592114234137915,0.2774923560916265,0.4865865015669943
4778,0.18691607251218456,0.28707756186912625,0.5260063656186892
4779,0.29799263803880005,0.2599744502983269,0.4420329116628731
4780,0.14262307470779345,0.20969975243122121,0.6476771728609854
4781,0.29492382067322037,0.32124095937274466,0.3838352199540351
4782,0.08284230571698718,0.17659882685338027,0.7405588674296326
4783,0.11999492572570072,0.22158696736392755,0.6584181069103717
4784,0.08624113909031719,0.2017285375745666,0.7120303233351162
4785,0.21061664039096575,0.24625588903706114,0.5431274705719731
4786,0.38091972984715766,0.3046195132234055,0.31446075692943687
4787,0.13771457772444873,0.20921127583694307,0.6530741464386082
4788,0.3505791822254201,0.29291016468813363,0.3565106530864463
4789,0.3305733914000234,0.32915940414604616,0.3402672044539305
4790,0.3002960763476836,0.29775097248752297,0.40195295116479335
4791,0.22411481867858848,0.2628248096704864,0.5130603716509251
4792,0.3295243734250322,0.30918009845400835,0.36129552812095955
4793,0.3178363003248163,0.32641108004458014,0.3557526196306036
4794,0.3403897098726914,0.2999823937948604,0.3596278963324483
4795,0.19505224008365146,0.2623591546713851,0.5425886052449634
4796,0.37187661852333703,0.27644864162119354,0.35167473985546943
4797,0.32183290219061195,0.31628532479716415,0.3618817730122239
4798,0.23473154181501452,0.27399369059710976,0.4912747675878758
4799,0.37844180330928706,0.3088706923016762,0.3126875043890367
4800,0.1653423079700495,0.24448473507122961,0.590172956958721
4801,0.1831690540677701,0.2541057093667711,0.5627252365654587
4802,0.1409022611594143,0.2155490958264016,0.6435486430141841
4803,0.10332390564851889,0.20909833694964974,0.6875777574018314
4804,0.3575424546319218,0.2965256665594227,0.34593187880865556
4805,0.2518170091562544,0.2795753517736658,0.46860763907007985
4806,0.17872489676777145,0.2607041847273174,0.5605709185049111
4807,0.27671297771975617,0.2940048086597406,0.4292822136205033
4808,0.31182820552228496,0.2769032133193049,0.4112685811584102
4809,0.287017355914961,0.29946176242460415,0.4135208816604349
4810,0.12389934725453391,0.23266708747336215,0.643433565272104
4811,0.28563630730620176,0.2765352449947186,0.43782844769907964
4812,0.2018422699742929,0.24408010376896846,0.5540776262567386
4813,0.32046230456612745,0.29005575865315686,0.3894819367807157
4814,0.2837377233967088,0.29618727704675235,0.4200749995565388
4815,0.33068617874453726,0.3022658507660622,0.36704797048940047
4816,0.2090339386919371,0.2542702683256229,0.53669579298244
4817,0.32969358389254305,0.31763561328177164,0.3526708028256853
4818,0.2808849201876943,0.27819252978299785,0.4409225500293079
4819,0.2458089572652652,0.2852833059156056,0.4689077368191291
4820,0.11859527183426638,0.2135381722306428,0.6678665559350909
4821,0.20466401090354205,0.2592259953807774,0.5361099937156806
4822,0.2133449030126322,0.25020025065962503,0.5364548463277428
4823,0.06243032817265888,0.16404447883527382,0.7735251929920672
4824,0.08195422211644549,0.1668625204611062,0.7511832574224484
4825,0.26280099678332575,0.30405695963305374,0.4331420435836206
4826,0.19597277942576993,0.262163557230183,0.5418636633440471
4827,0.32246408443004465,0.2869581924791497,0.3905777230908056
4828,0.29990547914212634,0.2995892548145852,0.4005052660432884
4829,0.271821143432411,0.2999577227380154,0.42822113382957366
4830,0.303033238332439,0.2906240868865797,0.4063426747809814
4831,0.2562026119877161,0.28312643403032994,0.46067095398195385
4832,0.1394665307402905,0.2450052535556759,0.6155282157040336
4833,0.3256716603956676,0.27592307445084674,0.3984052651534857
4834,0.2228887124744027,0.2555065753209748,0.5216047122046225
4835,0.13744333681173915,0.234231899481713,0.6283247637065479
4836,0.22532692772836035,0.2648820837229809,0.5097909885486588
4837,0.2902461004565255,0.2918844407594204,0.41786945878405407
4838,0.16904587292722,0.23189978005278028,0.5990543470199997
4839,0.17808598739130896,0.23372561527272304,0.5881883973359681
4840,0.21686358150449497,0.2675172411709118,0.5156191773245933
4841,0.3220116054487313,0.270181589638029,0.4078068049132396
4842,0.2411473723095023,0.27204862491804016,0.48680400277245756
4843,0.23194849715153515,0.24396422881406504,0.5240872740343998
4844,0.2007987606152375,0.2581692056004647,0.5410320337842978
4845,0.23005851558884052,0.26511118365566205,0.5048303007554974
4846,0.2755216408482159,0.297671178510249,0.4268071806415351
4847,0.21845216701035458,0.2338336686172481,0.5477141643723974
4848,0.4116470788879898,0.2956820358867344,0.29267088522527573
4849,0.43332803958338767,0.3262519232429094,0.24042003717370297
4850,0.2778120827937418,0.24047279935249075,0.48171511785376736
4851,0.14476999887227618,0.23465773818047353,0.6205722629472502
4852,0.1759968674647348,0.2478004877483501,0.5762026447869151
4853,0.29436793572201425,0.2795997387541795,0.4260323255238062
4854,0.12012012661024031,0.20634614102721963,0.6735337323625401
4855,0.17453199904850258,0.2535605863049365,0.571907414646561
4856,0.1302774476181439,0.21066729743646312,0.659055254945393
4857,0.2427180510267493,0.2645178585246615,0.4927640904485894
4858,0.19546041222575325,0.24998126527900436,0.5545583224952424
4859,0.07290034285478054,0.15734176691397575,0.7697578902312437
4860,0.14460084487887517,0.2192713060067134,0.6361278491144114
4861,0.2962944216676688,0.2806212606399654,0.4230843176923657
4862,0.20310533022461877,0.2815000375858932,0.515394632189488
4863,0.21696906241145078,0.2465796660597197,0.5364512715288295
4864,0.5089949290552497,0.2805532895510631,0.2104517813936873
4865,0.19686563089649395,0.2484941427923172,0.5546402263111888
4866,0.34861795922363936,0.2768097010968655,0.3745723396794952
4867,0.2765517805558979,0.25283702728707713,0.47061119215702507
4868,0.2775212329443777,0.24841720100020268,0.47406156605541966
4869,0.18929852361117233,0.27169176962668545,0.5390097067621422
4870,0.2649526118278181,0.2630175802937562,0.4720298078784257
4871,0.316836240822556,0.2813705631526829,0.4017931960247611
4872,0.33677531585472414,0.2895099122000205,0.3737147719452554
4873,0.2712007178100608,0.2841665112561593,0.44463277093377995
4874,0.24374239033226905,0.2589425065932134,0.49731510307451765
4875,0.0779790347306555,0.16867907482170813,0.7533418904476363
4876,0.39979758269594534,0.2604197747085372,0.3397826425955175
4877,0.15776142425446993,0.2502141627258537,0.5920244130196763
4878,0.26544428699314965,0.24958627058921917,0.4849694424176312
4879,0.16783880903959839,0.23468829668735655,0.5974728942730451
4880,0.17664142003365726,0.2467056806097647,0.576652899356578
4881,0.14397972205042348,0.2300116939940743,0.6260085839555022
4882,0.3436729535113444,0.29658553284030953,0.359741513648346
4883,0.09029643532174712,0.18394209855878885,0.725761466119464
4884,0.24719643411262127,0.27546239086856783,0.47734117501881085
4885,0.2881818235088197,0.28154460507330814,0.4302735714178721
4886,0.1854982199686653,0.2575044849195195,0.5569972951118152
4887,0.5582701575887091,0.25863428421410983,0.18309555819718112
4888,0.429691072512648,0.2757946508181429,0.2945142766692091
4889,0.2856835268909575,0.2756930798208115,0.438623393288231
4890,0.08043124057649545,0.1902603218927307,0.7293084375307738
4891,0.0970575538479025,0.18108939610388947,0.7218530500482081
4892,0.32518834969840793,0.29938048298850684,0.3754311673130852
4893,0.24148356548423533,0.2615936056088126,0.49692282890695205
4894,0.340312132234456,0.2689717984127261,0.39071606935281783
4895,0.38722290214449195,0.30717353108296985,0.30560356677253814
4896,0.1830023184161004,0.23545327220988516,0.5815444093740144
4897,0.22658092183852646,0.2853838960703981,0.48803518209107527
4898,0.23861850612208202,0.2524164039068384,0.5089650899710796
4899,0.14705584541331068,0.22883417794312017,0.6241099766435692
4900,0.09406616074809414,0.1873431284824534,0.7185907107694525
4901,0.13800740509011125,0.20545115070248926,0.6565414442073996
4902,0.19594374575415016,0.24343958530345916,0.5606166689423906
4903,0.18656792287386192,0.27037971103303865,0.5430523660930994
4904,0.4053695955075246,0.2651154892630333,0.32951491522944215
4905,0.15737352286672854,0.22613324758523112,0.6164932295480404
4906,0.13660934766125088,0.21890804385381865,0.6444826084849306
4907,0.2049750088392323,0.24292112902964702,0.5521038621311206
4908,0.35797077265193544,0.28495558518074815,0.3570736421673164
4909,0.34216134738446546,0.2739792312919234,0.38385942132361117
4910,0.24677718455941264,0.27945201918008555,0.47377079626050184
4911,0.18523708893254703,0.25392741443455596,0.5608354966328969
4912,0.32034629765227274,0.2681352916777971,0.41151841066993006
4913,0.28129108274118436,0.2499223099630937,0.4687866072957219
4914,0.15267747712260293,0.23327005223910752,0.6140524706382895
4915,0.31214740931339463,0.2770682202394925,0.41078437044711297
4916,0.3697981720230586,0.30054440777829355,0.32965742019864785
4917,0.2968065766954711,0.2652757052396927,0.43791771806483615
4918,0.24147064450944739,0.2718993797680275,0.486629975722525
4919,0.31191558197750513,0.25670638001774404,0.4313780380047509
4920,0.27616855066409324,0.23788335489364554,0.4859480944422612
4921,0.2638670459062739,0.2722445169273894,0.46388843716633676
4922,0.22983426098924314,0.2670150218390184,0.5031507171717385
4923,0.2862346336457605,0.2669655243959472,0.44679984195829237
4924,0.10869317316632376,0.1958055279265795,0.6955012989070967
4925,0.23486691461436518,0.24849577719417681,0.5166373081914579
4926,0.3290025559803196,0.2594071792362861,0.4115902647833944
4927,0.0825506308601223,0.18135756304720393,0.7360918060926738
4928,0.2024434697859991,0.2533722422120111,0.5441842880019898
4929,0.26149778374315474,0.26067938856574935,0.4778228276910959
4930,0.23926568354829622,0.26479261859677705,0.49594169785492676
4931,0.1584543694125247,0.2515678398169007,0.5899777907705747
4932,0.40272838593053323,0.2775830437080386,0.3196885703614282
4933,0.17248504623049135,0.24925731160426684,0.5782576421652418
4934,0.16000505027319706,0.22097868835421144,0.6190162613725915
4935,0.24721903980909213,0.24327945097506332,0.5095015092158446
4936,0.30622449557105624,0.30878487147729117,0.38499063295165253
4937,0.4592175936719198,0.24461012608127872,0.2961722802468015
4938,0.24268541747222194,0.2856787595540812,0.471635822973697
4939,0.3475743305073054,0.2822081109239452,0.3702175585687494
4940,0.20817288316487464,0.1680657805013173,0.623761336333808
4941,0.2295661918914247,0.23253541400835295,0.5378983941002223
4942,0.23202243523322932,0.28395555578921405,0.48402200897755676
4943,0.16972140212423895,0.2720334700275237,0.5582451278482373
4944,0.17996229202298034,0.09611886260092105,0.7239188453760986
4945,0.25733514680682273,0.2530877764323246,0.4895770767608526
4946,0.36234601284967827,0.27548128851924664,0.36217269863107504
4947,0.151417085814541,0.23616219523842683,0.6124207189470322
4948,0.20877013670191089,0.2821322196906042,0.5090976436074849
4949,0.24896014690307594,0.23410771721077694,0.5169321358861471
4950,0.14876329762395457,0.2773186756479725,0.5739180267280729
4951,0.3358585268506592,0.334608322721657,0.3295331504276838
4952,0.2188973952170246,0.33444800978734757,0.4466545949956279
4953,0.3147470743526984,0.3488864385029986,0.33636648714430295
4954,0.1426814329119872,0.29137186456124986,0.5659467025267629
4955,0.2397663306161653,0.25230458696773805,0.5079290824160967
4956,0.23489653690761994,0.3102359364195027,0.4548675266728773
4957,0.17765858575272966,0.2797246642647722,0.5426167499824981
4958,0.351002306599724,0.28381796331951914,0.365179730080757
4959,0.23853529565484083,0.2791849838775762,0.48227972046758305
4960,0.20936679719218276,0.2547795248806335,0.5358536779271837
4961,0.25818262957205834,0.27000385249105396,0.4718135179368876
4962,0.24283138670388937,0.25027069839822763,0.506897914897883
4963,0.31612433306901555,0.30944258313245426,0.37443308379853013
4964,0.2672800671608734,0.22470110915556826,0.5080188236835583
4965,0.21376126782297047,0.2702891213184729,0.5159496108585567
4966,0.25585662829125394,0.33885533157472864,0.4052880401340174
4967,0.39726189350374125,0.31320812644126667,0.289529980054992
4968,0.23275277256414487,0.23625212152268377,0.5309951059131713
4969,0.2071898770604203,0.26093505817198764,0.531875064767592
4970,0.26169905370132873,0.275400352066892,0.4629005942317792
4971,0.3182651310228895,0.2905723491849501,0.3911625197921604
4972,0.23297509797693855,0.2919948243117931,0.4750300777112683
4973,0.2443497485535025,0.26794921629713636,0.4877010351493612
4974,0.15985655014197636,0.25437265963973615,0.5857707902182875
4975,0.2170342891111363,0.2714005515329801,0.5115651593558835
4976,0.17006967357288183,0.2317240470444756,0.5982062793826425
4977,0.25602216948730055,0.2849428857645968,0.45903494474810264
4978,0.17686811062829605,0.24073332301539832,0.5823985663563056
4979,0.18083233341550048,0.2619270002615241,0.5572406663229754
4980,0.17102799629206758,0.2414319501089902,0.5875400535989422
4981,0.33035010285654676,0.29785858717624997,0.37179130996720333
4982,0.4433264305471855,0.3330381744181758,0.22363539503463875
4983,0.1582137710067473,0.2287687527234889,0.6130174762697639
4984,0.19521016747138334,0.276212223134758,0.5285776093938586
4985,0.24809102658065738,0.26888365450642876,0.4830253189129139
4986,0.2543844945402067,0.28694545830607,0.45867004715372334
4987,0.13929431609257828,0.23451073792272709,0.6261949459846947
4988,0.31037736864287424,0.32661210941639773,0.363010521940728
4989,0.24801294945614238,0.2763066479741964,0.47568040256966115
4990,0.27027879416407924,0.27133422695919585,0.45838697887672497
4991,0.17722556517824703,0.2577765753657195,0.5649978594560334
4992,0.2730288290296607,0.2919664025735373,0.4350047683968021
4993,0.21722244310348232,0.2533316561238219,0.5294459007726957
4994,0.3062881447525184,0.2925695026845279,0.4011423525629537
4995,0.17065867535778073,0.24257392870313738,0.586767395939082
4996,0.17301375078165118,0.24195055272178814,0.5850356964965607
4997,0.30885724826488253,0.2678124625387974,0.4233302891963201
4998,0.30781669492711405,0.3103927086670544,0.38179059640583163
4999,0.17212865032564334,0.27650295622615084,0.5513683934482059
5000,0.2230876666115351,0.2600791611088318,0.5168331722796331
5001,0.34854853863394514,0.31077924994841305,0.3406722114176418
5002,0.23169176286037563,0.2793147912617515,0.4889934458778728
5003,0.1127530286051318,0.20107420430540346,0.6861727670894647
5004,0.2913687699745233,0.29427816293434567,0.41435306709113107
5005,0.34737606368698926,0.26872561713030363,0.3838983191827071
5006,0.15327215319260853,0.21398852625200895,0.6327393205553825
5007,0.2593535634425377,0.31990242359932897,0.42074401295813335
5008,0.23398716307572517,0.2971373737066758,0.4688754632175991
5009,0.23048034860877994,0.28500693111956366,0.48451272027165637
5010,0.3443480967207676,0.33319309172583983,0.3224588115533926
5011,0.2730657519829096,0.2831362611480891,0.44379798686900124
5012,0.251671408959137,0.26973511403920886,0.4785934770016542
5013,0.2969040760213586,0.2630246118023416,0.4400713121762998
5014,0.3704226358681447,0.31134082838772636,0.3182365357441289
5015,0.28481536323754153,0.26787687308084573,0.4473077636816128
5016,0.24386233697749285,0.2691182996185258,0.48701936340398133
5017,0.2800637615471506,0.3221959238189358,0.39774031463391357
5018,0.1984907941808975,0.266318382762087,0.5351908230570155
5019,0.24598572943399719,0.28523207243970605,0.4687821981262968
5020,0.26134878513995774,0.27781145602698154,0.4608397588330607
5021,0.15719098274982088,0.24110138885755814,0.601707628392621
5022,0.2923978570922599,0.25928618048271346,0.4483159624250267
5023,0.24331908150380324,0.2667002662513672,0.4899806522448296
5024,0.42336256399171013,0.29122120812382063,0.28541622788446935
5025,0.12388934230702879,0.20936553652279535,0.6667451211701758
5026,0.22590163961921414,0.23234560668204782,0.5417527536987381
5027,0.33999034298886344,0.31662086411553014,0.3433887928956065
5028,0.28305918240403344,0.2822549450602717,0.4346858725356949
5029,0.32827862764630317,0.27790980875052756,0.3938115636031692
5030,0.23097393857866697,0.29270421897845444,0.47632184244287856
5031,0.13025685828176786,0.2327142979673359,0.6370288437508963
5032,0.27374434998434105,0.3077158233670925,0.41853982664856637
5033,0.25012075792728167,0.28068128926734753,0.46919795280537085
5034,0.2211319700445641,0.27875819632816534,0.5001098336272706
5035,0.21192930931890525,0.2487087607176781,0.5393619299634166
5036,0.2761684774847328,0.28308444659864684,0.4407470759166204
5037,0.27542848765046646,0.3119447024047891,0.4126268099447443
5038,0.2823581000579974,0.30928521232553263,0.4083566876164699
5039,0.2649059515638146,0.2735579138917757,0.4615361345444097
5040,0.24771414979842354,0.2663879965391798,0.4858978536623967
5041,0.18115443034739195,0.236164495291784,0.5826810743608241
5042,0.1605029163344294,0.2803795373620676,0.559117546303503
5043,0.2391229439864541,0.27276451569960347,0.48811254031394236
5044,0.38721271792678374,0.32569395476905066,0.28709332730416554
5045,0.2248002244630273,0.29177623660362717,0.4834235389333455
5046,0.4077662312547597,0.3026707110272239,0.2895630577180163
5047,0.2763643936281991,0.2985447372602302,0.4250908691115708
5048,0.22374150739784235,0.2810517033942587,0.49520678920789896
5049,0.22004233065557108,0.26373798469714455,0.5162196846472845
5050,0.25016611225385166,0.2955746639853487,0.4542592237607997
5051,0.268859997068205,0.27412985107256144,0.45701015185923355
5052,0.3046403487247522,0.2995006264828691,0.3958590247923786
5053,0.23653358321847107,0.2580955087683379,0.505370908013191
5054,0.10947298467529586,0.2135793178055434,0.6769476975191607
5055,0.14861996774416725,0.2708366231675213,0.5805434090883115
5056,0.19014476305719522,0.22914935281571888,0.5807058841270859
5057,0.16263179321611296,0.259437365003917,0.5779308417799701
5058,0.33255927350695375,0.2719201911222979,0.3955205353707483
5059,0.22254758633744226,0.26028051356002624,0.5171719001025314
5060,0.2570544178405096,0.2702869443431788,0.47265863781631157
5061,0.24199378606189284,0.2876105828265658,0.4703956311115413
5062,0.23438856327116944,0.24545255776550418,0.5201588789633264
5063,0.3550152543350555,0.3206618174019307,0.3243229282630138
5064,0.3573772225478037,0.32387433529145176,0.3187484421607446
5065,0.10416330440022137,0.20294930244388307,0.6928873931558955
5066,0.139968382628789,0.22101608881577492,0.6390155285554361
5067,0.09908549466770163,0.19375488363912519,0.7071596216931733
5068,0.2343430249199423,0.28445636121177026,0.4812006138682874
5069,0.2183719177491913,0.24120097112698535,0.5404271111238234
5070,0.17483143666347728,0.27150859976939495,0.5536599635671277
5071,0.10039087064041723,0.1971690080508452,0.7024401213087376
5072,0.2279089858024151,0.28356318433681293,0.488527829860772
5073,0.3644545469859679,0.2915259529261712,0.3440195000878609
5074,0.3353296512463566,0.31035616229988505,0.3543141864537583
5075,0.25664980911783053,0.2687689610642771,0.4745812298178924
5076,0.2691861670181304,0.29911446142592873,0.4316993715559408
5077,0.17343428961082322,0.2266638972708345,0.5999018131183422
5078,0.22227633770526153,0.2576206188028699,0.5201030434918685
5079,0.31257653169845595,0.29984810388132893,0.38757536442021506
5080,0.4134629646916408,0.3189833949317907,0.2675536403765685
5081,0.2821094267250503,0.2969505134484715,0.42094005982647825
5082,0.17372433095728215,0.2525159005974114,0.5737597684453064
5083,0.24740181841622516,0.2974918491753747,0.45510633240840015
5084,0.3694387970237761,0.32203672961298296,0.308524473363241
5085,0.2426815861212531,0.2515420628374858,0.5057763510412611
5086,0.2667725681400734,0.2483566209873543,0.48487081087257233
5087,0.23625791352698594,0.2748615357727129,0.48888055070030106
5088,0.17899747921567224,0.21680169489387305,0.6042008258904548
5089,0.13437652285852594,0.2249715360453337,0.6406519410961403
5090,0.20585460973263836,0.2626760686902378,0.5314693215771239
5091,0.20377077121763426,0.2325570582263477,0.563672170556018
5092,0.19323380383326744,0.2510355350813832,0.5557306610853494
5093,0.2734124698254524,0.24967312349334986,0.47691440668119767
5094,0.3425236701500916,0.28072387913990404,0.3767524507100043
5095,0.3660614507752307,0.30437531341375934,0.32956323581101
5096,0.2856727369722794,0.2920553917623369,0.4222718712653838
5097,0.2482336533173691,0.27936587289693326,0.47240047378569755
5098,0.24259869729667694,0.2822487438049079,0.47515255889841507
5099,0.3184981333712539,0.3076222796567697,0.3738795869719764
5100,0.18187255874778385,0.28170732980275326,0.5364201114494629
5101,0.1326688545394054,0.23799109871013446,0.6293400467504602
5102,0.2643148015787701,0.2566333252380813,0.4790518731831485
5103,0.24504280117282554,0.30077682597669037,0.45418037285048407
5104,0.24232841874821845,0.28575536605658025,0.47191621519520127
5105,0.2654101582519776,0.2960180968643108,0.4385717448837115
5106,0.22674080869153077,0.2571158950085167,0.5161432962999526
5107,0.120644165978421,0.2132395167001282,0.6661163173214507
5108,0.28490263117027337,0.2784787701070493,0.4366185987226774
5109,0.23122522752769445,0.28024585215947767,0.48852892031282796
5110,0.27127704632679356,0.2613746446448174,0.4673483090283889
5111,0.22878940060318395,0.29923176492392506,0.4719788344728911
5112,0.0679867061438291,0.1590100078740119,0.773003285982159
5113,0.2673417593993144,0.27887622362453,0.45378201697615556
5114,0.23065403975232732,0.27727992609106444,0.49206603415660827
5115,0.2918324753888335,0.27456663180868734,0.43360089280247904
5116,0.18480011250571693,0.24572025202145265,0.5694796354728304
5117,0.18838223021867198,0.24584177529252985,0.5657759944887982
5118,0.14495503715510502,0.20707080693311336,0.6479741559117816
5119,0.1848203244780351,0.253480406761371,0.5616992687605938
5120,0.2342224532339568,0.2578941939051624,0.5078833528608808
5121,0.243653141862579,0.27061957548392074,0.48572728265350035
5122,0.38657877140510477,0.2950940265760715,0.31832720201882375
5123,0.5090918232463921,0.3008276975966232,0.19008047915698456
5124,0.2829495705955083,0.28202166634718756,0.43502876305730415
5125,0.2375987622643924,0.2337709247332593,0.5286303130023483
5126,0.18434043224311564,0.25594890788492675,0.5597106598719576
5127,0.20068987563093998,0.26739795352885537,0.5319121708402046
5128,0.19032590692437892,0.2597874957101057,0.5498865973655155
5129,0.1620746295632148,0.22806488880737255,0.6098604816294126
5130,0.3137778799669009,0.2820261023459884,0.40419601768711066
5131,0.2226791934506003,0.2677378707382971,0.5095829358111027
5132,0.21872792128010848,0.29088063149035376,0.49039144722953776
5133,0.18623807726925842,0.2613464577522064,0.5524154649785351
5134,0.10542987670490947,0.18432553457624126,0.7102445887188493
5135,0.322148221809258,0.2737184422525323,0.4041333359382098
5136,0.10002665787555247,0.20817179528785695,0.6918015468365907
5137,0.28682776141281474,0.27433784112596615,0.438834397461219
5138,0.4076796125658813,0.315851986035948,0.27646840139817075
5139,0.21527577511221418,0.29140176550219626,0.4933224593855896
5140,0.2004967653894907,0.24821196822956348,0.5512912663809457
5141,0.36206939247484304,0.32423331857238097,0.31369728895277604
5142,0.21774784866650185,0.2737229487517825,0.5085292025817156
5143,0.29456121148026965,0.2982751512002867,0.40716363731944377
