Id,A,D,H
3419,0.23217899225448074,0.27437428971105526,0.4934467180344639
3420,0.31149655509024915,0.2918286745005164,0.3966747704092344
3421,0.18894879259707903,0.25813000451439716,0.5529212028885239
3422,0.2625917960328523,0.2827718448863339,0.45463635908081373
3423,0.12540536739082073,0.2223561767551483,0.652238455854031
3424,0.35841515912273747,0.2959982308320405,0.345586610045222
3425,0.22893132924030848,0.273338654634532,0.49773001612515955
3426,0.33465966901053995,0.29440541212313737,0.3709349188663227
3427,0.20106513589520927,0.2632448036085262,0.5356900604962644
3428,0.26240555848686925,0.28272725584236574,0.45486718567076506
3429,0.32684549881125385,0.29365198001309467,0.3795025211756515
3430,0.21322042606752112,0.2679219897448581,0.5188575841876208
3431,0.1451960813452062,0.23533500550636854,0.6194689131484252
3432,0.2398609691885764,0.2767138831932291,0.48342514761819455
3433,0.16235507535556964,0.24515301553910096,0.5924919091053293
3434,0.16953990924380116,0.24891225633528188,0.581547834420917
3435,0.4088461391812497,0.29608927151326964,0.2950645893054807
3436,0.23356954689373188,0.2748091840854261,0.491621269020842
3437,0.2241238056400047,0.2717536248955637,0.5041225694644316
3438,0.1288589003552043,0.22476147019185327,0.6463796294529425
3439,0.1743737011656149,0.25133249880225655,0.5742938000321285
3440,0.3790050602047965,0.29656069248320843,0.3244342473119951
3441,0.22207800557606386,0.27106001781149913,0.506861976612437
3442,0.2038809194565512,0.2643676625153464,0.5317514180281023
3443,0.23140776792774095,0.27413089220939457,0.4944613398628644
3444,0.08224957114832959,0.1860199666140916,0.7317304622375788
3445,0.21850546397226292,0.2698209750116607,0.5116735610160764
3446,0.24936068847310017,0.2793992320809775,0.47124007944592233
3447,0.15028242348239065,0.23837487369095398,0.6113427028266554
3448,0.2561646244066546,0.2811858603278213,0.46264951526552417
3449,0.2076587871297911,0.2658365064300857,0.5265047064401231
3450,0.25085548320111023,0.27980138232024226,0.4693431344786474
3451,0.453047613272332,0.29272638808945445,0.2542259986382135
3452,0.23017539496645217,0.2737386850597817,0.49608591997376617
3453,0.27552992410198945,0.2856743598426295,0.438795716055381
3454,0.17741163142072108,0.25281024284491094,0.569778125734368
3455,0.30954443294305717,0.29156344822444547,0.3988921188324974
3456,0.16357227303946806,0.24580383378714715,0.5906238931733848
3457,0.24874362095067973,0.27923162232912085,0.4720247567201995
3458,0.13305738454983632,0.22760264797108024,0.6393399674790835
3459,0.2546813131382085,0.280805896339448,0.4645127905223435
3460,0.10388825577216093,0.20583653278368313,0.6902752114441558
3461,0.17450563621946272,0.2513973631553074,0.57409700062523
3462,0.18599636802159528,0.2568116459960739,0.5571919859823309
3463,0.23402299526477152,0.27494990143694337,0.4910271032982853
3464,0.2109498005805645,0.26708148694319056,0.5219687124762449
3465,0.30047631970822214,0.29023038683714314,0.40929329345463483
3466,0.2799306954700161,0.2865757120980553,0.43349359243192864
3467,0.24299337176077362,0.27762435519147016,0.47938227304775627
3468,0.32905800147332864,0.2938771014000522,0.37706489712661917
3469,0.3224264004668171,0.2931741667104722,0.3843994328227108
3470,0.20912729664685836,0.2663959805356627,0.5244767228174789
3471,0.13029961313925265,0.22574652262747608,0.6439538642332712
3472,0.27688087100827063,0.28595561965476374,0.43716350933696557
3473,0.20733961897686665,0.2657140639598549,0.5269463170632784
3474,0.19937417957495845,0.2625587995539463,0.5380670208710953
3475,0.325827896688557,0.2935452885564024,0.3806268147550406
3476,0.2430964234463166,0.27765388667323165,0.4792496898804517
3477,0.2594139728823853,0.2819998706208613,0.4585861564967534
3478,0.31249664783800707,0.291961601377119,0.39554175078487386
3479,0.20302699055180612,0.264029692848062,0.5329433166001319
3480,0.14956477433411827,0.2379528064322213,0.6124824192336604
3481,0.19345998390590943,0.2600891026437503,0.5464509134503402
3482,0.3187458562515033,0.29274730154903,0.38850684219946663
3483,0.16864425997053992,0.2484543319456239,0.5829014080838362
3484,0.2549594490006486,0.2808775454787812,0.46416300552057005
3485,0.2159118960753505,0.2688990130187892,0.5151890909058603
3486,0.29575801116449374,0.2894700227549536,0.41477196608055267
3487,0.2001648390610274,0.26288066207014743,0.5369544988688252
3488,0.28550991767144857,0.2876573491053873,0.4268327332231642
3489,0.1810238396961863,0.2545248876076024,0.5644512726962113
3490,0.2549594559399748,0.28087754726406655,0.46416299679595857
3491,0.2374202092224028,0.27598710052369996,0.48659269025389723
3492,0.2824877781275732,0.28707986352217246,0.43043235835025423
3493,0.1956531110821365,0.26101782242661464,0.5433290664912489
3494,0.22657192287275318,0.2725685824692062,0.5008594946580407
3495,0.28019017386091577,0.28662752335028746,0.4331823027887968
3496,0.09016729323778971,0.19370255563323785,0.7161301511289724
3497,0.21514716158956482,0.26862351895019526,0.5162293194602399
3498,0.2830791140942195,0.2871944184726315,0.429726467433149
3499,0.1892478757798323,0.2582619448425454,0.5524901793776222
3500,0.24559537317882463,0.2783618492950902,0.4760427775260851
3501,0.3563410964670011,0.2959000836747748,0.3477588198582241
3502,0.18890426404423297,0.2581103355820583,0.5529854003737087
3503,0.28686885679850155,0.2879105889206609,0.4252205542808375
3504,0.28195592325998214,0.28697618078061804,0.4310678959593998
3505,0.10787314126066648,0.20911084295126836,0.6830160157880651
3506,0.2773090342162556,0.28604391479290836,0.43664705099083606
3507,0.22419571554075637,0.2717777960886139,0.5040264883706298
3508,0.25378396737569586,0.2805734667032648,0.46564256592103936
3509,0.33906297460951024,0.29477918432934047,0.36615784106114935
3510,0.20623142927272914,0.265286573400506,0.5284819973267648
3511,0.24709974202319382,0.2787805271558214,0.4741197308209848
3512,0.1780316359422305,0.25310779932587135,0.5688605647318982
3513,0.30155636930770513,0.2903979631352464,0.40804566755704846
3514,0.36761919765084633,0.2963414779744207,0.336039324374733
3515,0.24510812519530462,0.27822503655509034,0.47666683824960504
3516,0.11161395824080045,0.21209108265576032,0.6762949591034392
3517,0.3143659079225016,0.29220471519720853,0.39342937688028984
3518,0.2638599363399963,0.2830733141479205,0.45306674951208314
3519,0.1565783755028587,0.24198422117597898,0.6014374033211624
3520,0.1419231340349292,0.23331798726054095,0.6247588787045298
3521,0.2713965427426581,0.2847884631489171,0.4438149941084248
3522,0.20858774753337747,0.2661911637437481,0.5252210887228744
3523,0.2648644589993557,0.2833094624156615,0.45182607858498286
3524,0.26782990082729297,0.28399300205027855,0.44817709712242854
3525,0.20736747148793208,0.2657247610781458,0.5269077674339221
3526,0.37258472592290354,0.2964647618153225,0.3309505122617739
3527,0.2965558379020277,0.28960184429730573,0.4138423178006665
3528,0.2263746416174027,0.27250351264793904,0.5011218457346583
3529,0.29092195179294605,0.2886423965778418,0.4204356516292122
3530,0.17227111821500382,0.25029027392444203,0.5774386078605541
3531,0.3334658706802604,0.2942978023232263,0.3722363269965134
3532,0.16730125971368437,0.24776204395255666,0.584936696333759
3533,0.29275183570758595,0.28896134997433637,0.4182868143180776
3534,0.2318129243087156,0.2742589551319324,0.49392812055935204
3535,0.28440954900232424,0.28744937611867005,0.4281410748790057
3536,0.3839388483940694,0.29658625134455446,0.3194749002613761
3537,0.15338115838943012,0.24017207962915058,0.6064467619814193
3538,0.24447253263094815,0.2780456792489529,0.4774817881200989
3539,0.28209738655410505,0.28700381863210406,0.4308987948137909
3540,0.22962156076470266,0.2735611095314079,0.4968173297038895
3541,0.18233945986790537,0.2551381234914805,0.5625224166406142
3542,0.15134515557860045,0.2389958334852526,0.6096590109361469
3543,0.29972860765361786,0.2901129670842739,0.41015842526210833
3544,0.18088186750193744,0.2544583547329624,0.5646597777651001
3545,0.3014422601036648,0.2903803717364379,0.40817736815989736
3546,0.12846882992949654,0.22449292720745617,0.6470382428630473
3547,0.1747905023367497,0.25153720033268223,0.573672297330568
3548,0.3083664899363036,0.2913997066849407,0.40023380337875575
3549,0.1450729174494195,0.23525997968778922,0.6196671028627913
3550,0.23921411926385672,0.2765227588734562,0.48426312186268705
3551,0.1928036528532883,0.25980817500788445,0.5473881721388273
3552,0.17923005063285044,0.25367911500435114,0.5670908343627984
3553,0.10100742801875183,0.2034026316249089,0.6955899403563393
3554,0.4392224127640753,0.29411105661486375,0.266666530621061
3555,0.30908442180849444,0.2914998358807569,0.39941574231074867
3556,0.2239159470101802,0.2716836774118814,0.5044003755779384
3557,0.24006927677458642,0.27677520419624446,0.4831555190291691
3558,0.15779724690249355,0.24266399715686135,0.5995387559406451
3559,0.2703142767489302,0.28455014410985197,0.4451355791412179
3560,0.43761515754064456,0.29425259662190617,0.26813224583744927
3561,0.25596966717946107,0.2811362210935363,0.4628941117270026
3562,0.26021893680984187,0.28219766095203674,0.4575834022381214
3563,0.15679030783568335,0.2421028527282852,0.6011068394360315
3564,0.25175606078617274,0.28004103371786104,0.4682029054959661
3565,0.23743913090612856,0.2759927937079808,0.48656807538589053
3566,0.21934210716796315,0.2701143384801103,0.5105435543519266
3567,0.2498825188500915,0.2795402436267772,0.4705772375231312
3568,0.15509567077301334,0.24114910461155276,0.6037552246154338
3569,0.1641766761888601,0.24612485721783098,0.5896984665933089
3570,0.21020430973123475,0.2668022594395828,0.5229934308291824
3571,0.32355086411644884,0.2932993266746089,0.38314980920894215
3572,0.2311716151091082,0.2740560479098623,0.49477233698102946
3573,0.2484138572909738,0.279141666865274,0.47244447584375227
3574,0.14533679278562944,0.23542063740338115,0.6192425698109895
3575,0.4201677735752633,0.29552525009767244,0.2843069763270642
3576,0.21577021050145181,0.2688480969646153,0.5153816925339328
3577,0.20734261315937713,0.26571521402519255,0.5269421728154303
3578,0.1864023862303042,0.2569946689913041,0.5566029447783917
3579,0.24733143693808726,0.2788445105977601,0.47382405246415266
3580,0.34833336313897706,0.2954484097616358,0.35621822709938716
3581,0.12721428547256244,0.22362386546134874,0.6491618490660889
3582,0.2924119002883103,0.28890263361336566,0.41868546609832397
3583,0.2693859012073999,0.2843435941957502,0.44627050459684997
3584,0.24106659333255187,0.27706725984752306,0.4818661468199251
3585,0.1816672472115799,0.2548255369531127,0.5635072158353074
3586,0.44901128311877536,0.29316148008250825,0.25782723679871644
3587,0.2574300018668991,0.28150583993642736,0.46106415819667357
3588,0.1347598961699054,0.22872957397763194,0.6365105298524627
3589,0.15628015110737947,0.2418169754124716,0.6019028734801489
3590,0.16749470474627134,0.24786218013146133,0.5846431151222674
3591,0.31062462887387016,0.29171115280468324,0.39766421832144666
3592,0.1788183637256274,0.2534834213483904,0.5676982149259822
3593,0.12473298085479495,0.22188052071371908,0.653386498431486
3594,0.21605223093650888,0.2689493873250747,0.5149983817384165
3595,0.12804341449508957,0.22419914987226627,0.6477574356326441
3596,0.15858322824093268,0.2430991492576854,0.598317622501382
3597,0.4148218031702595,0.29581751309096466,0.28936068373877566
3598,0.3790852457127334,0.2965614411684846,0.3243533131187821
3599,0.16464407904703737,0.2463721446486015,0.5889837763043612
3600,0.36275404137187095,0.29617873050633275,0.34106722812179635
3601,0.3986979846314591,0.2964165665163278,0.3048854488522131
3602,0.2035640749803933,0.26424251947897637,0.5321934055406303
3603,0.334901464832112,0.29442688071620904,0.370671654451679
3604,0.17322171054370583,0.25076346112193065,0.5760148283343636
3605,0.22620333136888032,0.2724469233808618,0.5013497452502579
3606,0.16437959585039927,0.24623231898018655,0.5893880851694141
3607,0.3135574992896889,0.2921004264309848,0.39434207427932627
3608,0.29141034050943276,0.28872821704814056,0.4198614424424267
3609,0.3516759597870231,0.2956510641357121,0.35267297607726483
3610,0.1986556895409247,0.2622646330373332,0.5390796774217421
3611,0.11900730019514577,0.21772970953053747,0.6632629902743168
3612,0.12549497035373702,0.22241938014457782,0.6520856495016852
3613,0.23774632588461364,0.2760850938503184,0.48616858026506793
3614,0.3144704508043189,0.2922181071095251,0.3933114420861559
3615,0.17633500134786756,0.252290305187848,0.5713746934642845
3616,0.21010633359223427,0.2667654409971077,0.5231282254106581
3617,0.16098828858905848,0.244415289271126,0.5945964221398156
3618,0.2829698219759152,0.2871733034695221,0.42985687455456273
3619,0.3089397533950762,0.29147974257793857,0.39958050402698525
3620,0.2826649267333362,0.28711426100289145,0.43022081226377235
3621,0.32052614694932297,0.29295707577937513,0.386516777271302
3622,0.4298520296855212,0.2948787428273938,0.275269227487085
3623,0.30003277617989443,0.29016087249139094,0.4098063513287147
3624,0.1330252066089652,0.22758121059971267,0.6393935827913222
3625,0.10860546408290928,0.2097012692839189,0.6816932666331719
3626,0.33494804803712264,0.29443100410880146,0.37062094785407584
3627,0.16957631320653116,0.24893080546375465,0.5814928813297141
3628,0.3360502086729424,0.29452737357331493,0.36942241775374274
3629,0.17651528517257487,0.25237765685541347,0.5711070579720117
3630,0.2950598694033943,0.28935358060109656,0.4155865499955091
3631,0.2095763065458383,0.2665657738161561,0.5238579196380057
3632,0.2620214472680935,0.28263503596273115,0.4553435167691753
3633,0.43545784996650266,0.29443617064298394,0.2701059793905133
3634,0.20211375519793015,0.26366579482602037,0.5342204499760494
3635,0.1879538057019891,0.25768894266091935,0.5543572516370915
3636,0.23705498526536412,0.27587703036585737,0.48706798436877846
3637,0.26743641868080265,0.2839034670713355,0.4486601142478618
3638,0.2683620908163733,0.2841135353901109,0.44752437379351573
3639,0.12267099440746745,0.2204065825372682,0.6569224230552643
3640,0.10533686720311877,0.20703901776245365,0.6876241150344276
3641,0.2466687891886834,0.27866116404692076,0.4746700467643959
3642,0.1931637916332308,0.2599624957344472,0.5468737126323221
3643,0.1952881437368161,0.26086433283432614,0.5438475234288578
3644,0.2261399118226139,0.2724259536928693,0.5014341344845168
3645,0.21195048189170926,0.2674537476227693,0.5205957704855215
3646,0.3185180043409707,0.29272000582593216,0.388761989833097
3647,0.23383342353101097,0.27489113771168155,0.49127543875730756
3648,0.3862976738935532,0.2965838012206183,0.3171185248858285
3649,0.2372396790414171,0.2759327358863667,0.4868275850722162
3650,0.20718541125329307,0.26565479671833264,0.5271597920283743
3651,0.312688430693507,0.2919868642702779,0.39532470503621514
3652,0.2865343085726609,0.2878486141979737,0.4256170772293655
3653,0.3097880609593623,0.29159696600189317,0.3986149730387445
3654,0.21710167875951955,0.2693243208081639,0.5135740004323166
3655,0.44002234632210213,0.29403909584809074,0.265938557829807
3656,0.3096716555799095,0.29158096608501644,0.3987473783350741
3657,0.11258783560305177,0.21285258824462394,0.6745595761523242
3658,0.18629672939208197,0.25694709463181037,0.5567561759761076
3659,0.2201244715976535,0.2703868955590876,0.5094886328432588
3660,0.2611176985050009,0.28241669635337696,0.45646560514162227
3661,0.40078871576851055,0.2963630510237449,0.30284823320774457
3662,0.1443297391293203,0.2348058246937934,0.6208644361768864
3663,0.12379956803077256,0.2212161696933027,0.6549842622759248
3664,0.23673763275091725,0.27578110777896403,0.48748125947011856
3665,0.15282248074552363,0.2398510600584699,0.6073264591960065
3666,0.3810353433871014,0.2965762526414675,0.3223884039714311
3667,0.2748419836074519,0.2855295720402592,0.43962844435228887
3668,0.1967511403644526,0.2614770641435055,0.5417717954920419
3669,0.15017941044183286,0.23831442542550696,0.6115061641326601
3670,0.2522226062941528,0.28016440949016774,0.46761298421567943
3671,0.135946191686984,0.22950639899961547,0.6345474093134006
3672,0.17216673795299317,0.25023811426846815,0.5775951477785387
3673,0.06754987004831273,0.17016577105766384,0.7622843588940235
3674,0.4089556839725833,0.29608481416620497,0.2949595018612117
3675,0.31677698562521905,0.29250807469576684,0.39071493967901416
3676,0.27121970700351195,0.28474970455121784,0.44403058844527016
3677,0.2965599112840852,0.28960251391750824,0.4138375747984066
3678,0.3505085944578818,0.2955825975420177,0.35390880800010044
3679,0.44873337705117394,0.29319050423935966,0.25807611870946623
3680,0.2070110109618869,0.2655876834845137,0.5274013055535994
3681,0.23655261279777565,0.27572506366704863,0.4877223235351757
3682,0.22581771556063254,0.2723192508644754,0.501863033574892
3683,0.18918022087289568,0.25823212469669254,0.5525876544304118
3684,0.277958283773998,0.28617702713991977,0.4358646890860823
3685,0.3271862116842258,0.29368725806607615,0.37912653024969817
3686,0.1159854493872794,0.2154642184701005,0.66855033214262
3687,0.14433624584199312,0.2348098117159731,0.6208539424420337
3688,0.3976573257986818,0.2964404968527149,0.3059021773486034
3689,0.14621557692197687,0.2359534352251582,0.617830987852865
3690,0.2810945600331409,0.28680695202224865,0.4320984879446104
3691,0.12414935052151344,0.22146567799516761,0.654384971483319
3692,0.3271084737276443,0.2936792285372684,0.37921229773508736
3693,0.09338098874230043,0.19667173891370696,0.7099472723439926
3694,0.35553683541034675,0.29585994984293496,0.34860321474671824
3695,0.3102171434637162,0.29165570858616247,0.3981271479501214
3696,0.3195201225311906,0.29283929578349455,0.3876405816853149
3697,0.17362554745572137,0.25096348797072787,0.5754109645735508
3698,0.15767312048368085,0.2425950470137634,0.5997318325025558
3699,0.259698967734287,0.2820700723694583,0.4582309598962548
3700,0.269872609907119,0.28445212408958764,0.4456752660032933
3701,0.16752610660468847,0.24787842184891815,0.5845954715463934
3702,0.11821302037497111,0.21713935709275636,0.6646476225322725
3703,0.23783312414451616,0.2761111292945399,0.48605574656094397
3704,0.16018781262576282,0.24397980107794334,0.5958323862962938
3705,0.23695087523970654,0.27584559088978516,0.4872035338705083
3706,0.1525515752592279,0.23969492340540993,0.6077535013353621
3707,0.4667119065938939,0.29106647548850173,0.24222161791760446
3708,0.43074439247773316,0.29481163066672594,0.27444397685554084
3709,0.4037112969015413,0.2962761099133384,0.3000125931851203
3710,0.19404444992276743,0.26033810621357717,0.5456174438636553
3711,0.24710167497638516,0.2787810614982302,0.47411726352538464
3712,0.20552236600205767,0.26501112192936205,0.5294665120685803
3713,0.22666207573391273,0.27259828275911047,0.5007396415069768
3714,0.3064555683763482,0.291128126121403,0.4024163055022487
3715,0.06072044932934311,0.16196235962337124,0.7773171910472857
3716,0.22330157442782464,0.2714762393921756,0.5052221861799998
3717,0.29621845417755877,0.2895462619194992,0.41423528390294206
3718,0.39093954655948104,0.2965514553929833,0.31250899804753574
3719,0.2103797576148593,0.26686812069220883,0.5227521216929318
3720,0.13964134686519436,0.23188271720497203,0.6284759359298335
3721,0.12121814624237787,0.21935405011935394,0.6594278036382681
3722,0.1704764961800082,0.2493879132330436,0.5801355905869482
3723,0.13172657931412157,0.22671173038010203,0.6415616903057765
3724,0.33631785414837434,0.2945504313980181,0.36913171445360754
3725,0.18502324184779664,0.25637073175361114,0.5586060263985921
3726,0.5069639197969463,0.2845266850303136,0.20850939517274014
3727,0.146512320990389,0.2361325728140356,0.6173551061955754
3728,0.2250696735133825,0.27207043121580515,0.5028598952708123
3729,0.20983467435874503,0.26666320693850976,0.5235021187027452
3730,0.20386553584228403,0.26436159352763594,0.53177287063008
3731,0.10906284653615982,0.21006828280055606,0.6808688706632842
3732,0.360185336606201,0.29607591679246115,0.3437387466013378
3733,0.2953612313433713,0.28940396944151286,0.41523479921511586
3734,0.14129716258784908,0.23292664799047014,0.6257761894216807
3735,0.4310255596567291,0.2947902224715137,0.2741842178717573
3736,0.23425026933485923,0.27502022819637945,0.4907295024687614
3737,0.14014280639902715,0.23220021834566237,0.6276569752553105
3738,0.2898174549373545,0.28844644579862705,0.4217360992640184
3739,0.3352086688753622,0.2944539980981425,0.3703373330264953
3740,0.2935728452208306,0.28910215675996886,0.41732499801920053
3741,0.04717132042022358,0.143673338894427,0.8091553406853494
3742,0.1549964890898038,0.24109291826918158,0.6039105926410145
3743,0.3970169320023244,0.29645432693754986,0.30652874106012573
3744,0.25362238573755747,0.2805314077741364,0.4658462064883061
3745,0.4597152028298583,0.2919523626284098,0.24833243454173193
3746,0.26579113091184486,0.2835252380179937,0.4506836310701614
3747,0.2659130990557635,0.28355349065111213,0.4505334102931245
3748,0.39584176336895366,0.29647792767051706,0.30768030896052917
3749,0.12957398343989812,0.22525172445684974,0.6451742921032522
3750,0.24853055630727341,0.2791735315375768,0.47229591215514977
3751,0.20544489298097932,0.2649809344086889,0.5295741726103318
3752,0.24733068911971703,0.2788443042986362,0.47382500658164683
3753,0.11324796334831418,0.21336545660082118,0.6733865800508647
3754,0.13004415466042435,0.22557263608818284,0.6443832092513928
3755,0.15656586483819276,0.2419772124478961,0.6014569227139112
3756,0.0871124834555931,0.1908022914905118,0.722085225053895
3757,0.17073472696459216,0.24951848657267817,0.5797467864627296
3758,0.3175817254558364,0.29260677448805755,0.3898115000561061
3759,0.3624928649404183,0.2961688115428099,0.3413383235167718
3760,0.18747293910101898,0.2574746072602293,0.5550524536387518
3761,0.26052194454317773,0.2822717185350371,0.45720633692178525
3762,0.34657183312756984,0.29533341580658257,0.35809475106584765
3763,0.20519171985473325,0.26488215919926184,0.5299261209460049
3764,0.2780880753631879,0.2862035257970961,0.4357083988397159
3765,0.3732734729237807,0.296478468545612,0.33024805853060724
3766,0.27042618053943984,0.2845749088130042,0.444998910647556
3767,0.17602328923901098,0.252139000218172,0.5718377105428171
3768,0.11931501747875378,0.21795745181757487,0.6627275307036714
3769,0.20081789328010807,0.2631450506326863,0.5360370560872056
3770,0.10637776664229168,0.20789441656121196,0.6857278167964964
3771,0.25872129955826795,0.28182844693402664,0.45945025350770546
3772,0.13023336501367397,0.22570146060543664,0.6440651743808895
3773,0.1170320445246803,0.21625486346844228,0.6667130920068773
3774,0.16533163028780462,0.2467343749336989,0.5879339947784965
3775,0.452864206163526,0.2927467070617153,0.2543890867747587
3776,0.1452259967502168,0.23535321835418316,0.6194207848955999
3777,0.5017263643991218,0.2855153810604385,0.21275825454043973
3778,0.14066301388591274,0.2325283486431272,0.62680863747096
3779,0.3041717445553626,0.2907938423110726,0.4050344131335649
3780,0.3216272999984959,0.2930837307158867,0.3852889692856174
3781,0.40539054879055664,0.2962197778579327,0.2983896733515107
3782,0.143589277858162,0.2343508539909367,0.6220598681509013
3783,0.1838488391849481,0.2558343652704406,0.5603167955446112
3784,0.3137312810229137,0.2921229545815284,0.39414576439555793
3785,0.5178902466555245,0.28233284531977765,0.19977690802469783
3786,0.11205851041284852,0.21243941662544155,0.6755020729617098
3787,0.1432341883458744,0.23413179067158127,0.6226340209825443
3788,0.2437190150644725,0.2778317340600037,0.47844925087552376
3789,0.07203342303201431,0.17524394117974718,0.7527226357882386
3790,0.15620178832497555,0.24177296870415926,0.6020252429708651
3791,0.21294139942071047,0.2678195096688658,0.5192390909104238
3792,0.3690455699637017,0.2963813023934337,0.3345731276428647
3793,0.17094912838449705,0.2496267104247396,0.5794241611907633
3794,0.2137546094916448,0.2681175563977766,0.5181278341105786
3795,0.21854975902241522,0.26983655605820883,0.511613684919376
3796,0.2816855333850538,0.2869232328706782,0.431391233744268
3797,0.30684586909178124,0.29118419554908254,0.4019699353591362
3798,0.284389212612549,0.28744550783887396,0.42816527954857697
3799,0.2981335194888176,0.28985861443417216,0.4120078660770103
3800,0.10502099504437551,0.2067780143112008,0.6882009906444237
3801,0.1899241416855287,0.25855919515045783,0.5515166631640135
3802,0.2710134523936263,0.28470440857306806,0.44428213903330577
3803,0.23388362225824647,0.2749067075486882,0.4912096701930655
3804,0.2932742446061156,0.28905110968299497,0.41767464571088947
3805,0.15611809846948424,0.24172594261811972,0.602155958912396
3806,0.16157198895758793,0.24473124342613445,0.5936967676162777
3807,0.13873794705097142,0.23130774550519584,0.6299543074438326
3808,0.2166540440774164,0.2691647778359888,0.5141811780865948
3809,0.17411519324725652,0.25120522418832003,0.5746795825644235
3810,0.24790668578993505,0.2790027935951105,0.47309052061495455
3811,0.2180965873678723,0.2696768895667347,0.5122265230653931
3812,0.27294993884018104,0.2851259001752009,0.441924160984618
3813,0.19830376871614694,0.2621199618407807,0.5395762694430725
3814,0.3086803822580863,0.2914436125554251,0.39987600518648864
3815,0.3964286765108791,0.2964664287583469,0.30710489473077396
3816,0.34005606342823286,0.29485847523728853,0.3650854613344786
3817,0.33564444671884147,0.2944921604953988,0.36986339278575964
3818,0.2717525735952563,0.28486628300951045,0.4433811433952333
3819,0.3402782213448639,0.29487596178783293,0.36484581686730305
3820,0.2835423993641355,0.28728363593722883,0.42917396469863556
3821,0.22822067893712197,0.27310828597323167,0.49867103508964644
3822,0.15540107365500927,0.24132185965100192,0.6032770666939888
3823,0.25394654459707694,0.2806157212041446,0.4654377341987785
3824,0.20715224552570033,0.2656420407600545,0.5272057137142452
3825,0.1949910173681287,0.2607390618799493,0.544269920751922
3826,0.26685897072929765,0.2837714285863219,0.44936960068438037
3827,0.12629653704414706,0.22298287721328275,0.6507205857425702
3828,0.19123580011802885,0.2591314643566588,0.5496327355253124
3829,0.2232696421841645,0.2714654293894901,0.5052649284263454
3830,0.13898970274625227,0.23146836277477698,0.6295419344789707
3831,0.19856415833497681,0.26222704262874186,0.5392087990362813
3832,0.2602459221572951,0.2822042651574062,0.45754981268529876
3833,0.19732465634177057,0.26171542113544455,0.5409599225227848
3834,0.32433252778805566,0.2933848888686846,0.3822825833432598
3835,0.2573115714371236,0.28147605396123365,0.4612123746016427
3836,0.42662492958995113,0.29511085373506213,0.2782642166749868
3837,0.19285941732910217,0.2598320975982339,0.5473084850726639
3838,0.25045769915481575,0.2796948987916139,0.4698474020535705
3839,0.23066457138707896,0.27389485002305697,0.4954405785898641
3840,0.1613158789968733,0.24459277807013763,0.594091342932989
3841,0.2316146506257916,0.27419633851503245,0.4941890108591758
3842,0.3173199742600205,0.2925748109875128,0.3901052147524668
3843,0.17253756062973427,0.2504232366298359,0.5770392027404299
3844,0.31940038701496715,0.2928251461144798,0.38777446687055306
3845,0.11478326655687267,0.21454805737051985,0.6706686760726075
3846,0.2989864088344058,0.28999527126421365,0.41101831990138044
3847,0.2325438187505061,0.2744888812959725,0.4929672999535214
3848,0.20958834213940916,0.2665703169170919,0.523841340943499
3849,0.3084480513262996,0.291411134214177,0.40014081445952326
3850,0.11761378638392014,0.21669157019687457,0.6656946434192051
3851,0.09087175562558177,0.194360479173077,0.7147677652013412
3852,0.26136334932335886,0.2824762333310513,0.4561604173455899
3853,0.24277089283964376,0.277560508246098,0.4796685989142582
3854,0.29385753091276035,0.28915065036446497,0.4169918187227747
3855,0.23155242471823714,0.2741766655731904,0.49427090970857235
3856,0.24977051765396724,0.279510034391858,0.47071944795417486
3857,0.1333976292436264,0.22782900856391053,0.6387733621924632
3858,0.3339468777879772,0.29434148390979364,0.37171163830222914
3859,0.24689415518710958,0.2787236422072686,0.47438220260562186
3860,0.3419251776902166,0.29500274010889427,0.36307208220088916
3861,0.29908082311347656,0.29001030645768117,0.4109088704288422
3862,0.30407490443077617,0.29077943327100636,0.40514566229821747
3863,0.40401239274652806,0.29626635128297263,0.29972125597049926
3864,0.16603756416121215,0.24710440239907946,0.5868580334397083
3865,0.4055689155024186,0.29621352158463365,0.2982175629129479
3866,0.2134149477457913,0.2679933001319391,0.5185917521222695
3867,0.31132025598916807,0.2918050348049262,0.3968747092059058
3868,0.18001397867669286,0.2540501143178274,0.5659359070054797
3869,0.21188746471398878,0.26743039075398484,0.5206821445320264
3870,0.15709580462267972,0.24227353534312807,0.6006306600341922
3871,0.17821756391725735,0.25319676678068553,0.5685856693020571
3872,0.16952389937983348,0.24890409716986578,0.5815720034503008
3873,0.15930161173137766,0.24349469853579916,0.5972036897328232
3874,0.3055551604142109,0.2909975985988376,0.4034472409869515
3875,0.13723093953257864,0.23034000260839765,0.6324290578590237
3876,0.31066978777222226,0.2917172768479504,0.39761293537982734
3877,0.24443806011918393,0.27803592258472504,0.4775260172960909
3878,0.1631253609672256,0.24556554780375298,0.5913090912290214
3879,0.1381622211520995,0.23093931156873496,0.6308984672791655
3880,0.30367460436834864,0.2907196688257955,0.40560572680585594
3881,0.27111019204923437,0.284725665748381,0.44416414220238465
3882,0.3218986848055848,0.29311458305897875,0.3849867321354364
3883,0.31702191337434005,0.292538249497022,0.39043983712863795
3884,0.1604219973569748,0.24410746952627066,0.5954705331167546
3885,0.26520342329311,0.2833886204463913,0.4514079562604987
3886,0.2287142710454624,0.2732684354005409,0.49801729355399665
3887,0.06739623987678835,0.16998764012809733,0.7626161199951145
3888,0.3383591161465622,0.29472187364151986,0.36691901021191803
3889,0.3252421687252744,0.29348297428838804,0.38127485698633756
3890,0.14763436209619493,0.23680640724191887,0.6155592306618861
3891,0.26400455598457373,0.2831074562996631,0.4528879877157631
3892,0.1877759095171046,0.25760973889907646,0.5546143515838189
3893,0.2362041624967122,0.27561927442634404,0.4881765630769436
3894,0.28760560785296063,0.2880462240294305,0.4243481681176088
3895,0.1282543545458963,0.2243449355978568,0.647400709856247
3896,0.3474446864924947,0.2953911055887577,0.35716420791874753
3897,0.20544888961235644,0.26498249214530933,0.5295686182423343
3898,0.3852110964364036,0.29658610453275325,0.3182027990308431
3899,0.2931031111702541,0.28902176905943655,0.4178751197703094
3900,0.2239905902749021,0.271708809586423,0.5043006001386748
3901,0.259213916876971,0.28195047699129955,0.45883560613172947
3902,0.4811567867723754,0.2890009213033839,0.22984229192424072
3903,0.23093431390912947,0.27398069073152354,0.4950849953593469
3904,0.18286491889183992,0.2553813884334887,0.5617536926746713
3905,0.42696637601718057,0.29508708117242743,0.277946542810392
3906,0.3164755844574653,0.29247078029328005,0.3910536352492546
3907,0.24370928212180984,0.2778289612789466,0.47846175659924367
3908,0.3159637821976585,0.29240704132790724,0.3916291764744342
3909,0.24170844096538835,0.2772538827689875,0.4810376762656241
3910,0.13319560420877427,0.22769467316926698,0.6391097226219588
3911,0.26513727966112677,0.2833731948494795,0.4514895254893937
3912,0.31426040066898236,0.2921911777867417,0.3935484215442759
3913,0.11797810107775879,0.2169640572101135,0.6650578417121277
3914,0.15900641658822304,0.24333241206966144,0.5976611713421156
3915,0.36222325872385014,0.29615844562918514,0.3416182956469647
3916,0.19151073296704035,0.25925070555767293,0.5492385614752867
3917,0.3229904628402323,0.293237256710161,0.3837722804496068
3918,0.2734015318633895,0.2852229781004171,0.4413754900361935
3919,0.28729753696435767,0.2879896501515568,0.4247128128840856
3920,0.32333086423488244,0.2932750320219118,0.38339410374320576
3921,0.22211379565971573,0.2710722511681706,0.5068139531721136
3922,0.13589123154809843,0.22947056054847306,0.6346382079034285
3923,0.2267808351771978,0.2726373737428982,0.5005817910799041
3924,0.34465138926380473,0.29520156885949844,0.3601470418766968
3925,0.1328948525079192,0.22749431422817193,0.6396108332639088
3926,0.1139038745457565,0.21387242545242177,0.6722237000018217
3927,0.24329330644462363,0.2777102330119929,0.4789964605433834
3928,0.17204089223249458,0.2501751750999866,0.5777839326675188
3929,0.21436171709322,0.2683388237291363,0.5172994591776438
3930,0.2921601368593298,0.2888589897966042,0.41898087334406603
3931,0.17439623509011237,0.2513435817938809,0.5742601831160068
3932,0.2915689015597204,0.2887559710086973,0.4196751274315823
3933,0.18538033084713537,0.25653289543861235,0.5580867737142523
3934,0.21623992566743197,0.2690166742257822,0.5147434001067859
3935,0.24918154669755085,0.27935066944815007,0.47146778385429905
3936,0.2452620608605501,0.2782683236546677,0.47646961548478217
3937,0.2098045741463628,0.2666518659358583,0.5235435599177789
3938,0.268088431266393,0.2840516363857732,0.4478599323478338
3939,0.16525609535137045,0.24669466888765987,0.5880492357609697
3940,0.158422157652194,0.24301017713099662,0.5985676652168094
3941,0.23074445697097304,0.27392029231263637,0.49533525071639073
3942,0.14469527467694995,0.23502951301724853,0.6202752123058015
3943,0.1583544924783073,0.24297276904658416,0.5986727384751085
3944,0.16607952121883082,0.2471263349089686,0.5867941438722005
3945,0.2824281537076238,0.28706827069372004,0.43050357559865615
3946,0.3685350464356688,0.2963674580944529,0.33509749546987827
3947,0.12015460490759057,0.21857609534395275,0.6612692997484566
3948,0.15804613031941017,0.24280205963054374,0.5991518100500461
3949,0.3186762542572323,0.2927389743081525,0.3885847714346152
3950,0.31478093799687107,0.29225775278462635,0.39296130921850253
3951,0.24353079619051649,0.27777807089681195,0.4786911329126715
3952,0.2949677406112717,0.28933813837366673,0.4156941210150616
3953,0.174588367038714,0.25143800479218553,0.5739736281691006
3954,0.4029220616806219,0.29630097941036715,0.3007769589090109
3955,0.35536739234485004,0.29585134616508085,0.34878126149006916
3956,0.4180597997225546,0.2956460109773213,0.2862941893001242
3957,0.17613268282467048,0.25219213930343043,0.5716751778718991
3958,0.13783214661682877,0.2307273715207684,0.6314404818624028
3959,0.15271496884386407,0.23978913247797282,0.6074958986781631
3960,0.13498445015651364,0.2288771459935179,0.6361384038499686
3961,0.21305979497475533,0.26786302110156485,0.5190771839236799
3962,0.273057498520653,0.28514906362233733,0.44179343785700964
3963,0.1439340860568987,0.23456302718565367,0.6215028867574477
3964,0.4381287724650912,0.29420780862770035,0.2676634189072085
3965,0.09961070184527603,0.20220172205068893,0.698187576104035
3966,0.3448044898308807,0.29521232846017514,0.3599831817089442
3967,0.3217371564732785,0.29309623698076487,0.3851666065459566
3968,0.3134933406687811,0.29209209408452985,0.39441456524668905
3969,0.19816922357126132,0.2620645494980555,0.5397662269306832
3970,0.30477291866711975,0.29088286467247154,0.4043442166604086
3971,0.2231784865331577,0.27143455510112624,0.5053869583657161
3972,0.40048702616072396,0.2963712209255561,0.30314175291372
3973,0.23326551031608264,0.27471453130526885,0.49201995837864854
3974,0.3462343990574052,0.29531073966062593,0.3584548612819688
3975,0.37599348462538196,0.29652456215799367,0.32748195321662443
3976,0.32842735899678716,0.29381388795197183,0.37775875305124107
3977,0.18529577545121048,0.25649453538649675,0.5582096891622929
3978,0.15432633407203428,0.2407122072091124,0.6049614587188533
3979,0.25429731226927277,0.28070667016605805,0.4649960175646693
3980,0.13641130117462885,0.2298091025002773,0.6337795963250938
3981,0.2870148353383772,0.28793755594994036,0.4250476087116824
3982,0.178273110451387,0.2532233224595525,0.5685035670890606
3983,0.17734449402189378,0.2527779403274767,0.5698775656506295
3984,0.11259436706697638,0.21285767572640976,0.6745479572066139
3985,0.12443214100909768,0.22166691448522347,0.6539009445056788
3986,0.2142602775030341,0.2683019265983009,0.517437795898665
3987,0.20155958824479547,0.2634437325614279,0.5349966791937766
3988,0.33027517258414235,0.29399696122127694,0.37572786619458076
3989,0.3779744219582495,0.29655008560402,0.32547549243773055
3990,0.11061146833989553,0.21130107022902492,0.6780874614310796
3991,0.29440676349421185,0.28924372592280806,0.41634951058298
3992,0.37873221583063005,0.2965580622159744,0.3247097219533956
3993,0.3302761389120897,0.29399705525847153,0.3757268058294388
3994,0.42191352764740553,0.295419817955016,0.28266665439757854
3995,0.3432090878719831,0.29509808765378176,0.36169282447423523
3996,0.3087326123145638,0.29145089901283255,0.3998164886726037
3997,0.18495705102451554,0.2563406254975644,0.55870232347792
3998,0.17246103239748384,0.2503850733262491,0.577153894276267
3999,0.20488391628987537,0.2647618102370578,0.5303542734730669
4000,0.3526349948629457,0.29570546401452213,0.3516595411225322
4001,0.16063745858738615,0.2442247380654715,0.5951378033471423
4002,0.10762687931422243,0.2089115198898226,0.6834616007959551
4003,0.2711983545070235,0.2847450197555965,0.44405662573738003
4004,0.12318306800789071,0.22077478414527635,0.6560421478468329
4005,0.07749857076214517,0.1811380936873299,0.7413633355505249
4006,0.17996976324367542,0.2540292460680367,0.566000990688288
4007,0.23288784148712527,0.27459661716786615,0.4925155413450085
4008,0.3000756551179267,0.29016761040759986,0.4097567344744734
4009,0.19474155482033842,0.2606336695125824,0.5446247756670792
4010,0.18319925607681622,0.2555356806542021,0.5612650632689816
4011,0.3647691871804833,0.2962512039181452,0.33897960890137163
4012,0.19166580696056867,0.2593178545015913,0.54901633853784
4013,0.25082177556368007,0.2797923740453364,0.46938585039098357
4014,0.20633159552201308,0.26532536383252386,0.528343040645463
4015,0.3014709914343301,0.2903848035599344,0.40814420500573545
4016,0.17889142517151876,0.2535181941317557,0.5675903806967255
4017,0.2073151192084695,0.26570465259830917,0.5269802281932213
4018,0.23448192332287493,0.2750917712518141,0.49042630542531107
4019,0.262290280599113,0.28269961539749716,0.4550101040033899
4020,0.2901565662070678,0.28850688389819557,0.4213365498947365
4021,0.24666278585583587,0.27865949802142087,0.47467771612274323
4022,0.1939543220927947,0.2602997798586379,0.5457458980485674
4023,0.09730343996653598,0.20018723243102798,0.702509327602436
4024,0.4149816782858706,0.29580944403147796,0.2892088776826514
4025,0.2973981352362186,0.28973957359941815,0.41286229116436324
4026,0.19681981659138187,0.2615056609723075,0.5416745224363108
4027,0.24660962967797556,0.2786447423885723,0.4747456279334522
4028,0.342423949927748,0.2950401426666328,0.36253590740561925
4029,0.3563326901325848,0.2958996701921777,0.3477676396752376
4030,0.14873002501874014,0.23745907013107032,0.6138109048501896
4031,0.26854586683428117,0.28415500757576634,0.4472991255899525
4032,0.1761256765261681,0.2521887372000875,0.5716855862737444
4033,0.224990318149712,0.2720439460172546,0.5029657358330334
4034,0.3599338915137197,0.2960652222957864,0.34400088619049385
4035,0.31050977506447225,0.2916955589650011,0.3977946659705266
4036,0.1607391587821803,0.24428002614199357,0.594980815075826
4037,0.2513707073660043,0.27993872969461836,0.4686905629393774
4038,0.1329074066720237,0.22750268674114085,0.6395899065868355
4039,0.122402137636477,0.2202126867267213,0.6573851756368017
4040,0.2316513928019012,0.27420794987406644,0.4941406573240323
4041,0.35813884387722783,0.2959855997740175,0.3458755563487546
4042,0.2681599705359645,0.28406783437364286,0.4477721950903925
4043,0.25728632141373176,0.2814696991093221,0.461243979476946
4044,0.45777962713525483,0.2921841355885669,0.25003623727617824
4045,0.18088343383806338,0.2544590891504236,0.564657477011513
4046,0.25673448351614125,0.2813304348787783,0.4619350816050805
4047,0.3278796821180848,0.29375837394263393,0.3783619439392812
4048,0.13568818189310528,0.22933802869264505,0.6349737894142496
4049,0.19935914308516456,0.262552659705843,0.5380881972089924
4050,0.28981310533253407,0.28844566900136454,0.4217412256661014
4051,0.29956599507946563,0.2900872778426547,0.4103467270778796
4052,0.24024982412476903,0.2768282636869846,0.4829219121882463
4053,0.2622139221839297,0.2826812896716217,0.4551047881444486
4054,0.09483489035560587,0.1979884146552527,0.7071766949891414
4055,0.24938854350476117,0.2794067760808375,0.47120468041440133
4056,0.08828353261915078,0.19192329013546588,0.7197931772453833
4057,0.12538657812300624,0.22234291788986685,0.6522705039871269
4058,0.22036180955456838,0.2704692405122237,0.5091689499332079
4059,0.23469579317273334,0.27515769746238056,0.490146509364886
4060,0.43349512251530464,0.29459679495907465,0.2719080825256208
4061,0.31567996539467524,0.29237147249647677,0.3919485621088479
4062,0.318159617069353,0.2926768665500046,0.3891635163806424
4063,0.28331343509639834,0.28723960127261505,0.42944696363098656
4064,0.3458451102693144,0.29528431939980904,0.35887057033087666
4065,0.3588083095910969,0.29601596758973026,0.34517572281917275
4066,0.18145240856509479,0.2547253066880131,0.5638222847468921
4067,0.34131401506932707,0.29495628145959296,0.3637297034710799
4068,0.19953655107300405,0.2626250559887417,0.5378383929382543
4069,0.3147930968496038,0.29225930144710105,0.39294760170329524
4070,0.21301051858299777,0.26784491650433334,0.5191445649126689
4071,0.2651449635926946,0.2833749873663568,0.4514800490409485
4072,0.19430111092794547,0.260447107565007,0.5452517815070476
4073,0.13709995734490257,0.23025537890434825,0.6326446637507491
4074,0.12347350930954255,0.2209829850094486,0.6555435056810088
4075,0.17116331775260846,0.24973465777840348,0.5791020244689881
4076,0.20734040232996506,0.2657143648483127,0.5269452328217222
4077,0.1321037890566321,0.22696515746329296,0.640931053480075
4078,0.47141019890672536,0.2904295074779948,0.23816029361527988
4079,0.11076933884731123,0.21142589576911663,0.6778047653835721
4080,0.20208822842639748,0.26365558655664173,0.5342561850169607
4081,0.1679253508547229,0.24808459494788718,0.5839900541973899
4082,0.2325776649035956,0.27449949454859707,0.4929228405478074
4083,0.14810950831049174,0.23709008562933048,0.6148004060601778
4084,0.2653364885134462,0.283419622435395,0.45124388905115886
4085,0.32192010667867327,0.29311701230598813,0.38496288101533865
4086,0.3090517752341588,0.29149530520625894,0.3994529195595823
4087,0.17033452585065176,0.24931602132616912,0.5803494528231791
4088,0.37224172696181707,0.2964576283287961,0.3313006447093868
4089,0.11664990717505519,0.21596692404543172,0.6673831687795132
4090,0.21345899909453778,0.26800943391520426,0.518531566990258
4091,0.17005703878477,0.2491752897042414,0.5807676715109886
4092,0.2138933891476127,0.26816822966585335,0.517938381186534
4093,0.1634929976922164,0.2457616222063541,0.5907453801014295
4094,0.10092485016235576,0.20333201471689297,0.6957431351207513
4095,0.12953681701409256,0.22522630841319838,0.6452368745727091
4096,0.3176828098109049,0.2926190822663844,0.38969810792271076
4097,0.27009385201645253,0.2845012801913489,0.44540486779219846
4098,0.12510381717426317,0.22214315593230913,0.6527530268934277
4099,0.4021119175141035,0.2963254377991077,0.30156264468678873
4100,0.12430253932359046,0.22157474236711325,0.6541227183092962
4101,0.18757389863753404,0.2575196713587383,0.5549064300037276
4102,0.27062691117964177,0.28461926002305166,0.44475382879730657
4103,0.19270427446246477,0.25976551750119553,0.5475302080363398
4104,0.3526133941721771,0.2957042570692705,0.3516823487585525
4105,0.21442925350100533,0.2683633727089043,0.5172073737900904
4106,0.4462814398369572,0.29344136366330864,0.2602771964997342
4107,0.16326264716717112,0.24563882923096833,0.5910985236018605
4108,0.16423076097234116,0.2461535148860095,0.5896157241416493
4109,0.19050196726539612,0.2588119891845728,0.5506860435500311
4110,0.2745293452222139,0.2854634230539977,0.4400072317237883
4111,0.28437730988533383,0.2874432433500872,0.42817944676457903
4112,0.3073700759941155,0.29125901659723485,0.4013709074086495
4113,0.34442055970432095,0.29518526507782294,0.36039417521785605
4114,0.23055750682619144,0.2738607250690307,0.4955817681047779
4115,0.1993729833091782,0.26255831110858086,0.538068705582241
4116,0.23077825034758415,0.27393104986423444,0.49529069978818147
4117,0.1978632342934421,0.2619383172874723,0.5401984484190857
4118,0.31489853045862104,0.2922727181624424,0.3928287513789367
4119,0.2858013645203519,0.28771199553278926,0.426486639946859
4120,0.28867907388288616,0.2882417667174429,0.42307915939967083
4121,0.2434207315221968,0.2777466490524504,0.4788326194253528
4122,0.24323264153365068,0.27769288160032857,0.4790744768660208
4123,0.23584937552922278,0.27551123790782667,0.48863938656295064
4124,0.31928565069408144,0.29281156091475413,0.38790278839116443
4125,0.17321020359732003,0.2507577528663961,0.5760320435362839
4126,0.14759295308748163,0.23678163779710834,0.61562540911541
4127,0.19536987596266325,0.26089874262931656,0.5437313814080201
4128,0.1919630975435514,0.2594463669879605,0.5485905354684881
4129,0.12158663713419143,0.21962211591481487,0.6587912469509938
4130,0.3301946850954771,0.2939891224273307,0.37581619247719206
4131,0.2548759815353192,0.28085606337823044,0.4642679550864504
4132,0.27009197356396214,0.28450086330042607,0.44540716313561174
4133,0.15443264939841833,0.24077272878704534,0.6047946218145364
4134,0.1846915578731814,0.2562197198525912,0.5590887222742275
4135,0.24740428937074727,0.278864601614406,0.4737311090148467
4136,0.22220129783419704,0.2711021452525237,0.5066965569132793
4137,0.289860545156182,0.28845413911905904,0.421685315724759
4138,0.2153931883133791,0.26871233168929504,0.5158944799973258
4139,0.1521808140490337,0.23948073283648694,0.6083384531144794
4140,0.17870175068898617,0.2534278818883817,0.5678703674226321
4141,0.11229060539715796,0.2126207932346483,0.6750886013681937
4142,0.1996675657220643,0.26267845750501917,0.5376539767729166
4143,0.17931428853998424,0.25371908404375265,0.566966627416263
4144,0.48684506371376235,0.2881006795101542,0.2250542567760834
4145,0.395286427417664,0.29648827833915653,0.30822529424317935
4146,0.278507862962702,0.28628897607329334,0.43520316096400474
4147,0.21668133733135636,0.26917452177992474,0.514144140888719
4148,0.25511098099212876,0.28091650265250845,0.46397251635536285
4149,0.2724405391861775,0.28501584513975114,0.4425436156740714
4150,0.2957747670605898,0.289472804924367,0.41475242801504325
4151,0.22187548806114057,0.2709907288714747,0.5071337830673848
4152,0.2786436617038862,0.28631653543121977,0.43503980286489413
4153,0.2613699263245914,0.28247782541600447,0.45615224825940415
4154,0.40208781328274257,0.2963261488910489,0.3015860378262086
4155,0.06123899977112481,0.16260657774978057,0.7761544224790945
4156,0.13286346980191105,0.22747338131364253,0.6396631488844465
4157,0.295045118385955,0.28935110929495245,0.4156037723190926
4158,0.1718024312029723,0.25005575444983524,0.5781418143471925
4159,0.23685809445361963,0.2758175490466429,0.48732435649973743
4160,0.15566290027890944,0.24146965871020595,0.6028674410108846
4161,0.14229295976525497,0.2335483439563746,0.6241586962783704
4162,0.16732038097006438,0.24777194831306978,0.5849076707168658
4163,0.32651954210540673,0.2936180213356524,0.3798624365589409
4164,0.17590845950753914,0.25208317450873685,0.5720083659837241
4165,0.17751872729062398,0.2528617379921112,0.5696195347172648
4166,0.11312613352465815,0.21327100411909303,0.6736028623562487
4167,0.15938173385542462,0.24353868617127858,0.5970795799732967
4168,0.1618092065791588,0.2448592639904919,0.5933315294303493
4169,0.1987583827511369,0.2623067764219266,0.5389348408269364
4170,0.43231435519980466,0.2946904856371604,0.2729951591630349
4171,0.39036668598269686,0.29655741446961076,0.31307589954769227
4172,0.41280686587083815,0.29591564920000074,0.29127748492916106
4173,0.2992511220954944,0.2900373794291788,0.41071149847532684
4174,0.23833434964961325,0.2762610944377191,0.48540455591266773
4175,0.20790206020097216,0.2659296300859994,0.5261683097130284
4176,0.2755966437747265,0.2856883458732439,0.4387150103520297
4177,0.32077758664310413,0.292986204519521,0.3862362088373748
4178,0.31501649838750206,0.29228770382479197,0.39269579778770597
4179,0.1663220056517782,0.24725295891854981,0.5864250354296721
4180,0.15933804169162988,0.24351470204105477,0.5971472562673155
4181,0.22627017836647134,0.27246901455088646,0.5012608070826423
4182,0.22732445505821813,0.27281582567442686,0.499859719267355
4183,0.2026292976568984,0.2638715363785755,0.5334991659645261
4184,0.3429770681233923,0.2950810826112893,0.3619418492653184
4185,0.2863646371271097,0.28781709077383766,0.4258182720990526
4186,0.3082774760803633,0.29138721969800785,0.4003353042216288
4187,0.26306713183890795,0.2828852831065091,0.4540475850545828
4188,0.374838670562988,0.2965065572129465,0.3286547722240655
4189,0.3031368009056254,0.2906388601416809,0.40622433895269383
4190,0.20208884662306387,0.2636558337997843,0.5342553195771519
4191,0.22269266783355407,0.2712696233530482,0.5060377088133977
4192,0.14550083668633895,0.23552035685757727,0.6189788064560837
4193,0.19977109141243773,0.2627206169038489,0.5375082916837134
4194,0.35461101227472935,0.2958123102054673,0.34957667751980337
4195,0.1796868593506647,0.25389556346532066,0.5664175771840146
4196,0.16949080729211932,0.2488872292996265,0.5816219634082542
4197,0.18227048684064778,0.25510612170538577,0.5626233914539664
4198,0.20365119548889785,0.26427695952788605,0.532071844983216
4199,0.21017378211420382,0.26679079048771986,0.5230354273980763
4200,0.1713710476479698,0.24983918812064043,0.5787897642313897
4201,0.1660699580815104,0.2471213364938691,0.5868087054246205
4202,0.28130426838804823,0.28684830197455774,0.43184742963739403
4203,0.21865062132407717,0.26987201439197017,0.5114773642839527
4204,0.23887870014106763,0.2764232313213661,0.4846980685375663
4205,0.2895851248277809,0.28840489752070175,0.4220099776515174
4206,0.15397254604772867,0.24051046922396058,0.6055169847283107
4207,0.23743335217857797,0.2759910550938058,0.48657559272761614
4208,0.34467969292383605,0.29520356123337216,0.3601167458427918
4209,0.3256885490831105,0.2935305235531622,0.3807809273637273
4210,0.17296008587479997,0.25063355782276,0.5764063563024401
4211,0.2532909203047123,0.28044493159107886,0.46626414810420896
4212,0.2031083113777108,0.26406197360786754,0.5328297150144217
4213,0.24774916631327262,0.27895953253523875,0.4732913011514886
4214,0.3605763624693799,0.29609232433751825,0.34333131319310184
4215,0.12595506210854782,0.22274324047800168,0.6513016974134506
4216,0.32146960173776645,0.2930657370288172,0.38546466123341633
4217,0.3152975043199046,0.2923232895806387,0.3923792060994567
4218,0.25832560593731163,0.2817300105549436,0.4599443835077447
4219,0.2447144893021874,0.27811407589208786,0.4771714348057248
4220,0.16819054845254766,0.24822121305991027,0.583588238487542
4221,0.2937300079534439,0.2891289490647805,0.41714104298177557
4222,0.1835323541912747,0.25568902185034104,0.5607786239583842
4223,0.3743958362240668,0.29649904087609247,0.3291051228998407
4224,0.17600289936408933,0.2521290908992813,0.5718680097366293
4225,0.29883865172521923,0.2899717043516156,0.4111896439231651
4226,0.226395972995777,0.2725105535180612,0.5010934734861618
4227,0.17407278421775194,0.25118432133686747,0.5747428944453806
4228,0.2767470377691379,0.285927937346548,0.4373250248843142
4229,0.21784945566591218,0.26958957363305813,0.5125609707010297
4230,0.22176209400902294,0.2709518829037284,0.5072860230872487
4231,0.21721920290385585,0.2693661139026446,0.5134146831934996
4232,0.22560429324009337,0.2722484158428856,0.5021472909170209
4233,0.3396091529791646,0.29482301987270976,0.3655678271481257
4234,0.15687962553488005,0.24215279437253648,0.6009675800925836
4235,0.2532133502970207,0.28042465597700655,0.4663619937259728
4236,0.16035161785066865,0.24406912427686828,0.5955792578724631
4237,0.3330950070406315,0.2942638249145796,0.3726411680447889
4238,0.3593483235653256,0.2960398802037114,0.34461179623096294
4239,0.26455916558714204,0.28323793991705015,0.4522028944958078
4240,0.21212258727928082,0.26751747849797297,0.5203599342227463
4241,0.24761765337876399,0.27892336693802294,0.473458979683213
4242,0.2056211204688534,0.2650495756782755,0.5293293038528711
4243,0.19200170164046476,0.2594630337313427,0.5485352646281925
4244,0.29555086929416374,0.2894355801980314,0.41501355050780486
4245,0.21906114084595915,0.27001603849822403,0.5109228206558168
4246,0.1965887527877452,0.2614093867369633,0.5420018604752915
4247,0.27353701365588634,0.2852520129733996,0.44121097337071413
4248,0.1884766413737589,0.2579211152516328,0.5536022433746083
4249,0.16337332072703403,0.245697851766481,0.590928827506485
4250,0.17928336405908615,0.2537044139378385,0.5670122220030754
4251,0.20895852960960123,0.2663320076531517,0.5247094627372471
4252,0.25247262433685286,0.28023030809204846,0.46729706757109873
4253,0.11453867214930485,0.21436060275506882,0.6711007250956263
4254,0.14358088231876073,0.2343456811872652,0.6220734364939741
4255,0.17490703972401722,0.25159432285928157,0.5734986374167012
4256,0.2782819921575032,0.28624304709119147,0.43547496075130526
4257,0.2894513792399975,0.2883809272746943,0.4221676934853083
4258,0.38875977991281263,0.29657117796989635,0.3146690421172911
4259,0.29854006078563844,0.2899239417943835,0.411535997419978
4260,0.31364411288461425,0.29211166205877526,0.3942442250566104
4261,0.25271760131705867,0.2802947309629366,0.46698766772000466
4262,0.2997409509714596,0.29011491482912494,0.4101441341994155
4263,0.23835433006648682,0.2762670591301835,0.4853786108033297
4264,0.24937458520921868,0.27940299598290275,0.4712224188078785
4265,0.22583534250511952,0.27232509572702285,0.5018395617678576
4266,0.23029007416587993,0.2737753524426127,0.49593457339150737
4267,0.25554657653127844,0.28102818254922396,0.4634252409194976
4268,0.15691425779041132,0.24217215010253518,0.6009135921070535
4269,0.1973664493710207,0.2617327501801593,0.5409008004488199
4270,0.17687953574962684,0.25255379187804056,0.5705666723723326
4271,0.40002347747448214,0.29638348001948894,0.3035930425060289
4272,0.16562574336636987,0.2468887712719292,0.5874854853617009
4273,0.16152121508806644,0.2447038131973233,0.5937749717146104
4274,0.31963841377991953,0.2928532472517661,0.3875083389683144
4275,0.28976364129006144,0.28843683237035067,0.4217995263395878
4276,0.18925148674444478,0.25826353601843355,0.5524849772371216
4277,0.3317373220454595,0.2941372184480595,0.374125459506481
4278,0.16576531912516038,0.24696192640607934,0.5872727544687603
4279,0.23479110069386766,0.2751870379143291,0.4900218613918032
4280,0.3882491448700818,0.2965746390043708,0.3151762161255474
4281,0.1861799625840617,0.25689447428847634,0.556925563127462
4282,0.15841319082554944,0.24300522096327587,0.5985815882111747
4283,0.08904212120181511,0.19264332244575813,0.7183145563524267
4284,0.22779846221934238,0.27297077545317466,0.49923076232748304
4285,0.2731488692165591,0.2851687202673536,0.44168241051608725
4286,0.29038650260892346,0.2885477252170372,0.42106577217403934
4287,0.2197813492993641,0.2702675705823037,0.5099510801183321
4288,0.4459492188642297,0.2934746316035866,0.2605761495321836
4289,0.16232426826492946,0.24513646828346075,0.5925392634516098
4290,0.34773291379670956,0.29540984934874165,0.3568572368545488
4291,0.2307533658429595,0.27392312859620066,0.4953235055608398
4292,0.21791103683965507,0.26961134744294074,0.5124776157174041
4293,0.2030276667379488,0.2640299613469227,0.5329423719151285
4294,0.2902014775461389,0.2885148698831719,0.4212836525706892
4295,0.3554220665123267,0.295854127953058,0.3487238055346154
4296,0.11319893011085744,0.21332745286482466,0.673473617024318
4297,0.14954269913213797,0.23793978825714782,0.6125175126107143
4298,0.18756565663506905,0.25751599374440143,0.5549183496205295
4299,0.2409171720001913,0.2770236642270071,0.4820591637728016
4300,0.3151183140702334,0.29230061550269615,0.39258107042707036
4301,0.16069497959664805,0.24425601370534467,0.5950490066980072
4302,0.3214565104441237,0.29306424111155477,0.3854792484443216
4303,0.12077114578439388,0.21902785331305966,0.6602010009025464
4304,0.31557014201510963,0.2923576663936235,0.39207219159126694
4305,0.2691438851291544,0.2842894269087502,0.4465666879620955
4306,0.3445553731827466,0.295194799035606,0.3602498277816475
4307,0.21615759221661124,0.26898717074996803,0.5148552370334207
4308,0.26545148538389857,0.28344638184335347,0.4511021327727479
4309,0.1514379845228065,0.2390498449068456,0.6095121705703479
4310,0.15464975816360393,0.2408961752364076,0.6044540665999885
4311,0.37280233702245713,0.2964691815338242,0.33072848144371864
4312,0.20207393342711902,0.2636498690523348,0.5342761975205462
4313,0.36588684461034504,0.2962883092521809,0.33782484613747416
4314,0.10727376344564048,0.2086250235446824,0.6841012130096771
4315,0.22106313852565113,0.27071165154883464,0.5082252099255142
4316,0.21430582571023266,0.26831849773007876,0.5173756765596885
4317,0.14746764830574663,0.23670663893866983,0.6158257127555835
4318,0.30677904932094696,0.2911746182988547,0.40204633238019827
4319,0.14634574116428914,0.23603206045148614,0.6176221983842248
4320,0.34691392446187935,0.29535619195898394,0.3577298835791368
4321,0.1516581765859518,0.23917781443709238,0.6091640089769559
4322,0.2861015236594175,0.28776808416494754,0.426130392175635
4323,0.2307564302344391,0.2739241041460929,0.49531946561946805
4324,0.2564023519964622,0.2812462666380699,0.4623513813654678
4325,0.2095597565376358,0.26655952595407983,0.5238807175082844
4326,0.2365620760552116,0.275727932317955,0.4877099916268334
4327,0.08101222892485445,0.18476914474848966,0.7342186263266559
4328,0.1865770510716579,0.2570732338640545,0.5563497150642877
4329,0.16421544608647748,0.24614540120272027,0.5896391527108023
4330,0.23690747860540728,0.27583247756476614,0.4872600438298266
4331,0.372185019195005,0.2964564292475705,0.3313585515574245
4332,0.16859664697734766,0.2484299044888366,0.5829734485338157
4333,0.23547368741724442,0.27539648041294795,0.4891298321698075
4334,0.36742353715426296,0.2963357369272421,0.33624072591849496
4335,0.23919225505505687,0.27651627997425315,0.4842914649706898
4336,0.3003021633379678,0.2902031405536454,0.4094946961083868
4337,0.16554160562116105,0.24684463654319946,0.5876137578356395
4338,0.2856493233301057,0.2876835105858313,0.426667166084063
4339,0.13247174965337039,0.22721168235483222,0.6403165679917974
4340,0.12125414638667391,0.2193802724805019,0.6593655811328242
4341,0.17905329237643022,0.2535951664049939,0.5673515412185758
4342,0.15362824762471589,0.2403136409921639,0.6060581113831202
4343,0.1971508182045791,0.2616432820977066,0.5412058996977143
4344,0.16964277380604656,0.24896465679264987,0.5813925694013036
4345,0.18784245359028776,0.25763937824549865,0.5545181681642135
4346,0.2458290213950052,0.27842724460949897,0.4757437339954957
4347,0.107789806112236,0.20904343587975738,0.6831667580080066
4348,0.35782706920755736,0.2959711838714469,0.3462017469209957
4349,0.18310319200350098,0.2554913874224409,0.5614054205740581
4350,0.35287812455758166,0.29571899077039937,0.351402884672019
4351,0.15721735184864943,0.24234133860008533,0.6004413095512652
4352,0.28145638273589746,0.2868782354514588,0.4316653818126438
4353,0.4415820003196535,0.2938958986878472,0.2645221009924992
4354,0.35214631198336327,0.29567795223801907,0.35217573577861755
4355,0.44235540815825913,0.29382347260363684,0.2638211192381041
4356,0.21698358702483395,0.26928228648159475,0.5137341264935713
4357,0.2550291217904336,0.280895464417719,0.4640754137918474
4358,0.08395386065227511,0.18771987842462776,0.728326260923097
4359,0.2543942702535099,0.28073175768292413,0.46487397206356595
4360,0.16990012340099853,0.249095581215178,0.5810042953838235
4361,0.21981786815227194,0.2702802860967413,0.5099018457509867
4362,0.17085987883936177,0.249581680378884,0.5795584407817542
4363,0.07873284281072085,0.18242719606328903,0.7388399611259902
4364,0.16002789654936786,0.24389249556040904,0.5960796078902231
4365,0.28851776778401733,0.2882125405013749,0.42326969171460777
4366,0.23867072908147707,0.27636137610049333,0.4849678948180297
4367,0.2572842548107878,0.2814691789255594,0.46124656626365274
4368,0.27121710254416814,0.28474913318102,0.4440337642748118
4369,0.452721613840536,0.29276246826462193,0.25451591789484207
4370,0.34683043939487845,0.2953506533646244,0.3578189072404971
4371,0.3104950957772512,0.2916935640365145,0.3978113401862343
4372,0.1876692711601959,0.257562210547691,0.5547685182921132
4373,0.17825537474955017,0.25321484455778215,0.5685297806926677
4374,0.26057482312093644,0.28228462036023005,0.4571405565188335
4375,0.30317223445045993,0.29064420246648254,0.40618356308305753
4376,0.257587267316106,0.28154534158212247,0.46086739110177155
4377,0.14221502672465547,0.233499853323115,0.6242851199522296
4378,0.2913991755813171,0.28872626077287755,0.4198745636458053
4379,0.27031080500180854,0.2845493753454343,0.44513981965275706
4380,0.2591462993122389,0.28193376089919314,0.4589199397885678
4381,0.2454127984399598,0.2783106541299422,0.476276547430098
4382,0.4249398248858714,0.2952254456039625,0.2798347295101661
4383,0.18285615217889942,0.25537733757292774,0.5617665102481728
4384,0.22308069247089504,0.2714014069851364,0.5055179005439686
4385,0.10083138262017223,0.20325202754184968,0.6959165898379781
4386,0.2219299039875151,0.27100935777328977,0.5070607382391952
4387,0.15505030954987103,0.24112341256739445,0.6038262778827345
4388,0.12407135668334875,0.22141010062320002,0.6545185426934512
4389,0.22001087523103385,0.27034742743363244,0.5096416973353337
4390,0.31807219143413706,0.29266630484900374,0.3892615037168592
4391,0.23025575432806114,0.2737643827317622,0.4959798629401768
4392,0.40572065472023044,0.29620815808066125,0.29807118719910836
4393,0.23851920751495437,0.276316240345195,0.48516455213985066
4394,0.1956802471004147,0.26102921779799926,0.543290535101586
4395,0.15355870116093587,0.24027382256429408,0.6061674762747701
4396,0.2550299009715333,0.2808956647470953,0.46407443428137135
4397,0.34345959091613504,0.295116335792026,0.3614240732918389
4398,0.28915405896358826,0.2883275041800661,0.4225184368563457
4399,0.10139585986477309,0.20373415909141349,0.6948699810438135
4400,0.1572360782357652,0.24235177947989456,0.6004121422843403
4401,0.31165719064661285,0.2918501598374961,0.3964926495158909
4402,0.2580474154211404,0.2816605831101198,0.4602920014687398
4403,0.12553676622060905,0.22244884707875534,0.6520143867006356
4404,0.1323122134198082,0.2271048801586329,0.6405829064215589
4405,0.2459480453115297,0.27846050569392683,0.4755914489945434
4406,0.1527284896699034,0.2397969232414214,0.6074745870886752
4407,0.2525320583225918,0.2802459511220168,0.46722199055539143
4408,0.26738535842220595,0.28389182253958567,0.44872281903820843
4409,0.23772843215110123,0.2760797241494445,0.4861918436994544
4410,0.27164413387416236,0.28484261100572456,0.4435132551201132
4411,0.25379093628475907,0.2805752792597904,0.46563378445545056
4412,0.13344421729641473,0.22785995828589234,0.6386958244176929
4413,0.2622540008207133,0.28269091008902275,0.4550550890902639
4414,0.37606856719854365,0.29652565298568734,0.32740577981576907
4415,0.3622627791410846,0.29615997318398896,0.34157724767492653
4416,0.263690055755916,0.2830331462783531,0.45327679796573095
4417,0.3046537817269909,0.2908652812577173,0.4044809370152918
4418,0.33484945540027483,0.29442227218696826,0.370728272412757
4419,0.30417690151010435,0.2907946090886636,0.4050284894012321
4420,0.21476745312507606,0.26848610899838293,0.516746437876541
4421,0.2942134648579958,0.2892110408549564,0.41657549428704765
4422,0.2487099595910197,0.27922245219567976,0.47206758821330047
4423,0.3485604562955138,0.29546282195960893,0.3559767217448773
4424,0.13367965019799583,0.22801619832409023,0.638304151477914
4425,0.23637829493114748,0.27567218022197876,0.48794952484687387
4426,0.30999714617168683,0.2916256364763127,0.3983772173520006
4427,0.10507453933346567,0.20682230456542364,0.6881031561011107
4428,0.2842094208890253,0.28741126985825655,0.42837930925271817
4429,0.2508082595059233,0.27978876113654155,0.4694029793575353
4430,0.16058429746140135,0.24419582132817041,0.5952198812104282
4431,0.13617666614353124,0.22965652762960886,0.63416680622686
4432,0.151110035728733,0.23885886753091343,0.6100310967403536
4433,0.24384855744896589,0.27786861624218,0.47828282630885416
4434,0.36136217249830976,0.29612447475559417,0.3425133527460961
4435,0.16589941210932294,0.24703213767754964,0.5870684502131275
4436,0.18431040284465375,0.2560457250912274,0.5596438720641189
4437,0.3622210148578899,0.29615835881553537,0.3416206263265748
4438,0.31874613936767165,0.29274733540190306,0.3885065252304252
4439,0.31870190036003376,0.2927420437337327,0.38855605590623354
4440,0.23215966741694907,0.2743682100107973,0.49347212257225354
4441,0.2626499830511116,0.2827857594401959,0.45456425750869256
4442,0.32880208510374714,0.29385154079794096,0.37734637409831195
4443,0.17715926709720947,0.25268873741498094,0.5701519954878096
4444,0.15558691366787483,0.24142679397699135,0.6029862923551339
4445,0.1318483266030652,0.22679360409404242,0.6413580693028924
4446,0.2898875253101096,0.28845895413988204,0.42165352055000827
4447,0.3432505939148417,0.2951011192072306,0.3616482868779277
4448,0.10478359288609937,0.2065814111209945,0.6886349959929061
4449,0.17514116268636618,0.2517089341215532,0.5731499031920806
4450,0.19471112041181438,0.2606207980892638,0.5446680814989218
4451,0.21780909860024686,0.2695752984196163,0.5126156029801369
4452,0.12097804640358292,0.21917897719871765,0.6598429763976994
4453,0.15750759119945296,0.24250300100200115,0.5999894077985459
4454,0.16803155996851427,0.24813934099571636,0.5838290990357694
4455,0.27900058641078623,0.2863887767382124,0.43461063685100143
4456,0.34055465558167386,0.2948975924843345,0.3645477519339917
4457,0.38056465096962927,0.2965732744215661,0.3228620746088045
4458,0.1360151308260431,0.22955133219015733,0.6344335369837997
4459,0.4135844729760459,0.2958785585093164,0.2905369685146377
4460,0.2960589551239081,0.28951990252419085,0.4144211423519009
4461,0.34544887764685317,0.2952571422610952,0.3592939800920516
4462,0.3713650876195505,0.2964384664449678,0.33219644593548187
4463,0.1660127607616078,0.24709143358072722,0.5868958056576651
4464,0.20828015230597213,0.26607401345689086,0.525645834237137
4465,0.19298598532974354,0.25988635727678167,0.5471276573934748
4466,0.19207532546915082,0.259494806352092,0.5484298681787573
4467,0.22390164009821845,0.2716788585718056,0.5044195013299759
4468,0.13682195950501155,0.230075499929121,0.6331025405658675
4469,0.2947390271032413,0.28929972554417294,0.41596124735258583
4470,0.11003328651421404,0.21084257705961834,0.6791241364261675
4471,0.23548561826449316,0.27540013044460243,0.4891142512909044
4472,0.16665398744294624,0.24742595460138372,0.58592005795567
4473,0.2856806025605939,0.28768937482746965,0.4266300226119365
4474,0.4740202672211458,0.2900610963389771,0.23591863643987723
4475,0.19893776142657021,0.26238031130326744,0.5386819272701623
4476,0.1871543324024281,0.25733217234504213,0.5555134952525298
4477,0.11384956563734945,0.21383054768743404,0.6723198866752165
4478,0.13332141325415273,0.22777835297653268,0.6389002337693147
4479,0.1729276544932378,0.25061743745724036,0.5764549080495218
4480,0.28985219099663756,0.2884526478775645,0.42169516112579797
4481,0.28214345039643324,0.2870128087580744,0.4308437408454923
4482,0.2674708282486755,0.2839113109628276,0.4486178607884968
4483,0.38763322972301856,0.2965782270715441,0.31578854320543737
4484,0.3123031709214578,0.29193604108883014,0.3957607879897121
4485,0.2868093048603855,0.2878995745788083,0.4252911205608061
4486,0.24034815610358382,0.2768571266699711,0.4827947172264451
4487,0.21188159465893427,0.2674282144723725,0.5206901908686932
4488,0.2456772598062207,0.278384783854473,0.47593795633930625
4489,0.18918576454642672,0.2582345687392557,0.5525796667143176
4490,0.2288748642841881,0.2733204001312578,0.49780473558455407
4491,0.426596137495053,0.2951128498132816,0.27829101269166534
4492,0.39989706524191937,0.29638676129464525,0.30371617346343527
4493,0.2866726649409937,0.28787427374412405,0.4254530613148822
4494,0.13293147188107066,0.22751873390390212,0.6395497942150272
4495,0.12971174302952818,0.22534586863582906,0.6449423883346428
4496,0.4180047631675633,0.2956490677845473,0.28634616904788934
4497,0.33337709262960696,0.29428969239872205,0.372333214971671
4498,0.13614097828684119,0.22963329776074007,0.6342257239524186
4499,0.12695793039193348,0.22344526537048504,0.6495968042375816
4500,0.08188431902194777,0.18565220929220766,0.7324634716858445
4501,0.27295741169243115,0.2851275103275812,0.44191507797998764
4502,0.31159755446081683,0.29184218938883016,0.39656025615035295
4503,0.22283385040097073,0.271317620748147,0.5058485288508823
4504,0.14690201012516954,0.23636722722163167,0.6167307626531988
4505,0.3111077098407825,0.29177645220848286,0.3971158379507345
4506,0.135743156072297,0.22937393046112536,0.6348829134665777
4507,0.17052175422156085,0.2494108156142309,0.5800674301642084
4508,0.3267679240907143,0.2936439166521841,0.3795881592571016
4509,0.19520638080227223,0.26082988888241865,0.5439637303153091
4510,0.1735382150427472,0.2509202810117541,0.5755415039454986
4511,0.3463467027039745,0.2953183098303487,0.3583349874656768
4512,0.23337634272621974,0.2747490637955745,0.4918745934782058
4513,0.4218706528483994,0.2954224660548389,0.28270688109676173
4514,0.4091745198345251,0.2960758509860356,0.29474962917943937
4515,0.16174280130078525,0.24482344901772368,0.593433749681491
4516,0.35112214647669926,0.29561889094942323,0.35325896257387757
4517,0.35900846677394777,0.2960248915397726,0.3449666416862796
4518,0.36886170008967134,0.2963763688069275,0.33476193110340113
4519,0.5420679258921092,0.27685138429511924,0.18108068981277164
4520,0.11193721207823064,0.21234449294302898,0.6757182949787405
4521,0.22798377878037504,0.27303118968843104,0.498985031531194
4522,0.18580410811834336,0.25672478718439107,0.5574711046972656
4523,0.22911372362859347,0.2733975624258751,0.4974887139455314
4524,0.18584060195128602,0.2567412838368651,0.5574181142118488
4525,0.1089787221113222,0.21000087984439172,0.6810203980442859
4526,0.19417151836834465,0.26039209722290996,0.5454363844087453
4527,0.22477954422129956,0.271973515910397,0.5032469398683035
4528,0.14764432481182926,0.23681236547303575,0.615543309715135
4529,0.19655522431483954,0.26139540290109686,0.5420493727840636
4530,0.25101347732556306,0.2798435688706449,0.4691429538037922
4531,0.33395961271371427,0.2943426344716891,0.37169775281459666
4532,0.26993369651369425,0.28446570757518763,0.4456005959111181
4533,0.14483736201922337,0.2351163007435711,0.6200463372372056
4534,0.2578772506828276,0.2816180249081022,0.46050472440907014
4535,0.301580794425951,0.29040172510506346,0.40801748046898556
4536,0.2501695938480905,0.2796175338905642,0.4702128722613452
4537,0.24922483955595898,0.27936241271118883,0.47141274773285213
4538,0.3687419547970643,0.29637312399115945,0.33488492121177615
4539,0.16190329489523894,0.24490997979973572,0.5931867253050253
4540,0.26677295442085497,0.28375169468199307,0.44947535089715196
4541,0.4300941084574039,0.2948606619738671,0.2750452295687289
4542,0.13703629380348087,0.23021421806336576,0.6327494881331533
4543,0.24898316238492382,0.2792967984526447,0.4717200391624314
4544,0.4740024091296031,0.290063652253123,0.23593393861727377
4545,0.4169943953759371,0.295704314737293,0.2873012898867699
4546,0.24976285807098694,0.27950796730744776,0.47072917462156527
4547,0.22752046776471296,0.27287997434016037,0.4995995578951267
4548,0.16778934100336598,0.24801442586566466,0.5841962331309694
4549,0.18823937756817855,0.25781586699984554,0.553944755431976
4550,0.16710892322344906,0.2476623411733785,0.5852287356031723
4551,0.1376840643687005,0.2306321196277557,0.6316838160035437
4552,0.19113768569132683,0.2590888516494042,0.549773462659269
4553,0.3146921802274499,0.29224643891763374,0.3930613808549163
4554,0.12575755785121998,0.22260435480856922,0.6516380873402109
4555,0.2603665189580089,0.2822337582295315,0.4573997228124596
4556,0.28312905388092763,0.287204058087372,0.42966688803170044
4557,0.24315852043770783,0.27767166887042083,0.47916981069187137
4558,0.1067440128658354,0.20819369338119667,0.685062293752968
4559,0.23345690674094774,0.2747741452023224,0.4917689480567298
4560,0.17924315241891242,0.2536853331438429,0.5670715144372447
4561,0.23473978914080845,0.2751712445811691,0.49008896627802234
4562,0.2727964315129457,0.28509279663099757,0.4421107718560567
4563,0.18480190072932692,0.25626999892825025,0.5589281003424228
4564,0.21573399088536124,0.2688350719218984,0.5154309371927404
4565,0.24775063826411614,0.27895993707469824,0.4732894246611855
4566,0.20983957592175248,0.26666505347222275,0.5234953706060248
4567,0.3106652915146809,0.2917166672890003,0.39761804119631877
4568,0.21199602741432183,0.26747062156504475,0.5205333510206335
4569,0.27540027407432227,0.28564715373139216,0.4389525721942855
4570,0.18464921761740888,0.25620041607121957,0.5591503663113716
4571,0.1133714948682772,0.21346113625806673,0.673167368873656
4572,0.2582684029845888,0.2817157495224883,0.4600158474929228
4573,0.2159196051584433,0.26890178171055595,0.5151786131310007
4574,0.16425248905328524,0.2461650246635641,0.5895824862831507
4575,0.3329423502536272,0.2942497634511438,0.372807886295229
4576,0.3683719847751803,0.2963629400501746,0.3352650751746451
4577,0.33682014133236793,0.29459334115171365,0.3685865175159184
4578,0.24986330884472907,0.27953506444128795,0.4706016267139829
4579,0.40059252119696265,0.2963683812196276,0.3030390975834098
4580,0.24688747034290567,0.27872179078239734,0.47439073887469696
4581,0.18968992446344193,0.25845641568198546,0.5518536598545726
4582,0.2020065729208343,0.2636229187708335,0.5343705083083322
4583,0.22844515142090677,0.2731811987051824,0.49837364987391075
4584,0.33654513380344087,0.2945699061906847,0.36888496000587445
4585,0.20223859382618384,0.2637156896493152,0.534045716524501
4586,0.18889886246485946,0.258107949178714,0.5529931883564264
4587,0.23994257502977123,0.2767379192833132,0.4833195056869156
4588,0.21690616897094106,0.2692547083665153,0.5138391226625437
4589,0.26977114431198407,0.2844295430061389,0.44579931268187695
4590,0.1514052012659062,0.2390307745472088,0.609564024186885
4591,0.23745293690309713,0.27599694709415196,0.48655011600275094
4592,0.2637522848048486,0.28304786797563114,0.4531998472195203
4593,0.19527692745279457,0.26085960905096184,0.5438634634962436
4594,0.26810841870186847,0.28405616313800436,0.4478354181601271
4595,0.12313359267797852,0.22073927211930222,0.6561271352027193
4596,0.2682053856557188,0.2840781112328292,0.447716503111452
4597,0.3305930125396584,0.29402779568450155,0.37537919177584006
4598,0.22079051842132585,0.27061758427093163,0.5085918973077426
4599,0.147758100397826,0.23688037842425994,0.6153615211779141
4600,0.3620382767370638,0.2961512588289046,0.34181046443403157
4601,0.3306083198562467,0.2940292758368418,0.3753624043069115
4602,0.25693581294471846,0.2813813273420561,0.4616828597132254
4603,0.37240771650177557,0.2964611060217015,0.33113117747652293
4604,0.1789337353162382,0.25353832262056897,0.5675279420631929
4605,0.19390347819973106,0.2602781473097834,0.5458183744904855
4606,0.30886182010797647,0.2914689008107714,0.39966927908125216
4607,0.23307011348659692,0.27465357215792197,0.4922763143554811
4608,0.2389520113801657,0.2764450092806991,0.48460297933913526
4609,0.1434872769945516,0.23428798580978216,0.6222247371956663
4610,0.29619219026586363,0.2895419251015368,0.4142658846325996
4611,0.23040435299091017,0.2738118569914567,0.49578379001763306
4612,0.35245237869066476,0.2956952336877295,0.3518523876216057
4613,0.17382888150052198,0.2510639785970713,0.5751071399024067
4614,0.17391963564902005,0.25110878226768396,0.5749715820832959
4615,0.23550142637172672,0.2754049660850859,0.48909360754318737
4616,0.10641807349758206,0.20792739631595353,0.6856545301864644
4617,0.2164326441591015,0.2690856578757003,0.5144816979651982
4618,0.2880554754323425,0.2881284720544999,0.42381605251315757
4619,0.24655961770470225,0.27863085315219516,0.4748095291431026
4620,0.2552412643422649,0.2809499529735171,0.463808782684218
4621,0.2688790072071959,0.28422998973956604,0.44689100305323814
4622,0.15838299871152506,0.24298853071430837,0.5986284705741666
4623,0.3414779869736124,0.2949688140199635,0.3635531990064241
4624,0.1969670487973804,0.2615669185259167,0.541466032676703
4625,0.3861850425029602,0.29658413306980996,0.31723082442722983
4626,0.36138152150068764,0.29612525255254246,0.34249322594676995
4627,0.20209690731159438,0.26365905750501045,0.5342440351833952
4628,0.26805916072522334,0.2840450055474774,0.4478958337272992
4629,0.14498538933268232,0.23520662025240727,0.6198079904149105
4630,0.27484768446963886,0.2855307762177343,0.4396215393126267
4631,0.30392387588662106,0.290756923251232,0.40531920086214707
4632,0.2265400942726157,0.2725580914839746,0.5009018142434097
4633,0.14986483888289337,0.2381295517151724,0.6120056094019342
4634,0.32311916343203045,0.2932515653688497,0.3836292711991197
4635,0.2530074675037751,0.280370770796175,0.46662176170005
4636,0.14187257290061356,0.23328644494535075,0.6248409821540356
4637,0.21027981848349384,0.2668306156683855,0.5228895658481206
4638,0.2769202670393624,0.2859637608274601,0.43711597213317743
4639,0.17583306303726395,0.2520464940857983,0.5721204428769378
4640,0.3258977782012725,0.2935526790007146,0.38054954279801295
4641,0.20019780804951295,0.26289404109796616,0.5369081508525209
4642,0.21844855349019646,0.26980094831384166,0.5117504981959619
4643,0.14267177639328477,0.23378365065951973,0.6235445729471955
4644,0.31612246942394995,0.2924268592207888,0.39145067135526135
4645,0.3512898146827195,0.29562869015543836,0.353081495161842
4646,0.2155729727294761,0.268777122436826,0.5156499048336979
4647,0.22300983704322525,0.27137737350739755,0.5056127894493773
4648,0.17513347959736153,0.2517051761095681,0.5731613442930703
4649,0.1953529146617823,0.2608916035562035,0.5437554817820142
4650,0.20062760294432708,0.26306814753244584,0.5363042495232271
4651,0.25852020157345107,0.2817784663113615,0.4597013321151874
4652,0.26678148425229176,0.28375365235969285,0.44946486338801545
4653,0.19333060317767803,0.2600338337203572,0.5466355631019647
4654,0.3905789194615647,0.2965552711904232,0.31286580934801206
4655,0.18204005275333962,0.2549990875647141,0.5629608596819463
4656,0.21433317759644535,0.2683284459009407,0.517338376502614
4657,0.15910018117988778,0.24338399798537327,0.5975158208347389
4658,0.24434232214884644,0.2780088105077354,0.47764886734341816
4659,0.2933620709482078,0.28906614345943227,0.41757178559235986
4660,0.1456598827780121,0.23561692352848732,0.6187231936935006
4661,0.29372825821985776,0.2891286510650054,0.4171430907151368
4662,0.40780880381387324,0.2961305061338706,0.2960606900522562
4663,0.26282353847581624,0.2828272157063129,0.45434924581787084
4664,0.16036648873502352,0.24407722810300295,0.5955562831619735
4665,0.14701573683628286,0.23643558223777442,0.6165486809259427
4666,0.33930600898401286,0.29479875855112975,0.36589523246485745
4667,0.20849194981965039,0.26615470836276905,0.5253533418175805
4668,0.12258384027314345,0.22034377177565853,0.657072387951198
4669,0.2055149795248726,0.26500824455090793,0.5294767759242194
4670,0.3173442010456694,0.2925777750751772,0.39007802387915336
4671,0.15554921354854548,0.2414055181680521,0.6030452682834023
4672,0.27328975805158945,0.2851989930141219,0.44151124893428856
4673,0.2366641381560632,0.2757588562492656,0.48757700559467126
4674,0.1873272968631931,0.2574095389842938,0.5552631641525131
4675,0.11750117635798227,0.2166071886764837,0.665891634965534
4676,0.18095292189027964,0.2544916618896795,0.5645554162200409
4677,0.39023428622391443,0.29655871310059045,0.31320700067549506
4678,0.24469626391994295,0.2781089290180594,0.4771948070619978
4679,0.21493252507451296,0.26854589638544224,0.5165215785400448
4680,0.1866597441473004,0.25711039393981794,0.5562298619128816
4681,0.1981348834855089,0.2620503974925205,0.5398147190219706
4682,0.2182447291899352,0.26972914814424404,0.5120261226658207
4683,0.14214691935433021,0.23345745348938773,0.624395627156282
4684,0.27968036716319766,0.2865255877153882,0.4337940451214141
4685,0.4475712713251282,0.29331056915778125,0.25911815951709044
4686,0.1056805423738714,0.20732223971058772,0.6869972179155409
4687,0.18052407476336815,0.25429037163505636,0.5651855536015755
4688,0.2499975473711352,0.279571237410053,0.4704312152188118
4689,0.28238595960079477,0.28706006217631036,0.43055397822289493
4690,0.26260575999429325,0.28277518487905134,0.4546190551266555
4691,0.1773230212461795,0.2527676055397288,0.5699093732140917
4692,0.2879561107021845,0.2881103427645628,0.4239335465332527
4693,0.17420613587316372,0.25125002669277297,0.5745438374340633
4694,0.11662422828912122,0.21594754444948946,0.6674282272613893
4695,0.3040980569190772,0.29078287991649265,0.4051190631644302
4696,0.15417424372818217,0.24062554574196063,0.6052002105298572
4697,0.48759208778377167,0.2879788273811456,0.22442908483508278
4698,0.14827234136319148,0.23718707529409908,0.6145405833427094
4699,0.30550098509401835,0.2909896926115709,0.40350932229441083
4700,0.3484879482198246,0.29545823054708503,0.35605382123309026
4701,0.2807603081697339,0.2867408458178449,0.4324988460124211
4702,0.34707076364186684,0.295366562532246,0.357562673825887
4703,0.3238781774440837,0.29333529867801234,0.382786523877904
4704,0.15177338986896047,0.23924469109928095,0.6089819190317586
4705,0.3140795577712856,0.2921679228841383,0.393752519344576
4706,0.14866348429666626,0.23741958259996582,0.6139169331033679
4707,0.2583369870407343,0.2817328470055088,0.4599301659537569
4708,0.1701551037648462,0.2492250574416125,0.5806198387935413
4709,0.28635443404016453,0.28781519315850623,0.4258303728013293
4710,0.1169234876812481,0.21617315295603903,0.6669033593627128
4711,0.12657116373399402,0.22317515297183924,0.6502536832941668
4712,0.23002228951760373,0.273689676725858,0.4962880337565382
4713,0.1265596024264046,0.2231670665490686,0.6502733310245269
4714,0.1520053798041169,0.2393791810048706,0.6086154391910124
4715,0.13299768642860174,0.22756287220192467,0.6394394413694735
4716,0.24201152506820003,0.2773416442975868,0.4806468306342132
4717,0.40350038473946703,0.2962828565940452,0.30021675866648795
4718,0.16592034023264066,0.24704308946950568,0.5870365702978536
4719,0.23063712581247228,0.2738861051303442,0.49547676905718363
4720,0.17719234841424905,0.25270467786728656,0.5701029737184643
4721,0.18925875749490464,0.258266739753239,0.5524745027518564
4722,0.21943656770686276,0.27014733714069605,0.5104160951524411
4723,0.43680018096554774,0.2943228099002246,0.26887700913422774
4724,0.41704419291303135,0.29570163049646075,0.2872541765905079
4725,0.20490678139115728,0.2647707601359505,0.5303224584728922
4726,0.1931712298338843,0.25996567863168196,0.5468630915344337
4727,0.272356543625151,0.2849976419010351,0.44264581447381385
4728,0.147576922580642,0.23677204687900003,0.6156510305403579
4729,0.18289636511010698,0.25539591671781453,0.5617077181720785
4730,0.35669196013188215,0.29591722854100583,0.347390811327112
4731,0.20018780481631707,0.2628899820765251,0.5369222131071578
4732,0.10114804377796908,0.20352276969146152,0.6953291865305694
4733,0.3032580118972767,0.29065712452575826,0.40608486357696505
4734,0.12985218920825586,0.2254417485270788,0.6447060622646653
4735,0.14982996673952875,0.23810903112085852,0.6120610021396127
4736,0.38254126194692806,0.2965832351232678,0.32087550292980405
4737,0.24859242485451538,0.27919041114050824,0.47221716400497643
4738,0.20273311925398244,0.26391287114550016,0.5333540096005174
4739,0.3794087088023956,0.2965643492029955,0.32402694199460896
4740,0.17327012340342735,0.25078747203504614,0.5759424045615266
4741,0.2539269079680187,0.28061062094663125,0.46546247108535
4742,0.182245452744286,0.2550945024642832,0.5626600447914307
4743,0.21955483660265587,0.2701886177523581,0.510256545644986
4744,0.3469076347052425,0.29535577512636285,0.3577365901683946
4745,0.2624022395722102,0.2827264604924875,0.4548712999353024
4746,0.25136556767103646,0.2799373627602754,0.46869706956868823
4747,0.2944770354622676,0.2892555888491444,0.416267375688588
4748,0.28279982134487947,0.2871404080753787,0.4300597705797419
4749,0.20747389927786242,0.2657656148031505,0.526760485918987
4750,0.2199007401814952,0.270309127520362,0.5097901322981427
4751,0.14879811873014284,0.23749945932684577,0.6137024219430114
4752,0.27637253177259674,0.2858502624576457,0.43777720576975754
4753,0.3018706006533271,0.29044626771148085,0.40768313163519204
4754,0.43528985281428806,0.2944501576261303,0.2702599895595817
4755,0.20268208966722762,0.26389255870804074,0.5334253516247316
4756,0.06558513951208063,0.16786621541721147,0.766548645070708
4757,0.08916207586448995,0.19275674304796553,0.7180811810875445
4758,0.1751155100320428,0.2516963858690181,0.5731881040989392
4759,0.12563737849948212,0.22251974249336348,0.6518428790071543
4760,0.21264372668703363,0.2677099332150179,0.5196463400979485
4761,0.09439317190890523,0.19759010644881297,0.7080167216422817
4762,0.29521971467162444,0.2893803310004118,0.4153999543279638
4763,0.39577536109603906,0.2964791924281562,0.3077454464758047
4764,0.24073468036941292,0.27697034294674744,0.48229497668383975
4765,0.2701364904199741,0.28451074091174633,0.4453527686682795
4766,0.1718461369693641,0.250077657794622,0.5780762052360139
4767,0.27368441598885046,0.28528355572020414,0.4410320282909453
4768,0.2548569918616894,0.28085117365099677,0.4642918344873138
4769,0.304999406363975,0.29091621232631865,0.4040843813097065
4770,0.1274596262047084,0.22379446836211728,0.6487459054331743
4771,0.24052064017074726,0.2769076957210633,0.48257166410818947
4772,0.15999104348581553,0.24387236133211282,0.5961365951820716
4773,0.19231049072595238,0.25959617531915213,0.5480933339548955
4774,0.4969515665659273,0.2863810516008343,0.21666738183323833
4775,0.31427304219979746,0.2921928009581823,0.39353415684202014
4776,0.2327535872843054,0.2745546105249552,0.4926918021907395
4777,0.2618300592971973,0.28258895755337826,0.45558098314942436
4778,0.19969295095349943,0.262688798360993,0.5376182506855076
4779,0.26389561324130506,0.28308174134937997,0.453022645409315
4780,0.1349576907539263,0.22885957324157724,0.6361827360044965
4781,0.3089394927500626,0.29147970633841075,0.39958080091152665
4782,0.0836460335517489,0.18741478209912338,0.7289391843491277
4783,0.11139685366435184,0.21192052358744223,0.6766826227482059
4784,0.08131204942443966,0.1850735361143033,0.733614414461257
4785,0.1867337617089133,0.2571436360973631,0.5561226021937236
4786,0.379755725971234,0.2965672692994508,0.32367700472931515
4787,0.13172085342279377,0.226707877943455,0.6415712686337512
4788,0.34128332522476107,0.29495393026209477,0.3637627445131442
4789,0.3584755522276062,0.296000973381086,0.3455234743913078
4790,0.30689668301579603,0.2911914726404175,0.4019118443437865
4791,0.18967428743002487,0.25844954741559284,0.5518761651543822
4792,0.3354098228211134,0.29447165811663584,0.3701185190622507
4793,0.3653711980392815,0.29627146372362595,0.33835733823709263
4794,0.34056496046850293,0.2948983960867385,0.36453664344475845
4795,0.19097662900668722,0.25901883419097876,0.550004536802334
4796,0.396602214502643,0.2964629186723435,0.3069348668250135
4797,0.3399091490659629,0.2948468608702375,0.36524399006379965
4798,0.23107696734480798,0.2740260095472669,0.49489702310792505
4799,0.3911375455991657,0.29654926727741754,0.3123131871234169
4800,0.16384892592549563,0.24595095134738404,0.5902001227271203
4801,0.16433464224020647,0.24620852626932624,0.5894568314904672
4802,0.14186698417483531,0.23328295772424068,0.624850058100924
4803,0.10249891983785081,0.2046698867636334,0.6928311933985158
4804,0.3611549723567572,0.29611610396902444,0.3427289236742184
4805,0.22868425747502158,0.27325871594919704,0.4980570265757814
4806,0.17921446688537757,0.25367171813827644,0.5671138149763459
4807,0.27031486857444137,0.28455027515767956,0.4451348562678789
4808,0.2691939033265719,0.28430063276681117,0.44650546390661705
4809,0.2927926782544864,0.2889683882218169,0.41823893352369673
4810,0.15646492023494088,0.24192063780235581,0.6016144419627033
4811,0.27008501420928255,0.28449931871889556,0.4454156670718219
4812,0.20236261019590637,0.263765208676165,0.5338721811279287
4813,0.33393135541281715,0.2943400810966551,0.3717285634905277
4814,0.2866738569344486,0.287874494632229,0.42545164843332245
4815,0.37276172198917257,0.29646836288130374,0.33076991512952364
4816,0.20247987886007518,0.2638119901731845,0.5337081309667403
4817,0.3834478239854103,0.2965855710912227,0.31996660492336704
4818,0.264527988609679,0.28323062379378455,0.4522413875965363
4819,0.22831585391356748,0.2731392170528126,0.49854492903361997
4820,0.09357653065010578,0.19684977419392238,0.7095736951559719
4821,0.17002225917111075,0.24915763055601856,0.5808201102728706
4822,0.2093462252519965,0.2664788426176455,0.524174932130358
4823,0.059159750695546964,0.1600009606070218,0.7808392886974312
4824,0.0863168911715461,0.19003405672834545,0.7236490521001083
4825,0.29649713484199475,0.28959219030408506,0.41391067485392014
4826,0.19492206963411798,0.26070995280864256,0.5443679775572395
4827,0.31112458305109814,0.2917787245696989,0.39709669237920303
4828,0.3346164134919036,0.2944015599410974,0.37098202656699897
4829,0.25912929991684863,0.2819295566897295,0.4589411433934218
4830,0.30192328327703705,0.2904543464000317,0.40762237032293114
4831,0.2642483124820584,0.2831648930353333,0.45258679448260825
4832,0.1352632085704435,0.22905999708213193,0.6356767943474245
4833,0.33921754490806927,0.29479164630713467,0.3659908087847961
4834,0.21078888926500403,0.2670213542979731,0.5221897564370229
4835,0.12592542917298738,0.22272241574572252,0.6513521550812901
4836,0.24898726812472552,0.2792979143411395,0.47171481753413486
4837,0.3419037411238749,0.2950011222772833,0.3630951365988419
4838,0.13904948610428836,0.2315064599170523,0.6294440539786594
4839,0.18189020185466137,0.25492938555939154,0.5631804125859471
4840,0.20636848499903154,0.26533964210979877,0.5282918728911696
4841,0.3119613575850913,0.29189070167404313,0.3961479407408655
4842,0.2520209411685184,0.28011114498121314,0.4678679138502684
4843,0.2222907237084443,0.2711326746909304,0.5065766016006253
4844,0.2125272883240206,0.26766700126534826,0.5198057104106312
4845,0.21995073231591702,0.27032651668722835,0.5097227509968546
4846,0.2817044829825943,0.28692694879397096,0.4313685682234346
4847,0.22670471952757607,0.2726123238254159,0.500682956647008
4848,0.4373006370778142,0.2942798179082698,0.26841954501391596
4849,0.4941521108413789,0.286872731325829,0.21897515783279206
4850,0.2752212644914214,0.28560952825772795,0.4391692072508507
4851,0.12042857508259308,0.2187771055370442,0.6607943193803627
4852,0.156483032889483,0.2419307921533984,0.6015861749571185
4853,0.28938643146515375,0.2883692734130886,0.4222442951217576
4854,0.15824831731508657,0.24291403380432217,0.5988376488805913
4855,0.1707786199210851,0.24954065633943834,0.5796807237394765
4856,0.12262748752121665,0.2203752329594415,0.656997279519342
4857,0.2362505688917385,0.27563338153375216,0.4881160495745094
4858,0.23007877520593276,0.27370776479810016,0.496213459995967
4859,0.05711272421679281,0.1573756002060591,0.7855116755771482
4860,0.153962529608255,0.24050475002628696,0.6055327203654581
4861,0.3212066046752401,0.2930356209110314,0.38575777441372844
4862,0.20435943314474833,0.2645560832098247,0.5310844836454269
4863,0.21938278350634166,0.2701285513357951,0.5104886651578632
4864,0.5373795667451345,0.27798153879063353,0.18463889446423196
4865,0.22117285537116313,0.27074945095559083,0.5080776936732461
4866,0.33906451776875896,0.29477930896404975,0.3661561732671913
4867,0.24322187373404847,0.2776898008203864,0.47908832544556507
4868,0.2799705308397827,0.28658367581784344,0.4334457933423738
4869,0.1671152575456706,0.2476656269710823,0.585219115483247
4870,0.28874211554408885,0.2882531738052058,0.4230047106507053
4871,0.34627329980955684,0.29531336450212253,0.3584133356883207
4872,0.37688638645960476,0.29653690431323704,0.3265767092271582
4873,0.298111124681639,0.28985500583729756,0.4120338694810634
4874,0.2346836692962785,0.27515396342345977,0.4901623672802617
4875,0.07768095179268082,0.18132952089817203,0.7409895273091472
4876,0.37773480532528786,0.29654735778204216,0.3257178368926699
4877,0.14767929119003517,0.23683327377195246,0.6154874350380124
4878,0.27995908842508554,0.2865813886551754,0.4334595229197391
4879,0.16152885923271695,0.2447079435431567,0.5937631972241263
4880,0.17033566270815248,0.24931659731254108,0.5803477399793064
4881,0.16322582229161017,0.24561917984135936,0.5911549978670304
4882,0.3773169868977261,0.2965423647928292,0.32614064830944467
4883,0.08152944181335911,0.1852937188477335,0.7331768393389074
4884,0.24818229288086788,0.27907833880922733,0.47273936830990476
4885,0.34744381435209226,0.29539104864193805,0.35716513700596975
4886,0.18808990770160808,0.25774946779530966,0.5541606245030822
4887,0.5822952180318673,0.265831996995243,0.1518727849728896
4888,0.48317779386676774,0.28868666782105096,0.22813553831218117
4889,0.27165603493830975,0.2848452102632379,0.44349875479845235
4890,0.06922781310818236,0.17209318972358353,0.7586789971682341
4891,0.09311740103449927,0.19643127919357734,0.7104513197719233
4892,0.38159900009213826,0.29657932013729443,0.3218216797705672
4893,0.2374012112457827,0.27598138345521456,0.48661740529900277
4894,0.36719318025466574,0.296328891698012,0.3364779280473223
4895,0.43613077137279843,0.2943796978024368,0.26948953082476484
4896,0.17174498781709144,0.2500269557694588,0.5782280564134498
4897,0.23694555519664978,0.27584398357406253,0.48721046122928774
4898,0.243364665579688,0.2777306313387818,0.4789047030815302
4899,0.1441197403169514,0.23467704429044622,0.6212032153926024
4900,0.0974054961723906,0.20027715967429438,0.702317344153315
4901,0.15074615981207376,0.23864643128961682,0.6106074088983094
4902,0.19544260313222367,0.26092934340658513,0.5436280534611913
4903,0.16170082300445812,0.2448007995184592,0.5934983774770827
4904,0.36524773490358553,0.2962673608319112,0.3384849042645033
4905,0.16053291106238635,0.2441678592790768,0.5952992296585369
4906,0.13047410093537365,0.22586510216800243,0.643660796896624
4907,0.19745509998493235,0.26176949008615125,0.5407754099289164
4908,0.4183951635441783,0.29562727861749505,0.2859775578383267
4909,0.4018261185877563,0.2963338072247386,0.30184007418750497
4910,0.2405223558590762,0.2769081983477896,0.4825694457931342
4911,0.19466393617959285,0.26060083693849184,0.5447352268819153
4912,0.3485064118641182,0.2954594006265775,0.3560341875093043
4913,0.2576360520358447,0.28155758328604763,0.46080636467810776
4914,0.12711446807508983,0.22355436477686375,0.6493311671480463
4915,0.35049831054389313,0.29558198339328895,0.353919706062818
4916,0.4055957657583712,0.29621257527037276,0.298191658971256
4917,0.3280967986079571,0.2937804501020053,0.3781227512900377
4918,0.23457685313118717,0.2751210484752065,0.4903020983936063
4919,0.33523449167241687,0.2944562694293144,0.3703092388982686
4920,0.29705523285062857,0.2896836817461675,0.413261085403204
4921,0.2654045203954084,0.2834354569293894,0.45116002267520217
4922,0.23923042853506993,0.27652759091213625,0.4842419805527938
4923,0.2856516947869814,0.2876839552613452,0.4266643499516735
4924,0.08918413315948308,0.19277758592002686,0.7180382809204902
4925,0.2130674135265566,0.2678658196011151,0.5190667668723283
4926,0.38101812765517973,0.29657615039542545,0.3224057219493947
4927,0.08443406817874546,0.18819413749472813,0.7273717943265264
4928,0.22759064565888168,0.27290291613374806,0.4995064382073703
4929,0.3135799746211973,0.2921033433916486,0.3943166819871541
4930,0.2223766255666472,0.27116198025665184,0.506461394176701
4931,0.15451011680345897,0.2408167986569849,0.6046730845395561
4932,0.43911076946707217,0.2941210197885302,0.2667682107443976
4933,0.1491044997529118,0.23768093742932894,0.6132145628177592
4934,0.19125262499174078,0.25913876853187984,0.5496086064763793
4935,0.22624442984081772,0.2724605067765494,0.501295063382633
4936,0.3635526805723924,0.29620831189351016,0.3402390075340975
4937,0.41270779826231246,0.2959203039077866,0.29137189782990086
4938,0.26414462923042253,0.2831404788350909,0.4527148919344865
4939,0.35862484705763925,0.2960077251383938,0.3453674278039669
4940,0.2610816408215062,0.2824079453456168,0.4565104138328769
4941,0.20752871929184977,0.26578664505703303,0.5266846356511172
4942,0.2265200329149944,0.2725514776758057,0.5009284894092
4943,0.17388714025106788,0.25109274330843206,0.5750201164405001
4944,0.28637130940683764,0.2878183315928765,0.4258103590002858
4945,0.2492941973449718,0.2793812165364465,0.4713245861185817
4946,0.36438887098894673,0.2962380754174458,0.3393730535936074
4947,0.1493178621508966,0.2378070775453075,0.6128750603037959
4948,0.2170234208990318,0.2692964696197475,0.5136801094812207
4949,0.24027991473935664,0.27683709867791845,0.4828829865827249
4950,0.12195553636272395,0.21988972237333254,0.6581547412639436
4951,0.33212782858248807,0.29417399143082373,0.3736981799866881
4952,0.2611590982438403,0.28242674008737534,0.45641416166878446
4953,0.3438248835803793,0.29514273839168587,0.36103237802793486
4954,0.14480736709321437,0.2350979872283595,0.6200946456784261
4955,0.2727557052815401,0.28508400520226834,0.4421602895161916
4956,0.22578506937658024,0.2723084235908923,0.5019065070325275
4957,0.12535782445279753,0.22232262386932894,0.6523195516778735
4958,0.34890079705546073,0.2954842451358929,0.35561495780864644
4959,0.21946544528428294,0.2701574201914971,0.51037713452422
4960,0.2031013514013335,0.264059211593348,0.5328394370053184
4961,0.22949439861359028,0.2735202220960008,0.496985379290409
4962,0.21765166709173048,0.26951956737154564,0.5128287655367239
4963,0.3040001483701416,0.29076829708389895,0.4052315545459594
4964,0.2388829802947737,0.27642450316963063,0.4846925165355956
4965,0.2414057940374601,0.2771660156597746,0.4814281903027652
4966,0.24004168566134979,0.27676708836223374,0.48319122597641656
4967,0.3786651553715657,0.29655739615598325,0.3247774484724512
4968,0.23901194222785163,0.2764628022070695,0.48452525556507886
4969,0.2226176652231062,0.2712441026073568,0.506138232169537
4970,0.2199159943774941,0.2703144342502125,0.5097695713722933
4971,0.3143957233452813,0.29220853675178726,0.39339573990293153
4972,0.19832074558778653,0.26212694973853506,0.5395523046736784
4973,0.21949707508474528,0.27016846154495144,0.5103344633703032
4974,0.19235880906272973,0.25961698100647834,0.5480242099307919
4975,0.20603869672138375,0.26521185123544166,0.5287494520431747
4976,0.15755603140411814,0.24252994870199956,0.5999140198938824
4977,0.2333455742350548,0.2747394803698096,0.49191494539513547
4978,0.18181407809315508,0.2548939475952941,0.5632919743115508
4979,0.16482161299621012,0.24646585107428975,0.5887125359295001
4980,0.1661101564602299,0.2471423448405531,0.586747498699217
4981,0.33126090248839557,0.29409196365897733,0.37464713385262716
4982,0.44990540112481253,0.2930672836660226,0.2570273152091648
4983,0.15998528534978093,0.24386921495448946,0.5961454996957296
4984,0.21189144053116393,0.2674318647033563,0.5206766947654797
4985,0.22298185074845742,0.2713678770198759,0.5056502722316667
4986,0.28665384015555284,0.287870784921393,0.4254753749230542
4987,0.14138261983609074,0.23298017998925358,0.6256372001746556
4988,0.3106963495500801,0.291720877010176,0.3975827734397439
4989,0.2392173813961033,0.27652372541802833,0.48425889318586823
4990,0.24752927156412075,0.27889903822621287,0.47357169020966633
4991,0.18435619410721463,0.256066654493891,0.5595771513988944
4992,0.296037668271605,0.2895163805645444,0.4144459511638507
4993,0.1616481679388519,0.2447723795273682,0.5935794525337799
4994,0.2844366129503554,0.2874545226902208,0.4281088643594238
4995,0.16353239749332812,0.24578260439071,0.5906849981159618
4996,0.17180303569354016,0.2500560574408647,0.5781409068655952
4997,0.2944440238375747,0.2892500172989239,0.41630595886350147
4998,0.32437675769407504,0.2933896950530624,0.3822335472528626
4999,0.1507946920524015,0.23867479785064255,0.6105305100969559
5000,0.19813955022182983,0.2620523209329591,0.5398081288452111
5001,0.37722518700278507,0.29654122747430967,0.3262335855229052
5002,0.2307538741906945,0.27392329043057106,0.49532283537873434
5003,0.09778565991323702,0.20061146831160515,0.7016028717751578
5004,0.28384213702300637,0.287341109819016,0.4288167531579776
5005,0.32366743735038694,0.2933121619280518,0.3830204007215611
5006,0.1508784279430786,0.23872371687342994,0.6103978551834914
5007,0.3250501765748971,0.29346240487951997,0.38148741854558293
5008,0.22993743069920322,0.27366248691562817,0.4964000823851686
5009,0.18883490135802733,0.25807968402070647,0.5530854146212663
5010,0.3441745574181922,0.2951677816450214,0.3606576609367865
5011,0.2704697566105321,0.2845845446640674,0.4449456987254005
5012,0.21406300072090637,0.268230085507988,0.5177069137711057
5013,0.28434661851111104,0.2874374029140128,0.42821597857487603
5014,0.38963628799555206,0.2965642104334918,0.3137995015709562
5015,0.30677107887721594,0.2911734752952718,0.4020554458275123
5016,0.21182626899349663,0.2674076979515675,0.5207660330549359
5017,0.2936392323696722,0.2891134804410866,0.4172472871892412
5018,0.1931199580729703,0.25994373520397646,0.5469363067230533
5019,0.21800384454457028,0.2696441420953103,0.5123520133601194
5020,0.2449824849164746,0.2781896623276032,0.47682785275592204
5021,0.15872214015276945,0.24317579741552164,0.5981020624317088
5022,0.2707262219357462,0.28464116883829405,0.44463260922595976
5023,0.2224445180818286,0.2711851274926461,0.5063703544255252
5024,0.44292328467464137,0.2937696961316995,0.2633070191936592
5025,0.11625397165319039,0.21566768556717486,0.6680783427796348
5026,0.2217964969762716,0.2709636722610827,0.5072398307626457
5027,0.3678652878912796,0.2963486033618701,0.3357861087468503
5028,0.31076136405654187,0.291729683065504,0.3975089528779542
5029,0.3013785328529866,0.2903705357190379,0.4082509314279754
5030,0.23667209347241389,0.27576126550852126,0.48756664101906494
5031,0.1195694192058834,0.21814532796218705,0.6622852528319295
5032,0.33720400187020544,0.29462581521966535,0.3681701829101292
5033,0.21368702898878053,0.26809286034117813,0.5182201106700414
5034,0.18380540469254542,0.25581443846041985,0.5603801568470348
5035,0.19726663625160032,0.26169135461679727,0.5410420091316024
5036,0.24515470457376973,0.27823814103732075,0.47660715438890955
5037,0.2861245868321844,0.28777238579054026,0.4261030273772753
5038,0.26936116863670956,0.2843380647495791,0.44630076661371143
5039,0.2522064074580079,0.28016013464340345,0.46763345789858873
5040,0.23287635875076668,0.274593026202517,0.49253061504671625
5041,0.17806280962353302,0.2531227245827962,0.5688144657936708
5042,0.1449748475603398,0.23520019139453166,0.6198249610451285
5043,0.27302313863124644,0.2851416668979057,0.44183519447084796
5044,0.4381447170672792,0.29420641157895544,0.26764887135376536
5045,0.20188767247343817,0.26357531397377926,0.5345370135527826
5046,0.398220885661933,0.29642776122925274,0.3053513531088142
5047,0.2926853308509851,0.2889498819064979,0.418364787242517
5048,0.2119030240359559,0.26743615877871185,0.5206608171853322
5049,0.20218622654826332,0.26369476558198285,0.5341190078697537
5050,0.23668345803028684,0.2757647069689364,0.48755183500077676
5051,0.24644302100318377,0.2785984480057942,0.4749585309910219
5052,0.3268704112071908,0.29365456703608717,0.37947502175672215
5053,0.2158267459521316,0.2688684203722613,0.5153048336756071
5054,0.10389846226045264,0.20584505461787095,0.6902564831216764
5055,0.1544429215933987,0.24077857389616522,0.6047785045104361
5056,0.16946764108213982,0.2488754184694366,0.5816569404484235
5057,0.14415762074079053,0.2347002889244762,0.6211420903347333
5058,0.3214660903185782,0.293065335818335,0.38546857386308675
5059,0.2164726560338102,0.2690999669107165,0.5144273770554733
5060,0.23305206430020953,0.27464793618027444,0.492299999519516
5061,0.23253664697412266,0.27448663203027973,0.49297672099559764
5062,0.2451737928604309,0.2782435097052145,0.47658269743435455
5063,0.43573278110277897,0.29441318436739666,0.26985403452982437
5064,0.4255028179941586,0.2951876658961794,0.27930951610966204
5065,0.09553600547171995,0.19861757684077844,0.7058464176875017
5066,0.12300037273142403,0.22064358387964988,0.6563560433889261
5067,0.0905712766054859,0.19408034196099655,0.7153483814335175
5068,0.21685828885163602,0.2692376438514772,0.5139040672968869
5069,0.2283243979322695,0.2731419925981709,0.49853360946955966
5070,0.1656372843087036,0.24689482299602772,0.5874678926952687
5071,0.0946257226173563,0.19779998898584447,0.7075742883967991
5072,0.24404301393045305,0.2779239011240556,0.4780330849454913
5073,0.3086857692321588,0.2914443643298807,0.39986986643796063
5074,0.35900363980291683,0.29602467717212627,0.34497168302495684
5075,0.22985675322865257,0.273636619060586,0.49650662771076143
5076,0.25767327839037296,0.28156692080695334,0.4607598008026737
5077,0.1598052650883138,0.243770781035358,0.5964239538763283
5078,0.2157230430959343,0.2688311342192133,0.5154458226848525
5079,0.3036909986243331,0.29072212289623856,0.4055868784794283
5080,0.473296751334462,0.29016426001807677,0.2365389886474612
5081,0.27734116250899704,0.2860505238456652,0.43660831364533775
5082,0.13506304722080129,0.22892874001332633,0.6360082127658724
5083,0.23029632183546267,0.27377734905906986,0.4959263291054674
5084,0.40839541175186833,0.2961074047440626,0.295497183504069
5085,0.24337208189106488,0.2777327505895656,0.47889516751936956
5086,0.24741159941552862,0.2788666168307258,0.47372178375374546
5087,0.23239036249566755,0.27444072362657274,0.49316891387775974
5088,0.1784284423803015,0.2532975259105228,0.5682740317091757
5089,0.13241428432536922,0.22717322663250689,0.6404124890421239
5090,0.19994897538204393,0.2627929801595049,0.5372580444584512
5091,0.1905712869717322,0.25884224269458106,0.5505864703336867
5092,0.1788540896403136,0.2535004270384332,0.5676454833212532
5093,0.2587967017964498,0.2818471626209306,0.4593561355826196
5094,0.29771110393868344,0.28979037293885923,0.4124985231224574
5095,0.43292406642877135,0.2946423827850249,0.2724335507862037
5096,0.2857897334132693,0.28770981820274527,0.42650044838398543
5097,0.24048264734542577,0.27689656345206154,0.4826207892025127
5098,0.22562782581809335,0.2722562323952373,0.5021159417866694
5099,0.3331938566345433,0.2942729066159817,0.372533236749475
5100,0.2292627371642108,0.2734456231555491,0.4972916396802401
5101,0.10470976877430356,0.20652019712070782,0.6887700341049886
5102,0.24896233077997906,0.27929113604550476,0.47174653317451626
5103,0.23951038828332125,0.27661043003979113,0.48387918167688765
5104,0.2359999883456203,0.2755571410606393,0.4884428705937405
5105,0.2817920026156376,0.28694410079113586,0.4312638965932266
5106,0.2340453978709587,0.2749568396128364,0.49099776251620497
5107,0.1097341307751036,0.21060452282517045,0.679661346399726
5108,0.2800661468558748,0.2866027767476794,0.4333310763964457
5109,0.23064593865611463,0.2738889133557467,0.4954651479881388
5110,0.2620216511959337,0.28263508501453277,0.45534326378953366
5111,0.22296773051964935,0.2713630848358032,0.5056691846445475
5112,0.05040183642171386,0.14831241234859718,0.801285751229689
5113,0.24804875511385413,0.2790417588826873,0.47290948600345867
5114,0.2511850305194545,0.27988930693327707,0.4689256625472685
5115,0.28645204601152535,0.28783333828857327,0.4257146156999015
5116,0.17092303733105982,0.24961354946387967,0.5794634132050606
5117,0.19731870898193493,0.26171295467885436,0.5409683363392107
5118,0.1115644637080208,0.21205222506538415,0.676383311226595
5119,0.17441566664672534,0.2513531374586557,0.574231195894619
5120,0.2234195246979587,0.2715161447337498,0.5050643305682915
5121,0.26626828134197533,0.28363556955708236,0.4500961491009423
5122,0.44781117779311413,0.29328595527654366,0.25890286693034215
5123,0.5561443119268733,0.27326458076847626,0.17059110730465046
5124,0.3046118351212424,0.29085908348235595,0.4045290813964017
5125,0.24415213132561803,0.27795488215511166,0.47789298651927026
5126,0.17882823764531042,0.2534881218243721,0.5676836405303175
5127,0.19138616428823496,0.25919670926222943,0.5494171264495356
5128,0.18284533565928793,0.25537233919016433,0.5617823251505477
5129,0.13634634563146802,0.2297668908275849,0.6338867635409471
5130,0.28978802804280923,0.2884411896552533,0.42177078230193743
5131,0.2182744490683739,0.2697396246992376,0.5119859262323885
5132,0.22418563561515148,0.27177440875963615,0.5040399556252124
5133,0.19531797580275287,0.26087689478496134,0.5438051294122859
5134,0.10006104470991219,0.20259044111693522,0.6973485141731526
5135,0.3342476466737463,0.2943685757873816,0.37138377753887214
5136,0.09368601301540899,0.1969493251923119,0.7093646617922791
5137,0.2788920737528047,0.28636684356740405,0.4347410826797913
5138,0.445829157669731,0.2934866118703294,0.26068423045993955
5139,0.2007712167430891,0.2631261973093568,0.5361025859475541
5140,0.19599088703459175,0.2611595002978263,0.5428496126675819
5141,0.42377407153928065,0.29530205934972625,0.28092386911099304
5142,0.24168172500608914,0.2772461356977716,0.48107213929613923
5143,0.3067428395559349,0.29116942459322326,0.4020877358508419
