Id,A,D,H
3419,0.22580571985919096,0.2614495118607258,0.5127447682800833
3420,0.32615392593999903,0.2880471039207161,0.3857989701392849
3421,0.19416064565449023,0.25286231731454123,0.5529770370309686
3422,0.2606744681686265,0.28652278020472866,0.45280275162664496
3423,0.1317452544027377,0.19282580855496492,0.6754289370422973
3424,0.3643479379650192,0.28621863718441787,0.34943342485056306
3425,0.23384553694880877,0.2537218518283672,0.5124326112228239
3426,0.33696390748926625,0.30896206333584314,0.3540740291748906
3427,0.20381650981679506,0.2609961420495619,0.535187348133643
3428,0.26850086871218903,0.2381914652668233,0.4933076660209876
3429,0.32751772040936195,0.29735639908836076,0.3751258805022773
3430,0.2087603907887886,0.24847532932883895,0.5427642798823724
3431,0.1438862247864006,0.21398421976315524,0.6421295554504441
3432,0.2349080493530004,0.24979638420213449,0.5152955664448651
3433,0.16353035743586597,0.2450557756853334,0.5914138668788006
3434,0.15948535509828066,0.2411955968639696,0.5993190480377498
3435,0.390243347259739,0.2961616451384116,0.3135950076018494
3436,0.21075102486042546,0.28364977986721607,0.5055991952723585
3437,0.22569548131586062,0.2578695170390625,0.5164350016450769
3438,0.13271468912209688,0.20606856180001448,0.6612167490778886
3439,0.16824390587873503,0.24640698734718702,0.5853491067740779
3440,0.39729537290809114,0.283536521627599,0.3191681054643098
3441,0.22449442393261324,0.2615271708123151,0.5139784052550717
3442,0.20662194364635933,0.22821404165460524,0.5651640146990355
3443,0.21958987001347013,0.27581235708743296,0.504597772899097
3444,0.07805227997148304,0.1719482374085625,0.7499994826199544
3445,0.20355086004209616,0.2563744260448035,0.5400747139131004
3446,0.24653589538607665,0.2592030873510278,0.4942610172628955
3447,0.15214846062641457,0.24449508990349192,0.6033564494700936
3448,0.2682581072473375,0.285764270019442,0.44597762273322056
3449,0.20878293377577056,0.23759508666931092,0.5536219795549185
3450,0.24285700696838006,0.2565892638775021,0.5005537291541178
3451,0.447868724434739,0.29432671104299446,0.25780456452226663
3452,0.22949252723160354,0.2903539754401168,0.4801534973282797
3453,0.29249557600794135,0.28166355488536654,0.42584086910669205
3454,0.1723103580672766,0.22231161190527474,0.6053780300274487
3455,0.31135358002252783,0.2759999104868261,0.41264650949064613
3456,0.1615919325116745,0.24609637820318292,0.5923116892851426
3457,0.23250765028495884,0.2800798385511906,0.4874125111638505
3458,0.12215326361889181,0.2137868611402698,0.6640598752408384
3459,0.2719788361629203,0.28828336192734705,0.4397378019097326
3460,0.10763518245174865,0.22018007047268878,0.6721847470755626
3461,0.18784812889373076,0.2383742458182889,0.5737776252879803
3462,0.1857472311188474,0.2619191762184209,0.5523335926627317
3463,0.22272376893595852,0.2587564206669797,0.5185198103970617
3464,0.2062626335299834,0.2652025509651661,0.5285348155048505
3465,0.3019188295564238,0.2757214155048404,0.4223597549387358
3466,0.2789540882360155,0.26664307321812236,0.4544028385458623
3467,0.24092277620648953,0.26223514547616505,0.49684207831734545
3468,0.3297886192839287,0.2973067897675667,0.3729045909485046
3469,0.3356845664617897,0.2763810238421684,0.387934409696042
3470,0.2052849690063677,0.2689600258443718,0.5257550051492605
3471,0.14257237652367177,0.24660971997469058,0.6108179035016376
3472,0.25916698692127477,0.3063712982367107,0.43446171484201446
3473,0.20753329877013355,0.25025550206141073,0.5422111991684557
3474,0.1975065592450744,0.2572976300882482,0.5451958106666774
3475,0.31829107330727047,0.2796426686770723,0.4020662580156572
3476,0.2564316917011055,0.24978800451254185,0.4937803037863526
3477,0.2738682218207654,0.2725240037686161,0.45360777441061856
3478,0.3004618173091339,0.28496235048041296,0.4145758322104532
3479,0.20030216021477837,0.2541238910262562,0.5455739487589655
3480,0.1471131602952737,0.2536665517349041,0.5992202879698222
3481,0.19973443802265536,0.24117711821588003,0.5590884437614646
3482,0.3130492306072938,0.29133377045219244,0.3956169989405137
3483,0.15415241184816772,0.2502848384471527,0.5955627497046796
3484,0.2478571162232805,0.28276564583513464,0.469377237941585
3485,0.2057377282752858,0.24199060070007836,0.5522716710246359
3486,0.2962204681034997,0.2716103830417517,0.4321691488547486
3487,0.19650575385219893,0.2493189992257984,0.5541752469220027
3488,0.2959129435580062,0.27191623148391103,0.43217082495808273
3489,0.19190130393495194,0.22852482875071098,0.579573867314337
3490,0.2654540878699079,0.27748178544174124,0.4570641266883508
3491,0.22955431726342482,0.275853033722038,0.4945926490145372
3492,0.2671500302225077,0.29277730894090503,0.4400726608365873
3493,0.1928678946505899,0.2521950539902025,0.5549370513592077
3494,0.21877708739188448,0.2737943187108061,0.5074285938973094
3495,0.28860617708016445,0.2638334520916098,0.44756037082822586
3496,0.08714723557967632,0.1956588608485749,0.7171939035717487
3497,0.22710659134908462,0.28836614717398995,0.48452726147692543
3498,0.306741548914921,0.2882667333238236,0.4049917177612554
3499,0.2055983110251964,0.25044196253455897,0.5439597264402446
3500,0.25839155012344683,0.26703331800611046,0.47457513187044276
3501,0.3485487286980245,0.27168958920929565,0.3797616820926799
3502,0.18168247105519741,0.26434300127243276,0.5539745276723699
3503,0.28136698773800495,0.2942225029836424,0.42441050927835255
3504,0.28764084993026884,0.30309230134031684,0.40926684872941427
3505,0.11729447711641333,0.21395042343159856,0.6687550994519881
3506,0.27561468736807165,0.2879058725844147,0.4364794400475136
3507,0.2333587000208076,0.2731658551205931,0.4934754448585993
3508,0.250196673951699,0.27720119555411094,0.4726021304941902
3509,0.3370705543849413,0.31881705345444444,0.3441123921606142
3510,0.20530387007630743,0.26315967038098015,0.5315364595427124
3511,0.2373182065668043,0.2913144068490277,0.47136738658416805
3512,0.1881364090131209,0.25719290391597127,0.5546706870709079
3513,0.306510431343053,0.2955647159283447,0.3979248527286023
3514,0.36912238878346726,0.2913712216072378,0.3395063896092951
3515,0.24727386495052744,0.2830238659837552,0.4697022690657175
3516,0.11432009734151077,0.24639417741656375,0.6392857252419255
3517,0.3139965473885385,0.2646435080261344,0.42135994458532705
3518,0.2570306599472362,0.31500436963363765,0.4279649704191261
3519,0.15626146664805637,0.25177698834376117,0.5919615450081824
3520,0.15249607529350478,0.2394245335757134,0.6080793911307818
3521,0.28486051450879485,0.2910584896219834,0.42408099586922177
3522,0.21018124484908715,0.2763322654988689,0.5134864896520439
3523,0.2682006572035798,0.2894727937737069,0.44232654902271323
3524,0.26357714679843197,0.30104539645049366,0.43537745675107437
3525,0.21044689196901428,0.24539183327343977,0.5441612747575459
3526,0.3463830449511166,0.29008283778639515,0.3635341172624883
3527,0.2887623387753143,0.31298268533956075,0.398254975885125
3528,0.24997227126011387,0.2568084529604777,0.49321927577940833
3529,0.3094740177393635,0.2861844747664544,0.40434150749418196
3530,0.17950820506472218,0.2603462108526898,0.560145584082588
3531,0.335747144352678,0.30901727801126844,0.35523557763605357
3532,0.17599093667421808,0.2672105667998923,0.5567984965258896
3533,0.2891379464460352,0.3069389117876092,0.40392314176635563
3534,0.23708900157688728,0.2756186092107555,0.4872923892123573
3535,0.2821210771332271,0.2843638538109222,0.4335150690558506
3536,0.3923036661107493,0.2948322831683382,0.31286405072091256
3537,0.14269541397379173,0.2436290239412109,0.6136755620849973
3538,0.24670899777165511,0.2613144512123714,0.4919765510159735
3539,0.2790334493789551,0.3105970153592006,0.4103695352618443
3540,0.22742547619507647,0.2817300501418718,0.4908444736630518
3541,0.18554726836645047,0.2600455944280294,0.5544071372055202
3542,0.15404009510437336,0.24910749103074803,0.5968524138648786
3543,0.2930092000457938,0.28680972524737247,0.42018107470683375
3544,0.19281739420177968,0.2664246720063601,0.5407579337918602
3545,0.3168449717277719,0.29597995498529994,0.3871750732869282
3546,0.13904266610675617,0.237390560903371,0.6235667729898728
3547,0.1761114982606945,0.26691448114834765,0.5569740205909578
3548,0.2834312229259311,0.2977476627544607,0.41882111431960833
3549,0.15977112286995512,0.2443019254386225,0.5959269516914223
3550,0.23463959808650028,0.27088918230302184,0.4944712196104779
3551,0.19088541578552087,0.2555269642711167,0.5535876199433625
3552,0.19024752886228116,0.26172841712044076,0.5480240540172782
3553,0.09696710731887338,0.21096138736205255,0.6920715053190741
3554,0.416837733148393,0.30868702738829046,0.2744752394633164
3555,0.313003175754476,0.28771373419375423,0.3992830900517697
3556,0.2206576487658905,0.29904712457486016,0.4802952266592493
3557,0.24990074527736825,0.2756624061328789,0.47443684858975277
3558,0.16933254156546915,0.2456665865454292,0.5850008718891017
3559,0.2692248839321457,0.2914316656346213,0.4393434504332329
3560,0.44271027526805334,0.285247895935477,0.27204182879646954
3561,0.2498563426377371,0.3185153941163804,0.43162826324588255
3562,0.26719955557033226,0.28348283574727645,0.44931760868239123
3563,0.14682318366526442,0.26705475166970605,0.5861220646650296
3564,0.25774344008099964,0.25717188819627645,0.4850846717227239
3565,0.24546313556450486,0.26713646501560767,0.4874003994198874
3566,0.22993097677885488,0.2806483802223405,0.4894206429988045
3567,0.25932561415134403,0.272859933415933,0.46781445243272285
3568,0.16098578769784194,0.2677374759158355,0.5712767363863225
3569,0.16385714071964694,0.2546806514636454,0.5814622078167078
3570,0.22122406377354845,0.2831134782384462,0.4956624579880054
3571,0.31157816631367824,0.3234879525246272,0.36493388116169456
3572,0.2587492296320493,0.27345081086093,0.46779995950702064
3573,0.24131385495465935,0.2818303870027961,0.47685575804254443
3574,0.14263022530212532,0.23465385309334938,0.6227159216045254
3575,0.4140519057551523,0.31880059947268174,0.267147494772166
3576,0.22045330310949565,0.2951205498942862,0.48442614699621817
3577,0.20363081860160726,0.2910268821246234,0.5053422992737694
3578,0.19423023273725148,0.24729624876031917,0.5584735185024293
3579,0.23680896984606756,0.2870981969597896,0.47609283319414286
3580,0.3500936025416363,0.3003814983338636,0.3495248991245001
3581,0.13174742695379218,0.2210359998616536,0.6472165731845542
3582,0.2923354839136993,0.2969998775280759,0.4106646385582249
3583,0.2787919648466888,0.2966035392834172,0.42460449586989396
3584,0.2200066209389842,0.29820996605824723,0.4817834130027686
3585,0.1901824355357436,0.25001934736460196,0.5597982170996544
3586,0.4378314015569501,0.290920055949606,0.27124854249344404
3587,0.2574618550326834,0.2723144543132426,0.470223690654074
3588,0.13217481168470696,0.22981492312551274,0.6380102651897803
3589,0.16535341612775048,0.2498714443967161,0.5847751394755334
3590,0.16799045165045384,0.2601249755548835,0.5718845727946626
3591,0.28685760498833307,0.3061512666188362,0.4069911283928307
3592,0.18896135061049285,0.2574276499664331,0.5536109994230741
3593,0.13099194537971118,0.2155442535814582,0.6534638010388306
3594,0.22004428357727254,0.2685412358022252,0.5114144806205023
3595,0.1309293633028757,0.21363377743133694,0.6554368592657873
3596,0.16529026784381082,0.2734730752728665,0.5612366568833226
3597,0.3912584827569165,0.3014796323252382,0.3072618849178452
3598,0.3827228580831005,0.30898113006698535,0.3082960118499141
3599,0.16670441080177892,0.2676931959484664,0.5656023932497546
3600,0.3561915167821526,0.32718496879303405,0.31662351442481335
3601,0.37803484326348374,0.2825340161321356,0.3394311406043805
3602,0.1943766088078282,0.26006696187291595,0.5455564293192557
3603,0.33761294376300943,0.31292626843031346,0.34946078780667705
3604,0.16872244863135213,0.27216507229447917,0.5591124790741687
3605,0.24212397468158753,0.2630646895192163,0.49481133579919623
3606,0.1615442484496727,0.24227410804592928,0.5961816435043981
3607,0.3188701618403246,0.29564397493710753,0.38548586322256795
3608,0.29474738784166354,0.2872187943473684,0.41803381781096793
3609,0.34355978810923854,0.30829082303190325,0.34814938885885816
3610,0.19678186923798033,0.2571097906928061,0.5461083400692136
3611,0.11908964600440314,0.22139356009766153,0.6595167938979354
3612,0.1408794585533648,0.21867839531266914,0.640442146133966
3613,0.23897870510580782,0.27776229604798613,0.48325899884620616
3614,0.3136138414062743,0.28952663687026675,0.39685952172345884
3615,0.19243275820706945,0.2684931959190105,0.53907404587392
3616,0.21609365899047953,0.2580653287561343,0.5258410122533862
3617,0.16175534211466755,0.227869707682958,0.6103749502023745
3618,0.2600138945814652,0.3041792557620038,0.43580684965653094
3619,0.31846375948774064,0.2898790741547679,0.3916571663574916
3620,0.29116861668205174,0.2892183126691872,0.4196130706487611
3621,0.30079497268783073,0.30065917864378877,0.3985458486683805
3622,0.4114388404363814,0.28613749687037426,0.3024236626932444
3623,0.28115475937266726,0.30395646137030613,0.41488877925702666
3624,0.13690920042932558,0.21987658161416532,0.643214217956509
3625,0.1028397655470591,0.20800276813569166,0.6891574663172492
3626,0.33529798511442593,0.29323462568915803,0.371467389196416
3627,0.17165664691025564,0.26945803537855134,0.558885317711193
3628,0.3364344204566926,0.2932004299473791,0.37036514959592826
3629,0.18478807823360327,0.24848585625619518,0.5667260655102015
3630,0.2614496407741444,0.29979678529349385,0.4387535739323617
3631,0.2212688468149385,0.2651526013175857,0.5135785518674758
3632,0.2795468779837275,0.26349316857861216,0.4569599534376603
3633,0.4631852991718831,0.2784662537246938,0.2583484471034231
3634,0.19261561544095973,0.2775357437145244,0.5298486408445159
3635,0.1757019395948819,0.256335777680594,0.5679622827245241
3636,0.23296124878113042,0.2970547494206065,0.4699840017982631
3637,0.26766928318758654,0.29951685263247574,0.43281386417993767
3638,0.2539378467286746,0.29550846245473855,0.45055369081658686
3639,0.1268466787264742,0.23112235255711874,0.6420309687164071
3640,0.10597777105797396,0.18305294588111556,0.7109692830609105
3641,0.2605077588983551,0.2972746994425041,0.4422175416591407
3642,0.16648022551670444,0.2744338705454931,0.5590859039378024
3643,0.1767611368686295,0.26428081143904414,0.5589580516923264
3644,0.23956596102085073,0.2723448737949911,0.4880891651841581
3645,0.2191461288991274,0.24550196394420878,0.5353519071566638
3646,0.3065746809078648,0.2851408004991006,0.40828451859303455
3647,0.24339758962405536,0.2747524859267805,0.4818499244491641
3648,0.3944177345229221,0.29088560545543457,0.3146966600216432
3649,0.25740352928449595,0.2595143814559722,0.4830820892595319
3650,0.211211910384139,0.24933711632244163,0.5394509732934193
3651,0.2863457146056826,0.28980320187559416,0.4238510835187232
3652,0.2904180264130516,0.29102163610631826,0.41856033748063026
3653,0.3357130756115445,0.2920835630445191,0.37220336134393645
3654,0.19948187611568122,0.30643572584021983,0.4940823980440991
3655,0.4177150679770739,0.3158205187618101,0.2664644132611161
3656,0.30801200233880677,0.28550071312005526,0.406487284541138
3657,0.11428460489594086,0.20183853071235103,0.6838768643917081
3658,0.19411955649154666,0.2472670390928759,0.5586134044155774
3659,0.24072500203024244,0.2649628515738044,0.4943121463959532
3660,0.25842104494576207,0.2822285289723665,0.4593504260818715
3661,0.3879875609505315,0.30219701428023665,0.3098154247692319
3662,0.15332844731706136,0.23232086251931222,0.6143506901636264
3663,0.12746351057524963,0.20365371462684437,0.668882774797906
3664,0.21440072578903346,0.2663759392064493,0.5192233350045173
3665,0.1623028744183673,0.23568557209903943,0.6020115534825933
3666,0.4065474953707243,0.29892853684098597,0.29452396778828965
3667,0.2957833857135997,0.27610828832248885,0.4281083259639114
3668,0.18502012048675973,0.26319506025846623,0.5517848192547741
3669,0.16777678381245417,0.2588903104430342,0.5733329057445117
3670,0.25453538652005175,0.2839606779826693,0.4615039354972791
3671,0.13441041391272276,0.22199123961340053,0.6435983464738767
3672,0.15821704280986879,0.2738165174979641,0.5679664396921672
3673,0.07289862208612702,0.17714637132248043,0.7499550065913926
3674,0.412620429330487,0.29017053155521433,0.2972090391142987
3675,0.3035439330259318,0.31109532406223434,0.38536074291183375
3676,0.2800175433537194,0.26704783940926946,0.4529346172370111
3677,0.31048796496883246,0.28800761067574565,0.4015044243554219
3678,0.3363582129278777,0.3025348151446841,0.3611069719274381
3679,0.4546668204409037,0.293189591852476,0.25214358770662026
3680,0.20902326083708114,0.2583038382703305,0.5326729008925883
3681,0.22142965777659382,0.2821280844674064,0.49644225775599965
3682,0.23420405491097784,0.2693271226836095,0.49646882240541274
3683,0.18545758757828099,0.24629866720585258,0.5682437452158664
3684,0.2879567840172352,0.2714707399992511,0.4405724759835137
3685,0.3243127335492284,0.31126653085173767,0.36442073559903393
3686,0.1201539882992597,0.21520231992017544,0.6646436917805649
3687,0.14193901745692214,0.22178560479998213,0.6362753777430957
3688,0.37401555996564495,0.30726811392524706,0.31871632610910794
3689,0.1526164854187692,0.2506286065406654,0.5967549080405654
3690,0.28183402797666374,0.27462682634189606,0.44353914568144026
3691,0.13575916211763034,0.2145455256879502,0.6496953121944194
3692,0.33405985088420487,0.2705838211215113,0.3953563279942839
3693,0.09531590180688929,0.18285693575315864,0.721827162439952
3694,0.3688746193477804,0.30314006922885667,0.3279853114233629
3695,0.3067058803988538,0.3073677413721113,0.38592637822903475
3696,0.3187472624113372,0.3361420315200865,0.3451107060685763
3697,0.1700242817761787,0.2586925176168969,0.5712832006069244
3698,0.159622378423154,0.21837794859052384,0.6219996729863222
3699,0.2540313868098401,0.32332038078373226,0.4226482324064275
3700,0.2719355531843543,0.31241019483188465,0.41565425198376116
3701,0.17265930267440288,0.2335234108977764,0.5938172864278207
3702,0.1250435071078918,0.20430484144142566,0.6706516514506825
3703,0.26881807219308795,0.26493128134481736,0.46625064646209474
3704,0.16594115397704653,0.2349643611208453,0.5990944849021081
3705,0.24188374445356373,0.2987937170032693,0.459322538543167
3706,0.15191007355209687,0.23314214961630916,0.614947776831594
3707,0.4563423179065371,0.3043516260577663,0.23930605603569666
3708,0.43525470974878105,0.2830868909377622,0.28165839931345665
3709,0.40163248820437514,0.2933536449492151,0.30501386684640974
3710,0.1985256441309596,0.25015318960075744,0.5513211662682831
3711,0.262246008047965,0.3057988697611957,0.43195512219083937
3712,0.20787044696950777,0.2798920359473709,0.5122375170831214
3713,0.21185630219155294,0.2801176593385776,0.5080260384698695
3714,0.3095997609538744,0.28373414765726324,0.4066660913888622
3715,0.05433599746170581,0.15718487399924372,0.7884791285390503
3716,0.2159749182780419,0.25562287223074526,0.5284022094912129
3717,0.2878895038717773,0.30878563552559973,0.4033248606026229
3718,0.41028974122417916,0.28554309294169855,0.3041671658341223
3719,0.21336029382630994,0.26318465323659923,0.5234550529370908
3720,0.15007717802433224,0.23844227303519258,0.6114805489404751
3721,0.1255535983232732,0.21799937335302147,0.6564470283237053
3722,0.16569922724385122,0.2897327190024312,0.5445680537537175
3723,0.14201734466597768,0.2520235739725537,0.6059590813614686
3724,0.34305579376589773,0.2667231564163256,0.3902210498177766
3725,0.1839243213728301,0.2574317007445357,0.5586439778826342
3726,0.4759102407399135,0.30224619526714375,0.22184356399294264
3727,0.15871505189736582,0.23268627974988546,0.6085986683527487
3728,0.21108875111503747,0.2840705630644728,0.5048406858204897
3729,0.21445828783754625,0.2938782405299347,0.491663471632519
3730,0.2161220585254063,0.2680653507592838,0.5158125907153098
3731,0.10109203401881157,0.22052535846234667,0.6783826075188417
3732,0.34734707358264433,0.3138359230071452,0.3388170034102105
3733,0.3001417896760802,0.2954198178413046,0.4044383924826152
3734,0.1315679864239086,0.22557970879806247,0.6428523047780289
3735,0.4468052171417716,0.27792764823331567,0.27526713462491276
3736,0.23521228025482532,0.25570074918031893,0.5090869705648557
3737,0.14027477043543554,0.2319127043214968,0.6278125252430676
3738,0.29163869833766537,0.2791601314127291,0.42920117024960547
3739,0.32645724360335143,0.3050077346441356,0.368535021752513
3740,0.2798038627672619,0.27594832813892817,0.4442478090938099
3741,0.05358393955868258,0.15603622292007696,0.7903798375212405
3742,0.15381985956140068,0.282965035580006,0.5632151048585934
3743,0.3900434626132842,0.307735574742394,0.3022209626443217
3744,0.2746926624307121,0.2826443298806981,0.4426630076885898
3745,0.44895707718771366,0.28536788529965,0.2656750375126364
3746,0.29311462560595847,0.28598378510448413,0.42090158928955734
3747,0.26617943438093256,0.2732717443615688,0.4605488212574987
3748,0.381848682522503,0.2916359631508193,0.3265153543266778
3749,0.13201319159232258,0.23919376924832642,0.628793039159351
3750,0.2551234321058313,0.28217785810364726,0.46269870979052136
3751,0.2142144566580661,0.2520504291658629,0.533735114176071
3752,0.2574307295265758,0.30303168582848194,0.43953758464494225
3753,0.11816672382684427,0.20572341458603682,0.6761098615871189
3754,0.13298578062467337,0.21458958985887022,0.6524246295164564
3755,0.14514548617087822,0.2582313102308508,0.5966232035982709
3756,0.0964336177259687,0.20801695819212526,0.695549424081906
3757,0.19461790093606626,0.25185840150884103,0.5535236975550927
3758,0.3081512104838441,0.30112061578863325,0.39072817372752267
3759,0.37105067543115927,0.3085362493232101,0.32041307524563073
3760,0.1971631934623066,0.2557478538027762,0.5470889527349172
3761,0.2578170074840328,0.28215944432800194,0.4600235481879653
3762,0.3336902703998718,0.31462473895014204,0.35168499064998604
3763,0.21213888679009016,0.28309696847569743,0.5047641447342124
3764,0.28419171791847814,0.27691386982213984,0.4388944122593821
3765,0.38533354593382024,0.2828012142522883,0.33186523981389143
3766,0.2855342943811814,0.2734179670557136,0.441047738563105
3767,0.17239386235643556,0.2595061600539135,0.5680999775896509
3768,0.10907178127496825,0.23107793863468334,0.6598502800903484
3769,0.191370964190655,0.3002358202615481,0.5083932155477968
3770,0.12213600786332773,0.22036097527108112,0.6575030168655911
3771,0.2626350807102399,0.29302322683596455,0.4443416924537956
3772,0.14746516097014725,0.2414337813410084,0.6111010576888445
3773,0.1262905014975499,0.21515683778913738,0.6585526607133126
3774,0.16207266450055288,0.2260318606149311,0.611895474884516
3775,0.43569153462803606,0.28243438894384904,0.2818740764281149
3776,0.14914450788367362,0.2377458272160907,0.6131096649002357
3777,0.49305757181901133,0.2916574296878923,0.2152849984930964
3778,0.1468685174157268,0.2844518356486345,0.5686796469356387
3779,0.29341979130484486,0.29266733115102167,0.41391287754413353
3780,0.356975518031549,0.27632588482190523,0.36669859714654585
3781,0.3959153800810414,0.2774947397935492,0.3265898801254094
3782,0.1396994504498905,0.24257819165617003,0.6177223578939396
3783,0.18447145386774372,0.24807520302971414,0.567453343102542
3784,0.31994285257080574,0.2705690960971222,0.409488051332072
3785,0.5214176709667049,0.28061744637669145,0.19796488265660359
3786,0.11270839979023053,0.2339699247615465,0.653321675448223
3787,0.1416490962986828,0.25513340763926073,0.6032174960620564
3788,0.24735460158547481,0.2912248507576075,0.4614205476569177
3789,0.07436847870804669,0.18116632704438737,0.7444651942475659
3790,0.16451109637917039,0.2631858447175153,0.5723030589033142
3791,0.20671616035838974,0.302266156146534,0.49101768349507624
3792,0.34552528514145747,0.313627988268008,0.3408467265905346
3793,0.19298788654797971,0.26100353432536494,0.5460085791266553
3794,0.2073183299579116,0.25758865151115007,0.5350930185309384
3795,0.21470851381134115,0.2710977513393886,0.5141937348492702
3796,0.2890119797839913,0.315604394627228,0.3953836255887807
3797,0.28194128105488353,0.2976594326233789,0.42039928632173756
3798,0.28481432968858167,0.3007253237402015,0.4144603465712167
3799,0.2694100505490164,0.3433774310592849,0.38721251839169873
3800,0.09531688085776398,0.20611111460314185,0.6985720045390941
3801,0.19883727084054628,0.25230938516168244,0.5488533439977713
3802,0.27766295700420107,0.3108635208748135,0.41147352212098537
3803,0.23753848253041962,0.267733943382908,0.49472757408667234
3804,0.27255153220581396,0.2910379503906588,0.43641051740352726
3805,0.16170807706999346,0.23347230552478337,0.6048196174052232
3806,0.18354643572140616,0.24494973611607077,0.5715038281625231
3807,0.13847866348941162,0.24407663349196956,0.6174447030186189
3808,0.22601260939321333,0.2544021279042562,0.5195852627025305
3809,0.15989118184251422,0.23930990730929383,0.6007989108481919
3810,0.25287280641002197,0.27389383881331747,0.47323335477666045
3811,0.22349249406503283,0.2999516031690065,0.47655590276596066
3812,0.2642003415735922,0.3030169282307832,0.43278273019562463
3813,0.205770717640939,0.24637117372760323,0.5478581086314578
3814,0.31596336594554153,0.31176754799828144,0.3722690860561771
3815,0.3889279332735035,0.30036347326226936,0.3107085934642272
3816,0.34056758644740975,0.29305893114911996,0.3663734824034703
3817,0.32819999407189626,0.31704918680817323,0.35475081911993056
3818,0.2668444669636542,0.2972029141478505,0.43595261888849535
3819,0.35117544962467223,0.2890550421430628,0.35976950823226495
3820,0.2549996367469377,0.33344979922012863,0.41155056403293355
3821,0.2442775071169222,0.2633851428525504,0.4923373500305276
3822,0.15427461681336027,0.24711201114954398,0.5986133720370957
3823,0.2725957975431832,0.2964899843356763,0.43091421812114045
3824,0.2053622410433352,0.2592427057831065,0.5353950531735583
3825,0.18099515631667387,0.29046290369263444,0.5285419399906917
3826,0.2546145477304033,0.2814449608084848,0.46394049146111177
3827,0.12233533739251815,0.20576389916893575,0.6719007634385461
3828,0.20207518075621494,0.2437715094834815,0.5541533097603035
3829,0.2397077054948314,0.288579221591168,0.4717130729140005
3830,0.1352056563787544,0.24044922932525367,0.6243451142959919
3831,0.21300208875867432,0.2795147003297302,0.5074832109115955
3832,0.2739064446104517,0.2686317413587316,0.45746181403081665
3833,0.21612831029061805,0.26050576607876985,0.5233659236306122
3834,0.2991453627064519,0.2984208713040135,0.4024337659895346
3835,0.2459098768073534,0.28436146758660474,0.4697286556060417
3836,0.41946545768730586,0.28529072833253677,0.29524381398015725
3837,0.19910545025564366,0.2410216717645524,0.5598728779798039
3838,0.2295676019520614,0.30425821239299866,0.46617418565494
3839,0.2581969348371011,0.2733866584100943,0.46841640675280466
3840,0.14627882210317955,0.21437714373540134,0.6393440341614192
3841,0.2376913184360311,0.27974847315008633,0.4825602084138824
3842,0.32153519707911954,0.28775168083375463,0.39071312208712583
3843,0.18672151662626105,0.2589106598221171,0.554367823551622
3844,0.31237977791772015,0.3215752586746261,0.3660449634076538
3845,0.10501493066078842,0.21602040835106517,0.6789646609881465
3846,0.29839709647845075,0.2931889109424311,0.40841399257911815
3847,0.24278139924920847,0.25721472043508786,0.5000038803157036
3848,0.19828548551594144,0.27090439985272485,0.5308101146313338
3849,0.3151589405613166,0.27431188554831515,0.41052917389036825
3850,0.1249458892122268,0.2321263794674083,0.6429277313203648
3851,0.08904644323541142,0.19234264795682277,0.7186109088077658
3852,0.2623224019118853,0.2768238958087449,0.46085370227936995
3853,0.2406497706257061,0.28393597728849557,0.4754142520857983
3854,0.28842067758162976,0.29462379953052414,0.4169555228878461
3855,0.23347049040048704,0.2809200009511558,0.4856095086483571
3856,0.2441775162317495,0.2904421670533711,0.4653803167148794
3857,0.14290690675869505,0.21924613924151548,0.6378469539997895
3858,0.301452080647805,0.32284163215533274,0.3757062871968622
3859,0.2501126265918871,0.26566533290780475,0.484222040500308
3860,0.3396081953147527,0.31465420884895606,0.3457375958362912
3861,0.28958211208350065,0.30061733417839825,0.40980055373810104
3862,0.2993786147496287,0.29910143041216464,0.4015199548382067
3863,0.39700220203657277,0.30305417503178994,0.29994362293163723
3864,0.17895110310250062,0.2526583677631157,0.5683905291343837
3865,0.39261905409143294,0.29789020107360703,0.3094907448349601
3866,0.2352132532107528,0.2719781073220054,0.4928086394672419
3867,0.3165984134759379,0.26673793671849094,0.4166636498055712
3868,0.19352106484529602,0.27470896095551967,0.5317699741991843
3869,0.20172215330526228,0.24104223386097084,0.5572356128337669
3870,0.17359767926115272,0.2530383003665397,0.5733640203723076
3871,0.19725219391474702,0.26395615697367447,0.5387916491115784
3872,0.16358049199214367,0.2621718779898694,0.5742476300179868
3873,0.16410950062781487,0.230661414101185,0.6052290852710001
3874,0.31121319064575126,0.2996333775629729,0.38915343179127576
3875,0.13298458696952165,0.22296082248006507,0.6440545905504134
3876,0.29450430431707525,0.29053785351776207,0.41495784216516274
3877,0.2346995105835582,0.2908937907718356,0.4744066986446062
3878,0.16620793602377418,0.2241741041704894,0.6096179598057363
3879,0.14307487419831222,0.22615174541296407,0.6307733803887238
3880,0.3165865248747819,0.2802700683588451,0.403143406766373
3881,0.25084939356834274,0.2887692673646128,0.46038133906704454
3882,0.3144589118005992,0.3174185442701245,0.3681225439292762
3883,0.3402106197721369,0.2728387377462033,0.3869506424816598
3884,0.15152995887035034,0.2418658555138333,0.6066041856158164
3885,0.2478441743632292,0.2783899969683361,0.47376582866843475
3886,0.2297849844929459,0.27622967006614485,0.4939853454409092
3887,0.07094105732749316,0.16673926775004425,0.7623196749224626
3888,0.32914599494630203,0.3009525569335968,0.3699014481201013
3889,0.3258728506036503,0.29738704143659467,0.37674010795975504
3890,0.14204748124895233,0.2361022458068084,0.6218502729442392
3891,0.2817892103919498,0.28901916777023207,0.42919162183781817
3892,0.19148392210918308,0.2839570133281988,0.5245590645626181
3893,0.23815551898100748,0.2600260453497608,0.5018184356692317
3894,0.2814266874109011,0.2901730108670713,0.42840030172202764
3895,0.14194536321193785,0.22431673266138208,0.6337379041266801
3896,0.33996604260983354,0.2756694435401133,0.3843645138500532
3897,0.19506789441619657,0.2741114814003849,0.5308206241834186
3898,0.38242296585028485,0.2956320001724921,0.3219450339772231
3899,0.30686632178804174,0.28794030085889444,0.4051933773530638
3900,0.2206234012299445,0.2548060254478017,0.5245705733222538
3901,0.26463828699283853,0.25418092488081595,0.48118078812634557
3902,0.4828266743780871,0.2914246045099018,0.22574872111201114
3903,0.21598648857284236,0.28101454569915046,0.5029989657280072
3904,0.17729186873122083,0.23636353957120632,0.5863445916975728
3905,0.4368773059167787,0.2812212429129862,0.2819014511702351
3906,0.3124986395216131,0.30333238645998106,0.38416897401840583
3907,0.25369961385177503,0.27615247722360725,0.4701479089246178
3908,0.29025133293527233,0.2940392804804099,0.4157093865843178
3909,0.23775830885300797,0.25404903262722983,0.5081926585197623
3910,0.13329855997095955,0.228680903177344,0.6380205368516965
3911,0.26088838862170405,0.30078003177380713,0.43833157960448876
3912,0.3096952109462259,0.29928751571930046,0.3910172733344737
3913,0.12563838982194506,0.20796104426368697,0.666400565914368
3914,0.14379696566580752,0.2554678325087444,0.6007352018254482
3915,0.35195339069105347,0.2883789556549086,0.35966765365403786
3916,0.19681114274381148,0.253558160666452,0.5496306965897365
3917,0.3124290042068634,0.29314699533265304,0.3944240004604835
3918,0.277841344942425,0.3341524253957378,0.3880062296618371
3919,0.2810358215638969,0.26472746526298224,0.454236713173121
3920,0.30298502944837197,0.2966676702930161,0.400347300258612
3921,0.20966867990663227,0.2696498865043315,0.5206814335890362
3922,0.1411925061458042,0.24183625876547354,0.6169712350887223
3923,0.21423383296463744,0.2706617403670296,0.5151044266683329
3924,0.3487575612564875,0.2794955608889413,0.37174687785457117
3925,0.13845881924882739,0.2277426067973797,0.6337985739537929
3926,0.11638733512540705,0.19491324395407064,0.6886994209205224
3927,0.27041429769883196,0.2925541537662241,0.43703154853494397
3928,0.1870638311774249,0.24565065643598272,0.5672855123865924
3929,0.22553728886402896,0.2839439972785579,0.490518713857413
3930,0.3098008841557363,0.31626162425445364,0.3739374915898101
3931,0.1825706281700186,0.24783094313066234,0.569598428699319
3932,0.3052594256540228,0.28790326661873217,0.4068373077272449
3933,0.17055218707442732,0.2785023900337876,0.550945422891785
3934,0.23078290574569307,0.2789339198464167,0.49028317440789027
3935,0.24876154430649328,0.2501833915031339,0.5010550641903728
3936,0.2291123585556761,0.27948666547924256,0.49140097596508137
3937,0.20337200208759465,0.25665448441295896,0.5399735134994463
3938,0.24715579232728674,0.2841947676620891,0.4686494400106241
3939,0.14851462904522394,0.2365517810044607,0.6149335899503154
3940,0.1619576528235519,0.27409299309741164,0.5639493540790363
3941,0.21973790169495466,0.27991200305365643,0.500350095251389
3942,0.1502461778167522,0.24578366740729923,0.6039701547759486
3943,0.1640337838762314,0.23429943812175388,0.6016667780020146
3944,0.16879010530821031,0.2376362378260257,0.593573656865764
3945,0.2934670528778716,0.2756698460545568,0.4308631010675716
3946,0.39941407833273584,0.30565732096311005,0.294928600704154
3947,0.1270971378635664,0.2052911363511315,0.667611725785302
3948,0.15165684395022688,0.2534867051609769,0.5948564508887961
3949,0.3247048460425653,0.2995567363330627,0.37573841762437205
3950,0.3041199995149994,0.2930157268681705,0.40286427361683014
3951,0.26150425541064515,0.2695040624776784,0.4689916821116765
3952,0.2906242701687969,0.27308577492051017,0.43628995491069295
3953,0.18782292914131873,0.2730923878558576,0.5390846830028238
3954,0.36934253200422373,0.3229613352620831,0.3076961327336931
3955,0.36260850923103005,0.2977542098620942,0.33963728090687567
3956,0.4218867351511279,0.2852239365156873,0.2928893283331849
3957,0.1748790038280227,0.2724313972196982,0.5526895989522791
3958,0.14358285437275334,0.23000189444922509,0.6264152511780215
3959,0.14796865985037988,0.2780895215879711,0.5739418185616489
3960,0.14514124689102956,0.2363664049112741,0.6184923481976964
3961,0.20837164563192206,0.2656944623841346,0.5259338919839434
3962,0.26942436544488596,0.3057380417517887,0.4248375928033252
3963,0.15324079768667714,0.2198463688689004,0.6269128334444224
3964,0.4543417204008606,0.27655368920219475,0.2691045903969445
3965,0.0896939404323746,0.19876502749743105,0.7115410320701943
3966,0.32723877676111013,0.3208194594243177,0.3519417638145722
3967,0.3217016294851854,0.29348303394276626,0.3848153365720483
3968,0.339066076194401,0.2881043525626745,0.37282957124292443
3969,0.20044388435141372,0.2780791930331804,0.5214769226154059
3970,0.2981404509883981,0.28702413011706773,0.4148354188945341
3971,0.24312610320858094,0.261436826957228,0.4954370698341911
3972,0.39378345173861906,0.31098579573025603,0.29523075253112485
3973,0.2549065755295542,0.26693517164723723,0.4781582528232086
3974,0.3474606970331785,0.2966377557206425,0.35590154724617895
3975,0.3535004410204231,0.3289479840595546,0.3175515749200223
3976,0.3240962706835821,0.2992358116146341,0.3766679177017839
3977,0.19671167189585495,0.24620380413661386,0.5570845239675312
3978,0.16020176563384717,0.26743152449903423,0.5723667098671186
3979,0.25302350702610316,0.2897240035819819,0.4572524893919148
3980,0.13616457643595423,0.2429733020137045,0.6208621215503413
3981,0.26879696919558155,0.2557173246635028,0.4754857061409158
3982,0.18039722515023082,0.23761541181955909,0.5819873630302101
3983,0.18217339061629076,0.2494672783521656,0.5683593310315437
3984,0.117005858201966,0.24240702237498346,0.6405871194230506
3985,0.12898029470258474,0.20772630791707258,0.6632933973803427
3986,0.1941046467051615,0.2878381413010584,0.5180572119937801
3987,0.21761113551175618,0.26655472791920554,0.5158341365690383
3988,0.3164972019308405,0.30702315650336454,0.376479641565795
3989,0.36716383182113976,0.2799446613737953,0.35289150680506504
3990,0.11944549861425954,0.20000586817012472,0.6805486332156157
3991,0.2819602959747088,0.3146043386940582,0.40343536533123303
3992,0.38610241771055276,0.2881068984707133,0.32579068381873405
3993,0.33204618557880894,0.3051744344592407,0.3627793799619503
3994,0.4376139880668994,0.2864520210527902,0.2759339908803103
3995,0.35046805582760737,0.3024711338359158,0.34706081033647684
3996,0.2938603400865141,0.29858424354432334,0.4075554163691626
3997,0.2045254141355101,0.26578046535766636,0.5296941205068235
3998,0.16160505386702206,0.2732689395473816,0.5651260065855963
3999,0.1989623814402851,0.27735707633095524,0.5236805422287596
4000,0.37965282588633265,0.27824994758688404,0.34209722652678326
4001,0.1666652794616368,0.2521173102858405,0.5812174102525227
4002,0.09900094883735404,0.19236252412059174,0.7086365270420542
4003,0.25820987103160564,0.2565957026619466,0.4851944263064477
4004,0.1326365698815438,0.23064976932512932,0.6367136607933268
4005,0.07493146084600527,0.18589000427988212,0.7391785348741127
4006,0.19197763306538584,0.24875681509666298,0.5592655518379511
4007,0.2242173822867709,0.2708548339110071,0.5049277838022219
4008,0.3292147673134329,0.2826821755300489,0.38810305715651827
4009,0.18837868116234063,0.25272399862437034,0.558897320213289
4010,0.1846990774968705,0.25198370696890865,0.5633172155342208
4011,0.3456197262789858,0.3039016313192988,0.3504786424017154
4012,0.18185117844519955,0.2525843615415799,0.5655644600132206
4013,0.2647768556681968,0.27165302280206044,0.46357012152974275
4014,0.20179664946424744,0.24684382312357334,0.5513595274121792
4015,0.2936459653768356,0.31314345673660987,0.3932105778865545
4016,0.1786063418718462,0.25973159155469283,0.561662066573461
4017,0.2254101836766025,0.27610282571237504,0.49848699061102236
4018,0.2356535036391235,0.2772304910086487,0.48711600535222777
4019,0.2823730421421137,0.2753169512214959,0.4423100066363904
4020,0.29198943424438745,0.27917856307151234,0.42883200268410016
4021,0.23794934219947617,0.27325450345256747,0.48879615434795637
4022,0.1938540354581326,0.24688093100202033,0.5592650335398471
4023,0.0940210703300196,0.2246204266943209,0.6813585029756595
4024,0.4050502054166427,0.26937780092168584,0.3255719936616714
4025,0.2985884781608702,0.3053617204380782,0.39604980140105156
4026,0.20800924037651564,0.24515927755083058,0.5468314820726538
4027,0.23871700135870205,0.277386031807146,0.48389696683415184
4028,0.34401966352573615,0.30071495842829005,0.3552653780459738
4029,0.3591076964519769,0.30753833182142143,0.33335397172660164
4030,0.1527376317900284,0.23920864214495477,0.6080537260650167
4031,0.2468225856985212,0.2800955133690874,0.47308190093239144
4032,0.19968207291761683,0.24932868269839445,0.5509892443839887
4033,0.23158392947701345,0.26103035770218525,0.5073857128208012
4034,0.33354256182073777,0.29052038390525686,0.37593705427400537
4035,0.3138045880537484,0.28380281140940294,0.4023926005368487
4036,0.1809439099634603,0.25359883659140314,0.5654572534451365
4037,0.23924958353884443,0.27931948121829003,0.4814309352428655
4038,0.1525579669198029,0.23804186842607664,0.6094001646541205
4039,0.12370712650788418,0.24418981900354658,0.6321030544885693
4040,0.21729924394101344,0.2633653882915284,0.5193353677674581
4041,0.34521680259569965,0.2735008839423628,0.3812823134619375
4042,0.2775287287258956,0.2965169264536438,0.42595434482046063
4043,0.24806179838255624,0.297028484458988,0.4549097171584558
4044,0.45846188057691467,0.29053217224882405,0.25100594717426117
4045,0.1822365171478407,0.26887214018116873,0.5488913426709906
4046,0.24533847634050593,0.28428136816002514,0.470380155499469
4047,0.3173895064252313,0.293168978792104,0.38944151478266475
4048,0.14301275910931927,0.23715168700320852,0.6198355538874721
4049,0.2113849613066379,0.2670389207349101,0.521576117958452
4050,0.29126369297788657,0.254446609004812,0.4542896980173014
4051,0.3002198474913524,0.3013213002649617,0.398458852243686
4052,0.2459897614621401,0.23901783907606527,0.5149923994617946
4053,0.26029167706864265,0.2864813884245004,0.45322693450685697
4054,0.0929338833528242,0.19507388393436667,0.7119922327128091
4055,0.22855389393008516,0.30408093382520185,0.46736517224471313
4056,0.09081184368326477,0.1829833922926343,0.726204764024101
4057,0.12805063227733218,0.22444885573519363,0.6475005119874742
4058,0.22676147512464884,0.26016635725087806,0.513072167624473
4059,0.22834140597949246,0.261915951181895,0.5097426428386125
4060,0.46074189371275637,0.27227494869209834,0.26698315759514524
4061,0.32924535790639087,0.28027848183309007,0.3904761602605191
4062,0.32033908038216136,0.27613142513913774,0.40352949447870085
4063,0.28491785546739673,0.2787647845043971,0.4363173600282062
4064,0.33246043196693253,0.27374039427639585,0.3937991737566716
4065,0.36197019347399184,0.3111902872131529,0.32683951931285515
4066,0.17028113314179763,0.25845255043863696,0.5712663164195655
4067,0.3270785347255803,0.30282834061194935,0.37009312466247035
4068,0.20233309109487474,0.24352176564554667,0.5541451432595786
4069,0.3027914157015808,0.2850379221517945,0.4121706621466247
4070,0.2241353071257413,0.28367920546407543,0.49218548741018336
4071,0.2744831453718133,0.2704636465892684,0.45505320803891824
4072,0.18505216007935243,0.2753397878114856,0.539608052109162
4073,0.13916165007448972,0.2260963291377691,0.6347420207877411
4074,0.11803391003953728,0.2501355650181567,0.6318305249423061
4075,0.16671529285829725,0.271434896414451,0.5618498107272517
4076,0.21331330077638475,0.24057616359340928,0.5461105356302061
4077,0.14785509757043142,0.23410790362858916,0.6180369988009794
4078,0.5068803589763063,0.2670649671454873,0.22605467387820627
4079,0.12118242470009992,0.21955963977965226,0.6592579355202478
4080,0.19542100253636574,0.2723414647989204,0.5322375326647137
4081,0.1708712327984522,0.25537465541562293,0.5737541117859248
4082,0.22921160239678876,0.300643018694508,0.4701453789087032
4083,0.13691939457759936,0.23718409544020155,0.6258965099821991
4084,0.2717286846082594,0.2799002813920861,0.44837103399965456
4085,0.30704321467466344,0.29892253319437934,0.39403425213095716
4086,0.3106569658807943,0.25172733700414596,0.4376156971150599
4087,0.17332127102820588,0.2562032648871555,0.5704754640846386
4088,0.39409681235402266,0.27137753667541425,0.3345256509705632
4089,0.1125347347393205,0.23730495338559354,0.6501603118750859
4090,0.2217008897065283,0.24977291470930016,0.5285261955841716
4091,0.1663300122462378,0.24021864233720627,0.5934513454165559
4092,0.22750488869150418,0.2743073766759348,0.4981877346325611
4093,0.15924491797535795,0.26858170822056576,0.5721733738040763
4094,0.10174964548504262,0.21448557471631072,0.6837647797986467
4095,0.12598891686593253,0.23578139674362986,0.6382296863904376
4096,0.3317788559225502,0.2560939363079304,0.4121272077695195
4097,0.26583937153173415,0.30125662556218896,0.432904002906077
4098,0.1393557901611679,0.22678467484265127,0.6338595349961808
4099,0.4170597048392128,0.29340742116492907,0.28953287399585825
4100,0.12631714571774896,0.24950607136587355,0.6241767829163775
4101,0.18816190473597585,0.26661585898236373,0.5452222362816603
4102,0.26699835081276324,0.3055347026182952,0.42746694656894146
4103,0.20229284598508013,0.2747953263428186,0.5229118276721013
4104,0.34450925598042115,0.308236113261804,0.3472546307577748
4105,0.21140551864470375,0.2744077094171743,0.514186771938122
4106,0.42951857257460097,0.319015853136712,0.25146557428868715
4107,0.15509738680686883,0.24712048023534483,0.5977821329577864
4108,0.16233523249079793,0.26387528198168997,0.5737894855275122
4109,0.1807143476511833,0.25223748753272107,0.5670481648160957
4110,0.27809701560771743,0.29028043680135324,0.43162254759092944
4111,0.2852280748589168,0.2748613283160081,0.43991059682507505
4112,0.322444591369378,0.29199826577472715,0.3855571428558949
4113,0.34913743628893595,0.2832686413798683,0.36759392233119575
4114,0.23165954777832318,0.27655811089730487,0.49178234132437193
4115,0.22143279408459488,0.3002629218130183,0.47830428410238673
4116,0.24091561681884305,0.2569311034162317,0.5021532797649252
4117,0.21100225540496498,0.253428121485843,0.535569623109192
4118,0.295213825972344,0.30049826298877796,0.40428791103887807
4119,0.253934241426768,0.307390545387946,0.4386752131852859
4120,0.28039577777482694,0.30841243493233667,0.41119178729283645
4121,0.24603443187792973,0.31408389682046084,0.43988167130160954
4122,0.25320205164186493,0.2760900025296481,0.470707945828487
4123,0.22217842856175563,0.3182861990821685,0.45953537235607583
4124,0.33184178026612016,0.30951131952937894,0.3586469002045008
4125,0.1795114105665593,0.23936173185300738,0.5811268575804333
4126,0.14593598728893334,0.2570950609331533,0.5969689517779133
4127,0.21609754241623216,0.25101579859066914,0.5328866589930987
4128,0.18473176863549354,0.24783356101492088,0.5674346703495856
4129,0.12909411083280536,0.23428244483474375,0.636623444332451
4130,0.3432172068592163,0.2724597697552435,0.38432302338554025
4131,0.28532926983387374,0.27977565613128363,0.4348950740348426
4132,0.2570437049098718,0.27772369337349245,0.4652326017166357
4133,0.16721778322706482,0.23571042080481971,0.5970717959681154
4134,0.18621900329964003,0.2524272617269156,0.5613537349734444
4135,0.23967404396327618,0.30428354414522996,0.4560424118914939
4136,0.2157774740337089,0.2594580864771915,0.5247644394890997
4137,0.3239316384644914,0.284818450413632,0.3912499111218765
4138,0.21861831363142212,0.2863774600350604,0.49500422633351737
4139,0.16106465135104192,0.248298992836772,0.5906363558121861
4140,0.16522472255658463,0.26244916226277665,0.5723261151806387
4141,0.10969298656874897,0.24311832510827147,0.6471886883229795
4142,0.1846884617456388,0.28738025261514605,0.5279312856392152
4143,0.1807276070966921,0.31495942574328517,0.5043129671600228
4144,0.4824464627221272,0.30278917717705506,0.21476436010081768
4145,0.3769604934462209,0.3052001289235375,0.3178393776302416
4146,0.282176758965242,0.29055770186558555,0.4272655391691723
4147,0.20436643727372103,0.2684055644862979,0.5272279982399811
4148,0.2744651663332761,0.3007546814599667,0.4247801522067573
4149,0.27448680104001805,0.2819629113510874,0.44355028760889453
4150,0.2914553409530568,0.2731330103804153,0.4354116486665278
4151,0.2101886685865639,0.296467672687465,0.4933436587259711
4152,0.2721401547226835,0.263969462422028,0.4638903828552885
4153,0.26154990254792365,0.2989386785965975,0.43951141885547873
4154,0.4342582524054905,0.29625961607041096,0.26948213152409856
4155,0.06564146887935406,0.16780718623450153,0.7665513448861443
4156,0.14370980150596596,0.23949348250581548,0.6167967159882185
4157,0.3194585701695848,0.2884057873808113,0.39213564244960386
4158,0.180524492677944,0.23427293917721348,0.5852025681448425
4159,0.22999554304322817,0.30701049760683413,0.46299395934993764
4160,0.1498853162071755,0.23946016740217085,0.6106545163906537
4161,0.14495261649656288,0.2812514596103158,0.5737959238931213
4162,0.1495910736667898,0.23328524176222587,0.6171236845709843
4163,0.3500171890990717,0.3088725902564404,0.341110220644488
4164,0.182969007028968,0.2795176438753522,0.5375133490956798
4165,0.18178611986963042,0.3088115068828243,0.5094023732475452
4166,0.11716252154399963,0.2560362471853495,0.6268012312706508
4167,0.17437309670895548,0.26298987336890245,0.5626370299221422
4168,0.1591653011996114,0.25865703537910495,0.5821776634212836
4169,0.21547697276758462,0.270091347179193,0.5144316800532224
4170,0.40982804162981484,0.31357870680476757,0.27659325156541764
4171,0.4000853454004015,0.31238983912803703,0.2875248154715615
4172,0.40606908760393645,0.30175300101523606,0.2921779113808275
4173,0.3035043553014388,0.29150273753544076,0.4049929071631204
4174,0.23279801376974477,0.2886763278766892,0.47852565835356603
4175,0.21724731151067408,0.27415045735490007,0.5086022311344258
4176,0.2745829051225501,0.29187750529328566,0.4335395895841642
4177,0.3095458037971431,0.2891459348698794,0.4013082613329776
4178,0.3336360500924277,0.2784723038857191,0.38789164602185316
4179,0.18876087325995056,0.26378798858292557,0.5474511381571239
4180,0.1582015396140815,0.24865731790651846,0.5931411424794001
4181,0.24035511417079183,0.25509280651038446,0.5045520793188237
4182,0.21005672740254966,0.26757245093156606,0.5223708216658842
4183,0.2049472844235307,0.27919714631699194,0.5158555692594774
4184,0.3394326613172228,0.3027347494653118,0.35783258921746536
4185,0.26952404949826847,0.31576359235428664,0.4147123581474449
4186,0.3052613648762606,0.3114533634719548,0.38328527165178466
4187,0.27854669225332357,0.27683455457092115,0.4446187531757554
4188,0.3626363200056808,0.32043008142205237,0.3169335985722669
4189,0.3068514825468061,0.28761104830227985,0.40553746915091404
4190,0.20440138608776834,0.27906471409348144,0.5165338998187502
4191,0.2134891368163202,0.24746537809189406,0.5390454850917857
4192,0.14815766665087887,0.2057566535456559,0.6460856798034652
4193,0.19689967050944962,0.2935369873409781,0.5095633421495723
4194,0.3641010433209436,0.32881225913122203,0.3070866975478343
4195,0.154439360819112,0.2696903879195398,0.5758702512613482
4196,0.1683474965128486,0.2523869716075698,0.5792655318795816
4197,0.2025807456767494,0.2918212327380341,0.5055980215852164
4198,0.20646404664052603,0.2616269216043604,0.5319090317551136
4199,0.21257358423552136,0.2809604856254675,0.5064659301390111
4200,0.17850731912727555,0.24280272823635893,0.5786899526363655
4201,0.16492583193411905,0.25117028663361285,0.5839038814322681
4202,0.25143119575523937,0.31996230780748164,0.428606496437279
4203,0.21174596395705345,0.2763453159599494,0.5119087200829971
4204,0.24741402374544363,0.2934741798270045,0.4591117964275518
4205,0.2983459320938631,0.28951831416857593,0.4121357537375609
4206,0.15979684047466094,0.24959023050800824,0.5906129290173309
4207,0.2450538862784044,0.24623420074215768,0.508711912979438
4208,0.3458580411843845,0.29671871840185077,0.3574232404137647
4209,0.3075045949143387,0.31300681290723587,0.37948859217842557
4210,0.170105648777346,0.24529542415688316,0.5845989270657709
4211,0.2705161561133776,0.28815754312018055,0.4413263007664418
4212,0.22493668327116953,0.27416446319241833,0.5008988535364121
4213,0.23485897093350622,0.2745867361576173,0.49055429290887653
4214,0.35549300374522275,0.2864452470524493,0.358061749202328
4215,0.13582432733690808,0.2196812124804035,0.6444944601826883
4216,0.32081486846640855,0.2895499069931001,0.3896352245404914
4217,0.31446402306011745,0.2895338749287875,0.3960021020110951
4218,0.2622314891545659,0.29298219323338237,0.4447863176120517
4219,0.234711798005548,0.3184381024065194,0.4468500995879326
4220,0.16678870256904862,0.23494872137339048,0.5982625760575608
4221,0.30021815197197266,0.30761836863772024,0.39216347939030716
4222,0.1730899874419338,0.2633930530029501,0.5635169595551162
4223,0.3873987623647893,0.2899780491890163,0.3226231884461944
4224,0.1857823815427837,0.2743620720419262,0.5398555464152901
4225,0.30109024030611864,0.31364346449897607,0.38526629519490524
4226,0.22019759648345735,0.2822245165206188,0.49757788699592376
4227,0.16155701669573766,0.24752219832687922,0.5909207849773832
4228,0.26566453676664725,0.26509512883187364,0.46924033440147916
4229,0.23970275820405754,0.25151191847575766,0.5087853233201848
4230,0.2299805800245159,0.268598536540746,0.501420883434738
4231,0.20800838105601185,0.2462577381216563,0.5457338808223319
4232,0.25507711246077036,0.2850385388147698,0.45988434872445993
4233,0.3317859590731918,0.3128623271531087,0.35535171377369956
4234,0.16023864726712903,0.23834540622082273,0.6014159465120482
4235,0.2440466805162858,0.2964832844553658,0.4594700350283484
4236,0.14067055062611186,0.24799280003639723,0.6113366493374909
4237,0.3522656350209081,0.31842531982778965,0.3293090451513023
4238,0.36053285055984646,0.2920063883962444,0.34746076104390916
4239,0.2538403833134006,0.28948218854619956,0.4566774281403998
4240,0.20383623520861527,0.2887965152745917,0.5073672495167931
4241,0.26526914024696313,0.2917456046976853,0.44298525505535163
4242,0.23089160733665084,0.26941916430359353,0.4996892283597556
4243,0.21926984554519288,0.28340694309001413,0.49732321136479296
4244,0.3177871914341459,0.31021659488252024,0.37199621368333385
4245,0.24102712034447382,0.2517174067409122,0.507255472914614
4246,0.20295936687249538,0.25899057231895883,0.5380500608085459
4247,0.26724542543614155,0.2890461713758665,0.4437084031879919
4248,0.1982162480088545,0.2560187308797895,0.545765021111356
4249,0.16601374497062155,0.2366865598237597,0.5972996952056188
4250,0.18326527845907578,0.26333011983336263,0.5534046017075616
4251,0.18842227143573897,0.2820325662556841,0.529545162308577
4252,0.2547907872074437,0.28399156797508907,0.4612176448174673
4253,0.12270230823608112,0.2219974415300935,0.6553002502338254
4254,0.14289385217480602,0.22940063264409916,0.6277055151810947
4255,0.1838611884428021,0.26970775287873483,0.5464310586784631
4256,0.26358677347476356,0.2705485404027617,0.4658646861224748
4257,0.27654446961694096,0.3100954710660424,0.41336005931701675
4258,0.393200572810392,0.330321352711465,0.27647807447814304
4259,0.27674711003000135,0.31819409046370456,0.40505879950629403
4260,0.32686950494192046,0.31777633330756305,0.35535416175051654
4261,0.23977368583082534,0.2753743482966035,0.4848519658725712
4262,0.29230089796743475,0.2828070191179173,0.42489208291464803
4263,0.22944439380398607,0.2941760276220474,0.4763795785739665
4264,0.2684624417082877,0.300275741971728,0.4312618163199844
4265,0.2124638598806439,0.266285274403785,0.5212508657155711
4266,0.24558105283740583,0.2597063089531575,0.49471263820943673
4267,0.265262088716067,0.25252793873488305,0.4822099725490501
4268,0.1541153502790348,0.23944354880100532,0.60644110091996
4269,0.2094423729608006,0.23272944982026852,0.5578281772189309
4270,0.18777895700953798,0.2438057009664285,0.5684153420240335
4271,0.4042436000178948,0.3060219682633151,0.2897344317187902
4272,0.15132050073829403,0.24912384331506504,0.599555655946641
4273,0.16279636801735006,0.2622101932097461,0.5749934387729038
4274,0.3084395620093678,0.33189525504955386,0.35966518294107824
4275,0.2896420571219603,0.2968811964046837,0.41347674647335597
4276,0.19440896556945134,0.2932150421958155,0.5123759922347332
4277,0.3330568926083188,0.301168480707785,0.36577462668389615
4278,0.1745883322570022,0.2200834957274536,0.6053281720155441
4279,0.2176586090390894,0.25181682949873807,0.5305245614621725
4280,0.36506098156900096,0.3159370401588096,0.3190019782721895
4281,0.18835608442400187,0.27478175748066114,0.5368621580953369
4282,0.15173145347447672,0.23646774640020712,0.6118008001253161
4283,0.08675783692701357,0.21029287993139478,0.7029492831415918
4284,0.2191624111193925,0.2698590350106071,0.5109785538700004
4285,0.2756352788122615,0.26078168002391683,0.4635830411638216
4286,0.33081094742647815,0.2907397073184014,0.3784493452551206
4287,0.2112909633446495,0.2905490133049666,0.4981600233503839
4288,0.4230539748454979,0.2896331738599453,0.28731285129455697
4289,0.16148490467921572,0.20871680532723141,0.6297982899935528
4290,0.31514588977041275,0.3268813517796961,0.3579727584498911
4291,0.24018775189241842,0.274269593298404,0.48554265480917763
4292,0.2148894707379541,0.2751703991147318,0.5099401301473141
4293,0.20611788409180457,0.28360796917272996,0.5102741467354655
4294,0.2989855871069886,0.2895405734902574,0.41147383940275395
4295,0.3477302645310533,0.31199170768295964,0.34027802778598704
4296,0.11966159536773492,0.2557277701890038,0.6246106344432614
4297,0.145108267961665,0.22837434985121705,0.6265173821871178
4298,0.2114131244811434,0.24827417495879692,0.5403127005600596
4299,0.22893465268106364,0.2775946579844435,0.49347068933449306
4300,0.3225300789458806,0.3116485414931325,0.36582137956098687
4301,0.14800081859491643,0.2383632034576365,0.6136359779474471
4302,0.3308922074488094,0.28587995033919306,0.3832278422119976
4303,0.12509213852773232,0.21776592095125957,0.6571419405210082
4304,0.3170508483147634,0.3055012883757149,0.3774478633095218
4305,0.27258005936399643,0.28985411479387674,0.4375658258421267
4306,0.33379389423419703,0.28905539577565326,0.3771507099901496
4307,0.21703740186089052,0.273770733419666,0.5091918647194436
4308,0.2574174344455822,0.3065393004915328,0.43604326506288504
4309,0.15572548433637096,0.2576222945746126,0.5866522210890165
4310,0.14860064842607112,0.21056906063562209,0.6408302909383068
4311,0.3550989652552417,0.31901147761374576,0.3258895571310125
4312,0.19697075552952353,0.2809565941398292,0.5220726503306472
4313,0.374805235654892,0.3119833251708139,0.313211439174294
4314,0.10881417234306104,0.22255588532270643,0.6686299423342325
4315,0.21764871056502988,0.25420593661356666,0.5281453528214035
4316,0.21362609278009134,0.2313718008177794,0.5550021064021293
4317,0.15723386761835592,0.20936412014713943,0.6334020122345048
4318,0.3141334468966072,0.25382294391304877,0.432043609190344
4319,0.14279762826094683,0.2310361042392592,0.626166267499794
4320,0.3659222434268184,0.30936430791619657,0.324713448656985
4321,0.14309738282745188,0.23828383020161886,0.6186187869709292
4322,0.2772465189055978,0.30405749001703314,0.418695991077369
4323,0.24255970854561953,0.2867775027539777,0.47066278870040285
4324,0.2624742400163,0.2789977779807706,0.4585279820029295
4325,0.20027542247411187,0.26159973653785273,0.5381248409880354
4326,0.24366195324540352,0.262971187028729,0.4933668597258674
4327,0.08468161717768558,0.18483250166464849,0.730485881157666
4328,0.20457876918790788,0.24094449366515655,0.5544767371469355
4329,0.1487715169245095,0.2276213385236998,0.6236071445517907
4330,0.2231832384304389,0.31847539273897046,0.45834136883059073
4331,0.3640395454874918,0.30292866246473343,0.3330317920477748
4332,0.17561017924283617,0.24189578906573897,0.5824940316914249
4333,0.22944211257122826,0.24511004600905711,0.5254478414197146
4334,0.37149178594767196,0.2709066964592388,0.3576015175930891
4335,0.25132740658409636,0.28797470928265606,0.4606978841332475
4336,0.2913958546886338,0.30479491937697795,0.40380922593438817
4337,0.1654723326945491,0.22556284510625932,0.6089648221991916
4338,0.2761745180722099,0.2998473448720631,0.42397813705572707
4339,0.13011365708634792,0.21643722682248587,0.6534491160911663
4340,0.12384292704257258,0.2222982426819318,0.6538588302754955
4341,0.18481567500025056,0.25411655111552095,0.5610677738842285
4342,0.14163196525375812,0.22299056644427276,0.6353774683019691
4343,0.21539759507012293,0.2781584949214165,0.5064439100084606
4344,0.15423627882068883,0.2824395831718059,0.5633241380075052
4345,0.1847968872606368,0.2332268266492631,0.5819762860901001
4346,0.25154336189722676,0.27771022026002556,0.4707464178427476
4347,0.11723062941251601,0.2021661855241245,0.6806031850633595
4348,0.33525995767872213,0.28099332767887253,0.3837467146424054
4349,0.19989306653582226,0.25289522104119655,0.5472117124229812
4350,0.33086159987364666,0.2849147373795409,0.3842236627468124
4351,0.15416623359888565,0.21109576489843168,0.6347380015026827
4352,0.24853475034322392,0.29831029184361846,0.4531549578131576
4353,0.435796673880374,0.29319110319848785,0.2710122229211381
4354,0.36497818068424964,0.2996434846714843,0.33537833464426603
4355,0.436801724426895,0.3070893168905878,0.25610895868251715
4356,0.22635985829725142,0.2544665399572637,0.5191736017454849
4357,0.27478552077792895,0.2537884222662523,0.47142605695581874
4358,0.08636737895338482,0.1799208095531356,0.7337118114934795
4359,0.27771714970726763,0.2692783582901295,0.4530044920026028
4360,0.14902159889242822,0.2347474027562065,0.6162309983513653
4361,0.21060876862500102,0.24683966450591865,0.5425515668690803
4362,0.16392088017316733,0.24109176825645445,0.5949873515703782
4363,0.08727012727403337,0.1901279992216874,0.7226018735042793
4364,0.15970811458512016,0.2531213934086061,0.5871704920062738
4365,0.29913177966964666,0.30163235271749744,0.3992358676128559
4366,0.22098899217467965,0.2922465327438541,0.48676447508146625
4367,0.27609500355013833,0.296755930091699,0.42714906635816274
4368,0.2717381549598011,0.2528796745699826,0.4753821704702164
4369,0.44740886795854684,0.30828775895880084,0.24430337308265235
4370,0.3367012972297889,0.2928676369974827,0.37043106577272833
4371,0.2991284466850335,0.28888236808417067,0.4119891852307958
4372,0.18825793096821986,0.2666436262284674,0.5450984428033128
4373,0.1803789869464935,0.2376099487253026,0.5820110643282038
4374,0.27358085421141826,0.29027349990086376,0.436145645887718
4375,0.31246201139602076,0.2898436331438669,0.39769435546011234
4376,0.22776502677335428,0.2590591947988117,0.513175778427834
4377,0.1353264035959332,0.2134878478823594,0.6511857485217074
4378,0.28364638533343517,0.3127633302579828,0.40359028440858213
4379,0.28284178964217316,0.2616862709324158,0.455471939425411
4380,0.2435892956048214,0.2640962155555064,0.49231448883967216
4381,0.22120004275515762,0.2817411515552947,0.4970588056895476
4382,0.4187526765274945,0.3033589773190195,0.27788834615348607
4383,0.18852462845237555,0.27295749265157476,0.5385178788960497
4384,0.23184224122436775,0.25163769803726505,0.5165200607383673
4385,0.10814847223994763,0.190754635415764,0.7010968923442883
4386,0.23210176049847198,0.3037981768834863,0.4641000626180416
4387,0.1609070999979971,0.2500102938838974,0.5890826061181055
4388,0.1359292644244936,0.24349577162183716,0.6205749639536692
4389,0.22639603505073985,0.260098748361667,0.5135052165875932
4390,0.29166348032456046,0.29007866775251434,0.4182578519229252
4391,0.2346535907584056,0.2712225039600211,0.4941239052815732
4392,0.4211874710402339,0.2999321299221728,0.27888039903759326
4393,0.2397663755005258,0.27788459597895804,0.4823490285205162
4394,0.18841636731975583,0.24888950863685577,0.5626941240433884
4395,0.1649475237980287,0.2615122357910555,0.5735402404109158
4396,0.24365144834084485,0.2840406219547439,0.47230792970441116
4397,0.3497952307801262,0.2947382173396453,0.3554665518802286
4398,0.29376866945109137,0.29520177053489105,0.41102956001401764
4399,0.11343296620917782,0.2136740598243803,0.6728929739664419
4400,0.14868822841687984,0.2579803058709535,0.5933314657121667
4401,0.3185275573272716,0.3076736870853452,0.3737987555873831
4402,0.24739000027540922,0.2886562736902105,0.46395372603438023
4403,0.12751194142418326,0.20858428483238875,0.663903773743428
4404,0.12734168095704632,0.2166967328242972,0.6559615862186565
4405,0.24670306370490527,0.3013912217965636,0.4519057144985312
4406,0.15768501040088548,0.24493857700264401,0.5973764125964705
4407,0.2689771184735483,0.2839844213923214,0.4470384601341303
4408,0.2917478681815537,0.27024823027830847,0.43800390154013796
4409,0.23140008332305467,0.2624592339634018,0.5061406827135434
4410,0.27712813093518807,0.30249453293113854,0.42037733613367334
4411,0.2225935604544778,0.29413751629544665,0.4832689232500755
4412,0.13273533376786933,0.22478673875125307,0.6424779274808776
4413,0.27386326138094147,0.28224334938181456,0.44389338923724403
4414,0.3823669279028504,0.28108183532036024,0.3365512367767894
4415,0.3648326389387283,0.30318166354805776,0.3319856975132139
4416,0.2617872484785548,0.28664138206463735,0.45157136945680787
4417,0.29730794566625446,0.2830342677249217,0.4196577866088239
4418,0.3326832418793865,0.277850903389877,0.3894658547307365
4419,0.30432249477688017,0.297365916378686,0.3983115888444339
4420,0.22269321712592555,0.2894419176255865,0.487864865248488
4421,0.27661295836358696,0.31202465184884254,0.4113623897875706
4422,0.26254383223805655,0.27141495995197135,0.4660412078099721
4423,0.3471857075983491,0.3261709129278779,0.326643379473773
4424,0.1329709244088115,0.22489882750519624,0.6421302480859923
4425,0.23229082798424489,0.29694242726366704,0.4707667447520882
4426,0.30304421423264666,0.32162768677530923,0.3753280989920441
4427,0.10815763454134288,0.20505323022398078,0.6867891352346763
4428,0.29823123727702205,0.29167894593634963,0.4100898167866283
4429,0.2403867008111422,0.2657275812317566,0.49388571795710123
4430,0.14891852657929092,0.25990859969912694,0.5911728737215822
4431,0.1398759534801293,0.2337335581074168,0.6263904884124539
4432,0.14959263781522864,0.2285563525445193,0.6218510096402521
4433,0.248194873172246,0.29548214379451637,0.4563229830332377
4434,0.3510655580590833,0.28842363661933135,0.36051080532158525
4435,0.15293530817202922,0.2403866690626341,0.6066780227653367
4436,0.19110927745098175,0.2426871523308777,0.5662035702181405
4437,0.3332587209639968,0.275152687057387,0.39158859197861623
4438,0.3359263684262052,0.30354008476082056,0.36053354681297417
4439,0.33431261290195446,0.2917978954285707,0.3738894916694748
4440,0.2053439232605444,0.2621841875062009,0.5324718892332546
4441,0.2890117509975479,0.2818072645504985,0.42918098445195374
4442,0.3052133173719994,0.3107691348892226,0.3840175477387779
4443,0.1854621134668684,0.24868206382477037,0.5658558227083613
4444,0.15279639640428055,0.23891969678567068,0.6082839068100487
4445,0.133858312419178,0.2534784538766948,0.6126632337041272
4446,0.3005302158802391,0.27212564756050767,0.42734413655925324
4447,0.35051085615829464,0.30246846369941516,0.3470206801422901
4448,0.1041366730884821,0.19754430335809778,0.6983190235534201
4449,0.17315394232202508,0.25014861447372383,0.576697443204251
4450,0.19616430654768302,0.27287827431761785,0.5309574191346991
4451,0.2171144920159191,0.2879729825922761,0.49491252539180486
4452,0.1186023145482064,0.22276546183859672,0.658632223613197
4453,0.1714235976981021,0.24085158811561228,0.5877248141862856
4454,0.1675279672758507,0.23891594792176507,0.5935560848023842
4455,0.28433924751505435,0.27301352238749826,0.44264723009744744
4456,0.34727492381195,0.29875485824143655,0.3539702179466133
4457,0.3687200592080776,0.32760675661188376,0.30367318418003864
4458,0.13852198300152238,0.24234609169944749,0.6191319252990302
4459,0.37984865467389844,0.3177903916681821,0.3023609536579194
4460,0.2948466255897399,0.26389041039363725,0.4412629640166228
4461,0.3206662185769316,0.30261351054403013,0.37672027087903825
4462,0.36767904447056965,0.29322310816872726,0.339097847360703
4463,0.17049592188722795,0.24574430310892478,0.5837597750038473
4464,0.20973825926925505,0.2990314574390613,0.49123028329168356
4465,0.18646825220121224,0.23537665679484726,0.5781550910039405
4466,0.1937482326508525,0.254525617473396,0.5517261498757515
4467,0.24480084897045912,0.26557229238260077,0.48962685864694
4468,0.1385492527709923,0.2385718946682855,0.6228788525607222
4469,0.3031283404386016,0.2608370493615353,0.4360346101998632
4470,0.1078627845192424,0.21648677158799032,0.6756504438927673
4471,0.2416757791398626,0.2803629697834736,0.4779612510766639
4472,0.1638111920999175,0.2430985335643226,0.5930902743357599
4473,0.3009188924357095,0.2703806761230055,0.4287004314412851
4474,0.4529004268090272,0.2979954086553372,0.2491041645356355
4475,0.21413844954917163,0.2447826607792671,0.5410788896715613
4476,0.1923050260838745,0.2523636093695608,0.5553313645465646
4477,0.11929259820707666,0.23444034578914555,0.6462670560037778
4478,0.1397288287616129,0.2319737706675965,0.6282974005707905
4479,0.16595197650523663,0.241811323642646,0.5922366998521175
4480,0.28224932590878715,0.28221539633448595,0.4355352777567269
4481,0.308176445146772,0.3043247248993987,0.38749882995382934
4482,0.25439304704248816,0.30392132794585025,0.4416856250116615
4483,0.37531625129860385,0.3151370212992653,0.3095467274021308
4484,0.3043945455453033,0.2793691448874234,0.4162363095672732
4485,0.28608758620737124,0.26717110954795936,0.44674130424466946
4486,0.23910720192843674,0.2658542250703817,0.49503857300118154
4487,0.19703762509422804,0.23788055548888887,0.5650818194168832
4488,0.2454197836070786,0.27074027416106283,0.48383994223185867
4489,0.19896032621062557,0.25620831253377313,0.5448313612556014
4490,0.22016558149399598,0.2924319602847164,0.4874024582212875
4491,0.4295287806159223,0.2701016203226526,0.3003695990614251
4492,0.3867691243412539,0.29858984220401313,0.3146410334547329
4493,0.2867890661593942,0.27107387967876295,0.44213705416184285
4494,0.1292959184070947,0.23750456669182418,0.6331995149010811
4495,0.12307060028392962,0.2196702516613197,0.6572591480547507
4496,0.4371708508277386,0.26429543519605936,0.29853371397620215
4497,0.32297778918087366,0.2931443416806904,0.38387786913843586
4498,0.12566167737137648,0.23158153755658123,0.6427567850720421
4499,0.12211336109415194,0.2140550661612055,0.6638315727446426
4500,0.08263377034584998,0.1892863441283135,0.7280798855258365
4501,0.25909028182745697,0.27398664345483004,0.4669230747177129
4502,0.33030780343383526,0.25441803332340035,0.4152741632427644
4503,0.2335590044855307,0.2812737314087392,0.48516726410573
4504,0.14334740749477848,0.23127474321097594,0.6253778492942457
4505,0.3314243990238348,0.2900782508197086,0.3784973501564567
4506,0.14077092471015898,0.21297685609852585,0.6462522191913153
4507,0.1751391935956726,0.24727609842468773,0.5775847079796397
4508,0.3415953261728313,0.2838621017957763,0.37454257203139246
4509,0.19959494989300888,0.23377936636737218,0.566625683739619
4510,0.1773581664652073,0.24417682762605042,0.5784650059087423
4511,0.33857001663325187,0.3125434749339123,0.3488865084328358
4512,0.22384235288997817,0.28896980206378564,0.4871878450462362
4513,0.42669551995529187,0.29867263878648925,0.274631841258219
4514,0.412545845713027,0.28658234956145545,0.3008718047255176
4515,0.1684595616414168,0.23954532035768616,0.591995118000897
4516,0.33824772686731414,0.3143960619731877,0.34735621115949816
4517,0.33512399774316176,0.3102117585568335,0.35466424370000477
4518,0.36828617906352773,0.2764704104633098,0.35524341047316255
4519,0.54204952905258,0.26969197531209843,0.18825849563532157
4520,0.10397208625190026,0.25238417590127754,0.6436437378468223
4521,0.24920614415332257,0.26619200792454284,0.4846018479221346
4522,0.19803330907810843,0.23369876289733812,0.5682679280245534
4523,0.2204678250145099,0.27012217829978197,0.5094099966857081
4524,0.18276757585346926,0.23264553581530256,0.5845868883312282
4525,0.11292582680287798,0.19958452389087747,0.6874896493062446
4526,0.21272733797207083,0.2597779888908932,0.527494673137036
4527,0.21003878975487436,0.27970845125202226,0.5102527589931034
4528,0.15245906717182398,0.24287493263443605,0.60466600019374
4529,0.19077872590856623,0.27513747643569114,0.5340837976557425
4530,0.26132893102256766,0.2770469121568616,0.46162415682057073
4531,0.29897032307674054,0.3021394242592499,0.3988902526640095
4532,0.29931293068125453,0.26887390199650296,0.43181316732224256
4533,0.1508602895641949,0.2330291221077712,0.6161105883280338
4534,0.23784388510894908,0.3142039772045409,0.44795213768651
4535,0.29557858154874095,0.29091470482396076,0.41350671362729824
4536,0.26684574483069395,0.26232930443561175,0.4708249507336943
4537,0.2639173433527043,0.2755049938257458,0.4605776628215499
4538,0.3639743305289107,0.2859301892751482,0.35009548019594106
4539,0.16681219746964152,0.23159117154522285,0.6015966309851356
4540,0.2855119296208971,0.2677714558669007,0.4467166145122023
4541,0.41864584389880455,0.3159469641750515,0.26540719192614387
4542,0.13329900120399174,0.23951758205485388,0.6271834167411544
4543,0.2485554934780264,0.25015477712103906,0.5012897294009346
4544,0.4808836051378972,0.2676832137102,0.2514331811519028
4545,0.41620889678336354,0.3057620384525752,0.2780290647640613
4546,0.2448848983743184,0.29468825617290895,0.4604268454527727
4547,0.23652900892957904,0.2524248151703315,0.5110461759000895
4548,0.17993933684883595,0.24910703378043073,0.5709536293707334
4549,0.18449278836553415,0.26336892720649085,0.552138284427975
4550,0.17417434224785355,0.2586199859088679,0.5672056718432785
4551,0.14460348079960628,0.25108293447331986,0.6043135847270739
4552,0.2150738203822142,0.2663519386632109,0.5185742409545748
4553,0.3332912367114024,0.27847726320882554,0.3882315000797721
4554,0.12449564844903956,0.24639673772772297,0.6291076138232375
4555,0.2532734256910532,0.28346880584014383,0.4632577684688029
4556,0.25077802870586674,0.3027914898103603,0.4464304814837729
4557,0.2531246803137233,0.2760802415097349,0.47079507817654176
4558,0.10756855213543627,0.2182150203108212,0.6742164275537426
4559,0.2337882078839452,0.2729056909974152,0.4933061011186396
4560,0.17224792093325683,0.26127702835611494,0.5664750507106282
4561,0.23991345225819383,0.25470697990335006,0.5053795678384562
4562,0.27085101746476803,0.3185208450282541,0.4106281375069779
4563,0.1785329648179881,0.24979272570285768,0.5716743094791541
4564,0.22216669549737744,0.28107584341467695,0.49675746108794544
4565,0.23818461289173087,0.3233422040363651,0.43847318307190397
4566,0.23135946769011415,0.2713243238338183,0.4973162084760676
4567,0.28114270786870466,0.34388085494441184,0.37497643718688356
4568,0.22696926291028963,0.26052814263184404,0.5125025944578663
4569,0.2736735365055337,0.28775128665107025,0.438575176843396
4570,0.1672307819500757,0.23082272015417385,0.6019464978957504
4571,0.10846417029354863,0.24407543953058317,0.6474603901758682
4572,0.28353080798944935,0.27752331777877465,0.43894587423177595
4573,0.21207525327679463,0.27052385923733824,0.5174008874858672
4574,0.15913802456522513,0.24693147608475313,0.5939304993500217
4575,0.33649311918951014,0.2798537069214249,0.383653173889065
4576,0.3770971126698232,0.3078893649993079,0.31501352233086893
4577,0.33315725510484967,0.3029822715689812,0.3638604733261691
4578,0.24855030115717144,0.28915344794602366,0.4622962508968049
4579,0.3776822022484445,0.3183863666218349,0.3039314311297205
4580,0.24579646797534072,0.2668581390636136,0.48734539296104573
4581,0.17702647669382815,0.32199359959054635,0.5009799237156254
4582,0.20389835451935662,0.2571050042337452,0.5389966412468982
4583,0.24665891954295105,0.26283854103725424,0.4905025394197947
4584,0.32367368009231084,0.31500253612761564,0.36132378378007346
4585,0.20212051110635082,0.2663562281138648,0.5315232607797844
4586,0.21262683677290728,0.26582277693291545,0.5215503862941773
4587,0.25327948415250534,0.2703224783866647,0.4763980374608299
4588,0.23036168998706885,0.29731445125542527,0.4723238587575059
4589,0.24801749682513738,0.28025950294095014,0.47172300023391245
4590,0.16168469637789679,0.23918741580363842,0.5991278878184648
4591,0.2523084510937593,0.27814170222237206,0.46954984668386873
4592,0.25375743507149623,0.29358887645711684,0.4526536884713868
4593,0.171614876321561,0.2393562527054417,0.5890288709729974
4594,0.2587567259141471,0.29830201904216536,0.4429412550436876
4595,0.11945675939926481,0.24530089185618484,0.6352423487445504
4596,0.28082488702460073,0.28677673556356303,0.43239837741183623
4597,0.33022231565715576,0.28945262873942085,0.38032505560342345
4598,0.22575017295709116,0.2736481669534998,0.5006016600894091
4599,0.15915325049429901,0.2291959329466839,0.6116508165590171
4600,0.349211010911705,0.31370442512932445,0.3370845639589706
4601,0.3456455697812191,0.2837237766139976,0.37063065360478326
4602,0.25807963950983137,0.2613143461340091,0.4806060143561595
4603,0.3752802970780823,0.30219901163078317,0.32252069129113464
4604,0.1907723655781046,0.26585647148965846,0.5433711629322369
4605,0.20017709151389138,0.25830253218705185,0.5415203762990568
4606,0.30147721003767075,0.3174507809753898,0.38107200898693944
4607,0.22122080053481516,0.27613896915116354,0.5026402303140213
4608,0.22618291239876134,0.2730606592520383,0.5007564283492003
4609,0.1447486555631103,0.2547466450460188,0.6005046993908709
4610,0.2958436392637128,0.2677518089646407,0.4364045517716465
4611,0.2344252936344117,0.25002944139648575,0.5155452649691026
4612,0.368155411779938,0.27879391718081,0.353050671039252
4613,0.1653287615266963,0.2687109684501264,0.5659602700231773
4614,0.17753533487807782,0.2796821294303785,0.5427825356915437
4615,0.2332660908169693,0.2609963071593303,0.5057376020237003
4616,0.10935799258927582,0.2301803947680153,0.6604616126427088
4617,0.22760641336134377,0.262431923760912,0.5099616628777441
4618,0.2797767374204966,0.3083765458038529,0.4118467167756506
4619,0.2647398004751063,0.26985397664420596,0.4654062228806877
4620,0.2587676279223773,0.26675353360713633,0.47447883847048633
4621,0.2612264985342297,0.259010447003774,0.4797630544619963
4622,0.17478739867257062,0.23650407543214935,0.58870852589528
4623,0.34665526391146695,0.28718870558539816,0.3661560305031349
4624,0.20622895172492522,0.25410674522363924,0.5396643030514355
4625,0.36852437835118124,0.3176853266113472,0.3137902950374716
4626,0.337491805229126,0.31010180721894864,0.3524063875519255
4627,0.1987589759212769,0.2511700400647914,0.5500709840139317
4628,0.27209545005141605,0.2681456010415025,0.45975894890708147
4629,0.155157481686465,0.25377844853376713,0.5910640697797678
4630,0.2448267810794911,0.31482627931216156,0.4403469396083473
4631,0.3130274671984297,0.28853427123770714,0.39843826156386314
4632,0.23826138449306752,0.26425218360980707,0.4974864318971253
4633,0.14091234388160057,0.2505344778179412,0.6085531783004582
4634,0.3147715768543446,0.3092355557920565,0.3759928673535989
4635,0.24313924102308251,0.2921909527615801,0.4646698062153373
4636,0.14388445804328714,0.2583194819797267,0.5977960599769863
4637,0.21442454761984298,0.2500309521818521,0.5355445001983049
4638,0.27909412518990334,0.2823227705187686,0.438583104291328
4639,0.19189033689845314,0.23410270221149523,0.5740069608900517
4640,0.33713220832826607,0.2651136178203506,0.3977541738513834
4641,0.20463125715260722,0.26913667840667177,0.526232064440721
4642,0.21111002261154466,0.25457528986151556,0.5343146875269398
4643,0.1441904195459243,0.21252901182310516,0.6432805686309705
4644,0.32092130599865937,0.2916795185977839,0.38739917540355673
4645,0.3329259399686388,0.3124796260506744,0.35459443398068674
4646,0.2129939865247022,0.25708140946029095,0.5299246040150069
4647,0.20794808457763636,0.2574103928462968,0.5346415225760668
4648,0.16942227986682207,0.24873031632220555,0.5818474038109723
4649,0.2007417573495632,0.23771969575022975,0.5615385469002071
4650,0.20248739104972002,0.2567629774227348,0.5407496315275452
4651,0.24813079062113177,0.2668605927420636,0.48500861663680467
4652,0.2458837338866327,0.28401887597830033,0.47009739013506696
4653,0.1948700621866289,0.29529865410713446,0.5098312837062366
4654,0.4102356994999686,0.2891546809599128,0.3006096195401185
4655,0.19963078894598973,0.23975749761810947,0.5606117134359008
4656,0.20370521020760812,0.2763348387598563,0.5199599510325356
4657,0.17223099595045166,0.23738251929746884,0.5903864847520796
4658,0.24996539690070035,0.25617341951780004,0.49386118358149955
4659,0.2838660262059328,0.3003321175692985,0.41580185622476873
4660,0.1559991829810067,0.2244298366122767,0.6195709804067167
4661,0.2893483141641157,0.2730109290177062,0.43764075681817816
4662,0.41592621402303287,0.2773587052903439,0.3067150806866231
4663,0.25157951388809446,0.2634323119982688,0.4849881741136369
4664,0.16429044797441156,0.22710292465628482,0.6086066273693036
4665,0.14927433896771966,0.23040098061474115,0.6203246804175392
4666,0.33614874079149,0.3068410759589565,0.3570101832495535
4667,0.20927429563857794,0.2720723157932065,0.5186533885682155
4668,0.11466780958478674,0.20820879376569468,0.6771233966495186
4669,0.19453340219554957,0.25231953375475424,0.5531470640496962
4670,0.29343414732019163,0.3064121462814745,0.4001537063983339
4671,0.16458859649584326,0.24959582033239178,0.5858155831717651
4672,0.2683883171659836,0.2713658875337278,0.4602457953002886
4673,0.2567812536027396,0.25943859439018624,0.4837801520070742
4674,0.19792505199476207,0.2427486284275515,0.5593263195776864
4675,0.12259997945235136,0.20800836306530224,0.6693916574823463
4676,0.18764129301079577,0.2588495291400481,0.5535091778491561
4677,0.38098823264206133,0.28628837955101666,0.332723387806922
4678,0.2277550347046926,0.2751935005643112,0.49705146473099615
4679,0.21815216036912152,0.28628177904906565,0.4955660605818127
4680,0.17858282796248773,0.24219944333627566,0.5792177287012366
4681,0.19961890166746715,0.2737813038963553,0.5265997944361775
4682,0.2420179182802051,0.25949988281737757,0.49848219890241735
4683,0.13577873715537642,0.2599225283137073,0.6042987345309163
4684,0.28246971873115306,0.26134214101986253,0.4561881402489843
4685,0.4254278767255205,0.31431800778164315,0.26025411549283634
4686,0.11180643837069461,0.19747027014562302,0.6907232914836824
4687,0.19164584249169597,0.24487048002881287,0.5634836774794912
4688,0.2329293016199037,0.27610504056659174,0.49096565781350454
4689,0.2656673672387009,0.3154565917937134,0.4188760409675858
4690,0.26659870623430076,0.29340812244384945,0.4399931713218497
4691,0.16956060891681723,0.2563951934939022,0.5740441975892805
4692,0.29596033124822674,0.2854490228971779,0.4185906458545954
4693,0.1780903695113117,0.26171518721180476,0.5601944432768835
4694,0.11675978507388676,0.1965878245625227,0.6866523903635905
4695,0.2971998885606685,0.3215753180682444,0.38122479337108717
4696,0.15463814612776358,0.27302886559292644,0.57233298827931
4697,0.4780447747837229,0.29893703691632934,0.22301818829994774
4698,0.14636246292349217,0.24001894905348614,0.6136185880230217
4699,0.29064055003517225,0.2984530397136174,0.4109064102512104
4700,0.35591403965041424,0.3021085456343313,0.3419774147152545
4701,0.25788448160462674,0.3039571448684879,0.4381583735268853
4702,0.32781487624689326,0.3046398954622967,0.36754522829080993
4703,0.326315170463438,0.276148624414975,0.3975362051215869
4704,0.1666608399246633,0.23017313123039934,0.6031660288449373
4705,0.33263992933231906,0.2784861388745073,0.38887393179317364
4706,0.15266937676662287,0.23918131789582048,0.6081493053375566
4707,0.2795849470754568,0.31360052417302725,0.406814528751516
4708,0.16692423429543105,0.2276995609499574,0.6053762047546116
4709,0.2980151246885661,0.3098006754943871,0.3921841998170467
4710,0.11584383857523445,0.24139017646343375,0.6427659849613319
4711,0.13291807073390213,0.21644493395640976,0.6506369953096881
4712,0.23524528332521352,0.27531850292958293,0.4894362137452035
4713,0.12767613623453708,0.19395109673527844,0.6783727670301845
4714,0.15831599188578468,0.23592269430958743,0.6057613138046279
4715,0.131224997077874,0.23303307803163917,0.6357419248904869
4716,0.2527972774644666,0.25861723948197834,0.4885854830535549
4717,0.3806103456034285,0.3180117438479007,0.3013779105486709
4718,0.16952116950763796,0.24162627501192738,0.5888525554804346
4719,0.2400666429863092,0.2742509292860868,0.48568242772760395
4720,0.17005384190557915,0.27867091779771397,0.5512752402967069
4721,0.19813938269177434,0.25213227498555024,0.5497283423226754
4722,0.23165013273378604,0.26707882881920036,0.5012710384470135
4723,0.4196590052939163,0.2992919499941605,0.28104904471192316
4724,0.410735059008128,0.30836351713118987,0.280901423860682
4725,0.19373906572193658,0.2696937053462693,0.5365672289317941
4726,0.2078102393344084,0.26046723290274787,0.5317225277628438
4727,0.2629655609296779,0.29873408819380587,0.4383003508765163
4728,0.13523617244594024,0.24571956417503601,0.6190442633790237
4729,0.1809274780245185,0.2526251229628448,0.5664473990126367
4730,0.3603666151847097,0.3191804580503721,0.3204529267649181
4731,0.20861689526959848,0.23420925664486003,0.5571738480855415
4732,0.10845901828211751,0.22625177785309086,0.6652892038647916
4733,0.31318015915913433,0.2938144244197446,0.39300541642112113
4734,0.13039656346544765,0.24392690529526698,0.6256765312392852
4735,0.15643077394639476,0.22265960891090025,0.6209096171427049
4736,0.3966213069119286,0.29630396792676506,0.3070747251613064
4737,0.2853784017974795,0.28991190203605943,0.4247096961664612
4738,0.20752634245746182,0.25232482674640044,0.5401488307961377
4739,0.34605795674688666,0.32525832226758133,0.328683720985532
4740,0.18486437565055397,0.24675941430763398,0.568376210041812
4741,0.24832308683849147,0.29101071963609854,0.4606661935254099
4742,0.18800479057140557,0.23810941773954303,0.5738857916890514
4743,0.23678093884615872,0.2700816540446895,0.4931374071091518
4744,0.322622499241822,0.30659894407351296,0.370778556684665
4745,0.2415465661313336,0.3104308356461852,0.44802259822248114
4746,0.2536600078937618,0.28385375241864413,0.4624862396875941
4747,0.304074150723799,0.2936803214957108,0.4022455277804902
4748,0.28789283604976484,0.2990050109183908,0.41310215303184433
4749,0.20905461517560622,0.2760748407297988,0.514870544094595
4750,0.2216394342780399,0.2787600661349616,0.4996004995869986
4751,0.14928469390749696,0.25280924856493286,0.5979060575275702
4752,0.29961426092453297,0.28806840483314883,0.41231733424231815
4753,0.3041510017799542,0.31367602891427465,0.3821729693057711
4754,0.44631745671291384,0.2968069994215383,0.25687554386554784
4755,0.21313590786090347,0.2595421429632607,0.5273219491758359
4756,0.06506422512669334,0.1860853529567786,0.7488504219165281
4757,0.08978323855605638,0.18369505878860037,0.7265217026553432
4758,0.17563580697929645,0.2627441421795488,0.5616200508411547
4759,0.13759992778541894,0.24429790711624588,0.618102165098335
4760,0.19259493687704152,0.2874181757796455,0.519986887343313
4761,0.08987610394293728,0.19120262275863834,0.7189212732984243
4762,0.2986758373464987,0.28737423463790346,0.4139499280155977
4763,0.37323926183518913,0.3306202272356414,0.29614051092916954
4764,0.22549001903022498,0.28290935915407417,0.49160062181570086
4765,0.28354191262508655,0.26555301225025885,0.4509050751246546
4766,0.1904063123325635,0.24484776431890148,0.564745923348535
4767,0.2938992618766432,0.30181061901079664,0.4042901191125602
4768,0.26613465475261594,0.2815397248937929,0.45232562035359114
4769,0.29663945238547385,0.3090814527997874,0.3942790948147388
4770,0.12833464861897673,0.22989332783985814,0.6417720235411651
4771,0.25117716670584855,0.2798373196037304,0.468985513690421
4772,0.16920746401994288,0.26893461792863116,0.5618579180514259
4773,0.19293349610049038,0.26796182251303996,0.5391046813864696
4774,0.4884645691753473,0.28325266466651067,0.2282827661581421
4775,0.3112921927935298,0.31146491196593185,0.3772428952405383
4776,0.2480450896705443,0.3084495778641176,0.4435053324653381
4777,0.24961489756782249,0.2808096277759407,0.46957547465623695
4778,0.19517468698926582,0.3080206264054907,0.4968046866052434
4779,0.27142551585986485,0.2624637664457906,0.4661107176943445
4780,0.14885553142389946,0.23997286275686353,0.6111716058192369
4781,0.31622753943429277,0.3117642362467696,0.3720082243189377
4782,0.0846803251090427,0.17278113237496914,0.7425385425159882
4783,0.1091989854778037,0.21730491616588674,0.6734960983563096
4784,0.08042847459889182,0.20020095679437605,0.7193705686067322
4785,0.19529803546203317,0.2689384872312438,0.535763477306723
4786,0.3888208885695713,0.30648133929198257,0.3046977721384462
4787,0.13556344747093194,0.2192689012857304,0.6451676512433375
4788,0.3326001195990668,0.30482375873063616,0.36257612167029696
4789,0.35191682986463146,0.3275961237166009,0.32048704641876763
4790,0.31366049890930137,0.30771780737952803,0.37862169371117066
4791,0.19834403239584608,0.2697415309422716,0.5319144366618823
4792,0.36236239078181987,0.2869789186240243,0.3506586905941558
4793,0.34278365852290954,0.325845462243014,0.33137087923407654
4794,0.3172623972481498,0.31481189924821396,0.3679257035036363
4795,0.20257827145820267,0.2649755244401149,0.5324462041016824
4796,0.37188488043972234,0.29603020412553066,0.33208491543474705
4797,0.3427051843182174,0.3126428503931431,0.3446519652886395
4798,0.2428927411519331,0.28682613866966133,0.4702811201784056
4799,0.37930135490541245,0.3262238664174697,0.29447477867711785
4800,0.16150214752124972,0.2294395886473399,0.6090582638314104
4801,0.17205196863530683,0.24452078805125896,0.5834272433134342
4802,0.14141423011006324,0.21642637076932217,0.6421593991206146
4803,0.09170737576795818,0.20849316648805472,0.699799457743987
4804,0.3677176587956174,0.28974900091625627,0.3425333402881263
4805,0.23418832147592886,0.3018368710452245,0.4639748074788466
4806,0.19106704870470936,0.2659391152337014,0.5429938360615892
4807,0.2699151983540599,0.295585318785188,0.43449948286075213
4808,0.2792358765339091,0.30073981131530286,0.420024312150788
4809,0.3009903904754236,0.28563781526455634,0.4133717942600201
4810,0.14219604781678832,0.2587016624885301,0.5991022896946815
4811,0.2715769231181983,0.30817551824769457,0.4202475586341072
4812,0.206210206243151,0.24820727315059904,0.5455825206062499
4813,0.33622154687858913,0.3089960423781617,0.3547824107432492
4814,0.2888273927283387,0.31333250415593233,0.39784010311572904
4815,0.3623046508109608,0.28399869619552015,0.3536966529935191
4816,0.20348107577198166,0.25313470735223337,0.543384216875785
4817,0.3815541166020413,0.3070613423468462,0.31138454105111246
4818,0.26841932912291055,0.267795057871275,0.46378561300581433
4819,0.23243748777032666,0.2931212348816854,0.4744412773479879
4820,0.09777163238061971,0.21719649940595712,0.6850318682134231
4821,0.17382934414294685,0.26031978220865776,0.5658508736483954
4822,0.19722689111775998,0.26660852861109424,0.5361645802711458
4823,0.06344717702800395,0.1657658616871987,0.7707869612847973
4824,0.081947809005401,0.1748701867573892,0.7431820042372097
4825,0.296493852461896,0.2971565917386829,0.4063495557994211
4826,0.20210242125724084,0.2627120283278073,0.5351855504149517
4827,0.31081339436456057,0.2934619890994084,0.39572461653603097
4828,0.33549923177154145,0.29714498222399277,0.3673557860044658
4829,0.25054946141680134,0.30153471506849433,0.44791582351470444
4830,0.3062587204371701,0.2915652543678203,0.40217602519500956
4831,0.27415093937804663,0.3003874722018145,0.4254615884201388
4832,0.14664709431312128,0.22795744251625166,0.625395463170627
4833,0.34306150632333515,0.2796895926980209,0.37724890097864383
4834,0.20694473226950394,0.2693536278616641,0.5237016398688319
4835,0.1267937118018013,0.22910568105959223,0.6441006071386064
4836,0.23088744498731748,0.294078596182562,0.4750339588301205
4837,0.3616258169667551,0.2737726384614018,0.3646015445718431
4838,0.14944979640085773,0.2381837929642485,0.6123664106348938
4839,0.19119994943547186,0.23728506004910804,0.5715149905154202
4840,0.20415440519944394,0.2767846327516708,0.5190609620488853
4841,0.3253219442500483,0.28030281651857253,0.3943752392313792
4842,0.23908391883937835,0.2752670871788777,0.48564899398174394
4843,0.22288208370890508,0.2534909092490916,0.5236270070420033
4844,0.2051875018591403,0.2532211803397287,0.541591317801131
4845,0.22088409340301604,0.2745549875417139,0.50456091905527
4846,0.28402031249660104,0.2826635007012573,0.43331618680214173
4847,0.22050636843639126,0.24343941829813678,0.536054213265472
4848,0.4313244247398988,0.29400105926555925,0.2746745159945418
4849,0.4903095863676401,0.29735514044070516,0.2123352731916549
4850,0.2641168014295448,0.2649310076367223,0.470952190933733
4851,0.12455105249069473,0.22992071063103983,0.6455282368782655
4852,0.1655657106529332,0.24994758630467143,0.5844867030423954
4853,0.2700891283897405,0.29903536139131726,0.4308755102189422
4854,0.1567668570442856,0.23134912622584794,0.6118840167298664
4855,0.1778885553462452,0.24261117202051466,0.5795002726332401
4856,0.11312663163254622,0.2123453424359326,0.6745280259315213
4857,0.23998102533161533,0.26811936792157076,0.49189960674681404
4858,0.22588167251672558,0.2519933498969842,0.5221249775862903
4859,0.0628768164930343,0.17388930826878093,0.7632338752381846
4860,0.15673331397854637,0.22085274333709728,0.6224139426843563
4861,0.3155617833005735,0.29135078379140317,0.3930874329080234
4862,0.20590583133966,0.27533703464056825,0.5187571340197717
4863,0.2140485652980307,0.24585859367869575,0.5400928410232736
4864,0.5367322284791038,0.2742707642321791,0.188997007288717
4865,0.21981550847103148,0.24532391542240917,0.5348605761065593
4866,0.3192804966316384,0.3007924418590463,0.3799270615093153
4867,0.26117428896126577,0.2694672396262319,0.46935847141250236
4868,0.29223231657364684,0.25855144349091963,0.44921623993543347
4869,0.15560692079365224,0.28532104579163275,0.559072033414715
4870,0.2760715107103072,0.2584500700542533,0.4654784192354396
4871,0.3400775165108349,0.28327031196682334,0.37665217152234176
4872,0.37381186098324176,0.2964854183031636,0.3297027207135946
4873,0.2689197020884083,0.27256167909623696,0.4585186188153547
4874,0.2358589291812158,0.27726407671600417,0.4868769941027799
4875,0.07780447519555223,0.18235020978597105,0.7398453150184768
4876,0.3781939623597138,0.2794427484041295,0.3423632892361568
4877,0.1470099731134271,0.2311481103011558,0.6218419165854171
4878,0.26892623933276305,0.265426347579167,0.46564741308806984
4879,0.17241064792065064,0.24290342750720717,0.5846859245721422
4880,0.17832359219364655,0.24653553682905893,0.5751408709772946
4881,0.15254010917976735,0.23477860914607127,0.6126812816741614
4882,0.37775452209410854,0.2794782691997217,0.3427672087061699
4883,0.08417516277984137,0.2002115259945716,0.7156133112255871
4884,0.25231533774715476,0.26987149962536555,0.47781316262747964
4885,0.33614585511046036,0.2851325663792269,0.3787215785103127
4886,0.18968248247675157,0.2534127147534827,0.5569048027697657
4887,0.5837504137716265,0.2633281816459415,0.15292140458243192
4888,0.4965291536004552,0.2659298958425975,0.23754095055694718
4889,0.2549882404806707,0.28334151451565354,0.4616702450036758
4890,0.07798141748212378,0.1785633831069406,0.7434551994109356
4891,0.08932818156466384,0.19401858511529188,0.7166532333200444
4892,0.3690888895263699,0.26877232358890196,0.362138786884728
4893,0.24284717516214552,0.27650664269631947,0.4806461821415351
4894,0.3565293452513713,0.28433551734883206,0.3591351373997967
4895,0.4246583703864751,0.3003762095276662,0.2749654200858588
4896,0.16711957065920494,0.23675881311151878,0.5961216162292763
4897,0.23816277124797736,0.27763413044026497,0.4842030983117577
4898,0.2630973774791023,0.25636949806596715,0.48053312445493057
4899,0.14059868135029163,0.2300691508684628,0.6293321677812456
4900,0.09155259225545757,0.20866388812448383,0.6997835196200586
4901,0.13778866454299568,0.23017518419909017,0.6320361512579141
4902,0.20842630155269098,0.25284993135203465,0.5387237670952744
4903,0.1659767891239702,0.27978484558191297,0.5542383652941169
4904,0.3843360662438825,0.29980521767682866,0.31585871607928884
4905,0.15163688056546856,0.2419094453464281,0.6064536740881034
4906,0.12635531958231103,0.21972858709829593,0.653916093319393
4907,0.2020565028910035,0.2510299750784707,0.5469135220305258
4908,0.41008356966209414,0.2794494689509456,0.3104669613869602
4909,0.41925759257631384,0.2632447501052384,0.3174976573184477
4910,0.24099224554082618,0.27406032127548735,0.4849474331836864
4911,0.1900452592901713,0.24380753494583016,0.5661472057639986
4912,0.35280325765031006,0.27932902956348565,0.36786771278620434
4913,0.2612542775094474,0.2670389217267587,0.4717068007637939
4914,0.14354261013448366,0.2233572499784956,0.6331001398870209
4915,0.3483444764344406,0.2737170918551174,0.37793843171044195
4916,0.3926467768278164,0.2978867714322028,0.3094664517399808
4917,0.30922478465789105,0.27530802385595327,0.4154671914861557
4918,0.2316147948668817,0.27840376759179747,0.4899814375413209
4919,0.3382103147813355,0.27602055328174274,0.3857691319369217
4920,0.2752778816205151,0.2618625116633614,0.4628596067161235
4921,0.2503296003238534,0.29092906150418496,0.4587413381719616
4922,0.2533676314090527,0.2742868514458838,0.47234551714506345
4923,0.283389616738744,0.28444766254049875,0.43216272072075734
4924,0.09775666256556008,0.18323010995340164,0.7190132274810384
4925,0.22093587063306294,0.2668989352886457,0.5121651940782914
4926,0.41345221993009346,0.25915863425351676,0.32738914581638984
4927,0.08518903060885999,0.1912386029254458,0.7235723664656942
4928,0.2111489115954633,0.2718260736764849,0.5170250147280518
4929,0.29849315146691086,0.26931714579123506,0.4321897027418541
4930,0.24062580060671554,0.27466952869204897,0.48470467070123546
4931,0.13903249529986972,0.26711831494777705,0.5938491897523533
4932,0.46137871072707093,0.280366981949848,0.25825430732308097
4933,0.1547839499288426,0.2476361779244151,0.5975798721467424
4934,0.17933339145581154,0.22772005793314512,0.5929465506110433
4935,0.2167672083378607,0.2653908856606719,0.5178419060014673
4936,0.3702216521215186,0.2895533674947027,0.34022498038377874
4937,0.42235913514823564,0.2906330438772552,0.2870078209745091
4938,0.2671412873972763,0.26380112981870063,0.4690575827840231
4939,0.359273458950028,0.28828210110775826,0.3524444399422138
4940,0.268836285724731,0.2876706906174292,0.4434930236578398
4941,0.21156820274246116,0.24941528105167757,0.5390165162058612
4942,0.22672861009155973,0.2716591226636876,0.5016122672447526
4943,0.16103227293418074,0.23063632406491097,0.6083314030009083
4944,0.27460090535472387,0.31841723087526747,0.4069818637700086
4945,0.24826184668864218,0.2672044233176565,0.4845337299937014
4946,0.36418286491518526,0.28044499664961353,0.35537213843520116
4947,0.15770907095984185,0.23033136021945677,0.6119595688207013
4948,0.21839241441420917,0.2564434674254569,0.525164118160334
4949,0.2484314757825227,0.2675537649293202,0.4840147592881571
4950,0.12301069226304025,0.20303277589969632,0.6739565318372635
4951,0.3204458634349494,0.28531272577964073,0.39424141078540986
4952,0.24990162463922225,0.26320832204669586,0.48689005331408197
4953,0.32854795575029294,0.29487058640972424,0.3765814578399829
4954,0.1321743304455851,0.25774098922701755,0.6100846803273973
4955,0.24500754969072785,0.273658846722405,0.4813336035868672
4956,0.24167752899267428,0.2629970422321226,0.49532542877520314
4957,0.14046746313153596,0.23092551604760247,0.6286070208208615
4958,0.3556843585879942,0.2627094514548622,0.3816061899571437
4959,0.23911645282378793,0.3095398796715637,0.45134366750464844
4960,0.22053532547406077,0.253668728397726,0.5257959461282132
4961,0.2468748912080925,0.2590100569331565,0.494115051858751
4962,0.20825965664059956,0.26352343998360606,0.5282169033757944
4963,0.3047310766998871,0.30141229611707954,0.3938566271830333
4964,0.2277265539478239,0.28144472942337934,0.4908287166287968
4965,0.2313600375421712,0.24715903602394088,0.5214809264338879
4966,0.2359216729125332,0.2975373440437467,0.4665409830437202
4967,0.37067287582793323,0.3023337749337944,0.3269933492382724
4968,0.24531479365995237,0.25934765078864697,0.4953375555514007
4969,0.22321853797216257,0.25355567734092677,0.5232257846869106
4970,0.23464817489576528,0.2795920906464174,0.4857597344578172
4971,0.30494506912755337,0.3010787134531995,0.3939762174192471
4972,0.19980650770798009,0.2738293529615045,0.5263641393305154
4973,0.226753414976181,0.2640702142169991,0.5091763708068199
4974,0.17226255349748235,0.27273351950407565,0.5550039269984419
4975,0.22276783664035768,0.23379269620713247,0.5434394671525099
4976,0.1547532731597523,0.23969456345917003,0.6055521633810778
4977,0.24448883667420318,0.2829722468808924,0.4725389164449044
4978,0.18328878973467727,0.2515660026369702,0.5651452076283525
4979,0.17677248290694075,0.26562034801466594,0.5576071690783934
4980,0.17692270955420017,0.2278940034131914,0.5951832870326084
4981,0.3224717308836657,0.3050930733164524,0.37243519579988194
4982,0.4277498887984441,0.3174449670001038,0.2548051442014521
4983,0.16073142483425298,0.22750511610552565,0.6117634590602213
4984,0.21015818231264563,0.26035045399528833,0.5294913636920661
4985,0.2285765187304485,0.25663088762062863,0.5147925936489228
4986,0.27855714565283635,0.2569345311184238,0.4645083232287398
4987,0.13622536775382402,0.22089719605642244,0.6428774361897536
4988,0.31259807459885275,0.3095878142927364,0.37781411110841073
4989,0.237061331296217,0.2616261084842566,0.5013125602195264
4990,0.2678192253336423,0.2800372240226744,0.4521435506436834
4991,0.182392842823176,0.25307078898245794,0.564536368194366
4992,0.2684952373073335,0.2804366297600549,0.4510681329326116
4993,0.16924624276864625,0.24357880336567078,0.587174953865683
4994,0.2889303642354812,0.2949863388485252,0.41608329691599366
4995,0.16965057340505488,0.2531637023482765,0.5771857242466686
4996,0.17134460759532189,0.2402012434689519,0.5884541489357261
4997,0.3151989272550028,0.26907188084592065,0.41572919189907653
4998,0.2997805462609724,0.30249874229829266,0.39772071144073495
4999,0.1432944664162809,0.25954589379996956,0.5971596397837495
5000,0.21229580676407525,0.2406666463571,0.5470375468788248
5001,0.36919765653336056,0.30247175133506626,0.3283305921315731
5002,0.23018849841621702,0.2683057306704586,0.5015057709133244
5003,0.10108458771240476,0.19165882301785492,0.7072565892697403
5004,0.2836259158870174,0.29656650580590543,0.41980757830707705
5005,0.3466268530710897,0.26895623397652896,0.3844169129523813
5006,0.14107963373146046,0.20574565053695693,0.6531747157315826
5007,0.30272783821904664,0.2847078858418584,0.41256427593909495
5008,0.22324479730944602,0.3057903544702462,0.47096484822030776
5009,0.19828347413718408,0.2737747811989155,0.5279417446639004
5010,0.33249103458459106,0.3295864557468992,0.33792250966850973
5011,0.2679172200340256,0.2832168208560402,0.4488659591099341
5012,0.22684878560521915,0.2701839248381233,0.5029672895566575
5013,0.30264781433720106,0.26112834854616396,0.4362238371166349
5014,0.3664544907120556,0.31579425345564816,0.3177512558322962
5015,0.32844694361610566,0.2692015218496805,0.4023515345342138
5016,0.22803847228029933,0.24750663561544944,0.5244548921042512
5017,0.28945033425323735,0.302831521482868,0.40771814426389474
5018,0.18067811825739213,0.25791721504915194,0.5614046666934559
5019,0.22126077672440017,0.2869090500382179,0.4918301732373819
5020,0.233730370663744,0.2824934675825571,0.483776161753699
5021,0.16350776787815688,0.2304511824391636,0.6060410496826795
5022,0.27487423445762954,0.26839407017331507,0.4567316953690553
5023,0.2323505225666819,0.2564946742938408,0.5111548031394774
5024,0.42045453129738075,0.3008095800894108,0.2787358886132085
5025,0.11015070718413625,0.21248976118401444,0.6773595316318493
5026,0.2234667565779842,0.24061570053853235,0.5359175428834835
5027,0.34986408676148006,0.3154741132442173,0.3346617999943026
5028,0.3160088148023943,0.2667263765515265,0.4172648086460791
5029,0.3028564504725137,0.2757556609580694,0.4213878885694169
5030,0.2262583406569157,0.26332586825322524,0.5104157910898591
5031,0.11887978702401096,0.21773209865401033,0.6633881143219786
5032,0.31741833091887084,0.30080609132391956,0.3817755777572097
5033,0.2168920036919604,0.28602024105113927,0.4970877552569003
5034,0.19588670317764095,0.267254356946357,0.5368589398760021
5035,0.20751378016189395,0.2413110436093767,0.5511751762287294
5036,0.2412633190676665,0.27493452571108284,0.4838021552212506
5037,0.287821290496162,0.2789454609760923,0.4332332485277457
5038,0.2669044596031961,0.31396326611312814,0.4191322742836759
5039,0.24349639188534536,0.2741026383151242,0.4824009697995304
5040,0.24240003975290986,0.2746048336222143,0.48299512662487576
5041,0.18519516076856335,0.22835838562441796,0.5864464536070187
5042,0.14336060863099184,0.255926555636137,0.6007128357328713
5043,0.2574479178841163,0.2659498166469526,0.476602265468931
5044,0.4047756241653607,0.3253040935028356,0.2699202823318036
5045,0.20951258658878483,0.2866558294332747,0.5038315839779405
5046,0.3910448426038905,0.3038464911705362,0.30510866622557337
5047,0.31064413328797136,0.2822875215463407,0.4070683451656879
5048,0.22595741477970974,0.2564712050188834,0.5175713802014069
5049,0.2069592464231283,0.252194099476938,0.5408466540999337
5050,0.2700845208671683,0.2767732846724577,0.45314219446037407
5051,0.24011734579849414,0.2857303939264652,0.4741522602750407
5052,0.32944585569452184,0.2761356663919038,0.3944184779135745
5053,0.22293409653116952,0.26334760762282994,0.5137182958460006
5054,0.09491251384033134,0.19764643578241387,0.7074410503772548
5055,0.15044840671688445,0.26493341137290455,0.5846181819102111
5056,0.16747871754243193,0.24821663751223197,0.5843046449453361
5057,0.1425569932031498,0.2555558132281016,0.6018871935687486
5058,0.3088689695092501,0.2812766070281177,0.4098544234626323
5059,0.22893928584218196,0.24939352282530675,0.5216671913325113
5060,0.2308709586628798,0.28234490044866595,0.48678414088845423
5061,0.2378343649472982,0.2757377442445264,0.4864278908081754
5062,0.23614600991912968,0.2517317545970382,0.5121222354838321
5063,0.41325572946164757,0.3093124036761986,0.27743186686215376
5064,0.41857288937796355,0.2889912357887527,0.29243587483328376
5065,0.1032591132405485,0.1911122051902009,0.7056286815692506
5066,0.13350116400478357,0.2221607269461351,0.6443381090490814
5067,0.08554950257520413,0.18495356711636635,0.7294969303084295
5068,0.22171099141459832,0.2728724591587752,0.5054165494266265
5069,0.2282036956263916,0.23419171289915222,0.5376045914744562
5070,0.16510738523147928,0.2380761289546565,0.5968164858138642
5071,0.09471420672024568,0.1948007183485306,0.7104850749312237
5072,0.2454002826157552,0.2787190132391593,0.4758807041450855
5073,0.30461991064513005,0.30327059441834664,0.39210949493652336
5074,0.3509890789358565,0.3078240894261729,0.34118683163797064
5075,0.24307731355784895,0.2951267271153996,0.46179595932675144
5076,0.25714284630856177,0.29432536712939883,0.4485317865620394
5077,0.15136017059142062,0.2289592765285718,0.6196805528800077
5078,0.20804170381855924,0.27145262776799317,0.5205056684134475
5079,0.3032047781161888,0.29332683754420213,0.4034683843396092
5080,0.4631704455900294,0.30271223195502006,0.2341173224549506
5081,0.28098001380645,0.29047967868396996,0.42854030750958
5082,0.15277390494456886,0.24363541073008824,0.6035906843253429
5083,0.2255590130530741,0.2915527309628862,0.48288825598403956
5084,0.38435543465659666,0.29855182523477874,0.31709274010862465
5085,0.23751996594829916,0.24647561881550412,0.5160044152361967
5086,0.24544724044700075,0.26290884302130957,0.49164391653168976
5087,0.22860154676354463,0.27383782501238474,0.49756062822407066
5088,0.1840199713791679,0.23698324875618815,0.578996779864644
5089,0.11726088075117978,0.23034198132291248,0.6523971379259078
5090,0.20644296752715188,0.25982312295448984,0.5337339095183583
5091,0.1967264888545671,0.2574201243803143,0.5458533867651186
5092,0.17679937818513777,0.2689952850335656,0.5542053367812966
5093,0.25527793657166914,0.2778449661936984,0.4668770972346324
5094,0.31353155084674916,0.29997648803168275,0.38649196112156814
5095,0.40912740674823606,0.28810526460039065,0.30276732865137335
5096,0.28560367062718145,0.29667758628666324,0.41771874308615536
5097,0.23591959050989772,0.2711006344127568,0.4929797750773454
5098,0.23400624062095898,0.26929390082523336,0.4966998585538076
5099,0.3253393902505154,0.31309280242524384,0.3615678073242408
5100,0.22303833522293784,0.28278432903394063,0.4941773357431214
5101,0.11470710568628434,0.20415056697380526,0.6811423273399104
5102,0.25751394761775914,0.2687188116761167,0.47376724070612414
5103,0.24156871591958462,0.28220676199312794,0.47622452208728744
5104,0.22646253673390462,0.26730133586499677,0.5062361274010987
5105,0.303964556897535,0.2803296592589211,0.4157057838435438
5106,0.23086468776772204,0.2567176698550985,0.5124176423771795
5107,0.10828873421024746,0.22029084462874152,0.671420421161011
5108,0.29101182802039394,0.30546522554399935,0.4035229464356067
5109,0.2193649856761245,0.25809230982393877,0.5225427044999368
5110,0.2604564044976027,0.2648468145919656,0.4746967809104316
5111,0.22152459289804666,0.2847194093421006,0.4937559977598528
5112,0.05541834735310065,0.15652845096649656,0.7880532016804027
5113,0.249490715037042,0.279281245053857,0.4712280399091011
5114,0.24840839257997271,0.25946614876370727,0.49212545865632
5115,0.2977014940460664,0.2758724418798431,0.4264260640740905
5116,0.1697810171483177,0.25288465587511183,0.5773343269765704
5117,0.20280047012892705,0.23821338699103747,0.5589861428800356
5118,0.12613285622766204,0.2276984762729359,0.646168667499402
5119,0.16031192726691795,0.2746549523328874,0.5650331204001947
5120,0.23170625420913718,0.26890113711518165,0.49939260867568114
5121,0.2657023779262602,0.269304463578571,0.46499315849516876
5122,0.44802490811303913,0.2927131048896086,0.25926198699735226
5123,0.5648413003239292,0.27869716468723554,0.15646153498883528
5124,0.3041464896509929,0.29334905095598934,0.4025044593930178
5125,0.2396253510851551,0.27169219121293775,0.48868245770190727
5126,0.17684741575636592,0.2513491815412951,0.571803402702339
5127,0.18145524835375348,0.27014977754286307,0.5483949741033834
5128,0.1914165857186247,0.25035853525517027,0.5582248790262051
5129,0.15287026319809816,0.22354399660627536,0.6235857401956265
5130,0.29235711305739925,0.2831389359429073,0.42450395099969346
5131,0.19926005811316538,0.27487816232163376,0.5258617795652009
5132,0.2219723731573622,0.28069717723169957,0.49733044961093814
5133,0.19162533618494862,0.24802656182701488,0.5603481019880365
5134,0.1088980646735073,0.1976106912608112,0.6934912440656814
5135,0.3442856988981023,0.2855256514942348,0.3701886496076628
5136,0.09123903457935863,0.21376165878306808,0.6949993066375733
5137,0.281123731709073,0.2824686145425947,0.4364076537483323
5138,0.45154913825623055,0.30417297540524596,0.2442778863385234
5139,0.1941267340856442,0.27199138719386473,0.5338818787204911
5140,0.19301362437578706,0.26983079543675387,0.5371555801874591
5141,0.41646931516933744,0.28572817979148557,0.29780250503917693
5142,0.21521668085177145,0.2683738667163605,0.5164094524318681
5143,0.30807329839347153,0.30551026623047406,0.3864164353760543
