Id,A,D,H
3419,0.2090814487453904,0.27984121366144615,0.5110773375931634
3420,0.317412319668589,0.3117460803424514,0.3708415999889596
3421,0.1834779276071044,0.2304822751358052,0.5860397972570904
3422,0.25457934376032465,0.1854123960963039,0.5600082601433716
3423,0.12033295204488445,0.1824676910999,0.6971993568552156
3424,0.3682992181329708,0.15847240319731298,0.4732283786697163
3425,0.24126662970102006,0.2572572550418168,0.5014761152571632
3426,0.2641344768557175,0.11868637431977759,0.617179148824505
3427,0.203183143736406,0.2501066960745635,0.5467101601890304
3428,0.2730559076791969,0.21693209974725347,0.5100119925735496
3429,0.41377071053393805,0.308996187780384,0.27723310168567794
3430,0.18940375200680706,0.36220127617308484,0.4483949718201082
3431,0.08804452789066333,0.18076371826777587,0.7311917538415608
3432,0.3005363383854971,0.1797938951976599,0.519669766416843
3433,0.11591971739971288,0.30219490567704627,0.5818853769232408
3434,0.12681624598957122,0.2888889312307626,0.5842948227796662
3435,0.33195489636347575,0.4139682816152385,0.25407682202128573
3436,0.2370717635370739,0.2878976037894321,0.47503063267349416
3437,0.27487933969972583,0.27035746460070625,0.4547631956995679
3438,0.15880101432561242,0.1738505842773375,0.6673484013970501
3439,0.20540895485651078,0.21902163110307563,0.5755694140404136
3440,0.3982447769235371,0.3410706211335107,0.26068460194295223
3441,0.21542200539829937,0.22675538030441733,0.5578226142972833
3442,0.20560956351794085,0.21236416719928736,0.5820262692827718
3443,0.1858162658623718,0.31582857716407464,0.4983551569735535
3444,0.0783402350639553,0.14320762503111736,0.7784521399049273
3445,0.2519382235663361,0.25380734985685555,0.49425442657680846
3446,0.2463597105815032,0.32962449475216316,0.4240157946663337
3447,0.15393296053412248,0.35590469706644423,0.49016234239943324
3448,0.37490779653691264,0.2503931578149781,0.3746990456481092
3449,0.2064005506822473,0.25997764092157066,0.533621808396182
3450,0.28228477104711075,0.2397106711823041,0.4780045577705851
3451,0.4118807066022899,0.3528592199551718,0.2352600734425383
3452,0.27413219158142743,0.2808731264779644,0.4449946819406081
3453,0.3491250530236352,0.2550514569530746,0.39582349002329015
3454,0.22523226748134254,0.186842549428318,0.5879251830903395
3455,0.33634789111549973,0.2491610430519548,0.41449106583254547
3456,0.13350822887772118,0.2320477660912469,0.6344440050310319
3457,0.20834745132409208,0.28446526931039506,0.5071872793655128
3458,0.11943974999554684,0.1920606647581484,0.6884995852463048
3459,0.2955387182240171,0.3201658288651878,0.3842954529107951
3460,0.10423563213423427,0.2489179841022912,0.6468463837634746
3461,0.21611493958656752,0.29463803777199504,0.48924702264143743
3462,0.20862993749398054,0.24425552040921747,0.547114542096802
3463,0.19663078280770918,0.2645071986029163,0.5388620185893745
3464,0.1797095724909816,0.2955004937562144,0.5247899337528039
3465,0.283319272367385,0.35448871164188284,0.36219201599073214
3466,0.27526390474701223,0.29242701003614235,0.43230908521684536
3467,0.27833990780893536,0.2726989639265645,0.4489611282645002
3468,0.3157661339786997,0.30478278712759654,0.37945107889370366
3469,0.3792561803698121,0.26584628268136345,0.3548975369488243
3470,0.20868345965702598,0.2636893788149923,0.5276271615279816
3471,0.13499871828978982,0.2603176127936798,0.6046836689165304
3472,0.2473772800040436,0.3208405154982311,0.4317822044977253
3473,0.1881315461597948,0.2809390645498944,0.5309293892903107
3474,0.16692053323003006,0.29270006329109555,0.5403794034788744
3475,0.30805047830663856,0.26728205799889687,0.42466746369446445
3476,0.3326089616606414,0.23507357679185453,0.43231746154750395
3477,0.3589200876389889,0.22419097237830718,0.4168889399827038
3478,0.3336844351296247,0.29180957727585854,0.3745059875945167
3479,0.21562800529024964,0.2799951252501353,0.504376869459615
3480,0.14069140168639296,0.26709896806557487,0.5922096302480323
3481,0.20046908296954752,0.24208485502677482,0.5574460620036777
3482,0.354223229050816,0.2989759473515822,0.34680082359760167
3483,0.1663974282560182,0.27455324765510264,0.5590493240888791
3484,0.2753911003866606,0.2606587323651008,0.4639501672482386
3485,0.20858160570573617,0.23137755951639824,0.5600408347778655
3486,0.28746642543175405,0.32606737208761577,0.3864662024806301
3487,0.18599549191720233,0.2888370737637661,0.5251674343190316
3488,0.2999178287007403,0.29056278757547577,0.40951938372378405
3489,0.20595176211599525,0.24182475759276717,0.5522234802912376
3490,0.2728816516663338,0.29799564461481354,0.4291227037188527
3491,0.23970963339930204,0.30341791481762026,0.4568724517830777
3492,0.2710314772551959,0.2836459564586477,0.4453225662861565
3493,0.19784130270997088,0.245155959503122,0.557002737786907
3494,0.2482183428470191,0.2436345572912002,0.5081470998617806
3495,0.30340236234149054,0.2528221915709059,0.44377544608760355
3496,0.07856424506457622,0.17146123069936797,0.7499745242360558
3497,0.24330324055032096,0.2871488594411611,0.46954790000851804
3498,0.32492209417756673,0.31361877056648296,0.36145913525595025
3499,0.19805701474550924,0.30856358039445764,0.493379404860033
3500,0.2915833414769229,0.27274536368833385,0.4356712948347434
3501,0.3669333829824867,0.2575643609490948,0.37550225606841864
3502,0.17490687105154384,0.25603763967823034,0.5690554892702259
3503,0.2528472663213444,0.3429701757694321,0.40418255790922347
3504,0.3085223268856503,0.3099069833306739,0.3815706897836758
3505,0.14245548484904988,0.1950729037325328,0.6624716114184173
3506,0.2467869999184926,0.30478825156351097,0.44842474851799635
3507,0.2453580764810512,0.2789024627680376,0.47573946075091117
3508,0.27702321039512234,0.2613844452822881,0.46159234432258944
3509,0.3036647673157477,0.3517864912306171,0.3445487414536352
3510,0.21961590756416627,0.2857289936153862,0.4946550988204475
3511,0.25548776093107545,0.3274351538379391,0.41707708523098547
3512,0.19881804940986497,0.25526409467950684,0.5459178559106282
3513,0.31771974069316633,0.2877143705362353,0.39456588877059845
3514,0.37865733396272866,0.28734086554696553,0.3340018004903058
3515,0.22943131376720247,0.3007476977974484,0.46982098843534914
3516,0.10770913379369298,0.2654776361975836,0.6268132300087236
3517,0.34280431410844975,0.26955467790031257,0.38764100799123763
3518,0.2650156242519061,0.32892863276170514,0.4060557429863888
3519,0.1430809610497076,0.2631553077407439,0.5937637312095485
3520,0.14926015362603456,0.23405883039878272,0.6166810159751827
3521,0.2773184682899282,0.27764062774953746,0.44504090396053425
3522,0.22447712708282508,0.2839083245128068,0.4916145484043682
3523,0.2707204880047315,0.27100681084080364,0.4582727011544649
3524,0.2838517453609331,0.3167250301592005,0.3994232244798665
3525,0.19744645065999408,0.2567370632203883,0.5458164861196175
3526,0.41398959336361774,0.27160919851428544,0.31440120812209676
3527,0.29323295292433565,0.33437075619584444,0.37239629087981996
3528,0.28461679961814623,0.243419208298088,0.47196399208376577
3529,0.37191295492783694,0.2499379822328516,0.37814906283931154
3530,0.17276353138408113,0.2801539615495512,0.5470825070663677
3531,0.33870612912819664,0.3068478481331825,0.3544460227386208
3532,0.18226187752775216,0.2956547039501466,0.5220834185221012
3533,0.30113920262549176,0.30416017506819637,0.3947006223063118
3534,0.2363915863294101,0.30333001134493165,0.46027840232565825
3535,0.2675965612556666,0.3177384663525934,0.41466497239174
3536,0.42297459193528486,0.26999301721411423,0.30703239085060086
3537,0.13833001248275678,0.24463309242706627,0.6170368950901769
3538,0.2795107667430899,0.26225507654648794,0.45823415671042217
3539,0.29226317001270136,0.3269767905512147,0.38076003943608394
3540,0.22445116230970905,0.27915258523399317,0.49639625245629776
3541,0.18550497881957917,0.24409731306983018,0.5703977081105907
3542,0.1554963597546682,0.25499371286529826,0.5895099273800336
3543,0.3250740889941102,0.27674522153193193,0.3981806894739579
3544,0.19090742520562115,0.30029524127081664,0.5087973335235623
3545,0.3220794569317773,0.29046473740677614,0.3874558056614465
3546,0.11687797113537972,0.2535583199365106,0.6295637089281096
3547,0.17155131692434267,0.2583956278065972,0.57005305526906
3548,0.28461598218157835,0.31542184374265947,0.3999621740757622
3549,0.15125743773523528,0.23516838269587453,0.6135741795688902
3550,0.23126441942306525,0.2930004878215866,0.4757350927553481
3551,0.20141343188822844,0.261911285177528,0.5366752829342436
3552,0.18575095505546474,0.2410717866135468,0.5731772583309884
3553,0.10033612183623107,0.20933314690791932,0.6903307312558495
3554,0.4405403117691559,0.3198376593197117,0.2396220289111324
3555,0.365688887502809,0.26980288557262777,0.3645082269245632
3556,0.2203576626850552,0.3165413639671048,0.46310097334783984
3557,0.25781437678093644,0.2673383813069942,0.47484724191206945
3558,0.16027825397415624,0.2537619486958244,0.5859597973300193
3559,0.25539147990613287,0.30132279473448537,0.4432857253593817
3560,0.4588011809260133,0.276908230719565,0.2642905883544218
3561,0.24526186216508827,0.34003982227233226,0.41469831556257947
3562,0.27330814218193944,0.27234775333095085,0.4543441044871097
3563,0.12768577213842533,0.2645376187565478,0.6077766091050268
3564,0.2936715524415465,0.23323450838306434,0.47309393917538917
3565,0.24755452807940878,0.2685601173493287,0.4838853545712624
3566,0.23900141340029,0.2863702593487265,0.4746283272509836
3567,0.3165665871186164,0.25174395701357105,0.4316894558678125
3568,0.13389198241710398,0.30416539893579453,0.5619426186471015
3569,0.15758375333107638,0.2486183464283153,0.5937979002406083
3570,0.20722725663821845,0.3074144809186966,0.485358262443085
3571,0.2996387788528009,0.34224386009820706,0.358117361048992
3572,0.29243921006854884,0.26577969342870833,0.44178109650274283
3573,0.25978035476393957,0.2933538682233215,0.446865777012739
3574,0.13120027833221426,0.24274386479553745,0.6260558568722483
3575,0.380081990745885,0.35844324767189656,0.26147476158221844
3576,0.23203432557983386,0.28962324266043765,0.47834243175972846
3577,0.19719705659239695,0.31352722286661855,0.4892757205409846
3578,0.17459209672691617,0.21355584931432198,0.6118520539587619
3579,0.22911452339452706,0.29589424241632345,0.47499123418914935
3580,0.3897665443377095,0.28342699924705456,0.326806456415236
3581,0.11708993940824196,0.24204688656579737,0.6408631740259606
3582,0.2399794896772732,0.29790950847371117,0.46211100184901555
3583,0.2776468777220978,0.2804726112874799,0.4418805109904223
3584,0.22907264210463563,0.29449051816730387,0.47643683972806034
3585,0.20552574914643126,0.24235804177627318,0.5521162090772956
3586,0.4832090797518276,0.26649778501746113,0.25029313523071123
3587,0.30385459642408935,0.28346246025216504,0.41268294332374555
3588,0.1265332371278215,0.22810506190446567,0.6453617009677127
3589,0.13600072332993343,0.2510375810525493,0.6129616956175172
3590,0.156282720730054,0.23878013457682803,0.604937144693118
3591,0.3142881723156834,0.32473331830979674,0.36097850937451986
3592,0.198986525245572,0.2513857365755719,0.5496277381788561
3593,0.13489607778425716,0.2214307632651864,0.6436731589505565
3594,0.20344854714017702,0.26415751307624796,0.532393939783575
3595,0.14246704343030078,0.2166450993010783,0.6408878572686209
3596,0.15134934998682179,0.2705827156997001,0.5780679343134781
3597,0.36872140393546937,0.3385201569057271,0.29275843915880356
3598,0.36335366036057254,0.33860415232855656,0.29804218731087084
3599,0.15966482671942717,0.27007938034706,0.5702557929335129
3600,0.4045054332472816,0.3021206546297148,0.2933739121230036
3601,0.48721751478793895,0.2215628822297681,0.291219602982293
3602,0.209518999785852,0.2648207892451753,0.5256602109689728
3603,0.3584912163509488,0.3211196723491675,0.3203891112998836
3604,0.17476845539277733,0.2619650498497858,0.5632664947574368
3605,0.22026414476810746,0.26145098382333687,0.5182848714085557
3606,0.1345132111077696,0.2563713185803674,0.6091154703118631
3607,0.32152042537835807,0.2878428946662115,0.3906366799554305
3608,0.357673979904214,0.2507828142781694,0.3915432058176165
3609,0.2800168185242315,0.34606268147748726,0.3739204999982813
3610,0.18777560670236554,0.2537537698185464,0.558470623479088
3611,0.12346185416744834,0.23083489668780224,0.6457032491447493
3612,0.1210379006387949,0.23555519396306196,0.643406905398143
3613,0.2306045035155576,0.28036921130235765,0.4890262851820848
3614,0.28820449567040596,0.2817313094231063,0.4300641949064877
3615,0.18991655931523976,0.2883037061259681,0.5217797345587922
3616,0.23613406405335727,0.25082800718453196,0.5130379287621107
3617,0.13308426015833932,0.25492697784970286,0.6119887619919578
3618,0.2687670802002462,0.30611724754938074,0.42511567225037306
3619,0.3397379290974291,0.2761953387302421,0.3840667321723289
3620,0.30622067080641324,0.2994612171038106,0.3943181120897762
3621,0.3722878296379476,0.2585950654054627,0.3691171049565898
3622,0.4337472164746383,0.27574208242671,0.29051070109865157
3623,0.311166527093599,0.25329389115672485,0.4355395817496761
3624,0.14905426389097126,0.2022326093972708,0.648713126711758
3625,0.11201747365861722,0.22378340117301226,0.6641991251683704
3626,0.3511197156124041,0.3079737380899834,0.3409065462976126
3627,0.15913793682351335,0.2701897953471222,0.5706722678293645
3628,0.3657991447063855,0.2736936103601586,0.36050724493345593
3629,0.18920212333859832,0.25215685398819776,0.5586410226732039
3630,0.24320194306419923,0.31126606794499717,0.4455319889908036
3631,0.2026384478258379,0.26430811043385377,0.5330534417403083
3632,0.2600422308277684,0.27007970473684756,0.469878064435384
3633,0.4427326121122864,0.296514739697762,0.2607526481899517
3634,0.21088439006994794,0.2632110368889512,0.5259045730411008
3635,0.1371469032800648,0.2875264925153415,0.5753266042045937
3636,0.23299991564642827,0.26194238163438505,0.5050577027191866
3637,0.2922628184765965,0.29664954190089976,0.41108763962250383
3638,0.22776681105426014,0.290926913739163,0.48130627520657693
3639,0.12089316924059053,0.2087105940711713,0.6703962366882381
3640,0.11431525959224145,0.19241416954450635,0.6932705708632522
3641,0.28036904252200906,0.3035882003205248,0.4160427571574662
3642,0.21991709162449782,0.274945173935079,0.5051377344404232
3643,0.20357126723958424,0.24756872074464098,0.5488600120157748
3644,0.26676630503858517,0.2664976002486195,0.46673609471279526
3645,0.2356865467614982,0.2381796140243573,0.5261338392141445
3646,0.29027363522425426,0.3133630372600499,0.3963633275156958
3647,0.24794229908922275,0.2759852113710776,0.47607248953969955
3648,0.41398054706538145,0.2602939743212235,0.325725478613395
3649,0.2794830963802449,0.24686014859458696,0.4736567550251681
3650,0.23107820266233628,0.24275812201228306,0.5261636753253807
3651,0.2663071488938835,0.3013615672241257,0.4323312838819909
3652,0.21663056420059582,0.31494426061558634,0.4684251751838179
3653,0.281272135760296,0.3803120351019455,0.33841582913775853
3654,0.19630994879501623,0.28441065733630094,0.5192793938686828
3655,0.4731389764129174,0.2790787215482938,0.24778230203878887
3656,0.3081035455032948,0.2693478704781774,0.42254858401852774
3657,0.11635155442936405,0.18734069233134726,0.6963077532392886
3658,0.1703046304020304,0.26235345944202026,0.5673419101559494
3659,0.26002614571912813,0.2500345685478252,0.48993928573304674
3660,0.26941455328481057,0.29447629028184436,0.43610915643334514
3661,0.3770702271428171,0.3077044605306712,0.3152253123265117
3662,0.15074587736032583,0.23281887642623647,0.6164352462134378
3663,0.10054469245128449,0.20373061691628355,0.695724690632432
3664,0.23808056410810224,0.24756964847813032,0.5143497874137675
3665,0.17042168854573767,0.28665132793662107,0.5429269835176411
3666,0.37682610640662395,0.32000139775059416,0.30317249584278194
3667,0.2896291393100791,0.2882976322784123,0.4220732284115087
3668,0.1689180771973864,0.27251347090271566,0.5585684518998979
3669,0.14643559528065977,0.22565951851098348,0.6279048862083567
3670,0.22754504702601772,0.29250321692417347,0.4799517360498089
3671,0.12197070815235254,0.22329522447495498,0.6547340673726925
3672,0.1465873731884884,0.2991235524684115,0.5542890743431002
3673,0.05930221005674763,0.16738052381064916,0.7733172661326032
3674,0.35832049183291087,0.30007924886961346,0.3416002592974756
3675,0.30737400973277335,0.27892654924951404,0.4136994410177127
3676,0.3276385148669672,0.22513137085930598,0.44723011427372683
3677,0.28294645845852207,0.25555617267328457,0.4614973688681933
3678,0.3863219347740264,0.30303874297119315,0.31063932225478047
3679,0.4478113617246757,0.2818259424230929,0.27036269585223127
3680,0.1957860033488307,0.24807950478936433,0.556134491861805
3681,0.2155725673958801,0.2678349445220896,0.5165924880820303
3682,0.2436057867843694,0.2579784449229192,0.4984157682927113
3683,0.14007176083877115,0.24757667085198576,0.612351568309243
3684,0.25393126748843975,0.29930952050601534,0.44675921200554497
3685,0.3148922986407826,0.3333404950587663,0.35176720630045116
3686,0.10562086956915652,0.19722561579911763,0.6971535146317258
3687,0.16628569035395116,0.19185660117675843,0.6418577084692904
3688,0.4288573050177545,0.2588169227078369,0.31232577227440866
3689,0.14476579437342343,0.22201169287560343,0.6332225127509731
3690,0.26722810294622307,0.2540111459168405,0.47876075113693645
3691,0.12175927476341424,0.20999051238727476,0.668250212849311
3692,0.36396676294021113,0.2757452747730854,0.3602879622867034
3693,0.08676795884360422,0.18621503413683824,0.7270170070195576
3694,0.3375660077146441,0.34282690742543626,0.3196070848599196
3695,0.28246404447954127,0.32183793975956976,0.395698015760889
3696,0.26150015303594265,0.327243023982885,0.4112568229811723
3697,0.19247619838468266,0.2514172565983827,0.5561065450169346
3698,0.1551101428876878,0.20975000897857898,0.6351398481337333
3699,0.24269796935918903,0.28097037174009326,0.4763316589007176
3700,0.2673264661405113,0.3156827182493801,0.4169908156101087
3701,0.15457687931861744,0.229109107278728,0.6163140134026546
3702,0.11051218557322266,0.1970077323131423,0.6924800821136351
3703,0.2836634291071252,0.2774485736049025,0.4388879972879723
3704,0.1524235089329399,0.21407714739829808,0.633499343668762
3705,0.21508348226883528,0.3542909166803325,0.4306256010508322
3706,0.15831075175653705,0.20384318888392217,0.6378460593595409
3707,0.40575708719661163,0.3375432843674705,0.25669962843591787
3708,0.4723095422529083,0.24711855236026278,0.2805719053868289
3709,0.4266512287865229,0.25861086429744395,0.31473790691603315
3710,0.195214820018008,0.2426860125299587,0.5620991674520334
3711,0.24653493423133507,0.31589656580420705,0.4375684999644578
3712,0.18974935115288544,0.28944908133804953,0.520801567509065
3713,0.1647579789230786,0.2405939682537425,0.5946480528231789
3714,0.2984376325641948,0.24891053364321414,0.45265183379259116
3715,0.04992770265297114,0.15353287750914793,0.7965394198378809
3716,0.24353454541345895,0.25408291688109,0.502382537705451
3717,0.3102763688907339,0.31851428031669127,0.37120935079257483
3718,0.40337468592162173,0.2960518724330186,0.3005734416453596
3719,0.18962553379105096,0.2523924485929506,0.5579820176159984
3720,0.14149643351922186,0.2649369550863332,0.593566611394445
3721,0.11456493357215036,0.22132941683881083,0.6641056495890388
3722,0.13460185149378376,0.31359265885229554,0.5518054896539207
3723,0.12920289513089414,0.21797346078425575,0.65282364408485
3724,0.378421184267663,0.2665031222453812,0.35507569348695583
3725,0.15993934883932298,0.2465366653341263,0.5935239858265507
3726,0.47810186532547416,0.30436412579648214,0.21753400887804372
3727,0.13865155349365918,0.22379163650958037,0.6375568099967605
3728,0.21335478288684448,0.2770691811168411,0.5095760359963145
3729,0.1758942812993191,0.26821670532182107,0.5558890133788598
3730,0.2155812453629531,0.23315883115961264,0.5512599234774344
3731,0.09577958331939523,0.2124929929193334,0.6917274237612714
3732,0.3507585007929173,0.3195576800905711,0.32968381911651157
3733,0.35541690003271814,0.28031467312222486,0.36426842684505706
3734,0.11177933127367538,0.1975970391786422,0.6906236295476824
3735,0.4921045843859839,0.24201228433389377,0.26588313128012225
3736,0.2616898980237622,0.23011180879085666,0.5081982931853811
3737,0.10594286154477513,0.2403095728563525,0.6537475655988725
3738,0.29023519141613957,0.2658629843156718,0.4439018242681886
3739,0.30812829571969824,0.2951502510854834,0.3967214531948184
3740,0.2526807010959427,0.25220252422344386,0.4951167746806134
3741,0.03326998446775434,0.14442646148566643,0.8223035540465792
3742,0.10917345436705307,0.2861580688484282,0.6046684767845187
3743,0.46666642241268097,0.27142128515079506,0.2619122924365238
3744,0.27479326715079916,0.28758661601664803,0.43762011683255286
3745,0.45257893914707537,0.3095674653851811,0.23785359546774348
3746,0.2707842963312417,0.2973775837510064,0.43183811991775195
3747,0.25428612401588946,0.30103407965375084,0.4446797963303597
3748,0.3986003335031336,0.2655869409424737,0.3358127255543927
3749,0.133123535073774,0.23137969843075643,0.6354967664954696
3750,0.24537708973835728,0.28625611834471915,0.4683667919169236
3751,0.19610225990345953,0.2652355924583055,0.538662147638235
3752,0.248899468899054,0.28614151143488736,0.4649590196660585
3753,0.11408000898328316,0.19675757740705646,0.6891624136096604
3754,0.11733323133429238,0.22546455050530928,0.6572022181603984
3755,0.15144408463276968,0.251385733722268,0.5971701816449623
3756,0.09004912114073894,0.19388947024820227,0.7160614086110587
3757,0.1604155289497864,0.23982298796841575,0.5997614830817978
3758,0.28569998117824735,0.2850319031649213,0.42926811565683143
3759,0.3519524502629127,0.2970349902184329,0.35101255951865445
3760,0.20909533290468374,0.24793206789767686,0.5429725991976394
3761,0.23282032716558562,0.28671164705963187,0.4804680257747824
3762,0.2987676946413207,0.2818832076048763,0.419349097753803
3763,0.20482997443317133,0.25289882741064224,0.5422711981561864
3764,0.3114004424749159,0.2664402880938901,0.42215926943119403
3765,0.4416326588530289,0.23696649873964223,0.32140084240732875
3766,0.2870514976699886,0.2520005244527137,0.4609479778772978
3767,0.15412987611332396,0.2554627305727239,0.5904073933139521
3768,0.08193769189134702,0.20494683165247873,0.7131154764561742
3769,0.1693187016120573,0.30880286088582765,0.521878437502115
3770,0.0913793149400668,0.21015861483150114,0.6984620702284321
3771,0.24742938826625438,0.29345118287344096,0.4591194288603047
3772,0.14508248734733736,0.2069824082486501,0.6479351044040125
3773,0.131298787784063,0.20584075024068585,0.6628604619752511
3774,0.1363876929883361,0.2162368094951491,0.6473754975165148
3775,0.4065941093537413,0.3150425137087068,0.27836337693755203
3776,0.15646155820313315,0.2656351943859434,0.5779032474109235
3777,0.49302755369851337,0.2929680820838125,0.21400436421767416
3778,0.11341571102706731,0.3036060927153684,0.5829781962575642
3779,0.26660560738552863,0.2971828244234459,0.4362115681910256
3780,0.3918196971780014,0.2459236712266282,0.36225663159537047
3781,0.36268733467497727,0.31181006306363135,0.3255026022613914
3782,0.12132800219557276,0.23412314159465522,0.6445488562097721
3783,0.17829167455827236,0.2524608410964497,0.569247484345278
3784,0.2727496664652176,0.2860045668552375,0.44124576667954496
3785,0.5085740448560835,0.26047214021717974,0.23095381492673675
3786,0.08197580439436217,0.21047476732272605,0.7075494282829119
3787,0.14363243726897004,0.22353281170157946,0.6328347510294505
3788,0.24495113380818515,0.28414889809052324,0.47089996810129175
3789,0.06669978101199392,0.1591487255376449,0.7741514934503612
3790,0.14824982116539426,0.24836675016562748,0.6033834286689782
3791,0.20507193770988127,0.29355622668107606,0.5013718356090427
3792,0.41564871796854486,0.26823136969447076,0.3161199123369844
3793,0.20621604327844842,0.20464996258018983,0.5891339941413618
3794,0.19895233419421904,0.24843300787926434,0.5526146579265167
3795,0.2182559012236069,0.2730740140900628,0.5086700846863303
3796,0.26452623012707277,0.3256070433617278,0.40986672651119943
3797,0.27596306297502293,0.2977693717415597,0.42626756528341736
3798,0.3077233925860475,0.2689679967537568,0.42330861066019565
3799,0.2745841715476843,0.31169162267935857,0.4137242057729571
3800,0.07670838329676213,0.20969488685327303,0.7135967298499649
3801,0.15744705902373907,0.23386531983695297,0.608687621139308
3802,0.29122479083918873,0.30271705266336313,0.40605815649744825
3803,0.3076935869874315,0.197595840433933,0.4947105725786355
3804,0.2624731931066524,0.2607146798323657,0.4768121270609819
3805,0.12781558379698243,0.22937353981106762,0.64281087639195
3806,0.1394694111766089,0.227062087409072,0.6334685014143191
3807,0.1173970217897046,0.20189562582182582,0.6807073523884696
3808,0.1389186399720388,0.18463003097466646,0.6764513290532946
3809,0.13444749916793358,0.2048903733810965,0.66066212745097
3810,0.15543527447665254,0.40687047910924357,0.43769424641410387
3811,0.23856401445679856,0.36360248719596,0.39783349834724135
3812,0.21733830723670836,0.3701171904748474,0.4125445022884441
3813,0.14974875871268753,0.3265141686045134,0.523737072682799
3814,0.4112687776426974,0.3190914136258662,0.26963980873143645
3815,0.3909126839807322,0.2624897085892285,0.3465976074300393
3816,0.3982852028850456,0.35454162456488486,0.24717317255006963
3817,0.2785462357144663,0.42299719281863435,0.2984565714668994
3818,0.17817381270063162,0.4067159669944241,0.4151102203049444
3819,0.401510667428242,0.3374201482764307,0.26106918429532733
3820,0.18447162927584812,0.37262980765524606,0.4428985630689058
3821,0.28982135126707415,0.2197960421426359,0.49038260659028987
3822,0.15240613266569486,0.2618092177917599,0.5857846495425452
3823,0.3247916989192727,0.326950691696275,0.3482576093844524
3824,0.20818461530124896,0.30177548641564883,0.4900398982831023
3825,0.12281782534572488,0.31382428599699297,0.5633578886572821
3826,0.2803714576352503,0.3333631079172972,0.3862654344474525
3827,0.09735434603876293,0.2419386725435513,0.6607069814176858
3828,0.29653052220904896,0.2033559134583104,0.5001135643326406
3829,0.2292017672905863,0.2761577518825156,0.49464048082689793
3830,0.12919322873805378,0.258534775063123,0.6122719961988232
3831,0.25064832313839613,0.3136841157012466,0.43566756116035726
3832,0.2966334841520609,0.29715709438112486,0.4062094214668142
3833,0.22876627661109522,0.29130836054154824,0.4799253628473565
3834,0.24517451006770252,0.31865938942176036,0.4361661005105371
3835,0.3075956904489179,0.22576747891299095,0.4666368306380912
3836,0.4176684557505228,0.2985680785383518,0.2837634657111253
3837,0.17370759402774494,0.26181214802412145,0.5644802579481336
3838,0.2736022815154828,0.2992668686213962,0.42713084986312105
3839,0.2969052220415182,0.2866120167333746,0.41648276122510713
3840,0.16408350719123416,0.2176365820753197,0.6182799107334461
3841,0.258656112727023,0.2711526891931924,0.4701911980797847
3842,0.3327787502687046,0.318092304138637,0.3491289455926584
3843,0.14599571283961552,0.2786961785321531,0.5753081086282313
3844,0.3369442948344479,0.29507286972396557,0.3679828354415866
3845,0.09325386973706533,0.2154089387129104,0.6913371915500242
3846,0.34195749081774324,0.32220403059810965,0.33583847858414717
3847,0.2943883013625747,0.2181829620830635,0.4874287365543618
3848,0.21301286736242053,0.27180120807939717,0.5151859245581822
3849,0.3794528053593545,0.2675809564639407,0.3529662381767048
3850,0.11389568454857411,0.23971304752136333,0.6463912679300626
3851,0.07301088220085754,0.18704042797430984,0.7399486898248326
3852,0.23423335484976962,0.2920330748281437,0.4737335703220865
3853,0.2794555126212485,0.2842394951253912,0.4363049922533604
3854,0.3232809290251083,0.3063299722704229,0.3703890987044688
3855,0.2570180184287504,0.27288474922731687,0.47009723234393264
3856,0.24808909828121836,0.3286288552397003,0.4232820464790814
3857,0.14794832121699306,0.23932643869859807,0.6127252400844089
3858,0.297007038992154,0.36707297571522973,0.33591998529261635
3859,0.2612723682011941,0.2704747116614651,0.4682529201373408
3860,0.38891015376782795,0.31543621558498297,0.2956536306471892
3861,0.2679828313160357,0.3136022276207875,0.41841494106317684
3862,0.2883361542877816,0.29449919699999527,0.4171646487122232
3863,0.4255825600430847,0.3179542829588093,0.25646315699810596
3864,0.1751784590362561,0.2682476834857053,0.5565738574780386
3865,0.4305315626574129,0.2830197607798518,0.2864486765627352
3866,0.23299357799754997,0.24983394271282255,0.5171724792896275
3867,0.31435405852139003,0.273949470797358,0.411696470681252
3868,0.18381721687235536,0.28541108244884617,0.5307717006787985
3869,0.20801883168059182,0.2633336119990868,0.5286475563203213
3870,0.16871119530653614,0.2631032716440515,0.5681855330494123
3871,0.2786245169873731,0.26090122436555224,0.46047425864707464
3872,0.18206823409369569,0.24567093765161208,0.5722608282546923
3873,0.13989758456144963,0.24277810825801202,0.6173243071805383
3874,0.2925516366908627,0.33069253733011233,0.3767558259790249
3875,0.15544984054868805,0.24788695034131267,0.5966632091099994
3876,0.32918677176532163,0.2679031364012391,0.4029100918334393
3877,0.2495789194611297,0.289571737992921,0.4608493425459493
3878,0.17674236958974626,0.2192467040116184,0.6040109263986354
3879,0.13838052430378864,0.23663950893541488,0.6249799667607965
3880,0.36836837855550575,0.2761355111963906,0.35549611024810357
3881,0.24265462638428037,0.3096617735005233,0.4476836001151962
3882,0.31507159002493956,0.31687510647276257,0.36805330350229787
3883,0.316301990191633,0.29146600977409787,0.3922320000342691
3884,0.1570254906831628,0.25392310482969704,0.5890514044871401
3885,0.26954237037759293,0.25786612355624783,0.47259150606615913
3886,0.24806681812531767,0.3028552281949794,0.449077953679703
3887,0.06300482373606646,0.15752129118982763,0.779473885074106
3888,0.3451841881760821,0.29575113652780866,0.35906467529610925
3889,0.34820285996329603,0.28791874563248226,0.36387839440422165
3890,0.14796472352434284,0.23258751567247662,0.6194477608031805
3891,0.3008820136826616,0.3002756523729885,0.3988423339443498
3892,0.1689018853608618,0.3290411734156338,0.5020569412235044
3893,0.22759050392477476,0.24522508790013892,0.5271844081750863
3894,0.3096275976749253,0.29536545333176895,0.3950069489933057
3895,0.13818941931000625,0.25484476942067386,0.6069658112693199
3896,0.34064009781651927,0.27327599514614626,0.3860839070373344
3897,0.16731425315943932,0.31203080954265133,0.5206549372979093
3898,0.3773988849731268,0.31553010460290887,0.3070710104239644
3899,0.27961210060741054,0.2728328981022965,0.4475550012902931
3900,0.2089262495965006,0.2647220655134831,0.5263516848900163
3901,0.308898993705523,0.23429872838173002,0.45680227791274697
3902,0.47076363225663354,0.2928880848265894,0.23634828291677687
3903,0.20240529425709558,0.29766079356819664,0.4999339121747078
3904,0.20233210675315974,0.2403446156143483,0.5573232776324919
3905,0.4405718936277497,0.28033801349344434,0.2790900928788061
3906,0.30928543654394103,0.30080081778861795,0.389913745667441
3907,0.31009042597788844,0.25252415284756247,0.43738542117454915
3908,0.3033343007981876,0.2950982779259478,0.40156742127586464
3909,0.2603033648042763,0.24433369824496132,0.4953629369507624
3910,0.13446360961923395,0.22163660212995467,0.6438997882508114
3911,0.2439875589003111,0.32903665460883896,0.42697578649084994
3912,0.3084147830630686,0.26867151706308484,0.42291369987384664
3913,0.16040655265885478,0.2118919162547931,0.6277015310863521
3914,0.10972234366102945,0.2533527231716409,0.6369249331673297
3915,0.37550086565590224,0.2887991620945053,0.33569997224959236
3916,0.18981458844997978,0.25575195927390165,0.5544334522761185
3917,0.3181168365378496,0.30689939421514006,0.37498376924701027
3918,0.30304623507917705,0.33122991381040595,0.365723851110417
3919,0.2750001543262669,0.27386785649969725,0.45113198917403585
3920,0.3134981746930707,0.3111096519154204,0.37539217339150893
3921,0.20105579610961863,0.2508760107761236,0.5480681931142578
3922,0.13646396336023595,0.28822732572864207,0.5753087109111219
3923,0.2384557017001134,0.2863570567192813,0.47518724158060527
3924,0.3402833510445385,0.2933877843926515,0.36632886456281005
3925,0.14754510942045151,0.21717719928706314,0.6352776912924853
3926,0.11568031563183939,0.20422323605347473,0.6800964483146859
3927,0.2682370805254596,0.29388677022284937,0.43787614925169094
3928,0.2009740118536145,0.26049257577247376,0.5385334123739117
3929,0.23422671434273792,0.29313438855414425,0.4726388971031179
3930,0.32158722617895125,0.3290746005602921,0.34933817326075667
3931,0.1876634962910438,0.22445339118850705,0.5878831125204492
3932,0.39957568750783895,0.25677334098477217,0.3436509715073889
3933,0.145724548578933,0.2988227574246416,0.5554526939964254
3934,0.25404488289668603,0.26942151542592646,0.47653360167738756
3935,0.2148521444611218,0.24651464895009942,0.5386332065887787
3936,0.21974764623101142,0.28302337325998633,0.4972289805090022
3937,0.21747594379908053,0.26684843755718807,0.5156756186437313
3938,0.21452253849498476,0.285276408231249,0.5002010532737663
3939,0.1645030809529062,0.2381547220786376,0.5973421969684563
3940,0.17719536352049933,0.27001239470990823,0.5527922417695925
3941,0.18459933013081123,0.32192124287732404,0.49347942699186464
3942,0.17540716074842783,0.2833669531038232,0.5412258861477489
3943,0.1587286872122645,0.263127585375764,0.5781437274119715
3944,0.18135663682637745,0.21951138382822385,0.5991319793453987
3945,0.30261948674967465,0.2879298662305861,0.4094506470197394
3946,0.3933868558590104,0.3179041876695634,0.2887089564714262
3947,0.14747720017708407,0.20383958398358537,0.6486832158393305
3948,0.12422344526314646,0.22282642810003422,0.6529501266368194
3949,0.35964676046693894,0.27626783179523445,0.36408540773782666
3950,0.30989030728036293,0.2797362226200157,0.41037347009962144
3951,0.25821773435534934,0.2538255860774635,0.4879566795671871
3952,0.2578394473892587,0.30386979665938857,0.4382907559513527
3953,0.2088566354822622,0.267455050400841,0.5236883141168968
3954,0.39268466586864975,0.28715922186428566,0.32015611226706464
3955,0.3824163464127453,0.2887398894673421,0.3288437641199126
3956,0.45716050073900893,0.2767891317496369,0.26605036751135414
3957,0.15754939091126585,0.2977271950074979,0.5447234140812363
3958,0.13017084559661785,0.2673433127691193,0.6024858416342629
3959,0.14798614272737112,0.3007165791828783,0.5512972780897506
3960,0.1473177794396883,0.24332012195371958,0.6093620986065921
3961,0.21625079618865883,0.2510898303855985,0.5326593734257427
3962,0.25214082184408987,0.2799897659517101,0.4678694122042001
3963,0.14736156490723715,0.21848258569511703,0.6341558493976458
3964,0.45850302974948826,0.2688696356262496,0.2726273346242621
3965,0.09005338950203855,0.20866649609302898,0.7012801144049325
3966,0.3361440403480557,0.32183018508114386,0.3420257745708004
3967,0.3840731834697538,0.24718904664815197,0.3687377698820943
3968,0.28918647320306623,0.31540754532349574,0.3954059814734381
3969,0.19484303070304923,0.27609315266401335,0.5290638166329374
3970,0.31490987144245314,0.2759400582243778,0.40915007033316914
3971,0.22861910727849827,0.261107007488187,0.5102738852333147
3972,0.42356644538394406,0.3097431634631467,0.2666903911529094
3973,0.2632507574454295,0.2771964014613849,0.45955284109318567
3974,0.35589186726487143,0.31690394129150995,0.3272041914436186
3975,0.3521109804766292,0.31998291774219273,0.32790610178117796
3976,0.30766300163364146,0.33948970930056965,0.3528472890657889
3977,0.16058701055997676,0.24181781030376326,0.59759517913626
3978,0.15828449952254545,0.24343360581071427,0.5982818946667402
3979,0.2872437988638393,0.2781967838604638,0.43455941727569686
3980,0.14556374014205278,0.24993667365774216,0.604499586200205
3981,0.27749751340757717,0.2290312924903723,0.49347119410205065
3982,0.18813961561753095,0.22120920408595254,0.5906511802965165
3983,0.2027387541378747,0.2391023536114945,0.5581588922506309
3984,0.0946514695611818,0.2302061109921263,0.675142419446692
3985,0.124375580339607,0.19788867897700455,0.6777357406833885
3986,0.18163539166887047,0.29918259378657414,0.5191820145445554
3987,0.20502202069332554,0.23756611372815667,0.5574118655785179
3988,0.2862952719504919,0.30849232452343767,0.40521240352607035
3989,0.3953121711569538,0.28520608715034046,0.3194817416927057
3990,0.11905761831391694,0.21569472880394103,0.665247652882142
3991,0.2961154657952693,0.2932638273329261,0.41062070687180463
3992,0.41126133007939125,0.28292552567654444,0.30581314424406425
3993,0.31229381669240314,0.33040170517703094,0.3573044781305659
3994,0.41203020928309386,0.31602815319887434,0.27194163751803185
3995,0.34779068860501194,0.2931094884001539,0.3590998229948342
3996,0.3404825762353868,0.2978137661734112,0.361703657591202
3997,0.20371950060133648,0.2605191028232574,0.5357613965754062
3998,0.14916890992849097,0.2869833860913391,0.5638477039801699
3999,0.19887636479224183,0.2875506462803608,0.5135729889273973
4000,0.40146008100581015,0.2543827409357287,0.3441571780584612
4001,0.15671338963094697,0.235899520271005,0.607387090098048
4002,0.10329123413128967,0.1612541816121922,0.7354545842565182
4003,0.23678756243299948,0.23986258120922552,0.523349856357775
4004,0.13322825949967196,0.22800339631213387,0.6387683441881942
4005,0.0647642728747509,0.18331357999013517,0.751922147135114
4006,0.1910077585879034,0.24718623955381056,0.5618060018582861
4007,0.21352469219125844,0.2526433449086619,0.5338319629000796
4008,0.3302677171839312,0.29397189987882555,0.37576038293724323
4009,0.13404987409657712,0.2539486995813609,0.6120014263220619
4010,0.1558146102212197,0.25967692221207117,0.584508467566709
4011,0.32781550748102173,0.3052813796455085,0.36690311287346977
4012,0.17951608917881112,0.2599897723361003,0.5604941384850886
4013,0.28320465110452536,0.2522036979764872,0.4645916509189875
4014,0.2051331911042682,0.24730684642879633,0.5475599624669355
4015,0.2780708244998986,0.31185569127710666,0.4100734842229946
4016,0.1908234891345023,0.23531576020805164,0.573860750657446
4017,0.20829663123241915,0.24234396185362087,0.54935940691396
4018,0.227994554015273,0.2718628821541554,0.5001425638305717
4019,0.302121997245766,0.27840190652874724,0.4194760962254867
4020,0.3575891533854055,0.23693970360980598,0.40547114300478854
4021,0.2636523609548342,0.24261710107755177,0.49373053796761396
4022,0.21163378771807873,0.23915576361643323,0.5492104486654881
4023,0.0884183178024941,0.23085595967973505,0.6807257225177709
4024,0.42246305140988377,0.2757287856871079,0.30180816290300816
4025,0.2684811304838432,0.3153315848746155,0.41618728464154137
4026,0.16385268468232636,0.25197050968126466,0.584176805636409
4027,0.21818173895791612,0.2824305512903769,0.49938770975170704
4028,0.3063814379846305,0.3505387270251909,0.3430798349901785
4029,0.30418450414010717,0.36009049681121313,0.3357249990486797
4030,0.14143900195817025,0.22951270964797207,0.6290482883938577
4031,0.2722863483583066,0.24039313315564603,0.4873205184860474
4032,0.18752112295167903,0.3069447608837018,0.5055341161646192
4033,0.20218188694684922,0.24101836571591648,0.5567997473372344
4034,0.29009473739552005,0.28352005802413566,0.4263852045803443
4035,0.2840798417150916,0.25827577101853666,0.4576443872663717
4036,0.14885101422984345,0.2789027013395275,0.5722462844306291
4037,0.317392669384292,0.249674868972029,0.43293246164367893
4038,0.12717938674503154,0.23909714421173595,0.6337234690432325
4039,0.1491765879478131,0.22297523718779633,0.6278481748643906
4040,0.23256843940479377,0.2519049688650912,0.5155265917301151
4041,0.35653093111014195,0.24774130774424508,0.3957277611456129
4042,0.28243535920754903,0.262762706739421,0.4548019340530301
4043,0.2370098638901411,0.277552779400302,0.48543735670955696
4044,0.5169872206735693,0.24684965453381058,0.2361631247926202
4045,0.1996405835440598,0.24434274749708557,0.5560166689588547
4046,0.33173414253696937,0.27263426281822045,0.3956315946448102
4047,0.30674287129035027,0.2848088543417051,0.4084482743679447
4048,0.12168524200458063,0.20430869006059935,0.67400606793482
4049,0.2022752864275964,0.2667452557012041,0.5309794578711994
4050,0.28530639611379144,0.2615536299370346,0.453139973949174
4051,0.2361215282972588,0.33090023468460955,0.4329782370181316
4052,0.2437974142033806,0.23058538980517335,0.5256171959914461
4053,0.2544332219823109,0.26403771073072624,0.4815290672869628
4054,0.0832190871605539,0.19517505859516196,0.7216058542442841
4055,0.21505927603378952,0.2974667303116605,0.4874739936545499
4056,0.08719222611263974,0.2138200357427194,0.6989877381446408
4057,0.13956902881766867,0.2145780336715794,0.6458529375107519
4058,0.21895186193004854,0.24367212535378177,0.5373760127161696
4059,0.2130184430970741,0.2518046742230113,0.5351768826799147
4060,0.4313685117877063,0.2572482032093873,0.31138328500290646
4061,0.3856510981017071,0.24248379875360404,0.37186510314468896
4062,0.29395061155507446,0.2779473200592538,0.4281020683856716
4063,0.27698613825251817,0.2615290224394478,0.46148483930803397
4064,0.31075354305313696,0.2973810968052892,0.39186536014157386
4065,0.29594707022343586,0.33725392842321317,0.3667990013533509
4066,0.14950747229254624,0.24242715070879148,0.6080653769986623
4067,0.3421680171083707,0.30236857665687966,0.3554634062347496
4068,0.23597923629332096,0.22495263486238892,0.5390681288442901
4069,0.28704015452917914,0.28540047065537705,0.4275593748154438
4070,0.18970922689594116,0.3193392055384345,0.49095156756562436
4071,0.28014432962290814,0.2645431736968382,0.45531249668025364
4072,0.16635117652865666,0.2515576347688308,0.5820911887025125
4073,0.14033208791468615,0.24291898636586184,0.616748925719452
4074,0.1243380822781409,0.2481656945136359,0.6274962232082232
4075,0.16424537604486336,0.28700567770191815,0.5487489462532186
4076,0.170923526137991,0.254648982060777,0.574427491801232
4077,0.14347241824563053,0.21691178466965114,0.6396157970847183
4078,0.5354410927378607,0.24410619705234118,0.22045271020979806
4079,0.133596920230397,0.20869063371482577,0.6577124460547772
4080,0.17851386038097153,0.30552684331860824,0.5159592963004203
4081,0.18475543405360353,0.24158567497116742,0.573658890975229
4082,0.24839066412020772,0.29352675214529583,0.45808258373449634
4083,0.1272571311497415,0.19940574799587008,0.6733371208543885
4084,0.25539127251509086,0.26456013417446456,0.48004859331044447
4085,0.2876872728923077,0.293643874140663,0.4186688529670292
4086,0.38210979559328484,0.24426937644213845,0.37362082796457663
4087,0.20869100457039763,0.25523654651593514,0.5360724489136673
4088,0.35334422681468375,0.26674777041143777,0.3799080027738785
4089,0.08874042252103272,0.2126404011487682,0.6986191763301991
4090,0.19475915503790972,0.2347767379592614,0.5704641070028289
4091,0.14767037893427476,0.23632093242325042,0.6160086886424748
4092,0.2091552753247892,0.26027633043929876,0.5305683942359121
4093,0.12882353474784808,0.2964045201068726,0.5747719451452793
4094,0.0859685124454215,0.20901859586415064,0.7050128916904278
4095,0.13203812840445034,0.20655956703024347,0.6614023045653062
4096,0.3343947741161864,0.25274243194628,0.41286279393753367
4097,0.24004083797743536,0.3051066492437992,0.4548525127787655
4098,0.12900547774967283,0.20812718595952803,0.6628673362907991
4099,0.41887955439619984,0.30027477551132653,0.28084567009247363
4100,0.0959705363590371,0.27429301369575015,0.6297364499452127
4101,0.15795599515348863,0.2687738895547594,0.573270115291752
4102,0.2665135861785262,0.26418905325464526,0.46929736056682847
4103,0.19099332863990315,0.2698653957152151,0.5391412756448818
4104,0.32414313295129066,0.2977600990545064,0.378096767994203
4105,0.2252752722363319,0.2617162525793535,0.5130084751843147
4106,0.4146569058834931,0.31526539919152924,0.27007769492497774
4107,0.1527635710272236,0.2425877469145384,0.604648682058238
4108,0.13209045812148426,0.24993608645633256,0.6179734554221832
4109,0.16778216861289888,0.25569566699640306,0.5765221643906981
4110,0.32740668388764516,0.2661657879689965,0.4064275281433585
4111,0.2697936914366202,0.27987729038578196,0.45032901817759774
4112,0.3567057594673982,0.2659551956558719,0.3773390448767299
4113,0.3145569786596587,0.30490832949255503,0.3805346918477862
4114,0.27454466737747024,0.26823108428167985,0.45722424834084996
4115,0.2130088663861291,0.2796541024502001,0.5073370311636709
4116,0.2067027976359022,0.21956714518632342,0.5737300571777745
4117,0.16999454788037713,0.23287787835565385,0.5971275737639691
4118,0.2900321427944964,0.3242501973349355,0.38571765987056805
4119,0.26718623231823757,0.26484839544840366,0.46796537223335877
4120,0.25752077938586565,0.3477133177110747,0.3947659029030597
4121,0.20427575199710293,0.35119005874148984,0.44453418926140736
4122,0.23511448023988457,0.30350306865904014,0.46138245110107534
4123,0.18427739368045826,0.2715872100429243,0.5441353962766174
4124,0.3246532839568616,0.2925260237352827,0.38282069230785565
4125,0.1523036369349902,0.2129304794249657,0.634765883640044
4126,0.13412172766595526,0.2476381085331985,0.6182401638008462
4127,0.17882437968821696,0.2764086792055522,0.5447669411062309
4128,0.19202339541916735,0.25133609709226556,0.5566405074885671
4129,0.10716206935408726,0.24838990806657116,0.6444480225793415
4130,0.3654012001202133,0.2514408204575779,0.3831579794222089
4131,0.23835543995885028,0.2832947139673239,0.47834984607382575
4132,0.2495381957536937,0.2874369413824418,0.46302486286386446
4133,0.1682573771782335,0.24274464551622305,0.5889979773055435
4134,0.1984454901177147,0.20721401600977712,0.5943404938725082
4135,0.22973760515179353,0.2956624681793219,0.4745999266688844
4136,0.16897460995201538,0.24699279347675593,0.5840325965712287
4137,0.2880011265931201,0.2747578053793298,0.4372410680275501
4138,0.16393463474354955,0.2749533721643809,0.5611119930920695
4139,0.14321647124432985,0.23681648546440418,0.619967043291266
4140,0.156944806848487,0.21915013549858547,0.6239050576529275
4141,0.11415856398015095,0.2563134544565018,0.6295279815633473
4142,0.15083877354939415,0.30220614638619053,0.5469550800644153
4143,0.15260710293414032,0.2402029505738519,0.6071899464920077
4144,0.4972062242070213,0.27437511768854533,0.2284186581044335
4145,0.35198389583069545,0.27117725261425946,0.3768388515550451
4146,0.26160245122621595,0.27361090499746255,0.46478664377632156
4147,0.18913978850348648,0.30929538385283045,0.5015648276436832
4148,0.25855815844435054,0.30416318447049073,0.43727865708515884
4149,0.2287615807781738,0.34318276986836865,0.4280556493534575
4150,0.2877923402644064,0.2598335043590099,0.45237415537658354
4151,0.18249488139620484,0.29805427948757396,0.5194508391162213
4152,0.2580058620081973,0.2448931982791256,0.49710093971267716
4153,0.23184255616417201,0.29243614780607696,0.475721296029751
4154,0.39504626283315536,0.3135267742389783,0.2914269629278663
4155,0.05738300011344538,0.15948495808146348,0.783132041805091
4156,0.14356226639712916,0.227576935067425,0.6288607985354457
4157,0.3062455725715339,0.2679708213488872,0.4257836060795788
4158,0.1714934457031039,0.18709804817760112,0.641408506119295
4159,0.2117946472871734,0.31038490537708036,0.4778204473357462
4160,0.11628867835190264,0.21928287811657185,0.6644284435315255
4161,0.12357881824053793,0.2777646366530937,0.5986565451063683
4162,0.130275990376399,0.20735352338946447,0.6623704862341364
4163,0.4153088524050305,0.2703272077538983,0.31436393984107125
4164,0.14574971701910763,0.2637888328553855,0.5904614501255069
4165,0.15144484846981313,0.26203247414055314,0.5865226773896337
4166,0.1085523292826166,0.22545030478330733,0.6659973659340761
4167,0.1592564256391522,0.233517815325485,0.6072257590353628
4168,0.16602797391418742,0.24245389581054577,0.5915181302752668
4169,0.16807948991758762,0.27309943473814857,0.5588210753442638
4170,0.4036751556780042,0.2936196020864483,0.30270524223554757
4171,0.3458776181199374,0.3631633961709212,0.2909589857091414
4172,0.4210000659307213,0.2764985359058002,0.3025013981634784
4173,0.312577321576089,0.2474898565173603,0.43993282190655075
4174,0.17125396594251469,0.3369870988303482,0.491758935227137
4175,0.2072409754546741,0.2830043144733836,0.5097547100719424
4176,0.29548752374140164,0.2770601233279743,0.427452352930624
4177,0.25642545095350444,0.32358520173866673,0.4199893473078289
4178,0.296701444531699,0.28182490210371347,0.42147365336458753
4179,0.0026957211486058415,0.0013643506493059249,0.9959399282020882
4180,0.2057180573227701,0.23355639741839387,0.560725545258836
4181,0.2242843947576203,0.23225419651450352,0.5434614087278762
4182,0.2066788449038139,0.289500882484894,0.5038202726112923
4183,0.19439908226064725,0.2651242226731806,0.5404766950661722
4184,0.2492262575986606,0.19821667762841344,0.5525570647729259
4185,0.2982645543433453,0.29914959472826913,0.4025858509283855
4186,0.2718031695756015,0.3181521756678536,0.41004465475654495
4187,0.2720591162841868,0.25358053057843116,0.47436035313738195
4188,0.09086336430423385,0.03240320690846506,0.8767334287873011
4189,0.3107599520923001,0.3171363954811065,0.3721036524265934
4190,0.14499234839729402,0.31790638446773223,0.5371012671349737
4191,0.2006055016331398,0.3448722256792083,0.454522272687652
4192,0.16101185247387562,0.24646430065456137,0.592523846871563
4193,0.17661447343688308,0.2671414108432924,0.5562441157198245
4194,0.3859639738197341,0.33465706245700166,0.27937896372326415
4195,0.1168022338788146,0.2606361425783841,0.6225616235428013
4196,0.23245582831269043,0.19820477762501576,0.5693393940622938
4197,0.24139985800179342,0.340485171388439,0.41811497060976766
4198,0.171925272498581,0.32406291507726404,0.5040118124241549
4199,0.25775487405719966,0.2744302988736461,0.46781482706915434
4200,0.22216467380597751,0.27770468358509803,0.5001306426089245
4201,0.14583714457372068,0.3194404484277222,0.5347224069985571
4202,0.19534436753287815,0.35594050053822845,0.4487151319288933
4203,0.12945743589912329,0.36629730454419074,0.504245259556686
4204,0.26709970073379924,0.32313837616008767,0.40976192310611304
4205,0.3510286591758974,0.31014886846824835,0.3388224723558542
4206,0.14782452709971577,0.25150408702962807,0.6006713858706562
4207,0.28979805407061665,0.24421701277086172,0.4659849331585216
4208,0.33520633486554413,0.36338278729754964,0.3014108778369061
4209,0.27984578566331403,0.3286313012263775,0.39152291311030835
4210,0.18151603636710392,0.23472262977184627,0.5837613338610498
4211,0.26673270258719395,0.33396613628081045,0.3993011611319957
4212,0.2623815814900528,0.27390353658909655,0.46371488192085075
4213,0.2444971559697175,0.2599792451276133,0.4955235989026692
4214,0.4061179993106765,0.26204955233896043,0.33183244835036313
4215,0.17410129643393163,0.23261006832128608,0.5932886352447823
4216,0.30029442355831254,0.32460273923305055,0.37510283720863685
4217,0.3177372802743244,0.30466515875644434,0.3775975609692313
4218,0.23946485626712158,0.2999038464202323,0.4606312973126461
4219,0.21244344128899262,0.3602192727074996,0.4273372860035078
4220,0.17858092806795117,0.23255201163192302,0.5888670603001259
4221,0.3320572737663128,0.3139103681905221,0.3540323580431652
4222,0.1759347501368761,0.2280045353357558,0.5960607145273682
4223,0.40382742567573415,0.3285279944415566,0.2676445798827091
4224,0.20645618717308611,0.28332124698322514,0.5102225658436887
4225,0.2680162010166776,0.39359619299615084,0.3383876059871715
4226,0.24736700609080706,0.29182268419945523,0.46081030970973763
4227,0.15728493689751336,0.24924555395661604,0.5934695091458705
4228,0.2932960156562464,0.2365664342100184,0.4701375501337352
4229,0.28921904757557537,0.28934213224286276,0.4214388201815618
4230,0.21928730207878422,0.27575021725115245,0.5049624806700633
4231,0.21500335147821056,0.24098245093793225,0.5440141975838572
4232,0.28415692342258053,0.2959448973410177,0.41989817923640166
4233,0.334864591783876,0.37161066818350474,0.2935247400326192
4234,0.15309744645264378,0.261078296987052,0.5858242565603041
4235,0.2729332940676867,0.28313145496998887,0.4439352509623244
4236,0.10326242248880067,0.2581497663501397,0.6385878111610597
4237,0.3196087164098956,0.3003049472154487,0.38008633637465566
4238,0.3541306981252106,0.3180275262061639,0.32784177566862555
4239,0.22563183792396949,0.29160184149912755,0.48276632057690294
4240,0.1698398964986208,0.3043186134163939,0.5258414900849853
4241,0.30139008229536085,0.3001211561468123,0.3984887615578268
4242,0.2960162362504817,0.29677822246675517,0.40720554128276315
4243,0.21547400639343825,0.26290448344573314,0.5216215101608287
4244,0.35647347288724823,0.32021978817769003,0.3233067389350618
4245,0.29838254693444083,0.2462718342103186,0.45534561885524055
4246,0.19773933493641035,0.25120198650126263,0.551058678562327
4247,0.29155043912694756,0.29239770333796933,0.41605185753508306
4248,0.23565256091319528,0.27359845799337257,0.4907489810934321
4249,0.1966615680378932,0.24535524427775027,0.5579831876843565
4250,0.1596679758960948,0.23900801276299696,0.6013240113409083
4251,0.21118581460077077,0.29457355096510957,0.4942406344341196
4252,0.25949487932381166,0.2936722523859966,0.4468328682901917
4253,0.10431179835077267,0.2438973895163852,0.6517908121328422
4254,0.12283538196081595,0.2382471058900968,0.6389175121490873
4255,0.2134859800558761,0.28340248941315116,0.5031115305309728
4256,0.27024923812433516,0.27727518452833233,0.45247557734733246
4257,0.2701087459644983,0.325166782755781,0.4047244712797207
4258,0.36178061501744274,0.36938934966576714,0.26883003531679023
4259,0.25302278292359226,0.3136611408991383,0.43331607617726947
4260,0.30358028902083484,0.34833313646900904,0.34808657451015623
4261,0.2261075919469094,0.3133392093313715,0.4605531987217191
4262,0.3150674293563036,0.32088814272709665,0.36404442791659974
4263,0.19283376518852874,0.31726032597217263,0.4899059088392985
4264,0.2988726830306089,0.3136885526084174,0.3874387643609738
4265,0.2291656547497204,0.24682412424872346,0.5240102210015561
4266,0.2873813102421556,0.2600957863974474,0.452522903360397
4267,0.2635861268496228,0.26174036273937484,0.4746735104110023
4268,0.21541697076127808,0.23150117142099755,0.5530818578177243
4269,0.264461038721321,0.2216104158679122,0.5139285454107668
4270,0.19763302742263042,0.25402792049194545,0.5483390520854241
4271,0.3953163296408038,0.33648014779705004,0.2682035225621462
4272,0.11884635287732513,0.2347420001186077,0.6464116470040673
4273,0.14775935739072613,0.25861869826055267,0.5936219443487213
4274,0.29690788421095327,0.34411599529882936,0.3589761204902174
4275,0.26005267479975347,0.32168900495626673,0.4182583202439798
4276,0.18889141156331268,0.311854152752405,0.4992544356842822
4277,0.390661824843853,0.3054400816482526,0.30389809350789454
4278,0.17985647671567162,0.22155107186728187,0.5985924514170465
4279,0.20336959999135998,0.2706012815295272,0.5260291184791127
4280,0.37984584947575917,0.32353499567972627,0.29661915484451473
4281,0.1711604577285492,0.2862770426312154,0.5425624996402354
4282,0.16779302682318278,0.2311822833913583,0.6010246897854589
4283,0.08549205370379467,0.1990901119323212,0.7154178343638841
4284,0.23208968353842807,0.2732749416759975,0.49463537478557446
4285,0.29945445632247203,0.26020443814606076,0.44034110553146716
4286,0.35019761522522597,0.2847108657601226,0.3650915190146514
4287,0.2673348743390285,0.27402158843950686,0.45864353722146467
4288,0.4527601754128711,0.285124050483108,0.262115774104021
4289,0.14821171811961767,0.20338549990065127,0.6484027819797311
4290,0.3620264719912029,0.34081858914896473,0.29715493885983235
4291,0.21801131521729675,0.31847144660934534,0.4635172381733578
4292,0.24811248071941563,0.28078767790268283,0.47109984137790156
4293,0.18441213389267536,0.3269495643810003,0.4886383017263243
4294,0.27010680342433324,0.3052673729866627,0.42462582358900414
4295,0.3173818572350449,0.3404493673671805,0.34216877539777457
4296,0.14782306906186243,0.2588692591476639,0.5933076717904736
4297,0.15872900625898453,0.23684596820273945,0.604425025538276
4298,0.2207109540222987,0.23521326331603773,0.5440757826616636
4299,0.23530980093691192,0.2763489383165602,0.4883412607465278
4300,0.307700919995731,0.3369010452358428,0.35539803476842624
4301,0.14414159688649902,0.23401780006816214,0.621840603045339
4302,0.33511925903863,0.30762477661733834,0.35725596434403156
4303,0.1386019903779398,0.20518565754800652,0.6562123520740536
4304,0.2659333292090322,0.34927273662121383,0.3847939341697541
4305,0.26591581612587883,0.30686532071845524,0.427218863155666
4306,0.30158244054205047,0.30880508561113446,0.38961247384681513
4307,0.19610196786351053,0.3044761977093011,0.4994218344271882
4308,0.25326705930605536,0.2904109047036937,0.456322035990251
4309,0.16880149192063604,0.2604452379102187,0.5707532701691452
4310,0.1477652422558748,0.1879343292695618,0.6643004284745633
4311,0.343594970689095,0.34703382514840386,0.3093712041625012
4312,0.21381853043977692,0.29397293424266235,0.4922085353175607
4313,0.3639957992379077,0.31055302893197806,0.3254511718301141
4314,0.1163721234273011,0.22453847911560887,0.65908939745709
4315,0.23684015772692724,0.25303923409057333,0.5101206081824995
4316,0.23407069680788964,0.22985339958118067,0.5360759036109297
4317,0.1745706828047908,0.22775158284701136,0.5976777343481978
4318,0.37658209825674344,0.21856650927821275,0.40485139246504376
4319,0.17500005605924923,0.21352443734710858,0.6114755065936421
4320,0.3383117006923854,0.33005541047202525,0.3316328888355893
4321,0.1419634833143148,0.23345773242194,0.6245787842637451
4322,0.2738412243421157,0.32445624621122515,0.40170252944665913
4323,0.22236160449869893,0.30296357694840503,0.474674818552896
4324,0.28137847790131115,0.2703930439509297,0.4482284781477592
4325,0.20955997302204937,0.24017013993455977,0.5502698870433909
4326,0.23190379558164992,0.2982659812213407,0.4698302231970094
4327,0.08547983631671427,0.19611735273528272,0.7184028109480031
4328,0.24093157580712177,0.22937978704056133,0.5296886371523168
4329,0.14799085303021003,0.20388791857534022,0.6481212283944497
4330,0.2221023569814235,0.3127764660460511,0.46512117697252553
4331,0.3513829874780546,0.3334041816259908,0.3152128308959547
4332,0.18622005154106966,0.2691807480083465,0.5445992004505837
4333,0.20715214492822195,0.26232050717747707,0.530527347894301
4334,0.33907145868792743,0.3169624461668289,0.3439660951452437
4335,0.2842835196576664,0.28576249408933013,0.4299539862530035
4336,0.32805095087807185,0.28593719903776327,0.38601185008416483
4337,0.1682573526844019,0.23522164018365513,0.5965210071319429
4338,0.24873242976643614,0.32909704595193057,0.4221705242816333
4339,0.1398764940452821,0.25261044931136295,0.607513056643355
4340,0.11859829582324412,0.19344833353145477,0.687953370645301
4341,0.17227259969520764,0.28256571649674206,0.5451616838080503
4342,0.1300607674319642,0.2141767067675039,0.6557625258005318
4343,0.2376590505942908,0.29444457814319275,0.4678963712625165
4344,0.17182151605991478,0.27607945097454367,0.5520990329655415
4345,0.17702325516915876,0.217779644384146,0.6051971004466953
4346,0.21087645104272423,0.2904090077936816,0.4987145411635942
4347,0.12453747285664596,0.2572387447197429,0.6182237824236112
4348,0.33883632018680365,0.2907538649509123,0.370409814862284
4349,0.22382063965923316,0.24099060379969092,0.5351887565410759
4350,0.32580772036505956,0.2795584512261888,0.3946338284087518
4351,0.15860711851715656,0.2118700549290215,0.6295228265538219
4352,0.2272852750082969,0.32082616571214573,0.45188855927955734
4353,0.4210067177337387,0.3219931566714051,0.25700012559485613
4354,0.3803681079790439,0.2772033648990001,0.3424285271219561
4355,0.44933451596900503,0.29743844505689965,0.2532270389740954
4356,0.25940894870799586,0.2824970848535894,0.4580939664384149
4357,0.2905610628386446,0.2530186462244404,0.45642029093691494
4358,0.07600180015667657,0.18193817784037095,0.7420600220029526
4359,0.2646089612540344,0.25608834904910843,0.4793026896968573
4360,0.15231684407881801,0.24431939295062255,0.6033637629705594
4361,0.20172182086838092,0.27504791787395727,0.5232302612576618
4362,0.1793558876607084,0.24221595664747486,0.5784281556918168
4363,0.08630464440980547,0.17565769949163365,0.738037656098561
4364,0.15850548080998858,0.2575946333041086,0.5838998858859029
4365,0.2739121230663489,0.31435988906089884,0.4117279878727523
4366,0.24277589615579792,0.28721830176003754,0.4700058020841645
4367,0.2851828330596478,0.30310176455687754,0.41171540238347465
4368,0.2883782435208203,0.2594786462364225,0.4521431102427571
4369,0.4073817663214169,0.33153273134922684,0.2610855023293562
4370,0.3164622562165695,0.2978852674905689,0.3856524762928616
4371,0.257342636802102,0.3080097554753708,0.4346476077225273
4372,0.20876822313299745,0.23169143552785654,0.559540341339146
4373,0.20438711114985852,0.23763358369987733,0.5579793051502642
4374,0.2902424026109917,0.3031613089084048,0.4065962884806035
4375,0.28913385717493856,0.2603998577758387,0.45046628504922276
4376,0.21735225029699698,0.28276283423748483,0.4998849154655181
4377,0.13501608385155825,0.2273381402083342,0.6376457759401076
4378,0.3061413186510503,0.3068962011598472,0.38696248018910245
4379,0.26997074707150037,0.28587866876101276,0.44415058416748676
4380,0.24087599069675805,0.2640149912309089,0.49510901807233315
4381,0.23289498998143096,0.2942115760885478,0.4728934339300213
4382,0.3735926624308957,0.3353085551464412,0.2910987824226632
4383,0.17490023620712516,0.24598413867931734,0.5791156251135575
4384,0.21386181303782292,0.2122473569361899,0.5738908300259872
4385,0.1041113280547088,0.20163458196563824,0.6942540899796531
4386,0.18871880142153816,0.30921207386064337,0.5020691247178184
4387,0.15084092162102206,0.21055359076207528,0.6386054876169027
4388,0.12498644956993088,0.26067867029229813,0.6143348801377709
4389,0.21520842540928264,0.2834218534762826,0.5013697211144347
4390,0.2660963234965314,0.2930144474494985,0.44088922905397016
4391,0.28504062080427345,0.29815222156683163,0.4168071576288949
4392,0.4561628818898708,0.27873519939272573,0.26510191871740346
4393,0.24303377919285277,0.275206694362908,0.4817595264442392
4394,0.16160081993989475,0.23207594314199165,0.6063232369181136
4395,0.17254965817068724,0.2136890839656435,0.6137612578636692
4396,0.2122213384166794,0.27996520175968953,0.5078134598236311
4397,0.3568694643433108,0.3076369919034103,0.3354935437532789
4398,0.32597308947123643,0.2959833460480336,0.3780435644807299
4399,0.10403287283702424,0.21101423642087255,0.6849528907421032
4400,0.13864634042009585,0.2638776186878721,0.5974760408920321
4401,0.28862387632429026,0.3199521114055159,0.39142401227019386
4402,0.2616416439858481,0.304073418390827,0.4342849376233248
4403,0.14444703966430153,0.22183450173905567,0.6337184585966428
4404,0.13355666030225893,0.20676934120501628,0.6596739984927247
4405,0.25287486273625126,0.278121936779247,0.46900320048450167
4406,0.15844098171287932,0.2164515799078935,0.6251074383792271
4407,0.22985650779312192,0.32077340014291117,0.44937009206396683
4408,0.3072531414261487,0.2565123855366627,0.43623447303718854
4409,0.209519487553617,0.2395051242559828,0.5509753881904003
4410,0.3169812725776432,0.26292462510968323,0.4200941023126736
4411,0.1713507366649713,0.2723818857897436,0.5562673775452851
4412,0.1194219834864274,0.19768355643915336,0.6828944600744192
4413,0.27424600400148996,0.29591703427606625,0.42983696172244384
4414,0.3225619160746041,0.3090777532181473,0.36836033070724866
4415,0.39505546992397694,0.24760215370680858,0.35734237636921445
4416,0.24720362793625703,0.26003296965841866,0.49276340240532435
4417,0.28923107321750247,0.309153383827986,0.4016155429545115
4418,0.34830087171340335,0.25150404622365335,0.40019508206294324
4419,0.31764984530443197,0.30680556586986446,0.3755445888257036
4420,0.25265091904181064,0.28799008702972617,0.45935899392846324
4421,0.22949208006894384,0.346905422145591,0.4236024977854651
4422,0.28751684906991987,0.3022950022950922,0.4101881486349879
4423,0.31778086867834443,0.2820252481202333,0.4001938832014222
4424,0.11215817326013972,0.1944919109709555,0.6933499157689048
4425,0.22809589406368208,0.28876830872969883,0.48313579720661903
4426,0.32263462772111606,0.2898749044325772,0.3874904678463067
4427,0.08598419580829869,0.1799593261411232,0.7340564780505782
4428,0.2715148565839688,0.27306616681107804,0.4554189766049532
4429,0.2088386711489645,0.23201617490505083,0.5591451539459846
4430,0.14919232035219218,0.2342940857186297,0.616513593929178
4431,0.11832090883880741,0.2788548192378132,0.6028242719233794
4432,0.14533556012040483,0.24416756187426322,0.610496878005332
4433,0.23661425412724574,0.29110500214938273,0.4722807437233716
4434,0.3335866424531241,0.3116022966681366,0.3548110608787392
4435,0.1609242929859083,0.23239765001287008,0.6066780570012217
4436,0.20295171175758486,0.23015964275573123,0.5668886454866839
4437,0.40509990130196977,0.25837003871456216,0.3365300599834681
4438,0.37342548096390954,0.30400886814073474,0.3225656508953556
4439,0.2923668579255526,0.3045167761145263,0.4031163659599211
4440,0.23139900495813454,0.2551258106239825,0.513475184417883
4441,0.2992470252411439,0.2891835132767237,0.4115694614821324
4442,0.3381695247890772,0.29004695250213536,0.3717835227087874
4443,0.1625384316673569,0.26076087564984884,0.5767006926827942
4444,0.1054383846412589,0.24335231878157107,0.6512092965771701
4445,0.11611907354336574,0.2925817759789799,0.5912991504776544
4446,0.3035674960352603,0.25139483404288626,0.44503766992185345
4447,0.4121539311458901,0.30118063643816867,0.2866654324159413
4448,0.07550155674960185,0.21415256654846723,0.710345876701931
4449,0.2016171851273553,0.21761519041829744,0.5807676244543473
4450,0.15785973262100042,0.2859697139030843,0.5561705534759153
4451,0.2005914970845862,0.26760897872014505,0.5317995241952688
4452,0.10939754742348456,0.24114878387310815,0.6494536687034073
4453,0.15805584368440867,0.20805718127148082,0.6338869750441104
4454,0.17659264097754976,0.2398493512734359,0.5835580077490143
4455,0.2694690924509737,0.2678862082037906,0.46264469934523567
4456,0.3128857206197078,0.286898165282192,0.4002161140981002
4457,0.3522699846928131,0.2838981791078834,0.36383183619930354
4458,0.1367076587739027,0.2440564040174195,0.6192359372086779
4459,0.46749482495759137,0.2502335772441845,0.2822715977982242
4460,0.2747159444014469,0.2573927956497571,0.4678912599487959
4461,0.33365237924460267,0.3039097685525885,0.3624378522028089
4462,0.3599920239992221,0.3006298805400025,0.3393780954607754
4463,0.1624074399965125,0.2599861683627234,0.577606391640764
4464,0.2032964587182209,0.3075432872820486,0.4891602539997305
4465,0.16589045942469355,0.21827396130255672,0.6158355792727497
4466,0.19691101984340761,0.23488943203675117,0.5681995481198412
4467,0.2201164672014895,0.2627855859418392,0.5170979468566713
4468,0.12468165639271168,0.22868359385405154,0.6466347497532368
4469,0.34992202992951654,0.25219512351363665,0.3978828465568468
4470,0.09550747123483218,0.21116046031991842,0.6933320684452494
4471,0.20702544121805927,0.2554624592898318,0.5375120994921089
4472,0.14134234236839727,0.24581872971127378,0.612838927920329
4473,0.3016096588936478,0.2639737241255796,0.43441661698077255
4474,0.46499613802591494,0.2895776780351563,0.24542618393892876
4475,0.1949497873185206,0.25151764503740914,0.5535325676440702
4476,0.1949068274013076,0.21339607826694318,0.5916970943317491
4477,0.11168226547859739,0.21341007678278726,0.6749076577386154
4478,0.11626836517141251,0.2135052524294697,0.6702263823991178
4479,0.13183409889874942,0.21606757475398547,0.6520983263472652
4480,0.2899526359835614,0.3046703260644334,0.4053770379520052
4481,0.30187081689154294,0.2639264617028348,0.4342027214056222
4482,0.23457685165398048,0.2963462098001975,0.46907693854582205
4483,0.3287049090878089,0.32808714201657074,0.3432079488956204
4484,0.29365509227944037,0.27845258706568077,0.4278923206548789
4485,0.323100203521549,0.26119900955729414,0.4157007869211568
4486,0.22464593950899855,0.26996770376016677,0.5053863567308348
4487,0.17347209422034823,0.23178733734223403,0.5947405684374177
4488,0.25296498852057725,0.29525580477959124,0.45177920669983157
4489,0.20114474869660423,0.2155795777015862,0.5832756736018095
4490,0.21339187317513117,0.26278272932640395,0.5238253974984648
4491,0.4393037710942631,0.2278147787114053,0.3328814501943317
4492,0.3293919110491045,0.3410129458715383,0.32959514307935717
4493,0.2941781137634179,0.24801181726928795,0.45781006896729415
4494,0.11340764328465971,0.24591381073909993,0.6406785459762404
4495,0.11727630305115712,0.20450652855074403,0.6782171683980989
4496,0.4551463442775255,0.2793663889490089,0.2654872667734656
4497,0.3132975296368429,0.2703422337087401,0.41636023665441707
4498,0.11746660077681671,0.2353780587450888,0.6471553404780944
4499,0.12160879512807436,0.18771361595797337,0.6906775889139524
4500,0.07772020153469972,0.1877236294540526,0.7345561690112475
4501,0.2998047555195448,0.27939304895362654,0.42080219552682874
4502,0.36851889615017625,0.24839967210082595,0.3830814317489978
4503,0.23945980745786075,0.22852437193346864,0.5320158206086706
4504,0.10661670702501967,0.22295270559235894,0.6704305873826214
4505,0.31113477769618925,0.27063760484168026,0.4182276174621306
4506,0.12156337029533061,0.19886837851635225,0.6795682511883171
4507,0.15844344100213056,0.23629439355998796,0.6052621654378815
4508,0.32668467512730304,0.24940768749314973,0.4239076373795472
4509,0.16442092130977132,0.2528651769555798,0.582713901734649
4510,0.16743243174239705,0.21933668812338547,0.6132308801342174
4511,0.33558508236865625,0.2868320513456744,0.37758286628566934
4512,0.2089830400208182,0.308220998112892,0.48279596186628987
4513,0.4045119406598535,0.27668222128619274,0.3188058380539536
4514,0.36650999727936706,0.3090136488992904,0.3244763538213425
4515,0.13653811758252882,0.22691076917765193,0.6365511132398192
4516,0.30721046475990554,0.28793137733036966,0.4048581579097248
4517,0.37706275236335907,0.30583719086648725,0.3171000567701536
4518,0.37586592916029127,0.2596138596383009,0.3645202112014079
4519,0.5126450661172652,0.30661344784269345,0.18074148604004123
4520,0.0830706455829569,0.2604059181218534,0.6565234362951897
4521,0.27229884554632505,0.24366695565152838,0.4840341988021466
4522,0.159319398349306,0.2186310318037977,0.6220495698468963
4523,0.24697437498299687,0.20493426817515278,0.5480913568418504
4524,0.15127869047233194,0.2653360278750887,0.5833852816525793
4525,0.1011756668434022,0.19290941035625234,0.7059149228003454
4526,0.20293102236722496,0.2383155524699984,0.5587534251627766
4527,0.15447200191387422,0.2799983533054734,0.5655296447806524
4528,0.12730200298900074,0.2274930615431511,0.6452049354678481
4529,0.16952233602546773,0.2727063190298359,0.5577713449446964
4530,0.28626166727633723,0.23182709194115167,0.4819112407825111
4531,0.3041042073633532,0.2914109029084677,0.40448488972817903
4532,0.26114122177599675,0.2714561086152351,0.46740266960876825
4533,0.16725901926950007,0.20438432937678558,0.6283566513537144
4534,0.23076572652274763,0.30613821387173923,0.4630960596055131
4535,0.27602743293158905,0.2777236953031429,0.44624887176526795
4536,0.2549147647122112,0.26075562540840996,0.48432960987937884
4537,0.2364604300859721,0.2720315789858023,0.4915079909282256
4538,0.3947189235370585,0.2694625771648852,0.33581849929805624
4539,0.13980339371013492,0.26101876375619465,0.5991778425336705
4540,0.3112751056011833,0.2209374470136318,0.46778744738518485
4541,0.37698449984560833,0.3259637711134686,0.2970517290409231
4542,0.10926597440439581,0.23156264069870824,0.6591713848968959
4543,0.2508449368837844,0.2628853553496652,0.4862697077665505
4544,0.5022770943264887,0.25369821649777463,0.24402468917573666
4545,0.3455448934318838,0.3134321449950908,0.34102296157302536
4546,0.20084966553118772,0.29822251640429714,0.5009278180645151
4547,0.22151821601141863,0.2556526411575849,0.5228291428309965
4548,0.1780545328109592,0.22234632742376093,0.5995991397652798
4549,0.1833470255344918,0.21946546413730972,0.5971875103281985
4550,0.1889124562922256,0.22152031167472933,0.5895672320330451
4551,0.11933801978771195,0.22228743098942486,0.6583745492228632
4552,0.1992415892233426,0.25807791082556264,0.5426804999510948
4553,0.2964523204835573,0.2780904832622209,0.4254571962542217
4554,0.11025501308985698,0.23736482545647516,0.652380161453668
4555,0.23299796285506524,0.24896430410320128,0.5180377330417334
4556,0.2571223682445087,0.30806196222001075,0.43481566953548056
4557,0.26074194829880915,0.2610721274947896,0.4781859242064012
4558,0.10667287953118346,0.2058639331523052,0.6874631873165115
4559,0.23201510333591216,0.26216434982089526,0.5058205468431926
4560,0.15664185887078663,0.2547431921526887,0.5886149489765247
4561,0.2454972444498872,0.23086938234188759,0.5236333732082252
4562,0.282023438064951,0.30637741719553063,0.4115991447395183
4563,0.1539331279484953,0.19087111545275354,0.6551957565987511
4564,0.20126922694759183,0.2910123425142555,0.5077184305381527
4565,0.2394184495540264,0.34171791634111265,0.4188636341048609
4566,0.18554771475501317,0.2966530304981785,0.5177992547468083
4567,0.3505575177118764,0.30791806977023006,0.3415244125178935
4568,0.22483584413239868,0.2115995120804307,0.5635646437871705
4569,0.20277106261620154,0.3104916968919927,0.4867372404918057
4570,0.11393313577354995,0.2892953374497529,0.5967715267766972
4571,0.07854116901409501,0.3284736407010061,0.5929851902848989
4572,0.30202871858713365,0.3157021787321069,0.3822691026807595
4573,0.24817712802993613,0.36511720667434616,0.3867056652957177
4574,0.11488484389146693,0.2655061971761132,0.6196089589324199
4575,0.2583308718828381,0.3371506754631837,0.40451845265397823
4576,0.3643410061234396,0.37274249835858353,0.26291649551797686
4577,0.335618243612349,0.39724771487402954,0.2671340415136215
4578,0.28479544469457757,0.3141222364691506,0.4010823188362719
4579,0.3280685242771124,0.39039202396938494,0.28153945175350265
4580,0.2767101841886121,0.25612065800165257,0.46716915780973534
4581,0.2152150282145677,0.299793313708129,0.48499165807730327
4582,0.2711063448906994,0.25379279507865293,0.4751008600306476
4583,0.3202018987864961,0.24948970270506782,0.4303083985084361
4584,0.34449803400771534,0.3471390664048163,0.30836289958746843
4585,0.18030050726961502,0.27441578490372576,0.5452837078266592
4586,0.23247799424449556,0.31449274915289377,0.45302925660261073
4587,0.22910366787153272,0.2592694384508786,0.5116268936775886
4588,0.28582754808171024,0.3236885093891698,0.3904839425291199
4589,0.22761275210886805,0.29776163851621756,0.4746256093749145
4590,0.17406491138634755,0.27114876646073754,0.5547863221529149
4591,0.22872807527079844,0.30417990379865145,0.4670920209305501
4592,0.2954900362050241,0.33168628301389985,0.3728236807810761
4593,0.13167653073925628,0.2718200647759603,0.5965034044847833
4594,0.21450149771595386,0.3315833095039515,0.45391519278009457
4595,0.09817165496823547,0.2303505204656426,0.6714778245661219
4596,0.3233595783022519,0.2763441731005313,0.4002962485972169
4597,0.3482476889703513,0.28892614836873853,0.36282616266091017
4598,0.2681008865119344,0.27932511331577026,0.4525740001722952
4599,0.17755532057842774,0.24994928252678042,0.5724953968947919
4600,0.37083389781120646,0.3460645676860156,0.28310153450277786
4601,0.41214767664289265,0.2758586687641486,0.3119936545929586
4602,0.3642582588768234,0.23618192612795097,0.3995598149952256
4603,0.400674240803801,0.31954851575860443,0.27977724343759447
4604,0.20229181111677097,0.2711799748789799,0.5265282140042491
4605,0.23285481324563126,0.281924757748404,0.4852204290059648
4606,0.22180936044842547,0.3892823985331643,0.38890824101841026
4607,0.2040757070405559,0.2955696331563544,0.5003546598030898
4608,0.25763740150541187,0.289414631436988,0.4529479670576002
4609,0.10660522376303692,0.2960018948227714,0.5973928814141917
4610,0.3126547319838639,0.2670504904759305,0.42029477754020556
4611,0.23383834878187965,0.24101101148229387,0.5251506397358265
4612,0.41087553920140163,0.2692163161381413,0.31990814466045703
4613,0.13166938519369764,0.3131681733561444,0.5551624414501579
4614,0.14495929928859458,0.27186181281929345,0.583178887892112
4615,0.2375702397870519,0.27796414293563915,0.4844656172773088
4616,0.11400927733554911,0.21423382918632564,0.6717568934781254
4617,0.22558502477017606,0.2868812454014281,0.4875337298283958
4618,0.24340950058311278,0.3396329942842167,0.4169575051326705
4619,0.28417019925858283,0.2608837989530488,0.45494600178836836
4620,0.29523652607785644,0.25548010664128923,0.4492833672808543
4621,0.3201948356611452,0.2564839251495816,0.42332123918927317
4622,0.21255021915329034,0.25354908647674285,0.5339006943699668
4623,0.402213758263144,0.27406735850994884,0.32371888322690706
4624,0.26730784666098495,0.24566746029286327,0.4870246930461518
4625,0.3127700832363669,0.39372995936015,0.29349995740348306
4626,0.3904583632044517,0.30146778003128794,0.3080738567642603
4627,0.2669210079773504,0.2424019720989091,0.49067701992374047
4628,0.350994405181242,0.2580992569978282,0.39090633782092976
4629,0.12129527630835636,0.3004982948213011,0.5782064288703426
4630,0.22463278041170157,0.34721124054124,0.4281559790470584
4631,0.25242611924437974,0.333537208721081,0.4140366720345392
4632,0.25795444927696315,0.27648846431687213,0.4655570864061646
4633,0.08821900534685306,0.2284594413501544,0.6833215533029925
4634,0.31090089179391867,0.3295455924840592,0.3595535157220222
4635,0.2374656744252938,0.31704095903511165,0.4454933665395946
4636,0.16138407782779304,0.23823439731393153,0.6003815248582755
4637,0.2052154430897274,0.2614794525371142,0.5333051043731584
4638,0.27643422908605125,0.2774485954302502,0.44611717548369856
4639,0.21486882407286378,0.26040244118982,0.5247287347373163
4640,0.3914836766888176,0.22856676199263865,0.37994956131854374
4641,0.2045464896773539,0.272975544698978,0.5224779656236681
4642,0.2631965354597252,0.2608219694104587,0.4759814951298161
4643,0.1905964175884326,0.21410291514349258,0.5953006672680748
4644,0.4030674066491669,0.2630900611132779,0.3338425322375553
4645,0.2891239373763462,0.3758403546375639,0.33503570798608984
4646,0.19512105029878046,0.2250890363834999,0.5797899133177197
4647,0.1862719852123079,0.27740371328243824,0.5363243015052539
4648,0.20750692165655754,0.24330744409277325,0.5491856342506691
4649,0.22548408939065046,0.22408408049004905,0.5504318301193004
4650,0.2211308617856088,0.268557953061578,0.5103111851528132
4651,0.2482984284322474,0.30418186105089834,0.4475197105168542
4652,0.23523135668832504,0.29911519537152415,0.46565344794015084
4653,0.19961540616978013,0.29276362759430025,0.5076209662359197
4654,0.43726016148471464,0.29575103114603685,0.26698880736924846
4655,0.22318225728651078,0.24598795107405508,0.5308297916394341
4656,0.18240512445731813,0.2938016969227739,0.523793178619908
4657,0.17008910541957464,0.256899689534564,0.5730112050458613
4658,0.26420211340423555,0.27924106227645445,0.4565568243193099
4659,0.22964736291342064,0.3385177893827884,0.431834847703791
4660,0.16180803026534182,0.2366142530352787,0.6015777166993795
4661,0.35289890019429476,0.24089220694504787,0.4062088928606573
4662,0.48991409780298995,0.22838263248832652,0.28170326970868365
4663,0.25978028982838847,0.27365347253571964,0.4665662376358919
4664,0.19163713213750294,0.231368909800463,0.576993958062034
4665,0.14858578558016547,0.21016913917492422,0.6412450752449103
4666,0.2516211109562392,0.38204920185257274,0.3663296871911881
4667,0.2057227400573714,0.27647227581282335,0.5178049841298052
4668,0.10201210428675811,0.23097287604531586,0.667015019667926
4669,0.19210469036503106,0.2408042925495366,0.5670910170854324
4670,0.294830603284123,0.32577919247967674,0.3793902042362002
4671,0.19002790748560344,0.2448030204192993,0.5651690720950973
4672,0.2914360033069526,0.28075754875774345,0.42780644793530404
4673,0.24949890963835292,0.2893074474149764,0.4611936429466707
4674,0.2288348893215674,0.22287272850453552,0.548292382173897
4675,0.09619349600828511,0.19085365247170957,0.7129528515200053
4676,0.21913868807622375,0.24558328125243722,0.5352780306713391
4677,0.4043158290737534,0.24866863932502942,0.3470155316012171
4678,0.21681271018344161,0.2786230604811981,0.5045642293353603
4679,0.16869255139070513,0.34078787055883886,0.490519578050456
4680,0.16856361104981332,0.24175855068225707,0.5896778382679296
4681,0.21503632338391998,0.257162935608858,0.527800741007222
4682,0.2895352120386807,0.23334521607138542,0.477119571889934
4683,0.13883817105601565,0.24220153404107714,0.6189602949029072
4684,0.3041997011120205,0.2357224250374843,0.4600778738504953
4685,0.4463266494500412,0.31590555810933674,0.23776779244062193
4686,0.10726311279811582,0.21814479778240844,0.6745920894194758
4687,0.20306650280396668,0.23723510379028168,0.5596983934057517
4688,0.23089264809127513,0.2624375328620701,0.5066698190466548
4689,0.31156620823355596,0.2924155661623709,0.39601822560407307
4690,0.2673066399787676,0.2896715680830923,0.4430217919381402
4691,0.1759696824891164,0.292034710598764,0.5319956069121196
4692,0.3146620207336462,0.2544109751151872,0.43092700415116664
4693,0.18764895104085497,0.2633046544660711,0.549046394493074
4694,0.10388099276558255,0.1901391033144495,0.705979903919968
4695,0.2415642133088523,0.38109133773086745,0.37734444896028024
4696,0.152294366190254,0.2615456306646562,0.5861600031450899
4697,0.5192571853217876,0.2887200044455309,0.19202281023268147
4698,0.10717768134102074,0.26260738084664476,0.6302149378123345
4699,0.31756949117618627,0.2703957963832908,0.41203471244052287
4700,0.31152895482199544,0.3385180243072657,0.3499530208707389
4701,0.27682249951739063,0.30420187300002666,0.41897562748258277
4702,0.3763624836490072,0.2532792426447195,0.37035827370627333
4703,0.35564270958932526,0.28810180632883686,0.3562554840818379
4704,0.1847743431765384,0.2513070072734932,0.5639186495499684
4705,0.3720562741647829,0.2807711981436399,0.3471725276915772
4706,0.149499855685117,0.26523560888805636,0.5852645354268265
4707,0.2585962355021532,0.3400337093446599,0.40137005515318697
4708,0.17185906219643943,0.23774520793994763,0.5903957298636129
4709,0.28937384869369187,0.3439389384743896,0.3666872128319184
4710,0.1143349472523635,0.21623995356809436,0.6694250991795422
4711,0.10197643239546647,0.2145749703399245,0.6834485972646089
4712,0.24023249952622563,0.27531470372438255,0.48445279674939185
4713,0.12265029925363018,0.19366233687804021,0.6836873638683296
4714,0.17905030005242886,0.2673161303076763,0.5536335696398949
4715,0.11169542245818455,0.23854765990199575,0.6497569176398197
4716,0.25503689180612155,0.26656104804755343,0.47840206014632514
4717,0.4173260198843367,0.2940009029843444,0.2886730771313189
4718,0.16377123554823889,0.2570711648845571,0.579157599567204
4719,0.23040786469330182,0.2731837716934612,0.496408363613237
4720,0.17218873819046018,0.317963445140624,0.5098478166689158
4721,0.22509329739308878,0.24321100233918255,0.5316957002677287
4722,0.20390058940086891,0.28852576766529997,0.5075736429338311
4723,0.407484862740323,0.3023759596243664,0.29013917763531066
4724,0.34508052118873406,0.3764243231747899,0.27849515563647614
4725,0.2182709688070009,0.2941857860628842,0.48754324513011493
4726,0.21212906949323893,0.26838455858394333,0.5194863719228178
4727,0.2674561294130532,0.2477963557460205,0.4847475148409264
4728,0.14142448025003942,0.2521871956255281,0.6063883241244323
4729,0.20394692968986297,0.2527468750828441,0.543306195227293
4730,0.32008974702606424,0.3404598874890508,0.3394503654848849
4731,0.16925291511938964,0.24637550071293515,0.5843715841676752
4732,0.09815871870159339,0.22693797860595696,0.6749033026924497
4733,0.32284309779623643,0.27125920305871953,0.405897699145044
4734,0.10963404137677092,0.23970013183783007,0.650665826785399
4735,0.1861421930529205,0.23353409954625284,0.5803237074008266
4736,0.45336241856187676,0.27045662413415195,0.27618095730397124
4737,0.2527063675663273,0.31289195313697404,0.43440167929669865
4738,0.21128663307226403,0.23585262517472116,0.5528607417530148
4739,0.36475329805239864,0.34569220902621123,0.28955449292139007
4740,0.16710019778979632,0.2525835752059848,0.5803162270042188
4741,0.25287979467082783,0.26541598128060945,0.48170422404856283
4742,0.18227622421253173,0.22406306879069474,0.5936607069967736
4743,0.2566204500078921,0.2692859386018134,0.4740936113902945
4744,0.28666164498473357,0.3234783992788996,0.3898599557363668
4745,0.18638010651587072,0.3291004396753192,0.4845194538088102
4746,0.23301879151768792,0.30143527217950417,0.46554593630280783
4747,0.4087990742397361,0.25317220336030005,0.33802872239996384
4748,0.28118131682754843,0.26390790207162396,0.45491078110082767
4749,0.19315028299170423,0.2619272054160815,0.5449225115922143
4750,0.2093254531173868,0.27883691586326415,0.5118376310193491
4751,0.11685220367307415,0.29441342848121405,0.5887343678457119
4752,0.26860142906015955,0.2799723964916121,0.45142617444822836
4753,0.31882005262450064,0.3125726472540241,0.36860730012147525
4754,0.4723830176573439,0.30328578068785933,0.2243312016547967
4755,0.2010209958363734,0.2906900553739751,0.5082889487896515
4756,0.08021562925071356,0.19468431168734407,0.7251000590619424
4757,0.09470752979470139,0.190617755677531,0.7146747145277677
4758,0.1977865389039818,0.2468167303752748,0.5553967307207434
4759,0.10565677674332068,0.21481939847820836,0.679523824778471
4760,0.19923565916796426,0.25933700573714613,0.5414273350948895
4761,0.06748854852589418,0.16866421281836738,0.7638472386557384
4762,0.33174710673323893,0.294178096566054,0.37407479670070715
4763,0.3460023636673645,0.3213972675640027,0.3326003687686329
4764,0.22829403401267012,0.2797753163110444,0.4919306496762855
4765,0.3273911151529854,0.2441562396710864,0.4284526451759282
4766,0.17301420840915221,0.22479072221775875,0.602195069373089
4767,0.35823416270852615,0.3130237097621082,0.32874212752936566
4768,0.2431906516008419,0.2816797644280117,0.4751295839711463
4769,0.28607976244702005,0.3187299398032741,0.39519029774970593
4770,0.11308590120609226,0.2323846135224808,0.6545294852714268
4771,0.26153063409279054,0.2825842991536753,0.4558850667535341
4772,0.1883648367390455,0.22321159225314902,0.5884235710078055
4773,0.17031455714886598,0.29227787038582365,0.5374075724653105
4774,0.5611632400194783,0.2507782738285049,0.18805848615201687
4775,0.31120889995933465,0.3417195850774356,0.34707151496322985
4776,0.21329091904533642,0.29550919713808915,0.4911998838165744
4777,0.23684112763709028,0.2817117804880483,0.48144709187486134
4778,0.1523752317539431,0.28617197699581726,0.5614527912502396
4779,0.3398054828017968,0.25716484350134217,0.40302967369686105
4780,0.12034231302635111,0.19541325916979438,0.6842444278038545
4781,0.27364207718579764,0.3407432110674497,0.3856147117467527
4782,0.06978196106754087,0.1721658308318561,0.758052208100603
4783,0.09883904943019596,0.22180617147076825,0.6793547790990357
4784,0.0681987726031329,0.18567755463238705,0.7461236727644801
4785,0.21537733618358115,0.2433047466260992,0.5413179171903196
4786,0.4097928481828758,0.3066621942363958,0.2835449575807284
4787,0.12989650562693017,0.20296929663008625,0.6671341977429837
4788,0.3911917875605585,0.29047823582222826,0.31832997661721313
4789,0.35054847028021974,0.33574104681940364,0.31371048290037656
4790,0.2822229177146421,0.3104330007232057,0.4073440815621522
4791,0.20841024600549102,0.26921183243370267,0.5223779215608063
4792,0.3563086682822048,0.3198881112371132,0.323803220480682
4793,0.29135069361112337,0.35306810116307097,0.3555812052258057
4794,0.3366326083799019,0.2970067034060864,0.36636068821401163
4795,0.15833074523476964,0.27951588179296666,0.5621533729722638
4796,0.4214321081112945,0.2484057299836652,0.3301621619050404
4797,0.3506731456907371,0.31705613506685654,0.33227071924240636
4798,0.2002362846409777,0.2877746895817016,0.5119890257773206
4799,0.44120476416870424,0.2801987223839274,0.27859651344736835
4800,0.15195841545142433,0.24300438075946362,0.6050372037891121
4801,0.1601425646837317,0.26030893643446024,0.579548498881808
4802,0.12476437289014361,0.20350740767253228,0.6717282194373241
4803,0.07754793995022012,0.19530549898409907,0.7271465610656809
4804,0.37362559127259953,0.29857137744261425,0.3278030312847863
4805,0.23736283046061227,0.286268033104937,0.47636913643445067
4806,0.1439907333608471,0.2676420904032539,0.588367176235899
4807,0.28428845103955125,0.2981700057600153,0.41754154320043335
4808,0.35014843927812134,0.2804139318165722,0.3694376289053064
4809,0.29603409229189126,0.3088594505074533,0.3951064572006554
4810,0.08298421852696379,0.22175518182822276,0.6952605996448136
4811,0.2864142218338669,0.271603922124005,0.44198185604212814
4812,0.20275435918475074,0.23620713355605463,0.5610385072591947
4813,0.32418905802583675,0.2944419024792981,0.3813690394948652
4814,0.2729267655751627,0.30022833571203544,0.4268448987128018
4815,0.36936437421562324,0.28297259725169577,0.3476630285326811
4816,0.1956714672239895,0.2594802578189987,0.5448482749570118
4817,0.33280908162852474,0.321949264394965,0.34524165397651024
4818,0.2841288627182669,0.2836243685245161,0.4322467687572171
4819,0.23391926550791423,0.288146541515284,0.4779341929768018
4820,0.11402916701276547,0.21723357480197572,0.6687372581852588
4821,0.20190197756190947,0.2626472263393723,0.5354507960987183
4822,0.20361380629819975,0.2392448088221635,0.5571413848796367
4823,0.04488596747174496,0.1543122096835651,0.8008018228446899
4824,0.06329555697875038,0.14843723781540039,0.7882672052058493
4825,0.26294057233069745,0.3155314708757363,0.4215279567935663
4826,0.19505051754532482,0.2667887493402655,0.5381607331144097
4827,0.3402584305172747,0.28342100743521853,0.37632056204750675
4828,0.3065882192695997,0.30952488094544617,0.38388689978495416
4829,0.2792374345462655,0.32126410317767295,0.3994984622760616
4830,0.3312147021691342,0.2876054398373577,0.3811798579935081
4831,0.2609728793859283,0.2859978518675026,0.4530292687465691
4832,0.12315543119956344,0.254487214030078,0.6223573547703586
4833,0.3269491694891619,0.2739201934032711,0.3991306371075669
4834,0.18740166897201915,0.2495321607194232,0.5630661703085577
4835,0.10552622353073085,0.2377260710970919,0.6567477053721772
4836,0.23079431159342925,0.245078510787378,0.5241271776191927
4837,0.2952778307337514,0.29825346773239736,0.40646870153385123
4838,0.1525803563693009,0.22552274478505538,0.6218968988456437
4839,0.18058761464980358,0.2276506170339624,0.5917617683162341
4840,0.21738421306685127,0.2667750696220608,0.5158407173110879
4841,0.31825834097727085,0.2667418524592149,0.4149998065635143
4842,0.26316318409665734,0.27325577886475455,0.4635810370385881
4843,0.24348309256720463,0.24028483310057588,0.5162320743322195
4844,0.19617233018076374,0.25330778950455884,0.5505198803146775
4845,0.22399042237715866,0.26460431839815685,0.5114052592246845
4846,0.2986347631556868,0.3075539221665414,0.3938113146777717
4847,0.22551154842680743,0.2187915187278336,0.5556969328453589
4848,0.42873376757852755,0.29257774145069027,0.2786884909707822
4849,0.47163822143124795,0.32521774023933087,0.20314403832942132
4850,0.2856663511724582,0.21921125153323845,0.49512239729430346
4851,0.12599121976748034,0.23992949789606774,0.6340792823364519
4852,0.16106192149985796,0.25573689366662833,0.5832011848335137
4853,0.29672979823159523,0.2830506503027432,0.42021955146566153
4854,0.09767273729560665,0.19239804099834684,0.7099292217060467
4855,0.17392124545446416,0.25570607920187116,0.5703726753436646
4856,0.10762673677891223,0.20165338697382335,0.6907198762472645
4857,0.22872638217415941,0.26862003045787747,0.5026535873679632
4858,0.2006374849320352,0.2553808569142355,0.5439816581537293
4859,0.053581820449964984,0.14172627977325458,0.8046918997767805
4860,0.1234116428162145,0.21950269945130044,0.6570856577324851
4861,0.27690064077773496,0.2819632034331017,0.4411361557891633
4862,0.18777036099573755,0.29839533856210904,0.5138343004421535
4863,0.20035363636618003,0.24121478843597952,0.5584315751978404
4864,0.5881684515893771,0.23972260126365857,0.1721089471469642
4865,0.20415015322030486,0.2530194475897882,0.5428303991899068
4866,0.3729139653801452,0.2715664255069535,0.35551960911290137
4867,0.2666564472203083,0.2554452424077657,0.477898310371926
4868,0.30696521437979507,0.23563446196746332,0.4574003236527417
4869,0.16156149464220018,0.27879019793745535,0.5596483074203445
4870,0.27591143252983813,0.2527065176004943,0.47138204986966753
4871,0.33900198541237214,0.2758696427188806,0.3851283718687473
4872,0.37385624806621054,0.2757171162994079,0.35042663563438164
4873,0.29634368429169544,0.2858171234692813,0.41783919223902327
4874,0.23292498416482088,0.2558458690135034,0.5112291468216758
4875,0.05490210155346072,0.1501751217621231,0.7949227766844161
4876,0.4386871111948221,0.23870073180268758,0.32261215700249035
4877,0.13824175074121825,0.26081755485328406,0.6009406944054977
4878,0.2500920338758411,0.23726679603562073,0.5126411700885382
4879,0.14334730734696943,0.24033854445439487,0.6163141481986357
4880,0.17392439611613691,0.25164084457170444,0.5744347593121587
4881,0.12314069825290101,0.23428553311169778,0.6425737686354012
4882,0.3926258927064697,0.290557617889247,0.31681648940428325
4883,0.06836902737900273,0.16944436236422486,0.7621866102567723
4884,0.23319522275342613,0.2851639299621691,0.48164084728440487
4885,0.3243068181454934,0.2626812465267477,0.413011935327759
4886,0.18240912803797896,0.2607456693034699,0.5568452026585512
4887,0.6246209559840528,0.22433457339315624,0.15104447062279103
4888,0.47342926210219827,0.24912954663260614,0.2774411912651956
4889,0.3007605353487941,0.26920991092241026,0.4300295537287957
4890,0.05381033473443863,0.19053057061212977,0.7556590946534315
4891,0.0716797854873377,0.16633073701961118,0.7619894774930512
4892,0.3921684537452511,0.281305712312811,0.3265258339419379
4893,0.23745080557394185,0.2653658642818429,0.49718333014421523
4894,0.360147177444329,0.25518788669666725,0.3846649358590037
4895,0.41114642801961865,0.30907698269548556,0.2797765892848958
4896,0.19242663398382268,0.23486729356867778,0.5727060724474996
4897,0.22234844161800976,0.297570545161068,0.4800810132209221
4898,0.2572809426501922,0.2404290698656136,0.5022899874841942
4899,0.12505030760974623,0.22105951826241904,0.6538901741278348
4900,0.06263721890663629,0.172310403930666,0.7650523771626978
4901,0.10585109595019541,0.19012818480217708,0.7040207192476274
4902,0.1835485779980991,0.24527343667433907,0.5711779853275617
4903,0.160081913987358,0.27842854203469297,0.561489543977949
4904,0.43750145244020144,0.25576330102840183,0.30673524653139667
4905,0.14379210856107694,0.21705435890328698,0.6391535325356361
4906,0.11979497316494954,0.21304728739113002,0.6671577394439204
4907,0.19164039405984518,0.23683606045248784,0.571523545487667
4908,0.409492901048474,0.2588587457903081,0.3316483531612179
4909,0.37282717386898084,0.25519099685211644,0.3719818292789027
4910,0.27181926189152145,0.2848197749596936,0.4433609631487849
4911,0.1824397924327044,0.25898036553385007,0.5585798420334456
4912,0.32571282632689974,0.26359905664709954,0.4106881170260008
4913,0.2860056666800032,0.23730826020574822,0.47668607311424843
4914,0.12646526512840167,0.2408253980403661,0.6327093368312322
4915,0.3458056245182056,0.2656925332615285,0.3885018422202659
4916,0.40397441816168056,0.29120012127435546,0.3048254605639641
4917,0.3129229805721096,0.2539597500131398,0.43311726941475065
4918,0.24623396299172745,0.272403304577853,0.4813627324304196
4919,0.3231372993637682,0.2399382020297011,0.43692449860653065
4920,0.30294080091383274,0.21183505361720797,0.48522414546895914
4921,0.28744712466854944,0.27426783953527184,0.4382850357961787
4922,0.245295391861995,0.27525358863430077,0.4794510195037042
4923,0.2993645336569991,0.25603561566471666,0.44459985067828417
4924,0.08206538163413603,0.1946225294224564,0.7233120889434077
4925,0.23125163151918965,0.25226754139610147,0.5164808270847089
4926,0.36693133230467984,0.23584621986159138,0.3972224478337288
4927,0.05587477257120292,0.16738132976355785,0.7767438976652392
4928,0.19325261421554013,0.2448163271660932,0.5619310586183667
4929,0.2943425385544459,0.240412314653998,0.4652451467915561
4930,0.2302346069365951,0.2621792260460766,0.5075861670173284
4931,0.1275292220345297,0.2625927396507635,0.6098780383147068
4932,0.4646125208639617,0.24955827452177257,0.2858292046142656
4933,0.14616526086373383,0.2510892076581118,0.6027455314781544
4934,0.1485503130829459,0.20752928607978427,0.6439204008372699
4935,0.25317939125877226,0.23794375912910273,0.5088768496121251
4936,0.33410902534267856,0.3043471434178039,0.3615438312395176
4937,0.5237060246711442,0.21488804629024874,0.26140592903860704
4938,0.22631001345266755,0.30590595520141023,0.4677840313459222
4939,0.39206185482467854,0.25654188872966766,0.35139625644565375
4940,0.17155046921934863,0.12583135616755448,0.7026181746130968
4941,0.2644157658719361,0.2234333239954425,0.5121509101326214
4942,0.24922704476078342,0.29347221916872573,0.4573007360704908
4943,0.16450699764085813,0.27363854053049347,0.5618544618286485
4944,0.11528111840364406,0.04887419356302557,0.8358446880333303
4945,0.26422922240620456,0.2409611616488386,0.49480961594495676
4946,0.4470784379891893,0.24871651392640604,0.30420504808440474
4947,0.13077839373354105,0.23719592169600737,0.6320256845704516
4948,0.21568513085843435,0.2918954504229809,0.4924194187185847
4949,0.31596359223750736,0.19547672276086295,0.48855968500162966
4950,0.12038458463271498,0.31546191013521324,0.5641535052320718
4951,0.2933287697284193,0.36702774807919347,0.33964348219238716
4952,0.15123636241631813,0.37799321981157763,0.47077041777210427
4953,0.27359166073894875,0.37579466061866096,0.3506136786423902
4954,0.08316106739248458,0.3044878922251575,0.6123510403823579
4955,0.2737233667540807,0.22053811600111706,0.5057385172448022
4956,0.1714974440735795,0.3393010635103819,0.4892014924160386
4957,0.1703190888381798,0.31307929779688715,0.516601613364933
4958,0.4707025233732681,0.2546761192588166,0.2746213573679153
4959,0.23759872030194468,0.2753849053161673,0.48701637438188805
4960,0.2394789852584841,0.256564811575087,0.5039562031664289
4961,0.25820530627635063,0.2684887755739308,0.4733059181497186
4962,0.28741243558573615,0.23033333604856934,0.4822542283656946
4963,0.2979535963567015,0.325543189275611,0.3765032143676876
4964,0.34559550416719004,0.17797574062992208,0.47642875520288797
4965,0.24593951330039313,0.25539706204462176,0.49866342465498514
4966,0.18293549533277872,0.37336581628314575,0.44369868838407545
4967,0.4470604016804811,0.29923649445779865,0.25370310386172024
4968,0.28072465695791876,0.20317768677417625,0.516097656267905
4969,0.21109244083128328,0.25488821285047275,0.534019346318244
4970,0.2621169569658934,0.28130988337017326,0.4565731596639334
4971,0.3156726904478227,0.28053283727801337,0.4037944722741639
4972,0.1977572595844932,0.3113781140424565,0.4908646263730502
4973,0.26286236963827225,0.2562428817472847,0.480894748614443
4974,0.12850804020869433,0.2456348383883734,0.6258571214029323
4975,0.2068305339686582,0.2863611533928281,0.5068083126385138
4976,0.1720718919555136,0.22414465262729136,0.603783455417195
4977,0.2487804991717739,0.2864920995157361,0.4647274013124901
4978,0.18011166547353086,0.2454153077436423,0.5744730267828269
4979,0.18095021873264558,0.2655896752413896,0.5534601060259648
4980,0.17181459997663906,0.25097269767561986,0.577212702347741
4981,0.3216527024770668,0.3024959048769743,0.3758513926459589
4982,0.4448389573084269,0.3440050822105758,0.21115596048099747
4983,0.16239591812987436,0.21725622220827034,0.6203478596618553
4984,0.17152128585742676,0.28498131536937366,0.5434973987731996
4985,0.2787507499318469,0.26847937610021655,0.4527698739679365
4986,0.24571184911609745,0.28579480161796594,0.4684933492659366
4987,0.1275926610727376,0.2344792775972672,0.6379280613299951
4988,0.2717752746335419,0.3542215290671529,0.3740031962993053
4989,0.2407695642892086,0.2786885633745102,0.4805418723362813
4990,0.3068662956452059,0.26151090454308273,0.4316227998117113
4991,0.1700932747798527,0.2511098442065353,0.578796881013612
4992,0.26718950826446103,0.2924796959510376,0.44033079578450135
4993,0.20408035166445584,0.2558253052911569,0.5400943430443872
4994,0.31728631194587303,0.29080208099575877,0.39191160705836814
4995,0.18289695198707506,0.24165880086960217,0.5754442471433228
4996,0.19132275538580557,0.23452806045786143,0.5741491841563331
4997,0.38526085091790835,0.24449139195498526,0.3702477571271064
4998,0.27479188377373215,0.3241813288896572,0.40102678733661057
4999,0.13405128726650892,0.2856604177074146,0.5802882950260764
5000,0.24217028499733512,0.2572176250411639,0.5006120899615011
5001,0.34981207660835834,0.31679846489479335,0.3333894584968483
5002,0.23122303202874475,0.28640135399565125,0.48237561397560397
5003,0.10921113418364677,0.19349323176057115,0.6972956340557821
5004,0.2913724298795442,0.2956615533754603,0.4129660167449955
5005,0.4099636522743161,0.24246744760648178,0.34756890011920216
5006,0.14872508181872876,0.20526038503211924,0.646014533149152
5007,0.27324014460389184,0.3300936335628111,0.3966662218332971
5008,0.22012068502171134,0.30674072455067897,0.4731385904276097
5009,0.2090036560442233,0.29598103017089755,0.49501531378487906
5010,0.30683585600927027,0.36406715008949336,0.3290969939012364
5011,0.2759481066598882,0.2842734028736491,0.4397784904664628
5012,0.24972730105277752,0.26821172781700203,0.48206097113022056
5013,0.3604363715104567,0.24453124540421312,0.3950323830853302
5014,0.4039628934868547,0.2994188841267834,0.2966182223863619
5015,0.3304953412143742,0.25373137780134375,0.4157732809842822
5016,0.26549992785253973,0.2699451344989034,0.4645549376485569
5017,0.2607304647639324,0.3411560320031606,0.3981135032329069
5018,0.20504209210561689,0.26383804431333546,0.5311198635810477
5019,0.2130254460197857,0.2953617661562236,0.4916127878239907
5020,0.2748436944544549,0.2757443284698208,0.4494119770757243
5021,0.15763787024925596,0.2396328892091027,0.6027292405416412
5022,0.3003910981431517,0.2493693954352883,0.45023950642156
5023,0.2523984368245942,0.2656082304206054,0.4819933327548004
5024,0.4609351206955435,0.2684678133835113,0.2705970659209452
5025,0.12562009100079383,0.20635828603606676,0.6680216229631394
5026,0.2692701189546064,0.2089811392233103,0.5217487418220833
5027,0.37144167487354796,0.31649393403586024,0.31206439109059186
5028,0.3173393917144562,0.2890954040834124,0.3935652042021315
5029,0.3373991204273645,0.27817825306248195,0.3844226265101535
5030,0.22377951438092708,0.301306768248567,0.47491371737050586
5031,0.1190738317099721,0.23075978785332907,0.6501663804366988
5032,0.27530127481111943,0.3166765493834542,0.40802217580542643
5033,0.24105775612581334,0.28168330067433495,0.47725894319985174
5034,0.19074110460115493,0.2776018508911027,0.5316570445077424
5035,0.21045885862164657,0.24276432340039103,0.5467768179779624
5036,0.2700682454155368,0.286019037190254,0.4439127173942092
5037,0.291715666781122,0.3202987961703876,0.38798553704849037
5038,0.2391666496739139,0.32325560673125575,0.4375777435948303
5039,0.2623076639708283,0.2686207372644628,0.46907159876470894
5040,0.28028637001433077,0.25966441357646264,0.46004921640920654
5041,0.1845911015798559,0.2355686269594127,0.5798402714607315
5042,0.13757380454197654,0.31024763468924194,0.5521785607687815
5043,0.2650655765517324,0.2633506562678269,0.4715837671804406
5044,0.35185541009727184,0.3509408015762962,0.297203788326432
5045,0.20010769944860418,0.30535297101457454,0.4945393295368211
5046,0.428062859322227,0.3078093451201285,0.2641277955576446
5047,0.3001960057158999,0.299229162562941,0.400574831721159
5048,0.24313764965728393,0.2885561758593693,0.4683061744833467
5049,0.22238676660241377,0.2635078693119755,0.5141053640856108
5050,0.3001221044617338,0.2991747668212992,0.40070312871696706
5051,0.2801188803184544,0.2636460709189421,0.45623504876260346
5052,0.3285116753844367,0.29686067274263533,0.374627651872928
5053,0.2463710221607769,0.2517323966128186,0.5018965812264045
5054,0.1016514246887192,0.21401764406571558,0.6843309312455652
5055,0.12867626281298258,0.28512885761359164,0.5861948795734258
5056,0.18734815164074534,0.21796325494144317,0.5946885934178114
5057,0.15156916741620527,0.2723259970934345,0.5761048354903602
5058,0.3496467517947283,0.2627452133704468,0.3876080348348248
5059,0.22729217533286164,0.24841027340175156,0.5242975512653868
5060,0.2422947927706408,0.26694275793272404,0.49076244929663515
5061,0.22538201723615858,0.2903646689222833,0.4842533138415582
5062,0.23475109004846192,0.23349910233696286,0.5317498076145752
5063,0.3532628948472623,0.331930022811634,0.31480708234110366
5064,0.36529346036415367,0.33125639450978417,0.3034501451260621
5065,0.0858403869448753,0.20825948389957866,0.705900129155546
5066,0.13467034523296775,0.22216953386016355,0.6431601209068686
5067,0.09753879619647168,0.19416222831494798,0.7082989754885803
5068,0.23538478682745267,0.2877585155228708,0.4768566976496764
5069,0.22980221045352714,0.22880817325719602,0.5413896162892768
5070,0.16884248486092743,0.2923625418877127,0.5387949732513599
5071,0.08890282065478551,0.19090560940198487,0.7201915699432296
5072,0.22974318323112197,0.2830407292533171,0.4872160875155609
5073,0.3826908633448616,0.28730474767356456,0.3300043889815738
5074,0.3396683527373139,0.3145485920377758,0.3457830552249103
5075,0.2415161651405231,0.26966425551261397,0.4888195793468628
5076,0.26836220017530144,0.30371517729081376,0.4279226225338847
5077,0.17025103376652254,0.2133665092336487,0.6163824569998287
5078,0.20316444233819209,0.2570629423126493,0.5397726153491585
5079,0.35905370219434823,0.2960977143056309,0.34484858350002084
5080,0.4203481507181373,0.3292606344372802,0.2503912148445825
5081,0.27844849264992416,0.29816145038159525,0.4233900569684806
5082,0.15721449688212014,0.2614160191398441,0.5813694839780358
5083,0.22427786882324457,0.3101151635669996,0.46560696760975584
5084,0.4092523318949254,0.3124601221909646,0.2782875459141101
5085,0.24407647856810444,0.2358658653397266,0.520057656092169
5086,0.29323463164844404,0.23789380249222525,0.46887156585933065
5087,0.2204385616376298,0.2744791996928727,0.5050822386694975
5088,0.17970895010975568,0.20378808408787435,0.61650296580237
5089,0.11578189147793354,0.2238179345693151,0.6604001739527514
5090,0.20174560798972985,0.26528709549449514,0.5329672965157749
5091,0.19693751537319443,0.22104306477863533,0.5820194198481702
5092,0.16263979087952,0.24438185444757024,0.5929783546729098
5093,0.30020412339717173,0.23054430053996672,0.46925157606286166
5094,0.35923231376508236,0.27615551226176266,0.36461217397315493
5095,0.4105804993301313,0.286090500312179,0.3033290003576898
5096,0.30350182157033584,0.28219274158875507,0.4143054368409091
5097,0.25916406373072975,0.2725950123356777,0.4682409239335925
5098,0.24221376162277108,0.2868652609087826,0.4709209774684463
5099,0.315461505731088,0.3253061360057927,0.3592323582631192
5100,0.1647141307873849,0.28914303466662344,0.5461428345459916
5101,0.1242068337768375,0.25051677031186464,0.6252763959112979
5102,0.2813268906862372,0.24680065288956476,0.4718724564241981
5103,0.2317182788593436,0.321976852635853,0.4463048685048034
5104,0.24248458112355842,0.29539504664673655,0.462120372229705
5105,0.2801281441703907,0.29608915234063626,0.423782703488973
5106,0.23636214391992091,0.25282945917463223,0.5108083969054469
5107,0.09705848058768042,0.20434607055324197,0.6985954488590777
5108,0.29063175408509817,0.26631856287441297,0.44304968304048886
5109,0.2186637538990882,0.2904538625080503,0.4908823835928615
5110,0.28208449964938326,0.2508984200717381,0.46701708027887867
5111,0.23424604762261234,0.306027368077291,0.4597265843000967
5112,0.054467661839079584,0.1444641296442414,0.801068208516679
5113,0.2724462521031562,0.2854087202296963,0.4421450276671475
5114,0.23807046303935064,0.28819958262518924,0.4737299543354602
5115,0.31261853464925393,0.26789183426970725,0.4194896310810387
5116,0.15630842801343034,0.23820035204645973,0.6054912199401099
5117,0.17076549861683923,0.24840091452396038,0.5808335868592003
5118,0.13148417390269693,0.19127600957347302,0.6772398165238301
5119,0.15894810821431427,0.24858436796568095,0.5924675238200048
5120,0.2411962747443809,0.2593543428002711,0.499449382455348
5121,0.25803077069707786,0.2660550797414359,0.4759141495614863
5122,0.4422372900056095,0.2769158115414723,0.28084689845291816
5123,0.5396416123663111,0.2914955152776069,0.16886287235608188
5124,0.2869441182456004,0.2841888653214367,0.4288670164329629
5125,0.21194619007898938,0.2137340873313677,0.5743197225896429
5126,0.16058641862900017,0.2578862395902097,0.5815273417807901
5127,0.1894587389067365,0.2794886846779725,0.531052576415291
5128,0.20887647537635912,0.2629680781398356,0.5281554464838053
5129,0.1503658460936817,0.23036988256043497,0.6192642713458832
5130,0.32494111535571807,0.28329402652458624,0.3917648581196957
5131,0.2086036358874205,0.2653312826029345,0.5260650815096449
5132,0.22879749924284362,0.3062300148936082,0.4649724858635481
5133,0.17601396074064085,0.26424593485810693,0.5597401044012522
5134,0.09603859683270848,0.16890648530669308,0.7350549178605984
5135,0.3452768907389926,0.26140679878742124,0.3933163104735861
5136,0.08003452656235029,0.20095204515068396,0.7190134282869658
5137,0.2984336591151649,0.277673229562934,0.4238931113219012
5138,0.4465663231108269,0.30422017457777206,0.24921350231140113
5139,0.19577155274610997,0.31546845273526186,0.48875999451862817
5140,0.19023298047218237,0.2392581400682889,0.5705088794595288
5141,0.4019681065888354,0.32017519392936394,0.27785669948180053
5142,0.2022928306857044,0.2808853886481496,0.5168217806661459
5143,0.3160509981010613,0.3037701929110933,0.38017880898784545
