Id,A,D,H
3419,0.22472815588957273,0.2675886264608735,0.5076832176495538
3420,0.33719778641648057,0.29454477478169966,0.3682574388018198
3421,0.19279689332360683,0.251136840229472,0.5560662664469211
3422,0.25809083944696176,0.28763315812683565,0.4542760024262027
3423,0.1301806701727995,0.18732320346725045,0.68249612635995
3424,0.36164577423843847,0.2847084858137744,0.35364573994778714
3425,0.23231132828827272,0.2586078572217084,0.5090808144900189
3426,0.3278917424730571,0.3188430659167961,0.3532651916101467
3427,0.19972141685245579,0.26562323759523276,0.5346553455523114
3428,0.2628457862231461,0.24613133205058296,0.49102288172627095
3429,0.3412040280462738,0.2864120187913196,0.3723839531624066
3430,0.2075681298563756,0.2526087389249803,0.5398231312186441
3431,0.13859307874558055,0.2198220012651213,0.6415849199892981
3432,0.23771456599471047,0.24648202092131483,0.5158034130839747
3433,0.15664355927171725,0.2424586760823374,0.6008977646459454
3434,0.17021022820603307,0.23321336215599542,0.5965764096379715
3435,0.3739790497447708,0.29645719543530125,0.32956375481992795
3436,0.22127428588348852,0.2886904842666759,0.4900352298498356
3437,0.2179491799861781,0.2520236380065013,0.5300271820073207
3438,0.13529272981031826,0.21090288167022048,0.6538043885194613
3439,0.1830898651264306,0.23835899983070435,0.578551135042865
3440,0.3931767826618576,0.274747476108419,0.3320757412297233
3441,0.2314740945512403,0.26410422421238033,0.5044216812363793
3442,0.2043331278653192,0.23709301487526402,0.5585738572594168
3443,0.22089184382572552,0.27147472724099797,0.5076334289332766
3444,0.07998835391667741,0.1663061229644698,0.7537055231188527
3445,0.1924091619346343,0.2537110209321224,0.5538798171332433
3446,0.24292032465212593,0.26991751901962635,0.48716215632824766
3447,0.1595441540515646,0.2542736240346537,0.5861822219137818
3448,0.26829965072812745,0.291038944042565,0.44066140522930763
3449,0.2079210717384468,0.2321797698297124,0.5598991584318408
3450,0.24100840046004438,0.26941060400353406,0.48958099553642154
3451,0.43794221988948534,0.2957354063817622,0.26632237372875256
3452,0.24186992537204227,0.2898904337154823,0.4682396409124755
3453,0.2914878005234841,0.27952625712717527,0.4289859423493406
3454,0.16451698076264282,0.23240613335357638,0.6030768858837808
3455,0.3078808033008042,0.2746424437829891,0.4174767529162067
3456,0.1597744910246342,0.23676649296567767,0.6034590160096881
3457,0.2252905102963749,0.2964895794586,0.4782199102450251
3458,0.12163493900784506,0.20431300260186946,0.6740520583902855
3459,0.26044853070089613,0.28485165083921393,0.4546998184598898
3460,0.11314419343765371,0.21201481774945244,0.6748409888128939
3461,0.191049819028658,0.24695965441503237,0.5619905265563097
3462,0.18991350522675374,0.24884510115112413,0.5612413936221221
3463,0.22308227052028334,0.2681392982574633,0.5087784312222534
3464,0.19976767700464237,0.27050851680351945,0.5297238061918381
3465,0.3048565153216072,0.2676141954444572,0.4275292892339356
3466,0.26989964580605885,0.27326270699004906,0.4568376472038922
3467,0.23887118378034145,0.2745071149437453,0.4866217012759132
3468,0.322579683813488,0.3075699704662097,0.3698503457203023
3469,0.3391028373355238,0.2795093596544135,0.3813878030100627
3470,0.2083861679255845,0.26759695455448207,0.5240168775199334
3471,0.15077107307847126,0.233548859692167,0.6156800672293616
3472,0.25391911379332427,0.30353342418382395,0.4425474620228518
3473,0.2082700425660075,0.24615099377382332,0.5455789636601691
3474,0.19427275156057328,0.2801801166566814,0.5255471317827454
3475,0.3053193942240078,0.28674264063608895,0.4079379651399033
3476,0.25456149426524305,0.26282761408421706,0.48261089165053994
3477,0.2756890695974478,0.2668524511304824,0.45745847927206984
3478,0.29756051172618947,0.28314860110502127,0.4192908871687893
3479,0.2007316889638117,0.26802879289802295,0.5312395181381655
3480,0.15135689936600116,0.24290704939290703,0.6057360512410918
3481,0.19000772252735232,0.2428309423064472,0.5671613351662005
3482,0.32091589129252274,0.28741448677493375,0.39166962193254345
3483,0.15918708988299668,0.2494236952024264,0.591389214914577
3484,0.2470914843475987,0.28943398978827584,0.4634745258641254
3485,0.202272234656115,0.2514266359364269,0.5463011294074581
3486,0.29275996712952823,0.26095798833893324,0.4462820445315385
3487,0.19143712863694906,0.23740403652991782,0.5711588348331331
3488,0.2957808485793402,0.2726104585989395,0.4316086928217202
3489,0.18549748655952597,0.24658413175420196,0.5679183816862721
3490,0.25998121919674333,0.2747545553234729,0.46526422547978363
3491,0.22959402868932227,0.277655181890757,0.4927507894199208
3492,0.26958391349666155,0.2854100586485975,0.44500602785474097
3493,0.18043383673879276,0.2636471840578726,0.5559189792033347
3494,0.22243857830073083,0.2679168270581472,0.5096445946411221
3495,0.29801401043945297,0.2645708265669129,0.4374151629936342
3496,0.0906586358414258,0.18321826130472735,0.7261231028538468
3497,0.2301820116576429,0.280991058854149,0.48882692948820816
3498,0.29737124372992796,0.2878011478031087,0.41482760846696337
3499,0.20647753528821466,0.2599974807181731,0.5335249839936123
3500,0.24752962762518868,0.26224239593874094,0.4902279764360704
3501,0.3522362296475355,0.277605733356625,0.3701580369958396
3502,0.18034239717960443,0.2723363578994777,0.5473212449209179
3503,0.2820700088697883,0.307802939744212,0.4101270513859997
3504,0.2863961950736788,0.29527226340289303,0.4183315415234281
3505,0.1223004412767423,0.2075337917944527,0.670165766928805
3506,0.2735682340065667,0.28532122504620566,0.44111054094722757
3507,0.22964371930044525,0.2831055199068357,0.48725076079271906
3508,0.2537273438290658,0.26992825725755343,0.4763443989133809
3509,0.33389356760254474,0.3210202554990361,0.34508617689841914
3510,0.20546037132949418,0.26940167856105524,0.5251379501094506
3511,0.23735712342432563,0.2835186235852614,0.479124252990413
3512,0.1929178735486871,0.2631513618431538,0.5439307646081591
3513,0.3153131676525915,0.2968544375047382,0.3878323948426703
3514,0.35955780164070905,0.2993907535777484,0.3410514447815426
3515,0.23455632062420118,0.28351262407598365,0.4819310552998153
3516,0.12052774260223659,0.23770375664953472,0.6417685007482288
3517,0.31570954105649074,0.26687033738409105,0.4174201215594182
3518,0.2565888752983275,0.30405974868997865,0.43935137601169383
3519,0.15130058397330054,0.26548838129696234,0.583211034729737
3520,0.15213715608688153,0.22898772791633204,0.6188751159967864
3521,0.28510549361744,0.2969363468034171,0.41795815957914295
3522,0.22100485991047164,0.2778060692119631,0.5011890708775653
3523,0.27404642127802836,0.2822532434344373,0.4437003352875343
3524,0.2643556801765528,0.30030425760212176,0.4353400622213254
3525,0.20023653912637138,0.25885721394866307,0.5409062469249656
3526,0.3543228293816583,0.29063802100767466,0.35503914961066707
3527,0.2873862226674221,0.29815173421228813,0.4144620431202898
3528,0.2510234224952678,0.24774809745298856,0.5012284800517436
3529,0.2990633773817702,0.28929763465112335,0.4116389879671064
3530,0.17843474266021409,0.2669513397197469,0.554613917620039
3531,0.327671079738202,0.31954388399645206,0.35278503626534596
3532,0.1801328842977852,0.2672415163907303,0.5526255993114846
3533,0.28800418860022403,0.3055442281511547,0.4064515832486213
3534,0.23939675194382667,0.2688588250276231,0.4917444230285503
3535,0.2733243849805208,0.2796789998264776,0.4469966151930015
3536,0.3980934105765216,0.2852185067903068,0.31668808263317166
3537,0.15453267538931903,0.23925830950753785,0.606209015103143
3538,0.2487406632825374,0.27026929236952213,0.48099004434794046
3539,0.27673669669740164,0.3160415639084725,0.4072217393941259
3540,0.22145965226047826,0.28318140877201975,0.49535893896750205
3541,0.19685024034664386,0.24632830986724386,0.5568214497861124
3542,0.14916827010315717,0.25615566175944937,0.5946760681373935
3543,0.289400756355906,0.28393874580986744,0.42666049783422666
3544,0.1971508942200768,0.28074847511446377,0.5221006306654594
3545,0.30440328064632416,0.291216927272191,0.4043797920814849
3546,0.1387898620383154,0.22992289007802835,0.6312872478836562
3547,0.18006916176997445,0.2639250665614429,0.5560057716685827
3548,0.2873644007006173,0.30675968775715223,0.40587591154223057
3549,0.15516479159647173,0.2404370926023113,0.6043981158012168
3550,0.23113266657104758,0.2693697720529644,0.499497561375988
3551,0.1819000462481032,0.26956317196033364,0.5485367817915632
3552,0.18769135281667151,0.25313211744523484,0.5591765297380937
3553,0.10134618748252555,0.2008526100772724,0.697801202440202
3554,0.42441267966038954,0.31035259851872915,0.26523472182088126
3555,0.31726274975797397,0.27626178199714646,0.40647546824487946
3556,0.22994381724988455,0.30284153814661907,0.4672146446034964
3557,0.25194967968533505,0.2793998977424957,0.4686504225721692
3558,0.1667963930339018,0.26090992165207594,0.5722936853140222
3559,0.26823275871669705,0.2960126902308967,0.4357545510524062
3560,0.4244856290018841,0.29388370730937896,0.2816306636887369
3561,0.24661305837539577,0.32813644137229103,0.42525050025231326
3562,0.26900498704959735,0.27768118449468177,0.4533138284557209
3563,0.15292974543533377,0.2532410104864906,0.5938292440781756
3564,0.2585827964309309,0.2768207846341244,0.46459641893494474
3565,0.2555248588332718,0.27491851318733784,0.46955662797939024
3566,0.22861390872623957,0.2762517263858655,0.49513436488789486
3567,0.2568145648229484,0.27626012803968647,0.466925307137365
3568,0.16504469659942078,0.2694185860051285,0.5655367173954506
3569,0.1671932189558872,0.2550983354803798,0.5777084455637331
3570,0.22081143660848587,0.290124754965522,0.48906380842599206
3571,0.3136544367807611,0.30787515046820857,0.3784704127510304
3572,0.2540807947917483,0.28027227388422893,0.46564693132402274
3573,0.2419676458341028,0.29208534830964406,0.46594700585625315
3574,0.1502317385546506,0.22155948056424382,0.6282087808811057
3575,0.419916962454409,0.30680042726643764,0.27328261027915335
3576,0.22184288122279122,0.28856270065012424,0.4895944181270845
3577,0.20822243108053246,0.2881680583857096,0.503609510533758
3578,0.18560250071423623,0.2432172134626081,0.5711802858231556
3579,0.23013047813654958,0.2840842045276072,0.4857853173358433
3580,0.3430701673941572,0.3123084587757795,0.34462137383006325
3581,0.13302104561845385,0.21614413645185573,0.6508348179296903
3582,0.2866059042930729,0.30511737289384677,0.4082767228130803
3583,0.2725323866844366,0.29238074290535915,0.4350868704102042
3584,0.21968204075634926,0.3039356612196966,0.47638229802395415
3585,0.1953090407950063,0.2607426353579477,0.543948323847046
3586,0.43172437769145144,0.2926327804282658,0.2756428418802829
3587,0.25715905780312887,0.2784740512716972,0.46436689092517386
3588,0.1380224244089863,0.2342376180986743,0.6277399574923395
3589,0.16727839408180145,0.25048784446280514,0.5822337614553934
3590,0.1721716664885975,0.2647132882076497,0.5631150453037528
3591,0.2926354773056299,0.293204626322663,0.4141598963717072
3592,0.19409694234433195,0.24971690637764096,0.5561861512780271
3593,0.13414627972959337,0.21235184089058146,0.6535018793798252
3594,0.22227261260459946,0.2608277276543229,0.5168996597410777
3595,0.12542610603781865,0.22567690060235857,0.6488969933598228
3596,0.16220051211251724,0.26445682097712664,0.5733426669103561
3597,0.3835967094104247,0.3086183976420064,0.30778489294756883
3598,0.3881706148263064,0.3023820645685683,0.3094473206051253
3599,0.16607021863611687,0.2766596397667292,0.5572701415971539
3600,0.3585197036336218,0.3121638150542071,0.3293164813121711
3601,0.3873638674200963,0.2883860177021228,0.32425011487778077
3602,0.20009240526717753,0.26994405439373287,0.5299635403390895
3603,0.3256889740099991,0.318415637955194,0.3558953880348069
3604,0.17182364773256908,0.2699329229815065,0.5582434292859244
3605,0.2380499254941823,0.27491953051970136,0.48703054398611634
3606,0.16284478092566926,0.23286360247802879,0.6042916165963019
3607,0.3105611822721744,0.293026296012309,0.39641252171551666
3608,0.28973068804721863,0.30125136664580277,0.40901794530697855
3609,0.34880414390289316,0.3080470776965658,0.3431487784005409
3610,0.1978450488516973,0.2548546723671303,0.5473002787811725
3611,0.11752044328069178,0.22949792383042605,0.6529816328888822
3612,0.15050084893135413,0.21290249222361923,0.6365966588450267
3613,0.24133034885223914,0.266857605529269,0.4918120456184919
3614,0.3021751142944002,0.29064979397234936,0.4071750917332503
3615,0.19413577581734554,0.26227672215504727,0.5435875020276072
3616,0.21800515248561902,0.2586733569499769,0.5233214905644041
3617,0.16343993077685526,0.23737062513206186,0.5991894440910829
3618,0.2531972426804935,0.29273352024227606,0.45406923707723035
3619,0.31573093676548747,0.29047194476689686,0.3937971184676158
3620,0.27933538524397916,0.29035799033571136,0.43030662442030954
3621,0.3010801729752113,0.3172169690631286,0.38170285796166015
3622,0.4009529134535865,0.2995252706288929,0.2995218159175206
3623,0.2862473393089847,0.3142484251638471,0.3995042355271682
3624,0.14349066476818817,0.23405462019779127,0.6224547150340205
3625,0.10804811008856874,0.2025755379633659,0.6893763519480653
3626,0.32420339191959996,0.2935714936854784,0.3822251143949216
3627,0.17204488293989928,0.2473531331662534,0.5806019838938473
3628,0.326497736453469,0.30128148033649194,0.37222078321003904
3629,0.18902866362462556,0.2396190699581607,0.5713522664172137
3630,0.2610743378876177,0.3083543941482102,0.4305712679641721
3631,0.22154211681025676,0.2692245363134849,0.5092333468762583
3632,0.29017855428055706,0.25827388366783033,0.4515475620516126
3633,0.44410763410330634,0.2907801923513783,0.26511217354531535
3634,0.19494229027460985,0.2823071961305182,0.522750513594872
3635,0.17878553529573604,0.2417697701759888,0.5794446945282752
3636,0.22963742957872385,0.3157028807397423,0.45465968968153386
3637,0.264542843580632,0.3013951990162018,0.4340619574031661
3638,0.24997927764771583,0.2832655329945226,0.4667551893577616
3639,0.12814483472886273,0.21612342914988758,0.6557317361212497
3640,0.10944633044782698,0.19047443361633765,0.7000792359358354
3641,0.2560875493740447,0.29247096361098773,0.45144148701496756
3642,0.18446168188264456,0.2687845472842875,0.5467537708330679
3643,0.17319998709302037,0.2581386815664155,0.5686613313405642
3644,0.24123292250904083,0.29274443203686096,0.4660226454540982
3645,0.21520722293912775,0.2566409462573564,0.5281518308035158
3646,0.30192601687638,0.2834895558650353,0.4145844272585847
3647,0.24051879973270784,0.2672976868131063,0.49218351345418576
3648,0.38077766351139875,0.3060706425531886,0.31315169393541253
3649,0.25263069903116986,0.2588635760649955,0.4885057249038347
3650,0.22320050639868846,0.24544010755991902,0.5313593860413925
3651,0.2982747136254092,0.2882505126582995,0.4134747737162914
3652,0.2835668635924923,0.2881820619194141,0.42825107448809374
3653,0.3288678624488258,0.2966532455422193,0.374478892008955
3654,0.19863994966489715,0.31738556739376667,0.4839744829413362
3655,0.43196049597339925,0.3047101457690369,0.2633293582575639
3656,0.3019203701144374,0.28980854811808693,0.40827108176747573
3657,0.11525090215199457,0.20264301317396782,0.6821060846740377
3658,0.18701573585423292,0.2643370033086847,0.5486472608370823
3659,0.23577374347318716,0.2594838231012336,0.5047424334255792
3660,0.25349140309171503,0.26787106713234615,0.4786375297759388
3661,0.39035203156801634,0.3017097454364718,0.307938222995512
3662,0.15417069309188913,0.2352400829537445,0.6105892239543664
3663,0.13044725837793908,0.20363426752107178,0.6659184741009891
3664,0.2025231963537295,0.2837787385799063,0.5136980650663642
3665,0.16450610809537616,0.22919359857989952,0.6063002933247243
3666,0.39554221405988516,0.31415019908222697,0.2903075868578879
3667,0.30088618917609905,0.2731094631221149,0.42600434770178597
3668,0.17926236487568725,0.25594852713388827,0.5647891079904245
3669,0.17006757688422453,0.2499384754249001,0.5799939476908753
3670,0.24928228015198545,0.2923436301310338,0.45837408971698085
3671,0.1362678906775875,0.22841131028342904,0.6353207990389835
3672,0.16568026998468438,0.27637504487646813,0.5579446851388474
3673,0.07878327799769369,0.17839159906592483,0.7428251229363816
3674,0.40233830453529884,0.2925191982507313,0.3051424972139699
3675,0.30174788975862793,0.30662470222137134,0.3916274080200006
3676,0.28480728400284683,0.2708449860304807,0.4443477299666725
3677,0.29596601229251285,0.30366591160060286,0.40036807610688435
3678,0.35115078321716603,0.29306863931987415,0.35578057746295977
3679,0.4415938192174722,0.30806489577349816,0.25034128500902963
3680,0.21140991878069154,0.25698057773208605,0.5316095034872224
3681,0.22068746403775247,0.2837998090343995,0.49551272692784804
3682,0.23986656527667743,0.2718350849016362,0.4882983498216864
3683,0.18897160901812127,0.23339295051503373,0.5776354404668449
3684,0.2829917420059026,0.2746141780000711,0.44239407999402625
3685,0.3164299691250487,0.3093217231484626,0.37424830772648865
3686,0.12462730907542646,0.21395053954458232,0.6614221513799913
3687,0.14355653851951086,0.2256240483743944,0.6308194131060948
3688,0.36201563350730814,0.3239653088843536,0.3140190576083382
3689,0.1527504471949716,0.2575961225031098,0.5896534303019185
3690,0.2660758613250249,0.2636021826990044,0.4703219559759707
3691,0.13818385105104314,0.22597301621503027,0.6358431327339266
3692,0.3211503616560173,0.28214333121859064,0.3967063071253921
3693,0.10163539036555853,0.19222708620301054,0.7061375234314309
3694,0.37619715836949474,0.2934735548089956,0.3303292868215096
3695,0.29861310682856324,0.3087272917030228,0.39265960146841383
3696,0.327305161605014,0.31324677219997654,0.3594480661950095
3697,0.17666537376567423,0.25202325457141944,0.5713113716629064
3698,0.15969808563906185,0.2215414061114191,0.6187605082495191
3699,0.2542733354676687,0.29839682498026654,0.4473298395520646
3700,0.2630092522659643,0.31756199275553976,0.41942875497849597
3701,0.16903956161502243,0.23261321547142016,0.5983472229135574
3702,0.12516880901964858,0.20218947323798808,0.6726417177423634
3703,0.2779096333824277,0.2723789449065498,0.4497114217110225
3704,0.17066811535033324,0.2339281861865779,0.5954036984630888
3705,0.24622914529960682,0.2905735090491607,0.4631973456512325
3706,0.14835068315902392,0.2540683564796141,0.597580960361362
3707,0.4661761253022804,0.2928235757860053,0.24100029891171426
3708,0.41597464086241376,0.2894834254267309,0.29454193371085535
3709,0.3937257416880381,0.2973944209945276,0.3088798373174343
3710,0.19947408870951058,0.26531653043258846,0.535209380857901
3711,0.2571597143370917,0.3057152761140972,0.437125009548811
3712,0.20495112115313036,0.26984366435213003,0.5252052144947396
3713,0.21187992922852275,0.2762520902683175,0.5118679805031598
3714,0.29442705559436366,0.28617172029373206,0.4194012241119042
3715,0.059681444792383215,0.15978360754204096,0.7805349476655756
3716,0.2246724084509955,0.2543874883755077,0.5209401031734968
3717,0.28818103640355097,0.31350708396054955,0.3983118796358994
3718,0.41421793217674036,0.2828814649507297,0.3029006028725299
3719,0.20246905455180736,0.26582554033591244,0.5317054051122803
3720,0.14859862370461804,0.2309149831389955,0.6204863931563864
3721,0.1304180215190645,0.2115626407318769,0.6580193377490586
3722,0.1665164420656154,0.29844027606518686,0.5350432818691977
3723,0.14328661174265755,0.24314105058890978,0.6135723376684326
3724,0.33419342944260144,0.278327944911121,0.38747862564627744
3725,0.18370469746537557,0.26129011980900885,0.5550051827256155
3726,0.476134290965586,0.30624550942306916,0.21762019961134477
3727,0.15367599788947983,0.23148125466681235,0.6148427474437078
3728,0.21394710827340807,0.282874364360015,0.503178527366577
3729,0.2193978600693242,0.28914288868222265,0.49145925124845313
3730,0.2151765442655415,0.28300838465661615,0.5018150710778424
3731,0.11359869871424894,0.21713846083929272,0.6692628404464583
3732,0.3447844418999194,0.3134421819155875,0.3417733761844931
3733,0.30320026587396476,0.29334649171936045,0.4034532424066748
3734,0.1307140126993106,0.22202304600048411,0.6472629413002052
3735,0.4356482629613537,0.28172431419507465,0.2826274228435717
3736,0.23106119401438302,0.2643727047569614,0.5045661012286555
3737,0.13871988993225606,0.24671413974677184,0.614565970320972
3738,0.2845659287348723,0.2763964862315065,0.4390375850336212
3739,0.3367940132324824,0.3008334423935141,0.36237254437400346
3740,0.26626731848747265,0.27601821242932945,0.45771446908319785
3741,0.05925651568549938,0.15255937193975783,0.7881841123747428
3742,0.16074176406550583,0.2819484267603024,0.5573098091741918
3743,0.38724070104395736,0.3037402126019852,0.3090190863540573
3744,0.27080871064482576,0.2984718694462025,0.4307194199089717
3745,0.42645218429479925,0.29906097066998594,0.27448684503521487
3746,0.2875428164585332,0.2824672713702247,0.42998991217124216
3747,0.2658280413177735,0.2742582078356415,0.45991375084658503
3748,0.3798473485524014,0.281279563450502,0.3388730879970967
3749,0.13735513930499477,0.23554762524428285,0.6270972354507224
3750,0.26276666711020735,0.28332449623467104,0.4539088366551216
3751,0.2047367369947366,0.2562572082039931,0.5390060548012703
3752,0.25576369367833895,0.29684312618338615,0.44739318013827495
3753,0.11898062851795926,0.2085751749984413,0.6724441964835994
3754,0.13490153059198653,0.21414175304852964,0.6509567163594838
3755,0.15455488769501413,0.2730813891640663,0.5723637231409195
3756,0.09964073579408583,0.2001642837054481,0.7001949805004661
3757,0.19654571409414023,0.24766426889118742,0.5557900170146723
3758,0.3089106656484876,0.29794922172174165,0.3931401126297708
3759,0.361242478957832,0.30670497522815005,0.33205254581401805
3760,0.20550525870757347,0.2620662131281422,0.5324285281642843
3761,0.25113518898922355,0.30108355069335896,0.4477812603174175
3762,0.3241894338291444,0.31930325840296014,0.35650730776789535
3763,0.2075984687897559,0.27047239372202614,0.521929137488218
3764,0.28037556750030956,0.29089223315435053,0.4287321993453399
3765,0.37727335883449986,0.2977014104993302,0.3250252306661699
3766,0.27253046155521354,0.27567408415540373,0.4517954542893827
3767,0.1775206954694703,0.25481276063746944,0.5676665438930603
3768,0.1162342550934882,0.22673118812516163,0.6570345567813503
3769,0.20549849670042292,0.2991306850543572,0.49537081824521983
3770,0.12071292405096878,0.21204551276808148,0.6672415631809496
3771,0.2542483339133579,0.2980966485519211,0.44765501753472103
3772,0.15428156746021734,0.24086949835320393,0.6048489341865788
3773,0.12341682075057946,0.23132272386059,0.6452604553888306
3774,0.15965827157102314,0.21642586620608747,0.6239158622228893
3775,0.4362509244948334,0.28480343814248543,0.2789456373626812
3776,0.1613770863835738,0.23554931428336873,0.6030735993330574
3777,0.49220742082765967,0.28815027994155684,0.21964229923078352
3778,0.14967363023939473,0.2646620811054283,0.5856642886551768
3779,0.2780858155146748,0.3114600173128157,0.41045416717250954
3780,0.3453162097503961,0.29113372880152283,0.36355006144808105
3781,0.38206663324923806,0.28732981447751305,0.3306035522732489
3782,0.14557780663474393,0.24398186336504252,0.6104403300002136
3783,0.1898248952971606,0.25075186119695864,0.5594232435058808
3784,0.3139910280502991,0.27409809721661205,0.41191087473308885
3785,0.5139542209268603,0.28037071645522227,0.20567506261791746
3786,0.11669183482120585,0.2298023603891407,0.6535058047896534
3787,0.14538070023838495,0.2508095423750278,0.6038097573865873
3788,0.2525859511352659,0.2891532535930846,0.4582607952716495
3789,0.08036636641545518,0.1749434647392235,0.7446901688453214
3790,0.17740711228651046,0.26390229873164106,0.5586905889818485
3791,0.2047043842034005,0.2888130058449956,0.5064826099516039
3792,0.3402963307923458,0.3111059105134628,0.34859775869419146
3793,0.19194637086159255,0.2687734608265524,0.5392801683118551
3794,0.19978607408346497,0.2754167523937146,0.5247971735228205
3795,0.2135749988431485,0.27441529701918166,0.5120097041376699
3796,0.30093445271050717,0.30347296650731215,0.39559258078218074
3797,0.2873155444173403,0.2891131854194381,0.4235712701632216
3798,0.2707453787152877,0.29437521390313304,0.43487940738157915
3799,0.2754160838317261,0.3329271472011766,0.3916567689670973
3800,0.10321726901824424,0.21318814631932478,0.683594584662431
3801,0.19320838539054008,0.24160977617330892,0.5651818384361511
3802,0.2931299303660698,0.3000041611547334,0.4068659084791968
3803,0.23189309779682246,0.2773089663948044,0.4907979358083731
3804,0.26829064905642974,0.2913767415865073,0.440332609357063
3805,0.16237655932168438,0.22834505281813197,0.6092783878601837
3806,0.17978600913366377,0.254520139296705,0.5656938515696313
3807,0.14070552231926667,0.23822290792849282,0.6210715697522405
3808,0.22065503663606995,0.25222326769660613,0.5271216956673239
3809,0.16509883611594153,0.23709672634712003,0.5978044375369385
3810,0.25526494818198653,0.28107365241947124,0.4636613993985422
3811,0.21472072401258122,0.3122236430052445,0.47305563298217423
3812,0.2626710713476221,0.3101624041033654,0.4271665245490125
3813,0.21310202058287658,0.24229240597718266,0.5446055734399406
3814,0.30245055730070847,0.3126992945608137,0.38485014813847784
3815,0.4008155425754728,0.2962885532607521,0.30289590416377515
3816,0.3316205907852764,0.296573974656026,0.37180543455869763
3817,0.3285844049103749,0.3127224158132381,0.35869317927638705
3818,0.26722350232523984,0.29294196064479566,0.43983453702996445
3819,0.3515205818166508,0.2893595465221779,0.3591198716611713
3820,0.26193936516730887,0.3185036054965369,0.41955702933615413
3821,0.24633246620516838,0.2672717205782912,0.48639581321654046
3822,0.15964519429071697,0.2445347731403832,0.5958200325688998
3823,0.25446714036366097,0.291700709341079,0.45383215029526003
3824,0.20120888389595237,0.23839206696301668,0.5603990491410309
3825,0.18494921595189684,0.2771892480025891,0.5378615360455141
3826,0.25754770277594735,0.2887954554265025,0.45365684179755017
3827,0.12245505279487251,0.20127053690072622,0.6762744103044013
3828,0.20570542339796655,0.2528567113368241,0.5414378652652094
3829,0.2358275106686698,0.29238019016466993,0.47179229916666016
3830,0.14412221718654702,0.2539416954354227,0.6019360873780303
3831,0.21504276784258508,0.2881602666320794,0.4967969655253355
3832,0.2782144440876339,0.2599031943331194,0.46188236157924667
3833,0.2146255434898941,0.2623112660156395,0.5230631904944665
3834,0.28374390532923566,0.31772949870729383,0.3985265959634704
3835,0.2555078546922491,0.28620928681724433,0.4582828584905065
3836,0.42576481906213826,0.27579780160021206,0.29843737933764963
3837,0.19940840445805955,0.24267071133690224,0.5579208842050382
3838,0.21927712829810186,0.31359780226931755,0.4671250694325807
3839,0.24821617457799072,0.27816509855327665,0.47361872686873263
3840,0.14527622137051094,0.20630678290692722,0.6484169957225618
3841,0.22465880759178247,0.2791712194837681,0.4961699729244494
3842,0.318676985548633,0.29423056133417314,0.38709245311719387
3843,0.18673317218045382,0.24646043073495127,0.5668063970845949
3844,0.30937393655965784,0.314830770823381,0.3757952926169612
3845,0.11372271426567215,0.21960193596800875,0.6666753497663191
3846,0.29492558178843165,0.30551622793392336,0.39955819027764494
3847,0.24820096030937694,0.25703350666673386,0.49476553302388915
3848,0.209803683957996,0.2642808756821293,0.5259154403598747
3849,0.32745721154093677,0.2721006620929251,0.4004421263661381
3850,0.1331010778294286,0.24646988985532114,0.6204290323152503
3851,0.09743127602426088,0.1968287502977793,0.7057399736779597
3852,0.2519360538479158,0.26717449764820594,0.4808894485038783
3853,0.2356724612116818,0.2916570128605052,0.47267052592781295
3854,0.28098368467026646,0.28706846558005494,0.43194784974967865
3855,0.2388473598665931,0.28727472097697615,0.4738779191564307
3856,0.2503208636094604,0.2888636147480722,0.4608155216424673
3857,0.1395407161572656,0.21454649388655014,0.6459127899561843
3858,0.30233823285795713,0.31239022165358854,0.3852715454884543
3859,0.24921437369584187,0.26310120722976593,0.48768441907439203
3860,0.3319916763764382,0.31193402255551766,0.3560743010680441
3861,0.2973836373302753,0.28841390245836274,0.414202460211362
3862,0.2935349217718379,0.2954161954700829,0.4110488827580792
3863,0.3866009761262549,0.31364933454238353,0.29974968933136154
3864,0.17833713482562943,0.2734652865225976,0.548197578651773
3865,0.38474232593781355,0.2916762942852832,0.32358137977690327
3866,0.23428038983943378,0.26496199210091775,0.5007576180596486
3867,0.30121567921523895,0.2676846981807579,0.4310996226040031
3868,0.1951345497588654,0.28588576951018485,0.5189796807309497
3869,0.19946296424702536,0.24099635319453,0.5595406825584447
3870,0.17891015209279942,0.2564316477353531,0.5646582001718474
3871,0.1968640856471956,0.2663903684896853,0.5367455458631191
3872,0.17327996070494894,0.25424087063741685,0.5724791686576342
3873,0.16154757053658567,0.24018942146317712,0.5982630080002371
3874,0.2932542229093215,0.3039982735070338,0.40274750358364475
3875,0.1325261857369444,0.22447407000994513,0.6429997442531106
3876,0.30006199724620436,0.27266475389993744,0.42727324885385826
3877,0.23330266098990232,0.2987486614049988,0.46794867760509895
3878,0.17038434440429462,0.22420163623582023,0.6054140193598851
3879,0.1461574620630897,0.22790482648293614,0.6259377114539741
3880,0.30935680260982823,0.2831546897463598,0.40748850764381195
3881,0.24316326497659102,0.2773868541568472,0.4794498808665618
3882,0.3094765985656184,0.32404565890417614,0.3664777425302054
3883,0.31441317193480944,0.27564642718690613,0.4099404008782844
3884,0.16010292375293128,0.25334389520754846,0.5865531810395203
3885,0.25281476786940393,0.2702942590799421,0.476890973050654
3886,0.2340893723721612,0.2804508505663126,0.4854597770615262
3887,0.07501273777211925,0.16691754350012034,0.7580697187277604
3888,0.34630258884418175,0.2991622581880028,0.35453515296781557
3889,0.3173588751310884,0.3050839234624688,0.3775572014064429
3890,0.1460945229774418,0.2303255601438895,0.6235799168786686
3891,0.2876787878655205,0.28663327421213725,0.4256879379223424
3892,0.18481490088094016,0.3042662518019422,0.5109188473171177
3893,0.24250271737558948,0.2557017935292375,0.501795489095173
3894,0.2781008513761483,0.2820124017944404,0.4398867468294112
3895,0.14333672329236508,0.228321106283908,0.6283421704237269
3896,0.3363264738280485,0.28520787184038293,0.37846565433156865
3897,0.20012309469882228,0.27131124934542805,0.5285656559557497
3898,0.3791229837860123,0.284014632539548,0.33686238367443977
3899,0.2966630512942047,0.28817984857688517,0.4151571001289101
3900,0.21419356067033068,0.26000414416287587,0.5258022951667934
3901,0.2504847656345135,0.25420063665338255,0.495314597712104
3902,0.4842695473894205,0.28628157023091244,0.22944888237966704
3903,0.22148891317085675,0.29002114985315275,0.4884899369759905
3904,0.1734869619867983,0.23335743339618711,0.5931556046170146
3905,0.414581497271045,0.2941996189108436,0.29121888381811145
3906,0.3074788567406911,0.30005290386214045,0.39246823939716846
3907,0.25617063369797133,0.27566519693696934,0.46816416936505945
3908,0.3010824700051291,0.2967313628693785,0.4021861671254924
3909,0.23126685057716578,0.25063746487838445,0.5180956845444498
3910,0.1381402653978886,0.23794746653843926,0.6239122680636722
3911,0.26337435556026395,0.3002863892839731,0.43633925515576283
3912,0.3109941770605328,0.29688954864110173,0.39211627429836543
3913,0.12567109352308892,0.20644385616720673,0.6678850503097045
3914,0.14842561881905625,0.24660778013320778,0.6049666010477359
3915,0.33830680399627827,0.29481333621039846,0.3668798597933232
3916,0.19614785887305375,0.25557507756876485,0.5482770635581814
3917,0.3114980148838149,0.28760200026293437,0.40089998485325073
3918,0.28319992784035575,0.3433195581987194,0.37348051396092485
3919,0.2709450841246444,0.2714952308228654,0.45755968505249023
3920,0.30401870919776813,0.3022797481196067,0.39370154268262525
3921,0.21030603921789764,0.2598556595071874,0.5298383012749148
3922,0.14675068207411046,0.23829727473431864,0.6149520431915709
3923,0.2062551185597028,0.28865642667025093,0.5050884547700463
3924,0.34732353594524135,0.2691947779273365,0.38348168612742206
3925,0.13630984748041627,0.21603764479148224,0.6476525077281015
3926,0.12798243415975208,0.20424802054631996,0.667769545293928
3927,0.26798307958046813,0.2949441125424659,0.4370728078770659
3928,0.18773789715287312,0.2431156322658121,0.5691464705813147
3929,0.2254770911465902,0.28891794645635926,0.4856049623970504
3930,0.3186590321760141,0.3143798628875857,0.3669611049364003
3931,0.18162335785354022,0.23731424331207962,0.5810623988343802
3932,0.29388578509529406,0.2935526274173593,0.4125615874873465
3933,0.1882300218149824,0.2717648493207441,0.5400051288642735
3934,0.2196282548250355,0.2699050195520605,0.5104667256229041
3935,0.25264294944138455,0.25326616121466533,0.49409088934395007
3936,0.22841753855298674,0.2876183063843246,0.48396415506268864
3937,0.20486365831572773,0.24570290395768163,0.5494334377265906
3938,0.24218297745255324,0.2752901397918931,0.4825268827555536
3939,0.16215463810587566,0.24351898382429837,0.594326378069826
3940,0.16281296895905797,0.2776610616086339,0.559525969432308
3941,0.23633907039822732,0.2815477989809616,0.4821131306208111
3942,0.1567174007590081,0.2518619322891905,0.5914206669518014
3943,0.1623248973648966,0.25041534009952443,0.5872597625355789
3944,0.16520499572572273,0.23529503384473266,0.5994999704295446
3945,0.2946841515323853,0.2675789732295176,0.43773687523809707
3946,0.3934590871100758,0.30430135621031584,0.30223955667960833
3947,0.12782252706493408,0.20050431135555669,0.6716731615795092
3948,0.15622397594367965,0.24629541545661837,0.597480608599702
3949,0.32256943624804174,0.3015552185637824,0.37587534518817584
3950,0.3109357744682366,0.2898858337066368,0.3991783918251267
3951,0.257473408591279,0.26938508439101927,0.4731415070177018
3952,0.2805792338769997,0.28403213549601536,0.43538863062698496
3953,0.18816770357439663,0.2709446593876996,0.5408876370379037
3954,0.3482594550768209,0.31738456062518516,0.33435598429799396
3955,0.3597220528535139,0.292252296608311,0.34802565053817514
3956,0.40964845116380677,0.28507404926340657,0.30527749957278666
3957,0.18039123005588517,0.2643612211246299,0.555247548819485
3958,0.14871486211416762,0.23747039612968865,0.6138147417561437
3959,0.15159548775918077,0.28292426178874047,0.5654802504520787
3960,0.14309878068623488,0.2553832861349111,0.601517933178854
3961,0.21285534010717572,0.2675377296491729,0.5196069302436515
3962,0.2790239466330411,0.28754587178399077,0.43343018158296803
3963,0.15052386188758776,0.23690820582032612,0.6125679322920861
3964,0.4509477918249542,0.273257406460361,0.27579480171468473
3965,0.09907315989585364,0.2037677091406968,0.6971591309634495
3966,0.328899130151779,0.3190469718065343,0.35205389804168674
3967,0.303549406540054,0.28241497333504334,0.4140356201249026
3968,0.33304857650044895,0.2808568860378706,0.38609453746168043
3969,0.1990390699756673,0.2755992175314044,0.5253617124929283
3970,0.30836051721609137,0.2848550323744664,0.40678445040944217
3971,0.2364374975003219,0.27967106177250467,0.4838914407271735
3972,0.3901725301038734,0.31786702270355116,0.2919604471925754
3973,0.24978206348405685,0.26784749912959754,0.48237043738634566
3974,0.3406252722260002,0.30694323187576766,0.3524314958982321
3975,0.34206160142022335,0.3269298586078372,0.33100853997193946
3976,0.33649218900393096,0.29630326799966067,0.3672045429964085
3977,0.20218091349079215,0.2487901029763408,0.5490289835328671
3978,0.15967779244270414,0.25646744003459776,0.5838547675226982
3979,0.25037689940132685,0.2854506975786043,0.46417240302006885
3980,0.13146666302339877,0.25521160874894816,0.6133217282276531
3981,0.2634028133004318,0.2461596034021535,0.49043758329741477
3982,0.188723280297039,0.22880332382242832,0.5824733958805327
3983,0.1843349351581275,0.24864104742416987,0.5670240174177026
3984,0.12786153239287837,0.2377018661451114,0.6344366014620102
3985,0.1354598266136931,0.22328994893678156,0.6412502244495253
3986,0.19463159765122354,0.28950494388111436,0.5158634584676621
3987,0.21114486353199757,0.25939746661711305,0.5294576698508894
3988,0.30056270287863196,0.31635138701716237,0.3830859101042057
3989,0.3738041105318268,0.2770960187574272,0.349099870710746
3990,0.12234634810183843,0.20570505900792155,0.67194859289024
3991,0.2788134402287773,0.31858199966001394,0.4026045601112087
3992,0.3818951594016025,0.2961494154864785,0.3219554251119191
3993,0.3307506656002524,0.30966432893204554,0.3595850054677021
3994,0.4376803148451085,0.28762165153009484,0.2746980336247966
3995,0.3316503732553533,0.30482325763964613,0.3635263691050007
3996,0.29487441820996824,0.28509977198817993,0.4200258098018519
3997,0.20320523849809558,0.2609700149620806,0.5358247465398238
3998,0.15738843478864578,0.2805999422301153,0.5620116229812389
3999,0.2016903097671599,0.29252699189130094,0.5057826983415392
4000,0.37516152246334356,0.2746555040092692,0.35018297352738725
4001,0.16578760073678198,0.24104153150125168,0.5931708677619664
4002,0.1086749745029376,0.19964574191593493,0.6916792835811274
4003,0.2509664298674688,0.24466154086834377,0.5043720292641873
4004,0.13541898805413455,0.2291379908963554,0.63544302104951
4005,0.08342387507368959,0.19277210160836572,0.7238040233179447
4006,0.19605805545632735,0.24357404880084554,0.5603678957428271
4007,0.22242010695125888,0.26949629732309244,0.5080835957256487
4008,0.3211792407567325,0.2821376676951096,0.39668309154815795
4009,0.21114403346387733,0.25099355013719826,0.5378624163989243
4010,0.1856302664178755,0.25650013959789897,0.5578695939842255
4011,0.3364296079547827,0.31214994343848734,0.35142044860672994
4012,0.18556923588168545,0.255239101545563,0.5591916625727515
4013,0.2593917616632323,0.2743945490157429,0.4662136893210248
4014,0.20781656197094023,0.2569918359826311,0.5351916020464287
4015,0.2899915725680824,0.3199831885784877,0.3900252388534299
4016,0.18129587386508775,0.2442402285104347,0.5744638976244776
4017,0.2273267658771407,0.26718856581261774,0.5054846683102415
4018,0.23703598073911586,0.2751312591539119,0.4878327601069722
4019,0.2722157566077841,0.27008795486499754,0.4576962885272184
4020,0.2833252564115032,0.2889978149942918,0.42767692859420503
4021,0.23834102998400714,0.28463670880137304,0.47702226121461977
4022,0.1934104899547752,0.2503904213881563,0.5561990886570686
4023,0.10088508949153924,0.2185805037526661,0.6805344067557947
4024,0.39951196156860697,0.26775246563975424,0.3327355727916388
4025,0.2875265187474977,0.285857073746829,0.4266164075056733
4026,0.21020782101213364,0.24963405756236157,0.5401581214255047
4027,0.22744989405806038,0.2948884851308864,0.4776616208110531
4028,0.33715835854680964,0.30582261912006925,0.357019022333121
4029,0.37239911002256887,0.2968954545047664,0.33070543547266473
4030,0.1629760060159407,0.24349376999741273,0.5935302239866465
4031,0.23887019579088548,0.29202285858504073,0.46910694562407385
4032,0.20170435353003566,0.2546100793537268,0.5436855671162375
4033,0.22293972299800408,0.2585410704030341,0.5185192065989618
4034,0.33852981520282277,0.2816387986821569,0.3798313861150203
4035,0.2890953919681994,0.2924139007264983,0.4184907073053024
4036,0.17961446028717232,0.24756942458252323,0.5728161151303044
4037,0.24047188214284487,0.2876536586599162,0.47187445919723886
4038,0.14913372233713873,0.2512111070070893,0.599655170655772
4039,0.12885659888035833,0.24166087246443074,0.629482528655211
4040,0.2207377197440707,0.26547370403943205,0.5137885762164972
4041,0.34011765337198757,0.26959431458991634,0.39028803203809603
4042,0.2676348442154585,0.3115964932381874,0.4207686625463541
4043,0.24457001584344124,0.2971926525966362,0.45823733155992263
4044,0.44099872654131733,0.2908147160452057,0.26818655741347697
4045,0.18069160463088582,0.27186659047050776,0.5474418048986064
4046,0.23654883137381083,0.28806409273092637,0.4753870758952628
4047,0.3247146756636067,0.29340864972845293,0.38187667460794045
4048,0.15232609396714408,0.23311948593052118,0.6145544201023347
4049,0.21310136188977888,0.2664118478858703,0.5204867902243508
4050,0.3002117529457419,0.25534510116722225,0.44444314588703576
4051,0.29575003246369136,0.31034101593149577,0.393908951604813
4052,0.23971401592055952,0.2392024633357275,0.521083520743713
4053,0.2536952094132008,0.28680697760613894,0.4594978129806604
4054,0.09890769890813697,0.19597769626119171,0.7051146048306713
4055,0.22867832264223467,0.3014166649444086,0.4699050124133568
4056,0.09165457104419708,0.17570853788211677,0.7326368910736861
4057,0.13126794624349958,0.22317310277011043,0.6455589509863899
4058,0.2339824946522212,0.2613306550091169,0.5046868503386619
4059,0.22462755310173943,0.24985113365999,0.5255213132382706
4060,0.4363813743553102,0.2733312049742409,0.2902874206704489
4061,0.31972479177222124,0.2944700412315183,0.38580516699626055
4062,0.3126308424220286,0.2822002255729955,0.40516893200497583
4063,0.29380740938564565,0.27012951082776987,0.4360630797865845
4064,0.3292156137996619,0.27653045476835353,0.3942539314319845
4065,0.3665167664344475,0.3086582897160951,0.32482494384945737
4066,0.1766501680572781,0.2585511429906821,0.5647986889520398
4067,0.31159406128638933,0.3054365128947142,0.3829694258188965
4068,0.20468384165035763,0.25024172031013636,0.5450744380395061
4069,0.30020204847500537,0.28416000564413696,0.4156379458808577
4070,0.22576674163620042,0.2804825580876958,0.4937507002761039
4071,0.2640215061637009,0.2890387697411032,0.4469397240951959
4072,0.19586439626567664,0.2649577038321068,0.5391778999022165
4073,0.1443688894049205,0.21492626453708102,0.6407048460579985
4074,0.12750563305249818,0.2522897693134196,0.6202045976340822
4075,0.16669255242064426,0.26947618039921495,0.5638312671801409
4076,0.2139456941262368,0.240462499399626,0.5455918064741372
4077,0.140655747247014,0.24438989531252536,0.6149543574404606
4078,0.4991001974874133,0.26875625272751646,0.23214354978507018
4079,0.12067314950362942,0.2144409322477725,0.664885918248598
4080,0.2007987572517359,0.2844409966473233,0.5147602461009407
4081,0.17431123347618913,0.25514607357972396,0.5705426929440869
4082,0.22582613570835958,0.30633961885300803,0.4678342454386324
4083,0.14852114783320924,0.2314354568421938,0.620043395324597
4084,0.2715561321274715,0.2838583460152995,0.444585521857229
4085,0.3154736356188648,0.2905366932320519,0.39398967114908323
4086,0.30505863081574713,0.2615740173724622,0.4333673518117908
4087,0.16575857535713168,0.25302493059576603,0.5812164940471023
4088,0.3789617408048308,0.27829741409085634,0.3427408451043129
4089,0.11812105489099041,0.23711488841931888,0.6447640566896906
4090,0.21715264697821932,0.23078538348581787,0.5520619695359628
4091,0.1724396330648411,0.23268250941070168,0.5948778575244572
4092,0.23272600023968015,0.27662433642925044,0.49064966333106946
4093,0.15537732334577148,0.28279247540631336,0.5618302012479152
4094,0.10307256948202503,0.21371460005035697,0.6832128304676179
4095,0.1389256557680913,0.24583690501712877,0.6152374392147799
4096,0.3268272477423838,0.2514118797867814,0.4217608724708348
4097,0.2509793081142896,0.3036120120713659,0.4454086798143445
4098,0.13637836530536343,0.22318366558364605,0.6404379691109905
4099,0.40268757363010854,0.30430462002651454,0.293007806343377
4100,0.13282937841963047,0.24556216708488865,0.6216084544954809
4101,0.18655692669030252,0.25067832342293417,0.5627647498867633
4102,0.2888093227710973,0.2953667176152166,0.415823959613686
4103,0.20838901756481565,0.28409633567654785,0.5075146467586366
4104,0.3436789877045743,0.30737211950379617,0.34894889279162955
4105,0.2126390728143555,0.28648111011632915,0.5008798170693154
4106,0.4176792618754339,0.32465981131946525,0.2576609268051009
4107,0.1562975741236328,0.2476585417644928,0.5960438841118745
4108,0.16649220224691064,0.2495300426052477,0.5839777551478417
4109,0.18505779106231246,0.2623037712046814,0.5526384377330061
4110,0.2694590177754943,0.29728238980996446,0.43325859241454123
4111,0.29628365742023116,0.2682684504592234,0.43544789212054547
4112,0.313490501499559,0.2928547304323209,0.3936547680681201
4113,0.34335091437349613,0.28313736535952533,0.37351172026697854
4114,0.22254624279678764,0.2813310479394324,0.49612270926377994
4115,0.21883575642221184,0.2992937511941401,0.481870492383648
4116,0.2339697786201938,0.2463003883450593,0.5197298330347468
4117,0.20516082660425045,0.24459476138733122,0.5502444120084182
4118,0.2849593297181102,0.3198127887924217,0.3952278814894681
4119,0.2690736265591789,0.2937260984793557,0.43720027496146535
4120,0.2661071444286617,0.32583135138557073,0.40806150418576764
4121,0.25029532395377607,0.3094919686562717,0.4402127073899523
4122,0.25447772115566947,0.28536286782189235,0.4601594110224382
4123,0.23530093336722835,0.3183159304820991,0.4463831361506725
4124,0.3320677752351585,0.3108718374525985,0.3570603873122429
4125,0.18265073115115776,0.22652401109701942,0.5908252577518228
4126,0.15029986640973297,0.2558418122924784,0.5938583212977886
4127,0.21255964063698835,0.25224667866166106,0.5351936807013506
4128,0.18640337549625663,0.2471685030893765,0.5664281214143669
4129,0.13024572565366627,0.2187692929200189,0.6509849814263149
4130,0.3357390027857942,0.26601516219605625,0.3982458350181496
4131,0.28127161666898026,0.2783805467005732,0.4403478366304465
4132,0.2536627809806773,0.2711596854053116,0.47517753361401105
4133,0.17208323663531125,0.2417455677742469,0.5861711955904418
4134,0.1943630170673044,0.24849892048784988,0.5571380624448456
4135,0.23980235767712138,0.31360431549945195,0.4465933268234268
4136,0.22503971546792614,0.260050022150966,0.5149102623811079
4137,0.31293344661737577,0.2756119609370371,0.41145459244558713
4138,0.222206842202597,0.28217134126976673,0.49562181652763615
4139,0.15414845062511162,0.26295435159860114,0.5828971977762872
4140,0.1680605814067644,0.2639597209275478,0.5679796976656878
4141,0.1161991480449848,0.2500860270955414,0.6337148248594737
4142,0.18814796634056308,0.2780814791176438,0.5337705545417932
4143,0.19311827346029767,0.31251618091915645,0.494365545620546
4144,0.4815020246178451,0.2990145368353724,0.2194834385467826
4145,0.3839734417815419,0.2947561172524803,0.3212704409659778
4146,0.27362074585238216,0.2909281849011328,0.4354510692464849
4147,0.2010795947959234,0.29175393212179557,0.5071664730822811
4148,0.282531587265171,0.291991571991143,0.425476840743686
4149,0.2788295041676173,0.28791237138218584,0.43325812445019685
4150,0.2776073605560241,0.26377921540054994,0.458613424043426
4151,0.21617341945310792,0.29243361383450933,0.49139296671238275
4152,0.2805079435421377,0.2619880052601935,0.4575040511976688
4153,0.2602780567775449,0.3044802926348035,0.4352416505876515
4154,0.4153001066768751,0.2990639976441495,0.2856358956789754
4155,0.07024787501212607,0.16767847937063815,0.7620736456172357
4156,0.1456912848506829,0.23195427928288298,0.6223544358664341
4157,0.30858093908045825,0.2821498991430458,0.40926916177649597
4158,0.1813977309801409,0.239052443737452,0.5795498252824072
4159,0.21771551760328628,0.3229734758137364,0.4593110065829773
4160,0.1573616153681878,0.22601251743280057,0.6166258671990117
4161,0.15295641186778441,0.28170795961179007,0.5653356285204255
4162,0.15545257867251472,0.2237658185379055,0.6207816027895798
4163,0.33618070623511276,0.31237519768053446,0.3514440960843529
4164,0.18211036346119036,0.2736004754855006,0.544289161053309
4165,0.20017452313451034,0.3027231008685387,0.4971023759969509
4166,0.12259936020706502,0.2643588012762916,0.6130418385166434
4167,0.1772444715090119,0.25449339340711663,0.5682621350838715
4168,0.16424281962011475,0.2623252507128816,0.5734319296670036
4169,0.21520442802156686,0.2654502495849726,0.5193453223934605
4170,0.40342558644915805,0.3187012897009601,0.27787312384988183
4171,0.3885249450005007,0.3195598726428094,0.2919151823566899
4172,0.40587653001822727,0.2990065354139003,0.29511693456787247
4173,0.3003220660899423,0.2842792405858019,0.41539869332425583
4174,0.2361579022053034,0.2964549286499351,0.4673871691447614
4175,0.2103717737607329,0.26464176369550707,0.52498646254376
4176,0.2609357764470775,0.2858595226092405,0.45320470094368204
4177,0.3107461621108111,0.2997802576553311,0.3894735802338578
4178,0.33270984958441274,0.28663179101960223,0.38065835939598497
4179,0.1939590142502482,0.26477715091287857,0.5412638348368732
4180,0.15613765881765618,0.24870813185071614,0.5951542093316278
4181,0.24034856683519246,0.2635132922092591,0.49613814095554853
4182,0.2057790235631996,0.2796191245702094,0.5146018518665909
4183,0.20307588750590164,0.27999825096785,0.5169258615262484
4184,0.35081110580022457,0.3085143839535086,0.3406745102462668
4185,0.2572247063705734,0.3331655006494503,0.40960979297997635
4186,0.30963207744555443,0.3181890648036675,0.3721788577507782
4187,0.26899360861220084,0.2750248455317258,0.4559815458560735
4188,0.38417261246001716,0.30997105922694673,0.3058563283130361
4189,0.3077862391756311,0.280629749861129,0.41158401096323993
4190,0.20753998325950138,0.2921868052513591,0.5002732114891395
4191,0.21016282963703303,0.23650552608083739,0.5533316442821297
4192,0.14418397323740262,0.1941375271619686,0.6616784996006289
4193,0.20740897708558864,0.287036108732583,0.5055549141818284
4194,0.35527616613027724,0.3303103302649626,0.31441350360476017
4195,0.15942862325711826,0.26915144699190763,0.5714199297509741
4196,0.17899045070458647,0.24293136236362858,0.5780781869317849
4197,0.2208563428097195,0.28541930767595947,0.493724349514321
4198,0.20969933142414382,0.2724318021699431,0.517868866405913
4199,0.21508044657339082,0.2889332894958263,0.4959862639307828
4200,0.17931714646456495,0.24736142643850817,0.5733214270969269
4201,0.16979200520982426,0.23792590951813924,0.5922820852720365
4202,0.24610489174762262,0.31605354060692825,0.43784156764544907
4203,0.22643776259156145,0.26818319261381085,0.5053790447946277
4204,0.2543923215043238,0.29640176552593106,0.44920591296974516
4205,0.30536134655066216,0.2953714573975518,0.39926719605178596
4206,0.1688263751434287,0.25059075501224326,0.580582869844328
4207,0.244501833427009,0.2495950840705773,0.5059030825024138
4208,0.3414432091237589,0.30292683559917605,0.355629955277065
4209,0.3092560952880422,0.31747324626505746,0.3732706584469003
4210,0.17134068445651163,0.23472907304820334,0.593930242495285
4211,0.25627089425358246,0.2914906873949299,0.4522384183514876
4212,0.22692068069516136,0.2741668265513494,0.49891249275348915
4213,0.23763831333478863,0.276138819458167,0.48622286720704455
4214,0.34335471764510317,0.28063038213925595,0.3760149002156409
4215,0.14222316707997354,0.21733949856069057,0.6404373343593358
4216,0.3199546995623176,0.2980014748476987,0.38204382558998373
4217,0.3102327436390088,0.29715210620996935,0.3926151501510218
4218,0.2744931965976402,0.295016492895784,0.4304903105065758
4219,0.2243275654742109,0.3267471767841763,0.44892525774161274
4220,0.16725453908310173,0.23677054038403722,0.595974920532861
4221,0.31814015202640816,0.2999615545891751,0.3818982933844167
4222,0.18143400053505143,0.26600473588051493,0.5525612635844337
4223,0.3928944282645353,0.2855552251163568,0.321550346619108
4224,0.19029797423089473,0.2678477508415538,0.5418542749275514
4225,0.3062923861683681,0.32082987411474156,0.37287773971689026
4226,0.22059885955942798,0.2733587128236931,0.5060424276168789
4227,0.1648622819860731,0.2350150434589011,0.6001226745550259
4228,0.2680289915414418,0.2723623756089915,0.4596086328495667
4229,0.2475284875516643,0.2541240629983921,0.4983474494499437
4230,0.22576945405830978,0.27412722776105014,0.50010331818064
4231,0.2082275535246635,0.2484132753073571,0.5433591711679794
4232,0.2734076107168597,0.2812786696248081,0.4453137196583323
4233,0.3245317729566571,0.31844372580767405,0.35702450123566887
4234,0.16367553601778229,0.2450357087655542,0.5912887552166635
4235,0.22992971607109947,0.30329956460350294,0.46677071932539754
4236,0.14185550201297134,0.24010548579536273,0.6180390121916659
4237,0.36631344790027753,0.307739797658365,0.3259467544413575
4238,0.37432049788244326,0.2902727340405562,0.33540676807700054
4239,0.25346016824760054,0.2763276656105582,0.47021216614184114
4240,0.20683089388224016,0.30077642161098517,0.4923926845067747
4241,0.27073134402458976,0.28941957319751244,0.43984908277789786
4242,0.23642969796831453,0.26879284003923215,0.49477746199245337
4243,0.2249145685395565,0.28963908334151933,0.48544634811892406
4244,0.315112155434474,0.32179139158255465,0.3630964529829714
4245,0.24079723545757015,0.2514751816452754,0.5077275828971545
4246,0.2132546371721813,0.25005711388417645,0.5366882489436423
4247,0.2662226940394103,0.2997322304044773,0.4340450755561124
4248,0.19831751589609958,0.2678629140212264,0.533819570082674
4249,0.1624216648444407,0.22908856528461902,0.6084897698709403
4250,0.18822139587229397,0.26050412945493845,0.5512744746727676
4251,0.19543395902153848,0.27491034244549895,0.5296556985329626
4252,0.25638017667729857,0.28238938666947766,0.4612304366532239
4253,0.1292897697647377,0.22500059493725888,0.6457096352980034
4254,0.146750712353508,0.2393914347972139,0.6138578528492781
4255,0.19603390021478684,0.27172115811716546,0.5322449416680477
4256,0.2698389032491746,0.2627651896852068,0.4673959070656186
4257,0.26949065193812427,0.31736477122376816,0.4131445768381077
4258,0.3918455732501958,0.33121033209467393,0.2769440946551303
4259,0.27726057686158223,0.3196213565033368,0.40311806663508093
4260,0.3226959156616376,0.31504871740637586,0.36225536693198657
4261,0.2346023432847954,0.26665227814743925,0.49874537856776535
4262,0.3006002646411464,0.28451056063460883,0.41488917472424475
4263,0.24012363488514793,0.2757032415764738,0.48417312353837827
4264,0.2658371602096371,0.3082168295337419,0.42594601025662093
4265,0.22042850620525323,0.2563620539978148,0.523209439796932
4266,0.24496404817460898,0.26054843683863105,0.49448751498676
4267,0.25989302188228325,0.2615754173793336,0.4785315607383832
4268,0.15532472196889674,0.2630613352668323,0.581613942764271
4269,0.20831753741598677,0.23012231340428568,0.5615601491797275
4270,0.18504374374401744,0.24253297121686893,0.5724232850391137
4271,0.40590878666226815,0.3080847321019698,0.2860064812357621
4272,0.15450169382015866,0.246690017972933,0.5988082882069083
4273,0.16933819607490985,0.2615196481985056,0.5691421557265846
4274,0.30950034580173835,0.3234246498973843,0.36707500430087725
4275,0.2801717593641756,0.2958003921900424,0.424027848445782
4276,0.20935477370722164,0.29309737568186234,0.497547850610916
4277,0.34278082024197404,0.29824095840738346,0.3589782213506424
4278,0.17234939320720166,0.21757212797072767,0.6100784788220706
4279,0.22707603445485688,0.25378712724086605,0.5191368383042771
4280,0.37362937146150477,0.31305543515563733,0.3133151933828579
4281,0.187361554452962,0.25810811021181956,0.5545303353352184
4282,0.1600485090510393,0.2435136257696046,0.596437865179356
4283,0.0936400985938551,0.2107514711070123,0.6956084302991327
4284,0.22940475383115738,0.27289011519958584,0.4977051309692567
4285,0.2671868671672328,0.25630764853627863,0.47650548429648854
4286,0.3256802873338951,0.30531759961610927,0.36900211304999575
4287,0.20251593581850671,0.3114535645767391,0.4860304996047542
4288,0.42331696281677683,0.28818648839450295,0.28849654878872033
4289,0.16856023820034693,0.22018882053131617,0.6112509412683369
4290,0.3289551488307392,0.31482412918992086,0.35622072197933996
4291,0.2353115552706675,0.2747208784982974,0.4899675662310351
4292,0.22122815845159577,0.2765198339518453,0.502252007596559
4293,0.20036092684611212,0.2940928055932024,0.5055462675606855
4294,0.2978470607972529,0.29572347684071454,0.4064294623620325
4295,0.34510391151283343,0.310169492057785,0.34472659642938164
4296,0.13033686819277968,0.24305567608018808,0.6266074557270322
4297,0.14925637601148312,0.22920885710130176,0.6215347668872151
4298,0.2100382350553112,0.2369931001713463,0.5529686647733425
4299,0.2199934446615782,0.2953376585403963,0.4846688967980256
4300,0.3187894291701015,0.3132738053893754,0.3679367654405231
4301,0.15740734913601642,0.23272026426190745,0.6098723866020761
4302,0.3345542234208186,0.27684146431232187,0.38860431226685954
4303,0.13101488946874726,0.21682850760803524,0.6521566029232175
4304,0.311660187131953,0.3019363896395857,0.3864034232284614
4305,0.2809466219185281,0.2859655466894364,0.43308783139203544
4306,0.33174441664525217,0.2907659707659639,0.3774896125887839
4307,0.22108869734086256,0.26319355978240566,0.5157177428767319
4308,0.268094510544053,0.28847072752424147,0.4434347619317055
4309,0.16810538465811878,0.26393717881135736,0.5679574365305239
4310,0.15413601890741774,0.21753942994237496,0.6283245511502072
4311,0.36124629768388117,0.3072980680882482,0.3314556342278705
4312,0.19330926980638402,0.29073745783902316,0.5159532723545928
4313,0.36046275475035067,0.31906773071081945,0.3204695145388298
4314,0.11652679028501663,0.22651872032120654,0.6569544893937768
4315,0.21387073498915127,0.2737404229693099,0.5123888420415388
4316,0.21147067654040136,0.23836304969636438,0.5501662737632342
4317,0.16124174518875656,0.20246359679869141,0.6362946580125521
4318,0.30443759785430224,0.26139113021735827,0.4341712719283395
4319,0.14509069709484634,0.2360605221692399,0.6188487807359138
4320,0.3588458343619082,0.3106038183611195,0.3305503472769723
4321,0.1458058986759933,0.2373992053421481,0.6167948959818585
4322,0.2833692375266451,0.30089009213505025,0.41574067033830464
4323,0.25195680267723614,0.28749003896671266,0.46055315835605126
4324,0.2625493600370401,0.27210030239892913,0.46535033756403077
4325,0.1948480217876043,0.2587722292405785,0.5463797489718172
4326,0.24935473597623445,0.26990374416095486,0.4807415198628107
4327,0.09546993602807671,0.18459669421631375,0.7199333697556096
4328,0.21082913885354387,0.23474610645059157,0.5544247546958645
4329,0.1525103415440559,0.22132051952372422,0.6261691389322199
4330,0.23151278537139636,0.2977268160436322,0.47076039858497143
4331,0.3646904264402768,0.2975763887952473,0.3377331847644759
4332,0.18238920430980496,0.25335333027753265,0.5642574654126624
4333,0.22785782901106455,0.2547394224538946,0.5174027485350409
4334,0.35834054612360017,0.2788045932185154,0.3628548606578843
4335,0.2337368134347932,0.2966343522580007,0.4696288343072061
4336,0.2911582101678193,0.3229148440160188,0.38592694581616194
4337,0.16602553502076706,0.24526379023396377,0.5887106747452692
4338,0.29710020708666984,0.29024220707932513,0.412657585834005
4339,0.13914792804651993,0.2154184135747233,0.6454336583787568
4340,0.12725932369528165,0.21541349226292444,0.6573271840417939
4341,0.19213969022057198,0.25684131186335485,0.5510189979160731
4342,0.14992884645426996,0.21950641448483593,0.630564739060894
4343,0.2180949690371809,0.27027641509103534,0.5116286158717838
4344,0.1597030169864903,0.27600422433257277,0.564292758680937
4345,0.19126342209164626,0.23944537045606035,0.5692912074522934
4346,0.2484477337795183,0.2744176124362133,0.47713465378426845
4347,0.12871829432702633,0.20220281739221851,0.6690788882807551
4348,0.3346769581723441,0.279041514389689,0.38628152743796695
4349,0.2055700576961887,0.2485488404723296,0.5458811018314816
4350,0.3271636405616943,0.28261926559132067,0.3902170938469851
4351,0.15463834234392707,0.2184287007594008,0.6269329568966722
4352,0.24061642483390758,0.30777936860819677,0.4516042065578956
4353,0.4503071621107681,0.2861144149752287,0.26357842291400313
4354,0.35128490073607105,0.3149348217544834,0.3337802775094455
4355,0.43832006902750664,0.3031170953114536,0.25856283566103977
4356,0.21497446987028213,0.27130303681992063,0.5137224933097972
4357,0.2632707172050659,0.25372672930184464,0.4830025534930895
4358,0.09446516876508934,0.17883854231068974,0.7266962889242209
4359,0.27334066593046613,0.27441813141936033,0.45224120265017353
4360,0.16501507552846095,0.2358165379479599,0.5991683865235791
4361,0.21902847899424963,0.2415376415883953,0.5394338794173551
4362,0.1699916029391328,0.24220302037054248,0.5878053766903247
4363,0.09836401193886968,0.1881017955143265,0.713534192546804
4364,0.16194392716263356,0.2428759393405605,0.595180133496806
4365,0.2971638195006091,0.2933433988231419,0.40949278167624903
4366,0.22237565603263137,0.29434870217684794,0.4832756417905206
4367,0.28392548609651347,0.30335698997978855,0.412717523923698
4368,0.2753247790763502,0.26307423400222396,0.4616009869214259
4369,0.4308248283388122,0.31668881015524986,0.25248636150593795
4370,0.3362454400256811,0.29633563450423706,0.3674189254700818
4371,0.30133608508871434,0.29958286989665917,0.3990810450146265
4372,0.18912113879209694,0.2648923847755482,0.5459864764323548
4373,0.17112852870356454,0.2511294586032191,0.5777420126932162
4374,0.26666259606921905,0.2959652685535282,0.4373721353772527
4375,0.3135463891447534,0.2808315961291251,0.4056220147261215
4376,0.2251143921333662,0.2618208371302946,0.5130647707363392
4377,0.13843122373554212,0.21141997761857936,0.6501487986458785
4378,0.2857893016837787,0.31802038240569097,0.39619031591053033
4379,0.2643373578001592,0.27938658469289,0.45627605750695077
4380,0.24253147870755687,0.27348095661244465,0.48398756467999837
4381,0.23282239360659357,0.2795897435453877,0.4875878628480187
4382,0.40056280987690573,0.3027059083106325,0.2967312818124619
4383,0.19980463477651636,0.27285844693985895,0.5273369182836247
4384,0.2420869696287273,0.24139784400218456,0.5165151863690882
4385,0.11629455403066083,0.20566789483362607,0.6780375511357131
4386,0.22766790965973388,0.2882645583962755,0.48406753194399055
4387,0.15923854265521173,0.24804330130133476,0.5927181560434535
4388,0.13905279501352363,0.23890294384712205,0.6220442611393543
4389,0.21966074934707563,0.2590545709358354,0.521284679717089
4390,0.2854609580206038,0.29419753838935,0.4203415035900462
4391,0.2355981828974398,0.2765842314279626,0.48781758567459754
4392,0.40315510706806545,0.3165370228443649,0.2803078700875696
4393,0.24511888109333202,0.2840264585260107,0.47085466038065726
4394,0.19678767116613757,0.24086324555663202,0.5623490832772304
4395,0.16410622517572376,0.25601062798578267,0.5798831468384935
4396,0.2661313658416298,0.2784215892655707,0.45544704489279947
4397,0.35938704749702843,0.2904957508693983,0.3501172016335733
4398,0.28930042722010985,0.30828926721533056,0.4024103055645597
4399,0.11948777441336111,0.2179338143490459,0.662578411237593
4400,0.15316978263934627,0.2392261815605672,0.6076040358000865
4401,0.3146800215392897,0.30270455940194235,0.3826154190587679
4402,0.2540627887814076,0.2925587826834189,0.4533784285351735
4403,0.13426496437882599,0.21100525536129533,0.6547297802598787
4404,0.1329319757031907,0.23111045121858015,0.6359575730782292
4405,0.24647372214231045,0.2937643424426146,0.45976193541507493
4406,0.16393602966333704,0.24364034072135,0.5924236296153129
4407,0.2725579024201548,0.2784103502457723,0.4490317473340729
4408,0.2921505114173485,0.2737942056256411,0.43405528295701057
4409,0.22648699995630808,0.27065374814470955,0.5028592518989823
4410,0.27356842241198087,0.3009524952441901,0.425479082343829
4411,0.23209588245909507,0.2891285297681749,0.47877558777273005
4412,0.1437979485487218,0.2304383979142002,0.6257636535370781
4413,0.2698075937866742,0.28179182989711477,0.44840057631621105
4414,0.3677148045825914,0.29204362326517197,0.3402415721522366
4415,0.3649940885526871,0.29100268654875455,0.3440032248985582
4416,0.2547225142400816,0.29593375162624247,0.44934373413367595
4417,0.3013920367932139,0.2815726172417108,0.4170353459650753
4418,0.31854732479103576,0.28490863449195414,0.3965440407170101
4419,0.31169011568962934,0.3027784341906492,0.38553145011972145
4420,0.22463573485791688,0.2925572773680589,0.4828069877740242
4421,0.2682779491965849,0.3043873625557558,0.42733468824765924
4422,0.2666582660579913,0.28064876604319694,0.45269296789881175
4423,0.33438895732078866,0.3158061446077771,0.3498048980714342
4424,0.14528400940331415,0.22895097497175235,0.6257650156249335
4425,0.23461475037055207,0.30719788630423883,0.45818736332520915
4426,0.3024552150197128,0.3130333009150367,0.3845114840652505
4427,0.11168516681989417,0.20051414664478784,0.687800686535318
4428,0.2992936437850352,0.29639258413678904,0.40431377207817576
4429,0.2453744641044081,0.26582467150860445,0.48880086438698744
4430,0.15666484304115852,0.2608793153944733,0.5824558415643681
4431,0.14165330318284225,0.239426180126116,0.6189205166910419
4432,0.15175466284963696,0.2405453430134964,0.6076999941368666
4433,0.25677922400862,0.29663222258077726,0.4465885534106028
4434,0.3387069664526562,0.28815044608874896,0.37314258745859485
4435,0.15649630109460816,0.2425860858046287,0.6009176131007632
4436,0.18998048577703114,0.23529525506310012,0.5747242591598687
4437,0.34767205407090496,0.27459512838524436,0.3777328175438507
4438,0.3368320904598763,0.3012990094822562,0.36186890005786754
4439,0.33908410396148936,0.2830542726366268,0.37786162340188384
4440,0.20015544948210093,0.28186290328938324,0.5179816472285158
4441,0.28825886979328863,0.27137421146064933,0.44036691874606204
4442,0.2966656057956665,0.3209833761657612,0.3823510180385722
4443,0.18251908251352209,0.24241141635607372,0.5750695011304042
4444,0.159194726116556,0.23977620475175765,0.6010290691316864
4445,0.1485385768980939,0.2590946617728974,0.5923667613290087
4446,0.29410845850019807,0.2787602815832292,0.42713125991657264
4447,0.3476826317455913,0.30496938416391456,0.34734798409049406
4448,0.11191097616122322,0.2064945973078778,0.681594426530899
4449,0.173483019154129,0.2670302684738239,0.5594867123720471
4450,0.20000306503754417,0.27229086493699317,0.5277060700254625
4451,0.2184894795441087,0.2978104385347283,0.4837000819211631
4452,0.12427480055036025,0.22072504428196513,0.6550001551676747
4453,0.17274751425105822,0.22613739553274081,0.601115090216201
4454,0.18275993326799223,0.24016242373182456,0.5770776430001832
4455,0.28518733762709414,0.27412137210618664,0.4406912902667193
4456,0.33417802476237396,0.291839955514375,0.37398201972325096
4457,0.3532409401300043,0.31633078630209766,0.330428273567898
4458,0.14392346476786,0.2294837455309658,0.6265927897011743
4459,0.3847039959804663,0.3165180390342761,0.29877796498525755
4460,0.3080039118978748,0.26296212459535084,0.42903396350677436
4461,0.2960544393535346,0.3214617011021987,0.3824838595442667
4462,0.3691124342325618,0.28997923552098415,0.34090833024645395
4463,0.17852648395990992,0.2540798633051677,0.5673936527349224
4464,0.21110906746484032,0.28792164292273636,0.5009692896124233
4465,0.19131999995903934,0.2389226284150963,0.5697573716258644
4466,0.19177183648297813,0.27583972706401283,0.5323884364530092
4467,0.2292810385988643,0.26776631886091873,0.5029526425402169
4468,0.1455981053703288,0.2266367924728236,0.6277651021568476
4469,0.2972070423133978,0.2814870786661162,0.42130587902048605
4470,0.11784628197126926,0.21714951267929217,0.6650042053494385
4471,0.23523463693337437,0.28652003466819387,0.4782453283984318
4472,0.16504602765715087,0.24546900549940348,0.5894849668434456
4473,0.3075826694043252,0.2750620758193415,0.4173552547763333
4474,0.4513394302515288,0.2945524714330977,0.2541080983153734
4475,0.21321553828896359,0.24026018654786388,0.5465242751631725
4476,0.20088956675789618,0.26670667582292623,0.5324037574191776
4477,0.12484858452594191,0.23075445140681838,0.6443969640672397
4478,0.14958811534410066,0.22918070936911675,0.6212311752867825
4479,0.16822139484776058,0.23510126600959902,0.5966773391426405
4480,0.29316954688565633,0.2748659653454495,0.4319644877688942
4481,0.30296226559218015,0.29337192194426837,0.4036658124635516
4482,0.24779399638851013,0.2928489033521193,0.4593571002593705
4483,0.3613269376119622,0.3167915420525744,0.32188152033546336
4484,0.3127974469937733,0.27415380932626054,0.41304874367996613
4485,0.2836235800668977,0.2721336315540519,0.4442427883790504
4486,0.2408619037151643,0.27446942236542404,0.4846686739194116
4487,0.2051412066226503,0.2354764078528002,0.5593823855245494
4488,0.24614429828574258,0.2789810390172972,0.4748746626969602
4489,0.20006617562488815,0.2709667208789911,0.5289671034961207
4490,0.22178178149703853,0.2826300558344951,0.4955881626684664
4491,0.40764569517052907,0.27335639582820537,0.3189979090012657
4492,0.3729631662953551,0.3076406139497827,0.3193962197548621
4493,0.2943787651267145,0.2682615264137411,0.4373597084595443
4494,0.14296012722455653,0.24614301807852265,0.6108968546969208
4495,0.1233888235088123,0.21642314004681384,0.660188036444374
4496,0.420744799428911,0.2819846520112853,0.2972705485598038
4497,0.32945882927079695,0.2925792645520676,0.37796190617713543
4498,0.13013539332008262,0.22423550565600492,0.6456291010239124
4499,0.12914408681462036,0.21653695494613623,0.6543189582392435
4500,0.09495228128083241,0.20176087428824713,0.7032868444309205
4501,0.2693412736880078,0.27729132002136414,0.453367406290628
4502,0.3235592583581669,0.27146657408610636,0.40497416755572674
4503,0.22819861271765057,0.28115027919261104,0.49065110808973833
4504,0.15069108766008102,0.2373419689311302,0.6119669434087889
4505,0.31653009073986105,0.29507029720347877,0.3883996120566603
4506,0.14101104498659522,0.21921335789474355,0.6397755971186613
4507,0.18031863094181216,0.24561886374827216,0.5740625053099158
4508,0.32774224257218365,0.2825003669636896,0.3897573904641267
4509,0.19359243499193443,0.24455600660686647,0.5618515584011992
4510,0.1827114599714716,0.23777262567874835,0.5795159143497801
4511,0.3396691358729882,0.3119116428216073,0.3484192213054045
4512,0.23495230771492576,0.2859764786722966,0.4790712136127777
4513,0.43238478503729616,0.29247091324500407,0.2751443017176999
4514,0.4167976867723079,0.28425860279499005,0.2989437104327022
4515,0.16802980421025382,0.23784720718037888,0.5941229886093673
4516,0.3250044817252825,0.29590951412268923,0.37908600415202826
4517,0.33225708580448976,0.3180076284275465,0.34973528576796375
4518,0.3542031210412878,0.2788838305896699,0.36691304836904226
4519,0.5342203690547778,0.276240929153104,0.18953870179211818
4520,0.12136242019474694,0.2539801103773084,0.6246574694279448
4521,0.24510877319483437,0.2755667166124752,0.47932451019269046
4522,0.1954084084236501,0.25259228736245215,0.5519993042138978
4523,0.2249837835880466,0.26370038526741313,0.5113158311445403
4524,0.17583793765046019,0.2521075099108667,0.5720545524386731
4525,0.11681634159758046,0.20402537351870975,0.6791582848837098
4526,0.21034590273621573,0.2603276353833339,0.5293264618804504
4527,0.2274019477460875,0.27456963491586184,0.4980284173380506
4528,0.15194344330212256,0.2322062725021187,0.6158502841957587
4529,0.19173759682251806,0.2637800151953835,0.5444823879820984
4530,0.2578040233226421,0.28458563680084553,0.45761033987651234
4531,0.30179774669760195,0.30320816300230324,0.3949940903000948
4532,0.28952663001295237,0.27431694526758366,0.4361564247194639
4533,0.16829770279457712,0.23976401409335107,0.5919382831120718
4534,0.23787874220368407,0.3084455429938146,0.45367571480250135
4535,0.2971895784055802,0.2815094953828312,0.42130092621158866
4536,0.2583536214971068,0.24890932293443846,0.4927370555684548
4537,0.2650298205853157,0.27881635172803504,0.45615382768664914
4538,0.3642074282495704,0.28364996561787814,0.3521426061325514
4539,0.15827097867089665,0.24649928490195658,0.5952297364271468
4540,0.2888921745013023,0.2764389638965456,0.43466886160215223
4541,0.42936729089267267,0.3075340729134983,0.2630986361938289
4542,0.1352291476766807,0.25658413290282145,0.6081867194204978
4543,0.2583345751769526,0.25687466576624374,0.48479075905680374
4544,0.4585285938609066,0.28067032415358817,0.2608010819855051
4545,0.4155593035107439,0.3025745983777636,0.2818660981114925
4546,0.23691312585103128,0.2848962712236691,0.47819060292529963
4547,0.2308557500117718,0.25125950170283573,0.5178847482853925
4548,0.18378607489227433,0.26142509284845417,0.5547888322592716
4549,0.18314453475427445,0.24213343358868705,0.5747220316570385
4550,0.18931200431038991,0.2601017350085737,0.5505862606810363
4551,0.16315769554637283,0.2480054893080909,0.5888368151455362
4552,0.21148411457021926,0.26894831989777934,0.5195675655320013
4553,0.3261333514579652,0.28712569928882137,0.38674094925321334
4554,0.13473274031987867,0.23983683815167586,0.6254304215284455
4555,0.25009951496325217,0.28353377784687406,0.46636670718987383
4556,0.2503773027622017,0.2999948156511605,0.4496278815866378
4557,0.2556259869984965,0.27532770105892423,0.4690463119425794
4558,0.11536165116453415,0.20975371160222722,0.6748846372332387
4559,0.23145253910742083,0.2754187602031143,0.4931287006894649
4560,0.17970131751446825,0.2517326233831725,0.5685660591023592
4561,0.23733317496291395,0.2557836754616729,0.5068831495754131
4562,0.2739031630827868,0.3152169354797106,0.4108799014375027
4563,0.17423068000765435,0.25623840409389426,0.5695309158984514
4564,0.22055014245263538,0.2761096265436447,0.5033402310037198
4565,0.23840600157338976,0.30865643877917415,0.45293755964743604
4566,0.23570079190726714,0.2772007608404385,0.48709844725229434
4567,0.2871115098880336,0.3440225619568468,0.36886592815511965
4568,0.2229121033910379,0.2709005730004324,0.5061873236085297
4569,0.270060130385033,0.2989628545141153,0.4309770151008516
4570,0.16274487276150845,0.25127825732670017,0.5859768699117913
4571,0.12104227131678345,0.24817568402902884,0.6307820446541876
4572,0.28142690115770397,0.2593472432669852,0.4592258555753108
4573,0.2165613333421847,0.27946139748160803,0.5039772691762073
4574,0.16367280884600832,0.24342713386891984,0.5929000572850718
4575,0.32632548716375115,0.27924140158448724,0.3944331112517616
4576,0.38017660613856635,0.30263699838651414,0.31718639547491956
4577,0.3556549560989688,0.2962844109075244,0.34806063299350687
4578,0.23501917274644946,0.2887088641223597,0.4762719631311909
4579,0.36402639726321484,0.3202330678764208,0.3157405348603643
4580,0.24053054270124768,0.273521809439606,0.48594764785914635
4581,0.1855382142770656,0.3153131650063057,0.4991486207166287
4582,0.20815157725010053,0.25528397978374573,0.5365644429661538
4583,0.24762972092523572,0.2634616099395951,0.48890866913516917
4584,0.33232278469041265,0.3050764295877392,0.36260078572184806
4585,0.2037983216347704,0.278615862159634,0.5175858162055955
4586,0.21240523285260587,0.270279187732665,0.517315579414729
4587,0.2484531361791674,0.27019496298210044,0.48135190083873214
4588,0.23119941273346784,0.27898873527717466,0.4898118519893575
4589,0.24629182950464362,0.29485382233033863,0.45885434816501774
4590,0.1784338958878764,0.235951965926598,0.5856141381855255
4591,0.2528728306599325,0.2832717180897919,0.4638554512502757
4592,0.2536043992915768,0.3001785924461178,0.44621700826230537
4593,0.167832604778255,0.24566377952989132,0.5865036156918537
4594,0.2657055031684421,0.28913750566857266,0.44515699116298524
4595,0.12596066079301343,0.24182497263349068,0.632214366573496
4596,0.268982908020558,0.28803253964608266,0.4429845523333593
4597,0.33349688924330034,0.2865702954262632,0.37993281533043644
4598,0.22076677700829067,0.28003581344425105,0.4991974095474583
4599,0.1507824796228302,0.23276152562784796,0.6164559947493219
4600,0.36596685527614786,0.3104630013515174,0.3235701433723348
4601,0.3285803936430983,0.2841657501103427,0.38725385624655906
4602,0.25338161798364534,0.2629703356580516,0.48364804635830305
4603,0.35698172158216085,0.28563343337659797,0.35738484504124124
4604,0.1872972965839787,0.2810994043467211,0.5316032990693003
4605,0.20635721507889865,0.2602176254352001,0.5334251594859012
4606,0.31472613680834627,0.3055518952376213,0.37972196795403246
4607,0.2272579430332033,0.2808863609298435,0.4918556960369532
4608,0.228446321749013,0.27996075661875164,0.49159292163223534
4609,0.14542673543998164,0.25307419722949676,0.6014990673305216
4610,0.2957601528969809,0.27057982218620635,0.4336600249168129
4611,0.2357819801759956,0.2571172067207842,0.5071008131032202
4612,0.3514388387648437,0.2797146242262689,0.36884653700888737
4613,0.17959031870149317,0.2606848853278686,0.5597247959706382
4614,0.183392741716279,0.2732933467395372,0.5433139115441838
4615,0.23119414785137077,0.27176178173075305,0.4970440704178761
4616,0.1146020999475267,0.22977950601335673,0.6556183940391165
4617,0.23970451850436275,0.26838483852476036,0.49191064297087683
4618,0.26986505807191696,0.309403148202142,0.42073179372594105
4619,0.25281581595112973,0.28045941175652556,0.4667247722923447
4620,0.25762269678607697,0.27145404357763503,0.470923259636288
4621,0.24168892423533583,0.2763875571857171,0.4819235185789471
4622,0.1744438632092597,0.23321230335643212,0.5923438334343082
4623,0.3382592902920811,0.28422744593423865,0.37751326377368016
4624,0.20315387237909696,0.2518447961640805,0.5450013314568225
4625,0.3836532837138019,0.3123367782445148,0.3040099380416832
4626,0.34454171188225413,0.30855816794640945,0.3469001201713364
4627,0.19995891299040036,0.25768361333583734,0.5423574736737623
4628,0.26906662788637614,0.2749756657847249,0.45595770632889904
4629,0.1595124865561936,0.2524085098137101,0.5880790036300962
4630,0.24684800831853845,0.3141406874170532,0.4390113042644083
4631,0.3076467702753078,0.2910932781896027,0.40125995153508953
4632,0.24869424480861374,0.2719452051857245,0.4793605500056618
4633,0.14509621081842466,0.24795249150914098,0.6069512976724343
4634,0.3139152897898385,0.3076029749894119,0.3784817352207496
4635,0.24133122648974592,0.27025561222055305,0.488413161289701
4636,0.15605076748263347,0.2501782008037139,0.5937710317136526
4637,0.21872801273781112,0.2526407760254671,0.5286312112367219
4638,0.262167163122068,0.28390069800727885,0.4539321388706531
4639,0.18768140746228734,0.23386630610337045,0.5784522864343422
4640,0.3319546624539101,0.2676514442015753,0.4003938933445147
4641,0.20277871977005138,0.28791754176483003,0.5093037384651186
4642,0.21958552048081714,0.25570042672658255,0.5247140527926003
4643,0.13932705269122853,0.22662220546944933,0.6340507418393222
4644,0.3155204546109205,0.2852010273977534,0.3992785179913262
4645,0.3407455169592552,0.31134966286812454,0.34790482017262025
4646,0.21051638018842744,0.24558733274046682,0.5438962870711057
4647,0.2102749576523381,0.26728263731788304,0.5224424050297788
4648,0.16872475437278445,0.24540295631950101,0.5858722893077146
4649,0.20291750823453614,0.2490591219945567,0.5480233697709072
4650,0.19865935279882846,0.26993888534500665,0.5314017618561648
4651,0.24210601990029879,0.25624143959501566,0.5016525405046856
4652,0.2395168193013662,0.28318453692545587,0.477298643773178
4653,0.2118738033492032,0.2856465019038281,0.5024796947469687
4654,0.3878313668296992,0.29746167479135543,0.31470695837894536
4655,0.2086072704981789,0.24412834921672474,0.5472643802850963
4656,0.21261426533703986,0.2712644599082734,0.5161212747546867
4657,0.17296592215436002,0.24579916484398925,0.5812349130016508
4658,0.25912138818532837,0.25440470310398555,0.48647390871068596
4659,0.28992096743108664,0.3083944350145059,0.40168459755440744
4660,0.15717891534478232,0.2204306884374213,0.6223903962177963
4661,0.2842920421495403,0.27990221097515283,0.43580574687530693
4662,0.3840710725444293,0.2752855805503185,0.3406433469052522
4663,0.24977497717926778,0.27614475967874,0.47408026314199225
4664,0.16126596149580558,0.23763376151156776,0.6011002769926266
4665,0.15258263013704043,0.22288688007143406,0.6245304897915255
4666,0.34180278586002255,0.3032329909616973,0.35496422317828014
4667,0.20754135951798547,0.26051195341360234,0.5319466870684122
4668,0.1250710200962569,0.21567148814931608,0.6592574917544269
4669,0.19338854348363552,0.26316918344879375,0.5434422730675708
4670,0.3090633567614364,0.30270591638807803,0.38823072685048554
4671,0.16841870139671858,0.2487183269742674,0.5828629716290141
4672,0.26278605912736874,0.269435040994743,0.46777889987788823
4673,0.24476131166076415,0.25003464588918844,0.5052040424500474
4674,0.19455314747223398,0.26351144428497164,0.5419354082427944
4675,0.13286312181580032,0.2022057807915367,0.664931097392663
4676,0.1885450147888431,0.25320488287178033,0.5582501023393766
4677,0.3730361427578902,0.28688054657582784,0.34008331066628195
4678,0.23512753558019542,0.2826052035123325,0.4822672609074721
4679,0.21009423796843835,0.30315962393929685,0.48674613809226475
4680,0.18215575598943873,0.2523112734245449,0.5655329705860164
4681,0.20113343110538462,0.27429327866527453,0.524573290229341
4682,0.23430378654714007,0.253414042678326,0.512282170774534
4683,0.14290797707267888,0.25459354659966904,0.6024984763276521
4684,0.2750711429912376,0.2708291421864213,0.454099714822341
4685,0.4180712867287571,0.3092181163898664,0.27271059688137655
4686,0.1250187022189885,0.19930829316649612,0.6756730046145154
4687,0.1999916033903847,0.24824496760309916,0.5517634290065161
4688,0.23950384716959663,0.27818560499241857,0.48231054783798477
4689,0.26264320350320736,0.31336417939243133,0.42399261710436137
4690,0.27315356912114036,0.30132432752391336,0.4255221033549463
4691,0.17442602502749954,0.26143017554135956,0.5641437994311409
4692,0.28316407112802133,0.3012001544558737,0.415635774416105
4693,0.175259064943375,0.26207122668241256,0.5626697083742125
4694,0.12035960493399347,0.20474578444952815,0.6748946106164784
4695,0.30855725130701717,0.3234710697344032,0.3679716789585797
4696,0.1629652249670247,0.2721040825489506,0.5649306924840247
4697,0.4544727020819542,0.30141917264114776,0.244108125276898
4698,0.15296970192367026,0.22803289220294265,0.6189974058733871
4699,0.2846710128008143,0.30420625308810123,0.41112273411108446
4700,0.36253568026027005,0.2979875463236957,0.3394767734160343
4701,0.2498882240932815,0.31431300543914437,0.4357987704675741
4702,0.3361549652296455,0.305897862949145,0.35794717182120944
4703,0.303052862217726,0.2790831342496592,0.41786400353261477
4704,0.17515717542254006,0.22656934476884139,0.5982734798086186
4705,0.33091916829760437,0.2753210741643142,0.39375975753808146
4706,0.16443801140837017,0.2417108180090098,0.59385117058262
4707,0.2801477483420932,0.3112612107066181,0.40859104095128873
4708,0.17441122813190674,0.2300974680715493,0.5954913037965439
4709,0.2900976329938131,0.31205904257682504,0.3978433244293619
4710,0.12488422542723794,0.242998341507544,0.6321174330652181
4711,0.13595157244616868,0.2261856319618512,0.6378627955919802
4712,0.23099301696225444,0.2807424316185324,0.4882645514192132
4713,0.13379878996034034,0.2012673301116734,0.6649338799279862
4714,0.15886389350779373,0.23988942671370794,0.6012466797784983
4715,0.13954953994460323,0.23345631358484584,0.626994146470551
4716,0.24529816135781843,0.2522216134501587,0.5024802251920228
4717,0.3632514495992287,0.3247359189846766,0.3120126314160948
4718,0.17543732213257532,0.2515110293299598,0.5730516485374648
4719,0.24131937744859605,0.28191448666487734,0.47676613588652667
4720,0.1874479530855569,0.27572022398488305,0.5368318229295601
4721,0.18818389806335872,0.26107139818943415,0.5507447037472071
4722,0.22799970987861035,0.2580068092181777,0.5139934809032118
4723,0.4187967615664109,0.30176386820074735,0.2794393702328417
4724,0.42782699714527883,0.2984383734023667,0.2737346294523545
4725,0.19905234023718382,0.26281605033094435,0.5381316094318718
4726,0.1981130728030235,0.258233851286811,0.5436530759101654
4727,0.25801519874953466,0.308624050867784,0.4333607503826813
4728,0.1421560282436583,0.24032416396753098,0.6175198077888107
4729,0.18290243621542301,0.26514771925524006,0.5519498445293369
4730,0.3508020290148848,0.30936920037123006,0.33982877061388517
4731,0.21337958902762227,0.23059040790669993,0.5560300030656777
4732,0.11420692111498643,0.2269194345816459,0.6588736443033676
4733,0.31610545238797344,0.30125527341001834,0.3826392742020083
4734,0.13588276303134156,0.2514360216521655,0.6126812153164929
4735,0.15436909030603074,0.21332431746924477,0.6323065922247244
4736,0.3817674135062955,0.30056706586075255,0.317665520632952
4737,0.27992958485419017,0.29962914635580384,0.42044126879000604
4738,0.2080895126637366,0.2539707339139236,0.5379397534223398
4739,0.3480245250392322,0.32066601373625925,0.3313094612245086
4740,0.19502740311936878,0.25112050668963937,0.5538520901909918
4741,0.23143409672685933,0.30667378941457024,0.4618921138585705
4742,0.18661048463161056,0.23083214497327353,0.5825573703951159
4743,0.22721407246050984,0.2729936635302064,0.4997922640092839
4744,0.3262644343128316,0.29910910667008084,0.3746264590170875
4745,0.2656925323105976,0.30117570415073674,0.43313176353866567
4746,0.2588276254111156,0.28241293150122093,0.4587594430876636
4747,0.29763704413400294,0.30126566764221385,0.40109728822378327
4748,0.2859678502732135,0.2957805426364926,0.41825160709029396
4749,0.20744659647209168,0.2834154858785441,0.5091379176493642
4750,0.21820161949491979,0.2781518917024747,0.5036464888026057
4751,0.15789541936894402,0.2586860728747191,0.583418507756337
4752,0.30149151157531684,0.29275326396912493,0.4057552244555582
4753,0.3010027049270878,0.3067334261221025,0.3922638689508098
4754,0.42496689383102976,0.2970837915326092,0.2779493146363611
4755,0.21024347056745096,0.2783100120575726,0.5114465173749765
4756,0.07095936726694427,0.18041688292409166,0.7486237498089641
4757,0.09825566484509289,0.18148769386260227,0.7202566412923048
4758,0.17728316316928894,0.2719359076061807,0.5507809292245304
4759,0.1514052728286826,0.24955931108167098,0.5990354160896463
4760,0.20363821130092433,0.28749052795292984,0.5088712607461459
4761,0.09837109865278768,0.19458119210391878,0.7070477092432935
4762,0.2853238990547571,0.2769116016739398,0.43776449927130306
4763,0.3635336604938145,0.33768500814198177,0.2987813313642037
4764,0.2245833087148636,0.2879284088739951,0.4874882824111413
4765,0.291918425458212,0.2706472846577094,0.4374342898840785
4766,0.18537824426577557,0.23858565040399188,0.5760361053302325
4767,0.28801115162228097,0.308837642865038,0.403151205512681
4768,0.26780258711152516,0.2744916842097396,0.45770572867873527
4769,0.2905872274001783,0.30245764605637476,0.406955126543447
4770,0.1326829267989542,0.23001292078880595,0.6373041524122398
4771,0.25086495812338494,0.2844793048820564,0.46465573699455864
4772,0.17097749379779356,0.26699886870080536,0.5620236375014012
4773,0.19046008536036996,0.25607440748046884,0.5534655071591612
4774,0.48333451599751087,0.2826313470212921,0.23403413698119704
4775,0.29604980197019354,0.32004334282347163,0.3839068552063347
4776,0.2524558507404924,0.31530020966949235,0.4322439395900152
4777,0.25844055723353593,0.2804217770706182,0.4611376656958459
4778,0.20778462216763977,0.30311898249660746,0.4890963953357528
4779,0.2808375267359443,0.2562038693172858,0.4629586039467698
4780,0.1620074434169817,0.24486918395054613,0.5931233726324721
4781,0.3035223783212784,0.32112517770507587,0.3753524439736458
4782,0.08996817178954347,0.17098425892663224,0.7390475692838243
4783,0.11654652654166991,0.22450752351555578,0.6589459499427743
4784,0.08955451133953357,0.20533608953135507,0.7051093991291114
4785,0.19442552866454163,0.2693219133597797,0.5362525579756787
4786,0.37478968074547275,0.3105584832058351,0.3146518360486922
4787,0.14183308774192155,0.23027782725272664,0.6278890850053518
4788,0.3242780463062406,0.2973406379779733,0.37838131571578615
4789,0.3405693091114673,0.3172096784221704,0.3422210124663623
4790,0.31063905044732887,0.3139002258347794,0.37546072371789174
4791,0.19787947139255413,0.2579983745856589,0.544122154021787
4792,0.34518394028594074,0.2932637019025164,0.3615523578115428
4793,0.350691698157732,0.32432010583813553,0.32498819600413253
4794,0.3084074154510975,0.2995844612947499,0.39200812325415263
4795,0.20564868100792594,0.25833166149921216,0.5360196574928618
4796,0.3818967051015325,0.29094114419481665,0.32716215070365084
4797,0.33319425435530203,0.310127689181516,0.3566780564631819
4798,0.23975363530352636,0.2938197198628195,0.46642664483365415
4799,0.36901496956069896,0.33502801141377014,0.29595701902553084
4800,0.15952393941275314,0.24857965533843024,0.5918964052488166
4801,0.16923920418232455,0.23348816052464322,0.5972726352930322
4802,0.14923521477917984,0.22611511304503068,0.6246496721757895
4803,0.10061945019224777,0.21482702975042295,0.6845535200573292
4804,0.35695435389099583,0.28471750309483607,0.35832814301416804
4805,0.2307011401860503,0.2979754115211395,0.47132344829281014
4806,0.19728512071516086,0.2668105980757177,0.5359042812091214
4807,0.2596477409561173,0.2965689180691648,0.4437833409747179
4808,0.2850922798872234,0.3039373492335681,0.4109703708792084
4809,0.3048277676366499,0.27646713459705463,0.4187050977662955
4810,0.15352560658365388,0.2521543887009409,0.5943200047154051
4811,0.27037384693354294,0.3174358265823285,0.41219032648412857
4812,0.21000374818164466,0.2575786814910931,0.5324175703272622
4813,0.3196039577759355,0.3003354872682689,0.3800605549557956
4814,0.27146797155820024,0.3242180920003049,0.40431393644149494
4815,0.35722842902921415,0.29329121550915965,0.34948035546162626
4816,0.2151348247202468,0.2571813750035199,0.5276838002762333
4817,0.39206840250956293,0.3017076490504271,0.3062239484400099
4818,0.26224886589581775,0.267407312574898,0.4703438215292841
4819,0.2302363695866037,0.3009742970399177,0.46878933337347856
4820,0.1028222023869722,0.21660266763687835,0.6805751299761494
4821,0.170414422195851,0.2396525236877967,0.5899330541163523
4822,0.20363633275724474,0.26166165564109006,0.5347020116016652
4823,0.06945070437770191,0.16787416049499332,0.7626751351273047
4824,0.08989785618901129,0.18016129463656366,0.7299408491744249
4825,0.31644863016393565,0.28875752951145917,0.3947938403246052
4826,0.2029384238800806,0.26839743502343005,0.5286641410964892
4827,0.2993579864664191,0.3000202150176262,0.4006217985159546
4828,0.32878719055154526,0.2813093609822769,0.38990344846617786
4829,0.2524567393651821,0.3031934433007164,0.44434981733410145
4830,0.2905577884457954,0.29072321306543447,0.41871899848877014
4831,0.2780656924785422,0.2894718720514703,0.4324624354699875
4832,0.15054741876528224,0.23461410345852612,0.6148384777761916
4833,0.3402128211440447,0.28363618196869134,0.37615099688726394
4834,0.20004269622905596,0.2869126472696114,0.5130446565013327
4835,0.1321010841427845,0.232774684592725,0.6351242312644905
4836,0.2460225658797245,0.2814157361163856,0.4725616980038899
4837,0.3429734342467987,0.2772817669566676,0.37974479879653367
4838,0.1466121087732524,0.22763218201541371,0.6257557092113339
4839,0.20051705591720606,0.23676240309633179,0.5627205409864622
4840,0.21262707678231402,0.2836340207859659,0.5037389024317203
4841,0.31691280366044905,0.2867223124296753,0.3963648839098756
4842,0.24840799831112062,0.27276378820849456,0.47882821348038473
4843,0.21672539706458932,0.24919926415174293,0.5340753387836678
4844,0.2081701731108497,0.2605016936845992,0.5313281332045512
4845,0.21505674015255738,0.26475718123864694,0.5201860786087957
4846,0.2923773523639711,0.2844984490869994,0.4231241985490295
4847,0.21800297344453223,0.25234507371091347,0.5296519528445542
4848,0.4120044874910884,0.2980294883205722,0.2899660241883393
4849,0.4899515238314853,0.28964937030467697,0.22039910586383776
4850,0.24967714935665503,0.28313675622466894,0.4671860944186761
4851,0.1356172279926831,0.23330320783393316,0.6310795641733838
4852,0.1661233627866749,0.247653063183258,0.5862235740300672
4853,0.26790526634532685,0.3118820798169545,0.42021265383771866
4854,0.1640307955595645,0.22641531972584059,0.6095538847145948
4855,0.17968135890605624,0.251480399688693,0.5688382414052507
4856,0.12218021074260182,0.21882035788478554,0.6589994313726126
4857,0.22833934884880075,0.2625399765476056,0.5091206746035938
4858,0.22363355351717334,0.2499775908521158,0.5263888556307108
4859,0.06824496820212497,0.16729959172168468,0.7644554400761903
4860,0.16575627690095268,0.2305224653087497,0.6037212577902975
4861,0.30956530701556806,0.29017419896158964,0.4002604940228423
4862,0.19869418384288506,0.29223628139472624,0.5090695347623887
4863,0.21038944302145623,0.24819246962958236,0.5414180873489615
4864,0.5273594204630494,0.2737442446629975,0.198896334873953
4865,0.23382777575824798,0.247812127843378,0.5183600963983741
4866,0.31245004158792306,0.3088499415122544,0.37870001689982247
4867,0.253092955613461,0.27277143962377676,0.4741356047627623
4868,0.2935942505245683,0.2637979078115591,0.4426078416638727
4869,0.1705811553477239,0.29161701691102004,0.5378018277412561
4870,0.2612504375954861,0.2501248015899228,0.48862476081459116
4871,0.3336524741067623,0.27744256545200796,0.3889049604412298
4872,0.3691290592574791,0.30647913804718385,0.32439180269533696
4873,0.26624837312726013,0.2764477511071616,0.45730387576557824
4874,0.23317520788192678,0.28128234660993456,0.4855424455081386
4875,0.08420891937862521,0.18416062156789692,0.7316304590534779
4876,0.36431345303893936,0.2875840072919884,0.34810253966907234
4877,0.15628928562926644,0.24082758599856907,0.6028831283721645
4878,0.2541690933722349,0.26601951185966494,0.4798113947681001
4879,0.17300143302830434,0.26213494982692925,0.5648636171447665
4880,0.16975628525931755,0.26257740907368443,0.5676663056669982
4881,0.15824867288975059,0.23389234437464188,0.6078589827356076
4882,0.37461945807742736,0.27596211799017656,0.3494184239323961
4883,0.09125087574379005,0.1999446291601774,0.7088044950960326
4884,0.2521895622050465,0.2706801676275349,0.4771302701674186
4885,0.3438848132603724,0.28109447655217634,0.3750207101874512
4886,0.1867384898950304,0.23846967726132967,0.5747918328436399
4887,0.5706453580997999,0.266292179441059,0.16306246245914108
4888,0.4771667197112392,0.2644160487328382,0.25841723155592267
4889,0.25515759800727356,0.2947705824973071,0.4500718194954194
4890,0.08644629310231239,0.1764535567766113,0.7371001501210763
4891,0.09836037080684615,0.1928633057671107,0.7087763234260431
4892,0.3727710081383173,0.2696125910046647,0.35761640085701785
4893,0.2401366838807334,0.27829210276306193,0.4815712133562048
4894,0.33395587171027663,0.2833230762495575,0.38272105204016593
4895,0.4147461771230944,0.30062082114662225,0.2846330017302834
4896,0.17372969991917261,0.23874001010786666,0.5875302899729608
4897,0.23296004979168314,0.28543062263195407,0.48160932757636277
4898,0.2535276996925989,0.26727373804430127,0.4791985622630998
4899,0.15365996049516628,0.23647876596837616,0.6098612735364576
4900,0.10115392747196847,0.211979364219487,0.6868667083085446
4901,0.14435213813860154,0.2208923401232188,0.6347555217381796
4902,0.21367924991536358,0.2618042211885143,0.5245165288961221
4903,0.16577115361696876,0.2951582486249706,0.5390705977580607
4904,0.3741183635901375,0.2989295747003579,0.3269520617095045
4905,0.15717226784303695,0.2499756422508082,0.5928520899061549
4906,0.13253005256944753,0.22902146268681225,0.6384484847437402
4907,0.1960744339423628,0.24942002700903124,0.554505539048606
4908,0.40668226457215384,0.2655256387726536,0.3277920966551926
4909,0.4133622268482249,0.2564981619731619,0.3301396111786132
4910,0.2383558416543618,0.27754476227587804,0.48409939606976005
4911,0.20019508154060936,0.2455821409973286,0.554222777462062
4912,0.3350408761567544,0.2859703862243446,0.378988737618901
4913,0.26199218772341104,0.2760431315282339,0.461964680748355
4914,0.13811695316434996,0.21367627940436823,0.6482067674312819
4915,0.3494132636474545,0.27367478723236366,0.37691194912018183
4916,0.38304735448572547,0.3028382637765453,0.3141143817377292
4917,0.28495414852337686,0.2849146403444809,0.43013121113214225
4918,0.23517830707329584,0.2792955450473674,0.48552614787933684
4919,0.3349952973526689,0.279713479187194,0.385291223460137
4920,0.26996607939861683,0.2520554565637801,0.477978464037603
4921,0.25326263913638125,0.29443812131156955,0.45229923955204915
4922,0.25234385515677143,0.2718211938049352,0.4758349510382933
4923,0.2762117834393985,0.28808552346720173,0.4357026930933997
4924,0.10384084461758428,0.18303497590259554,0.7131241794798202
4925,0.21308479150631335,0.2846494633063703,0.5022657451873164
4926,0.40468987501393694,0.24485037986405941,0.35045974512200373
4927,0.09151024340790886,0.19333169147828144,0.7151580651138097
4928,0.20969405951484965,0.2711618476741381,0.5191440928110123
4929,0.30877061300687114,0.26848065355217476,0.4227487334409541
4930,0.23544769203151616,0.26660556428213333,0.4979467436863505
4931,0.15249543963381526,0.2654174451273926,0.5820871152387922
4932,0.4540310961281986,0.28236879666637815,0.26360010720542315
4933,0.14964844706869307,0.26096583182481603,0.5893857211064909
4934,0.17949242158404405,0.23673352581221496,0.5837740526037409
4935,0.21398866584465787,0.2670827300072619,0.5189286041480802
4936,0.3529768424430767,0.2862075298152278,0.3608156277416955
4937,0.40437820006764325,0.2988726636777403,0.2967491362546164
4938,0.28362603787639445,0.26054488752674154,0.45582907459686406
4939,0.35927467129223595,0.27082571159091984,0.3698996171168442
4940,0.2692452972540765,0.29791148760763453,0.432843215138289
4941,0.20481202593030068,0.23796012149016887,0.5572278525795304
4942,0.23800250245626467,0.2722219325963485,0.48977556494738683
4943,0.1679568971075922,0.2419719178513269,0.5900711850410809
4944,0.2835186493639434,0.32057008709990303,0.39591126353615347
4945,0.2298181855027529,0.2830565429212518,0.4871252715759953
4946,0.35912078946756365,0.29127957477968514,0.3495996357527512
4947,0.16387169758083253,0.24039532336191652,0.595732979057251
4948,0.23058283896285559,0.2531971081677954,0.516220052869349
4949,0.24759517694972846,0.2785094920045486,0.47389533104572296
4950,0.1265357946753821,0.20304991283249402,0.6704142924921239
4951,0.3135867505668792,0.2862248266637426,0.40018842276937816
4952,0.2458934196979854,0.25746203391000144,0.4966445463920132
4953,0.3159655507105915,0.28653588227906385,0.3974985670103447
4954,0.14252150356453988,0.2522790699761356,0.6051994264593246
4955,0.2510504371369737,0.26886071732357236,0.480088845539454
4956,0.24187787907849223,0.27305824169154747,0.4850638792299603
4957,0.14086043605623105,0.2352875942210504,0.6238519697227185
4958,0.37263041507450645,0.2592999567202243,0.36806962820526923
4959,0.24557892068296472,0.3101165517834257,0.4443045275336096
4960,0.225806823373593,0.2534984316648196,0.5206947449615873
4961,0.2381580075125676,0.2451324480538531,0.5167095444335793
4962,0.20604309705273866,0.28310532551757267,0.5108515774296887
4963,0.30227818451371236,0.3081561876999959,0.38956562778629167
4964,0.2224055914524093,0.2764932475148415,0.5011011610327492
4965,0.2279719215755699,0.24756223382417394,0.5244658446002561
4966,0.22629664319196025,0.31462140811375416,0.4590819486942856
4967,0.36889207523315937,0.29352457486044964,0.337583349906391
4968,0.2381115398216584,0.25526431292913354,0.506624147249208
4969,0.22128534113103387,0.25172849962152644,0.5269861592474396
4970,0.23291642040190508,0.28411423601309926,0.48296934358499566
4971,0.31084096575996795,0.30112693414248515,0.38803210009754685
4972,0.20213261422600748,0.27934300059526707,0.5185243851787255
4973,0.2262920157131913,0.26455850950373017,0.5091494747830785
4974,0.17916823920093544,0.2600677886278497,0.5607639721712148
4975,0.2121601044982263,0.23786112553040945,0.5499787699713643
4976,0.1598684257551291,0.24529379161203507,0.5948377826328359
4977,0.23643036287941638,0.2721240867477101,0.4914455503728735
4978,0.19359687609770287,0.252918261040197,0.5534848628621001
4979,0.16695239536159845,0.27657024683962006,0.5564773577987815
4980,0.18214286874379682,0.22099703633350332,0.5968600949226998
4981,0.3207137613868754,0.2973851850059115,0.38190105360721305
4982,0.43875291628639823,0.31162683251924517,0.24962025119435666
4983,0.15738643181744533,0.2472074407103616,0.595406127472193
4984,0.21100528094514837,0.26149637514439306,0.5274983439104586
4985,0.24111962348280674,0.26328776836051426,0.495592608156679
4986,0.29625366350092286,0.2526704981931025,0.45107583830597464
4987,0.14209825539585508,0.2195567328087168,0.6383450117954281
4988,0.296211501480769,0.30850800759063207,0.39528049092859885
4989,0.2272643913488313,0.2611832231309431,0.5115523855202256
4990,0.26544543706662294,0.2843686269578458,0.45018593597553136
4991,0.18439640395988577,0.24696620542819672,0.5686373906119175
4992,0.27376582486720247,0.28281979922275036,0.44341437591004706
4993,0.17276316463241986,0.254861337692055,0.5723754976755251
4994,0.29819288550167145,0.30031518847063265,0.401491926027696
4995,0.17958175924834358,0.2614999830226622,0.5589182577289942
4996,0.17145686279961891,0.23102187674393324,0.5975212604564478
4997,0.30569557277765147,0.26113903466381283,0.4331653925585358
4998,0.30062694659183886,0.2840273527884859,0.41534570061967524
4999,0.14782972339525036,0.2631429460588032,0.5890273305459465
5000,0.20059513138458504,0.2417531318643752,0.5576517367510399
5001,0.36999188827501295,0.29764050065429204,0.332367611070695
5002,0.2311903021362347,0.2619942546697982,0.5068154431939671
5003,0.10692111339179033,0.1888705252155346,0.7042083613926751
5004,0.2928702902657981,0.29947108154503577,0.4076586281891661
5005,0.3299709521659317,0.27138580240999466,0.39864324542407364
5006,0.14873743341893567,0.2180104088744794,0.6332521577065848
5007,0.30382441061686816,0.29423636846473766,0.40193922091839424
5008,0.21653002938575042,0.2974642428085105,0.48600572780573903
5009,0.19820081648174437,0.2785562224494108,0.5232429610688447
5010,0.32358929932826336,0.33272532663991927,0.3436853740318174
5011,0.2738416626905541,0.2919513716481818,0.43420696566126404
5012,0.21671888542830833,0.270832761277093,0.5124483532945987
5013,0.30594509271529885,0.2611216761236268,0.4329332311610743
5014,0.3568303146536332,0.32546954889194013,0.31770013645442663
5015,0.30888953095067667,0.25953323640870274,0.43157723264062053
5016,0.23260408151637096,0.24499809586813076,0.5223978226154983
5017,0.2884247049830342,0.29331089040678016,0.4182644046101857
5018,0.18798231247946312,0.25293428611675184,0.5590834014037851
5019,0.225097261997654,0.2871627603983136,0.48773997760403237
5020,0.2366708524005797,0.2960400267342973,0.4672891208651231
5021,0.16881206233757057,0.23799132624451153,0.5931966114179179
5022,0.2842683942061577,0.2756454135327219,0.44008619226112033
5023,0.22129109301076288,0.25285408906328843,0.5258548179259487
5024,0.42100492994774574,0.30231440917637764,0.2766806608758766
5025,0.11812838823514371,0.21560762706109837,0.6662639847037578
5026,0.2210251228258736,0.2532199502392518,0.5257549269348746
5027,0.3471383404128715,0.3123871533491959,0.3404745062379326
5028,0.3117157840971381,0.26724796429829467,0.42103625160456715
5029,0.3125606487642231,0.27526562190600135,0.4121737293297756
5030,0.22040299929953774,0.2426783349296493,0.5369186657708129
5031,0.12418692534770401,0.2156492410758315,0.6601638335764645
5032,0.33179905910705043,0.29554427315284854,0.372656667740101
5033,0.20510997660976144,0.30178108996261543,0.4931089334276231
5034,0.20160951247272013,0.2736205261445448,0.5247699613827351
5035,0.20448782620494593,0.23722585629241916,0.5582863175026349
5036,0.24234660808620231,0.28319756888504155,0.47445582302875605
5037,0.3042330226357783,0.2742085698097199,0.42155840755450186
5038,0.2633459154358605,0.3168747692305228,0.41977931533361673
5039,0.23563971142779278,0.27634276804636393,0.48801752052584324
5040,0.2365682882630707,0.2748428446953314,0.48858886704159793
5041,0.1783294608340334,0.22804430120123861,0.593626237964728
5042,0.15182740460613803,0.25607018363766215,0.5921024117561999
5043,0.2702916425466041,0.2678284423377528,0.4618799151156431
5044,0.39200579541356984,0.3336158081723476,0.2743783964140825
5045,0.21246466057484847,0.2942646497506078,0.49327068967454374
5046,0.38923760731697865,0.30050719613070326,0.31025519655231815
5047,0.320043150742631,0.2804710688124258,0.39948578044494315
5048,0.23677843353249012,0.2600352740902375,0.5031862923772724
5049,0.20778059551317027,0.2609812946930481,0.5312381097937817
5050,0.25863569349859655,0.270809385315458,0.47055492118594544
5051,0.24414821096328715,0.2968513981155611,0.45900039092115175
5052,0.3116064435622239,0.26739545825040756,0.42099809818736855
5053,0.22205419020532777,0.2687493223992681,0.5091964873954042
5054,0.1009887686839792,0.19012643354510744,0.7088847977709134
5055,0.15442288125134662,0.2610936745462278,0.5844834442024256
5056,0.17428810014764934,0.25389356613111064,0.57181833372124
5057,0.15365152129623874,0.25984376239725815,0.5865047163065031
5058,0.30915448878122953,0.2806036878377061,0.4102418233810644
5059,0.22101007120414692,0.2621844705191836,0.5168054582766695
5060,0.21996177450177679,0.3016077298437464,0.4784304956544768
5061,0.22915657625794206,0.27114851446229854,0.4996949092797594
5062,0.2325278122197597,0.24476104596218906,0.5227111418180512
5063,0.4145486926325579,0.30854400955930356,0.2769072978081385
5064,0.41597562890799844,0.27422716268438685,0.30979720840761477
5065,0.10836285556327621,0.20274776185520205,0.6888893825815218
5066,0.14419790929338072,0.22269735147991143,0.633104739226708
5067,0.0916766388301189,0.18674453903631688,0.7215788221335642
5068,0.22774377364275966,0.2745138596459489,0.4977423667112916
5069,0.2218984168082918,0.23403648049474698,0.5440651026969612
5070,0.1701832295127676,0.24838629295512887,0.5814304775321035
5071,0.10258402990466242,0.19904909222137682,0.6983668778739608
5072,0.23400865719415442,0.29588384912089283,0.47010749368495275
5073,0.31363029174016843,0.30832822162694284,0.3780414866328886
5074,0.33880048206746793,0.29650286220596267,0.36469665572656945
5075,0.24507248934655207,0.2967403224509965,0.4581871882024514
5076,0.2547746651455113,0.3041100905157018,0.4411152443387869
5077,0.16027858529938832,0.23389337252060688,0.6058280421800049
5078,0.21946792000786097,0.27209959716456705,0.5084324828275719
5079,0.29034287746522863,0.27504973935007104,0.4346073831847003
5080,0.46363909901242,0.2974782503785294,0.2388826506090506
5081,0.27162945671960675,0.2980228460038252,0.4303476972765681
5082,0.15580159869799615,0.2509521036061884,0.5932462976958155
5083,0.22058190044248738,0.29265048128778326,0.48676761826972925
5084,0.3871369322363594,0.29073912344752795,0.32212394431611263
5085,0.24128922661848748,0.24433706234203667,0.5143737110394758
5086,0.23789774881506137,0.24952843981463868,0.5125738113703
5087,0.22388245783392668,0.27668371806246783,0.4994338241036055
5088,0.19379604313667256,0.23865786921186646,0.567546087651461
5089,0.12804006791377948,0.22768115027534389,0.6442787818108766
5090,0.194382164442629,0.2565896867735056,0.5490281487838654
5091,0.2043503615566507,0.2647550710221733,0.530894567421176
5092,0.18903817571343548,0.26980622620679473,0.5411555980797698
5093,0.25644263918897187,0.2815434152123363,0.4620139455986918
5094,0.3191575483697007,0.2991449869794746,0.38169746465082466
5095,0.40584549576752915,0.2802810754444621,0.3138734287880087
5096,0.27226404300114526,0.3052481253084737,0.4224878316903812
5097,0.24401868006472455,0.2767408352373224,0.47924048469795294
5098,0.22900211729006775,0.2664311051054658,0.5045667776044664
5099,0.32410457903577117,0.3047434564270734,0.3711519645371555
5100,0.23735252541034269,0.2707099109176418,0.49193756367201535
5101,0.11775046563373673,0.21475012659336915,0.6674994077728942
5102,0.2547351099531428,0.2613445209597488,0.4839203690871084
5103,0.23063042420569946,0.2993727810413922,0.46999679475290834
5104,0.2356158147778648,0.2779176420365823,0.48646654318555294
5105,0.2935106315683933,0.2894384020348982,0.41705096639670847
5106,0.22426975810263594,0.25031666667722197,0.5254135752201421
5107,0.11224099674954692,0.21649764658439574,0.6712613566660572
5108,0.28939107949311993,0.30015795346987795,0.4104509670370021
5109,0.218183653851728,0.25692829297573627,0.5248880531725357
5110,0.2509228230006352,0.26044675508283255,0.48863042191653216
5111,0.22017608461963084,0.2948055381206894,0.4850183772596798
5112,0.061005255515698235,0.16168476834228296,0.7773099761420188
5113,0.25752336975255835,0.2884244026083284,0.4540522276391133
5114,0.24594333961304757,0.256154574196812,0.4979020861901404
5115,0.3010894189284081,0.27225693863797606,0.4266536424336157
5116,0.17913633455255423,0.25426890371108896,0.5665947617363567
5117,0.21450847634979497,0.2479212137573128,0.5375703098928922
5118,0.13299843105438908,0.23696318998946286,0.6300383789561481
5119,0.17008529534940642,0.2853476027693599,0.5445671018812337
5120,0.23387566228535817,0.27482528140368995,0.49129905631095194
5121,0.2528913434947136,0.259546312658367,0.4875623438469194
5122,0.44768788542953564,0.2923516573066597,0.25996045726380473
5123,0.5690630316497602,0.2737927233250051,0.15714424502523475
5124,0.29755627209027785,0.2870084296958917,0.41543529821383046
5125,0.23214009127048324,0.27643289126885773,0.4914270174606591
5126,0.1903861094090282,0.24908370160040516,0.5605301889905667
5127,0.1760179644203983,0.28173366263965877,0.542248372939943
5128,0.18683988506646104,0.24798631618221484,0.5651737987513241
5129,0.14683739631464932,0.22564733102300505,0.6275152726623456
5130,0.2940997306433143,0.28619704429820164,0.41970322505848406
5131,0.20775522184954776,0.28002117631033313,0.5122236018401192
5132,0.2195733229164684,0.2788691171716925,0.5015575599118391
5133,0.18863325183098756,0.25553276378780887,0.5558339843812036
5134,0.11912478810201875,0.19255502650183393,0.6883201853961473
5135,0.3340854321046314,0.27405675496575,0.3918578129296185
5136,0.10093704827204783,0.21790772043951714,0.681155231288435
5137,0.2820942663793691,0.28086096499220836,0.4370447686284226
5138,0.4449857920279078,0.2977597883010086,0.2572544196710836
5139,0.19887830345024118,0.2732337797426218,0.5278879168071371
5140,0.1941311031356595,0.2770719233257577,0.5287969735385828
5141,0.43091827107071323,0.27836060273793795,0.2907211261913488
5142,0.2052241029484153,0.27233246640608094,0.5224434306455037
5143,0.3103886418756181,0.3074974384855039,0.382113919638878
