Id,A,D,H
3419,0.22365059191995448,0.2737277410610212,0.5026216670190242
3420,0.34824164689296205,0.30104244564268323,0.35071590746435477
3421,0.19143314099272346,0.24941136314440276,0.5591554958628738
3422,0.25550721072529703,0.2887435360489426,0.45574925322576043
3423,0.12861608594286125,0.18182059837953599,0.6895633156776028
3424,0.3589436105118578,0.283198334443131,0.3578580550450112
3425,0.23077711962773667,0.2634938626150496,0.5057290177572138
3426,0.31881957745684797,0.3287240684977491,0.3524563540454028
3427,0.19562632388811652,0.2702503331409036,0.5341233429709799
3428,0.25719070373410313,0.25407119883434265,0.4887380974315543
3429,0.35489033568318573,0.2754676384942785,0.3696420258225358
3430,0.2063758689239626,0.25674214852112165,0.5368819825549158
3431,0.1332999327047605,0.2256597827670874,0.6410402845281521
3432,0.24052108263642052,0.2431676576404952,0.5163112597230843
3433,0.14975676110756853,0.2398615764793414,0.6103816624130901
3434,0.18093510131378548,0.2252311274480212,0.5938337712381933
3435,0.35771475222980254,0.2967527457321909,0.34553250203800656
3436,0.23179754690655155,0.2937311886661357,0.47447126442731263
3437,0.2102028786564956,0.24617775897394,0.5436193623695644
3438,0.1378707704985396,0.2157372015404265,0.6463920279610339
3439,0.19793582437412616,0.23031101231422166,0.5717531633116522
3440,0.38905819241562417,0.265958430589239,0.3449833769951367
3441,0.23845376516986733,0.26668127761244564,0.494864957217687
3442,0.20204431208427912,0.24597198809592277,0.5519836998197981
3443,0.2221938176379809,0.267137097394563,0.5106690849674561
3444,0.0819244278618718,0.16066400852037713,0.7574115636177511
3445,0.1812674638271725,0.25104761581944135,0.5676849203533861
3446,0.23930475391817524,0.28063195068822494,0.48006329539359976
3447,0.16693984747671464,0.2640521581658155,0.5690079943574698
3448,0.26834119420891744,0.29631361806568796,0.43534518772539466
3449,0.20705920970112301,0.22676445299011389,0.566176337308763
3450,0.2391597939517087,0.28223194412956604,0.4786082619187253
3451,0.4280157153442316,0.2971441017205299,0.2748401829352385
3452,0.25424732351248097,0.2894268919908477,0.4563257844966713
3453,0.2904800250390268,0.277388959368984,0.43213101559198924
3454,0.156723603458009,0.24250065480187802,0.600775741740113
3455,0.30440802657908056,0.2732849770791521,0.4223069963417672
3456,0.1579570495375939,0.22743660772817242,0.6146063427342336
3457,0.21807337030779095,0.3128993203660093,0.4690273093261997
3458,0.12111661439679831,0.19483914406346914,0.6840442415397325
3459,0.24891822523887203,0.28141993975108087,0.46966183501004705
3460,0.11865320442355877,0.2038495650262161,0.677497230550225
3461,0.19425150916358525,0.2555450630117759,0.5502034278246389
3462,0.19407977933466009,0.23577102608382736,0.5701491945815125
3463,0.22344077210460814,0.27752217584794686,0.49903705204744503
3464,0.19327272047930139,0.2758144826418728,0.5309127968788258
3465,0.30779420108679056,0.2595069753840739,0.4326988235291355
3466,0.2608452033761022,0.2798823407619758,0.45927245586192206
3467,0.2368195913541934,0.28677908441132555,0.47640132423448095
3468,0.31537074834304724,0.3178331511648527,0.3667961004921
3469,0.3425211082092579,0.2826376954666586,0.3748411963240834
3470,0.2114873668448013,0.26623388326459235,0.5222787498906063
3471,0.15896976963327078,0.22048799940964336,0.6205422309570858
3472,0.24867124066537377,0.3006955501309372,0.45063320920368904
3473,0.2090067863618815,0.24204648548623592,0.5489467281518825
3474,0.19103894387607215,0.3030626032251147,0.5058984528988132
3475,0.29234771514074503,0.2938426125951056,0.41380967226414944
3476,0.2526912968293806,0.2758672236558922,0.4714414795147273
3477,0.2775099173741302,0.2611808984923487,0.4613091841335211
3478,0.29465920614324503,0.2813348517296295,0.42400594212712545
3479,0.201161217712845,0.28193369476978963,0.5169050875173654
3480,0.15560063843672867,0.23214754705090995,0.6122518145123613
3481,0.1802810070320493,0.24448476639701439,0.5752342265709364
3482,0.3287825519777517,0.28349520309767506,0.3877222449245732
3483,0.16422176791782564,0.24856255195770013,0.5872156801244742
3484,0.24632585247191688,0.2961023337414171,0.4575718137866659
3485,0.19880674103694415,0.26086267117277545,0.5403305877902803
3486,0.2892994661555568,0.2503055936361147,0.4603949402083285
3487,0.18636850342169922,0.2254890738340372,0.5881424227442634
3488,0.2956487536006743,0.273304685713968,0.4310465606853577
3489,0.17909366918410002,0.2646434347576929,0.5562628960582071
3490,0.2545083505235788,0.2720273252052047,0.4734643242712165
3491,0.2296337401152197,0.27945733005947604,0.4909089298253044
3492,0.27201779677081533,0.2780428083562899,0.4499393948728947
3493,0.16799977882699563,0.27509931412554267,0.5569009070474616
3494,0.22610006920957715,0.26203933540548824,0.5118605953849347
3495,0.30742184379874155,0.265308201042216,0.42726995515904254
3496,0.09417003610317527,0.1707776617608798,0.7350523021359451
3497,0.2332574319662012,0.27361597053430803,0.49312659749949084
3498,0.28800093854493486,0.2873355622823939,0.4246634991726713
3499,0.20735675955123292,0.26955299890178724,0.5230902415469798
3500,0.23666770512693053,0.2574514738713714,0.5058808210016981
3501,0.35592373059704646,0.28352187750395424,0.3605543918989993
3502,0.17900232330401147,0.2803297145265226,0.540667962169466
3503,0.2827730300015716,0.3213833765047817,0.3958435934936468
3504,0.2851515402170888,0.2874522254654692,0.427396234317442
3505,0.12730640543707128,0.20111716015730682,0.671576434405622
3506,0.27152178064506177,0.28273657750799663,0.44574164184694154
3507,0.2259287385800829,0.2930451846930783,0.48102607672683884
3508,0.2572580137064326,0.26265531896099586,0.4800866673325716
3509,0.3307165808201482,0.32322345754362786,0.34605996163622404
3510,0.20561687258268094,0.2756436867411303,0.5187394406761887
3511,0.23739604028184694,0.27572284032149513,0.48688111939665796
3512,0.19769933808425336,0.2691098197703363,0.5331908421454103
3513,0.32411590396212997,0.29814415908113173,0.37773993695673835
3514,0.3499932144979508,0.30741028554825905,0.34259649995379016
3515,0.2218387762978749,0.2840013821682121,0.494159841533913
3516,0.1267353878629624,0.2290133358825057,0.6442512762545319
3517,0.31742253472444293,0.2690971667420477,0.41348029853350937
3518,0.2561470906494188,0.29311512774631965,0.4507377816042616
3519,0.1463397012985447,0.2791997742501635,0.5744605244512917
3520,0.15177823688025827,0.21855092225695072,0.6296708408627909
3521,0.28535047272608516,0.3028142039848507,0.41183532328906414
3522,0.2318284749718561,0.2792798729250573,0.4888916521030866
3523,0.2798921853524769,0.27503369309516773,0.44507412155235526
3524,0.26513421355467365,0.2995631187537499,0.4353026676915764
3525,0.19002618628372847,0.27232259462388636,0.5376512190923852
3526,0.36226261381220004,0.2911932042289542,0.3465441819588458
3527,0.28601010655952985,0.2833207830850155,0.43066911035545463
3528,0.2520745737304218,0.2386877419454994,0.5092376843240788
3529,0.2886527370241769,0.29241079453579233,0.4189364684400308
3530,0.17736128025570602,0.273556468586804,0.54908225115749
3531,0.319595015123726,0.3300704899816357,0.3503344948946383
3532,0.18427483192135233,0.2672724659815683,0.5484527020970794
3533,0.2868704307544129,0.3041495445147002,0.4089800247308869
3534,0.24170450231076607,0.2620990408444907,0.49619645684474334
3535,0.2645276928278145,0.27499414584203297,0.46047816133015246
3536,0.40388315504229383,0.2756047304122754,0.32051211454543077
3537,0.16636993680484635,0.2348875950738648,0.5987424681212887
3538,0.2507723287934197,0.2792241335266728,0.4700035376799075
3539,0.27443994401584815,0.32148611245774433,0.4040739435264076
3540,0.21549382832588004,0.2846327674021677,0.4998734042719523
3541,0.20815321232683726,0.2326110253064583,0.5592357623667045
3542,0.14429644510194098,0.26320383248815077,0.5924997224099082
3543,0.2857923126660182,0.28106776637236236,0.4331399209616196
3544,0.20148439423837394,0.2950722782225674,0.5034433275390586
3545,0.2919615895648764,0.28645389955908207,0.42158451087604165
3546,0.13853705796987462,0.22245521925268574,0.6390077227774396
3547,0.18402682527925437,0.2609356519745381,0.5550375227462075
3548,0.2912975784753036,0.3157717127598437,0.39293070876485275
3549,0.15055846032298836,0.2365722597660001,0.6128692799110115
3550,0.22762573505559486,0.26785036180290706,0.5045239031414981
3551,0.17291467671068553,0.2835993796495506,0.543485943639764
3552,0.18513517677106187,0.24453581777002895,0.5703290054589092
3553,0.10572526764617773,0.19074383279249227,0.7035308995613301
3554,0.4319876261723861,0.31201816964916784,0.25599420417844604
3555,0.32152232376147194,0.26480982980053874,0.41366784643798926
3556,0.23922998573387858,0.30663595171837793,0.4541340625477434
3557,0.2539986140933019,0.28313738935211247,0.46286399655458565
3558,0.16426024450233445,0.27615325675872265,0.5595864987389428
3559,0.26724063350124844,0.30059371482717206,0.43216565167157944
3560,0.4062609827357148,0.30251951868328086,0.2912194985810043
3561,0.24336977411305444,0.3377574886282017,0.41887273725874397
3562,0.27081041852886245,0.2718795332420871,0.45731004822905047
3563,0.15903630720540315,0.23942726930327513,0.6015364234913217
3564,0.25942215278086217,0.29646968107197236,0.44410816614716553
3565,0.2655865821020388,0.28270056135906807,0.45171285653889315
3566,0.22729684067362427,0.2718550725493905,0.5008480867769852
3567,0.2543035154945528,0.27966032266344,0.4660361618420072
3568,0.1691036055009996,0.2710996960944215,0.5597966984045788
3569,0.17052929719212748,0.2555160194971142,0.5739546833107584
3570,0.2203988094434233,0.2971360316925978,0.4824651588639788
3571,0.3157307072478439,0.2922623484117899,0.3920069443403662
3572,0.24941235995144717,0.28709373690752793,0.46349390314102484
3573,0.24262143671354622,0.302340309616492,0.45503825366996187
3574,0.15783325180717586,0.20846510803513826,0.6337016401576859
3575,0.42578201915366576,0.29480025506019353,0.27941772578614066
3576,0.22323245933608682,0.28200485140596226,0.4947626892579508
3577,0.21281404355945768,0.28530923464679575,0.5018767217937466
3578,0.17697476869122095,0.23913817816489708,0.583887053143882
3579,0.22345198642703157,0.2810702120954247,0.4954778014775437
3580,0.33604673224667814,0.32423541921769544,0.3397178485356264
3581,0.13429466428311554,0.21125227304205788,0.6544530626748266
3582,0.28087632467244655,0.3132348682596177,0.40588880706793573
3583,0.26627280852218443,0.2881579465273011,0.4455692449505144
3584,0.2193574605737143,0.309661356381146,0.47098118304513964
3585,0.200435646054269,0.27146592335129355,0.5280984305944374
3586,0.42561735382595284,0.29434550490692557,0.28003714126712165
3587,0.2568562605735743,0.2846336482301519,0.45851009119627373
3588,0.14387003713326563,0.23866031307183586,0.6174696497948985
3589,0.16920337203585245,0.2511042445288942,0.5796923834352534
3590,0.17635288132674112,0.2693016008604159,0.554345517812843
3591,0.29841334962292665,0.28025798602648977,0.4213286643505837
3592,0.19923253407817107,0.24200616278884884,0.5587613031329801
3593,0.13730061407947552,0.2091594281997047,0.6535399577208197
3594,0.2245009416319264,0.25311421950642055,0.522384838861653
3595,0.1199228487727616,0.23772002377338022,0.6423571274538583
3596,0.15911075638122366,0.2554405666813868,0.5854486769373896
3597,0.3759349360639329,0.3157571629587746,0.30830790097729244
3598,0.39361837156951224,0.29578299907015126,0.3105986293603365
3599,0.16543602647045483,0.285626083584992,0.5489378899445533
3600,0.36084789048509097,0.2971426613153801,0.3420094481995289
3601,0.3966928915767089,0.2942380192721101,0.309069089151181
3602,0.20580820172652686,0.2798211469145498,0.5143706513589233
3603,0.31376500425698867,0.3239050074800746,0.3623299882629368
3604,0.17492484683378606,0.2677007736685338,0.5573743794976802
3605,0.2339758763067771,0.2867743715201864,0.4792497521730364
3606,0.16414531340166583,0.22345309691012827,0.6124015896882059
3607,0.3022522027040242,0.2904086170875105,0.4073391802084653
3608,0.2847139882527737,0.3152839389442372,0.4000020728029891
3609,0.3540484996965478,0.3078033323612284,0.33814816794222374
3610,0.19890822846541426,0.25259955404145445,0.5484922174931313
3611,0.11595124055698042,0.2376022875631906,0.646446471879829
3612,0.1601222393093434,0.20712658913456936,0.6327511715560873
3613,0.24368199259867043,0.2559529150105519,0.5003650923907776
3614,0.2907363871825261,0.291772951074432,0.4174906617430418
3615,0.19583879342762162,0.2560602483910841,0.5481009581812943
3616,0.21991664598075855,0.2592813851438195,0.5208019688754221
3617,0.165124519439043,0.24687154258116575,0.5880039379797912
3618,0.24638059077952174,0.2812877847225484,0.47233162449792976
3619,0.3129981140432343,0.2910648153790258,0.39593707057773997
3620,0.2675021538059066,0.29149766800223553,0.441000178191858
3621,0.3013653732625918,0.3337747594824684,0.3648598672549398
3622,0.3904669864707916,0.31291304438741147,0.2966199691417968
3623,0.2913399192453022,0.324540388957388,0.38411969179730976
3624,0.15007212910705073,0.2482326587814172,0.601695212111532
3625,0.11325645463007838,0.19714830779104012,0.6895952375788814
3626,0.313108798724774,0.2939083616817988,0.3929828395934272
3627,0.1724331189695429,0.2252482309539555,0.6023186500765016
3628,0.3165610524502455,0.3093625307256047,0.3740764168241498
3629,0.19326924901564788,0.23075228366012623,0.5759784673242259
3630,0.26069903500109104,0.3169120030029265,0.4223889619959825
3631,0.22181538680557503,0.2732964713093841,0.5048881418850408
3632,0.30081023057738654,0.2530545987570485,0.44613517066556485
3633,0.4250299690347295,0.30309413097806287,0.2718758999872077
3634,0.19726896510825997,0.287078648546512,0.515652386345228
3635,0.18186913099659022,0.2272037626713836,0.5909271063320263
3636,0.22631361037631728,0.3343510120588781,0.4393353775648046
3637,0.2614164039736775,0.3032735453999279,0.4353100506263945
3638,0.2460207085667571,0.2710226035343066,0.48295668789893637
3639,0.1294429907312513,0.20112450574265645,0.6694325035260923
3640,0.11291488983768,0.19789592135155976,0.6891891888107603
3641,0.25166733984973433,0.28766722777947135,0.4606654323707944
3642,0.20244313824858465,0.2631352240230819,0.5344216377283334
3643,0.16963883731741128,0.2519965516937869,0.5783646109888019
3644,0.24289988399723095,0.31314399027873085,0.44395612572403825
3645,0.21126831697912812,0.267779928570504,0.5209517544503679
3646,0.2972773528448952,0.28183831123097003,0.4208843359241349
3647,0.23764000984136036,0.2598428876994321,0.5025171024592074
3648,0.36713759249987543,0.32125567965094265,0.3116067278491819
3649,0.24785786877784374,0.25821277067401877,0.49392936054813746
3650,0.23518910241323793,0.24154309879739638,0.5232677987893657
3651,0.3102037126451358,0.28669782344100475,0.4030984639138595
3652,0.2767157007719329,0.28534248773250986,0.4379418114955572
3653,0.32202264928610713,0.3012229280399194,0.3767544226739735
3654,0.19779802321411308,0.3283354089473135,0.47386656783857334
3655,0.4462059239697246,0.29359977277626365,0.2601943032540117
3656,0.29582873789006797,0.2941163831161186,0.41005487899381343
3657,0.11621719940804827,0.2034474956355846,0.6803353049563672
3658,0.17991191521691918,0.2814069675244935,0.5386811172585872
3659,0.2308224849161319,0.25400479462866277,0.5151727204552053
3660,0.248561761237668,0.2535136052923258,0.49792463347000615
3661,0.3927165021855012,0.30122247659270684,0.306061021221792
3662,0.15501293886671688,0.23815930338817679,0.6068277577451063
3663,0.1334310061806285,0.20361482041529916,0.6629541734040724
3664,0.19064566691842555,0.3011815379533634,0.508172795128211
3665,0.16670934177238503,0.22270162506075963,0.6105890331668554
3666,0.384536932749046,0.3293718613234679,0.2860912059274861
3667,0.3059889926385984,0.270110637921741,0.4239003694396606
3668,0.17350460926461475,0.24870199400931034,0.5777933967260749
3669,0.1723583699559949,0.24098664040676607,0.5866549896372389
3670,0.24402917378391914,0.3007265822793983,0.4552442439366826
3671,0.13812536744245224,0.2348313809534575,0.6270432516040902
3672,0.17314349715949998,0.2789335722549722,0.5479229305855278
3673,0.08466793390926035,0.17963682680936927,0.7356952392813705
3674,0.3920561797401107,0.2948678649462483,0.31307595531364113
3675,0.29995184649132406,0.30215408038050834,0.39789407312816755
3676,0.2895970246519743,0.27464213265169185,0.43576084269633386
3677,0.28144405961619323,0.31932421252546,0.3992317278583468
3678,0.36594335350645435,0.28360246349506424,0.3504541829984814
3679,0.42852081799404074,0.32294019969452037,0.24853898231143898
3680,0.21379657672430197,0.2556573171938416,0.5305461060818565
3681,0.2199452702989111,0.28547153360139255,0.4945831960996964
3682,0.245529075642377,0.27434304711966295,0.48012787723796
3683,0.19248563045796158,0.2204872338242149,0.5870271357178235
3684,0.2780266999945701,0.2777576160008911,0.44421568400453876
3685,0.30854720470086905,0.30737691544518764,0.3840758798539433
3686,0.12910062985159323,0.21269875916898917,0.6582006109794176
3687,0.14517405958209958,0.22946249194880666,0.6253634484690939
3688,0.3500157070489713,0.3406625038434602,0.30932178910756847
3689,0.15288440897117403,0.2645636384655543,0.5825519525632716
3690,0.2503176946733861,0.25257753905611274,0.4971047662705012
3691,0.1406085399844559,0.23740050674211033,0.6219909532734337
3692,0.30824087242782966,0.29370284131567,0.3980562862565004
3693,0.10795487892422778,0.20159723665286244,0.6904478844229097
3694,0.3835196973912091,0.2838070403891345,0.33267326221965626
3695,0.2905203332582727,0.3100868420339343,0.39939282470779297
3696,0.3358630607986907,0.29035151287986655,0.37378542632144274
3697,0.18330646575516976,0.24535399152594203,0.5713395427188882
3698,0.15977379285496968,0.22470486363231432,0.615521343512716
3699,0.25451528412549734,0.2734732691768008,0.4720114466977018
3700,0.2540829513475743,0.32271379067919487,0.42320325797323083
3701,0.16541982055564197,0.2317030200450639,0.6028771593992941
3702,0.12529411093140536,0.20007410503455053,0.6746317840340441
3703,0.2870011945717675,0.2798266084682823,0.4331721969599503
3704,0.17539507672361995,0.23289201125231052,0.5917129120240695
3705,0.25057454614564995,0.28235330109505213,0.467072152759298
3706,0.14479129276595096,0.2749945633429191,0.5802141438911299
3707,0.4760099326980237,0.28129552551424436,0.24269454178773184
3708,0.39669457197604646,0.29587995991569954,0.307425468108254
3709,0.3858189951717011,0.3014351970398401,0.31274580778845884
3710,0.20042253328806156,0.2804798712644195,0.519097595447519
3711,0.2520734206262185,0.30563168246699873,0.44229489690678264
3712,0.20203179533675295,0.2597952927568892,0.5381729119063577
3713,0.21190355626549257,0.2723865211980574,0.5157099225364501
3714,0.2792543502348529,0.2886092929302008,0.4321363568349462
3715,0.06502689212306062,0.16238234108483823,0.772590766792101
3716,0.23336989862394913,0.2531521045202701,0.5134779968557808
3717,0.2884725689353246,0.31822853239549936,0.393298898669176
3718,0.41814612312930155,0.2802198369597608,0.3016340399109375
3719,0.19157781527730475,0.2684664274352257,0.5399557572874696
3720,0.14712006938490385,0.22338769324279842,0.6294922373722978
3721,0.13528244471485582,0.2051259081107323,0.6595916471744119
3722,0.16733365688737956,0.30714783312794247,0.525518509984678
3723,0.14455587881933746,0.23425852720526583,0.6211855939753966
3724,0.32533106511930515,0.28993273340591647,0.38473620147477827
3725,0.18348507355792104,0.26514853887348205,0.5513663875685969
3726,0.4763583411912585,0.3102448235789946,0.2133968352297469
3727,0.14863694388159382,0.23027622958373925,0.621086826534667
3728,0.21680546543177867,0.2816781656555572,0.5015163689126642
3729,0.22433743230110215,0.2844075368345106,0.49125503086438727
3730,0.21423103000567667,0.29795141855394847,0.487817551440375
3731,0.12610536340968628,0.2137515632162388,0.660143073374075
3732,0.34222181021719444,0.31304844082402977,0.3447297489587757
3733,0.30625874207184933,0.29127316559741623,0.4024680923307344
3734,0.1298600389747126,0.2184663832029058,0.6516735778223816
3735,0.42449130878093577,0.28552098015683364,0.28998771106223054
3736,0.22691010777394072,0.2730446603336039,0.5000452318924554
3737,0.13716500942907658,0.2615155751720469,0.6013194153988766
3738,0.27749315913207917,0.2736328410502839,0.4488739998176369
3739,0.3471307828616134,0.2966591501428926,0.3562100669954939
3740,0.2527307742076835,0.27608809671973067,0.4711811290725858
3741,0.06492909181231618,0.1490825209594387,0.785988387228245
3742,0.16766366856961099,0.28093181794059874,0.5514045134897902
3743,0.38443793947463056,0.2997448504615764,0.31581721006379293
3744,0.2669247588589394,0.31429940901170694,0.41877583212935365
3745,0.4039472914018849,0.31275405604032186,0.28329865255779335
3746,0.28197100731110786,0.2789507576359653,0.4390782350529269
3747,0.2654766482546144,0.27524467130971414,0.4592786804356714
3748,0.37784601458229977,0.2709231637501846,0.3512308216675157
3749,0.14269708701766698,0.23190148124023927,0.6254014317420937
3750,0.2704099021145834,0.28447113436569477,0.4451189635197218
3751,0.19525901733140708,0.2604639872421234,0.5442769954264695
3752,0.25409665783010205,0.2906545665382903,0.45524877563160765
3753,0.11979453320907427,0.21142693541084576,0.66877853138008
3754,0.1368172805592997,0.21369391623818906,0.6494888032025112
3755,0.16396428921915004,0.28793146809728193,0.548104242683568
3756,0.10284785386220295,0.19231160921877094,0.7048405369190262
3757,0.19847352725221423,0.24347013627353378,0.558056336474252
3758,0.30967012081313117,0.29477782765485,0.39555205153201883
3759,0.3514342824845047,0.30487370113309,0.3436920163824054
3760,0.21384732395284034,0.2683845724535082,0.5177681035936514
3761,0.24445337049441432,0.320007657058716,0.43553897244686973
3762,0.31468859725841697,0.3239817778557783,0.36132962488580467
3763,0.20305805078942168,0.2578478189683548,0.5390941302422236
3764,0.27655941708214093,0.30487059648656123,0.4185699864312977
3765,0.36921317173517954,0.31260160674637205,0.31818522151844836
3766,0.25952662872924576,0.2779302012550938,0.46254317001566053
3767,0.18264752858250505,0.25011936122102535,0.5672331101964696
3768,0.12339672891200813,0.2223844376156399,0.654218833472352
3769,0.21962602921019084,0.2980255498471663,0.48234842094264285
3770,0.11928984023860983,0.2037300502650818,0.6769801094963083
3771,0.24586158711647588,0.3031700702678776,0.4509683426156464
3772,0.16109797395028744,0.24030521536539942,0.598596810684313
3773,0.12054314000360902,0.2474886099320426,0.6319682500643484
3774,0.15724387864149342,0.20681987179724384,0.6359362495612627
3775,0.43681031436163065,0.2871724873411219,0.2760171982972474
3776,0.17360966488347399,0.23335280135064676,0.5930375337658792
3777,0.49135726983630795,0.28464313019522136,0.22399959996847063
3778,0.1524787430630627,0.2448723265622222,0.6026489303747151
3779,0.2627518397245047,0.3302527034746097,0.40699545680088556
3780,0.3336569014692433,0.3059415727811404,0.36040152574961626
3781,0.36821788641743475,0.2971648891614768,0.3346172244210883
3782,0.15145616281959737,0.24538553507391503,0.6031583021064876
3783,0.19517833672657747,0.25342851936420313,0.5513931439092195
3784,0.3080392035297924,0.2776270983361019,0.41433369813410575
3785,0.5064907708870157,0.28012398653375303,0.21338524257923136
3786,0.12067526985218115,0.22563479601673492,0.6536899341310839
3787,0.14911230417808707,0.24648567711079486,0.6044020187111181
3788,0.257817300685057,0.28708165642856165,0.45510104288638126
3789,0.08636425412286367,0.16872060243405967,0.7449151434430767
3790,0.19030312819385053,0.26461875274576674,0.5450781190603827
3791,0.20269260804841127,0.2753598555434572,0.5219475364081315
3792,0.33506737644323403,0.30858383275891765,0.3563487907978483
3793,0.19090485517520536,0.27654338732773986,0.5325517574970547
3794,0.19225381820901832,0.29324485327627914,0.5145013285147025
3795,0.21244148387495587,0.27773284269897464,0.5098256734260695
3796,0.31285692563702305,0.2913415383873963,0.3958015359755807
3797,0.29268980777979714,0.2805669382154973,0.4267432540047057
3798,0.2566764277419938,0.28802510406606463,0.45529846819194153
3799,0.2814221171144358,0.3224768633430683,0.3961010195424958
3800,0.11111765717872452,0.2202651780355077,0.6686171647857678
3801,0.18757949994053386,0.23091016718493537,0.5815103328745308
3802,0.3085969037279385,0.2891448014346533,0.40225829483740827
3803,0.2262477130632253,0.2868839894067008,0.4868682975300739
3804,0.2640297659070456,0.2917155327823558,0.44425470131059863
3805,0.1630450415733753,0.22321780011148057,0.6137371583151442
3806,0.17602558254592138,0.26409054247733915,0.5598838749767395
3807,0.1429323811491217,0.23236918236501608,0.6246984364858622
3808,0.21529746387892654,0.25004440748895607,0.5346581286321174
3809,0.17030649038936885,0.23488354538494624,0.5948099642256849
3810,0.25765708995395104,0.28825346602562507,0.4540894440204239
3811,0.2059489539601296,0.3244956828414826,0.4695553631983878
3812,0.261141801121652,0.31730787997594756,0.42155031890240036
3813,0.2204333235248142,0.23821363822676211,0.5413530382484236
3814,0.2889377486558754,0.3136310411233459,0.39743121022077865
3815,0.4127031518774421,0.29221363325923483,0.2950832148633231
3816,0.32267359512314303,0.300089018162932,0.377237386713925
3817,0.32896881574885345,0.308395644818303,0.36263553943284355
3818,0.26760253768682546,0.28868100714174083,0.4437164551714336
3819,0.3518657140086294,0.28966405090129294,0.3584702350900777
3820,0.26887909358768003,0.30355741177294515,0.4275634946393747
3821,0.24838742529341457,0.271158298304032,0.4804542764025534
3822,0.16501577176807367,0.24195753513122242,0.5930266931007039
3823,0.23633848318413872,0.2869114343464817,0.4767500824693796
3824,0.19705552674856955,0.2175414281429269,0.5854030451085036
3825,0.1889032755871198,0.26391559231254375,0.5471811321003365
3826,0.2604808578214914,0.29614595004452016,0.4433731921339885
3827,0.12257476819722687,0.19677717463251665,0.6806480571702564
3828,0.20933566603971815,0.26194191319016663,0.5287224207701152
3829,0.23194731584250824,0.29618115873817186,0.4718715254193198
3830,0.15303877799433965,0.26743416154559174,0.5795270604600686
3831,0.21708344692649587,0.2968058329344286,0.4861107201390754
3832,0.2825224435648161,0.25117464730750727,0.4663029091276767
3833,0.21312277668917015,0.26411676595250916,0.5227604573583207
3834,0.26834244795201945,0.3370381261105742,0.39461942593740623
3835,0.2651058325771449,0.28805710604788387,0.44683706137497126
3836,0.43206418043697065,0.26630487486788734,0.301630944695142
3837,0.19971135866047543,0.2443197509092521,0.5559688904302724
3838,0.20898665464414232,0.32293739214563644,0.46807595321022133
3839,0.23823541431888037,0.28294353869645905,0.4788210469846606
3840,0.14427362063784233,0.1982364220784531,0.6574899572837045
3841,0.21162629674753383,0.27859396581744983,0.5097797374350164
3842,0.3158187740181464,0.30070944183459164,0.38347178414726196
3843,0.1867448277346466,0.2340102016477855,0.579244970617568
3844,0.30636809520159547,0.3080862829721359,0.3855456218262686
3845,0.1224304978705559,0.22318346358495234,0.6543860385444918
3846,0.2914540670984126,0.3178435449254156,0.3907023879761718
3847,0.2536205213695454,0.2568522928983798,0.4895271857320747
3848,0.22132188240005057,0.25765735151153385,0.5210207660884155
3849,0.339755482520557,0.26988943863753506,0.39035507884190795
3850,0.1412562664466304,0.26081340024323396,0.5979303333101357
3851,0.10581610881311036,0.20131485263873586,0.6928690385481537
3852,0.24154970578394627,0.257525099487667,0.5009251947283867
3853,0.2306951517976575,0.29937804843251486,0.4699267997698276
3854,0.2735466917589031,0.2795131316295857,0.4469401766115112
3855,0.2442242293326992,0.29362944100279653,0.46214632966450425
3856,0.2564642109871713,0.28728506244277335,0.4562507265700553
3857,0.13617452555583612,0.2098468485315848,0.653978625912579
3858,0.3032243850681092,0.3019388111518443,0.3948368037800465
3859,0.24831612079979667,0.26053708155172717,0.4911467976484761
3860,0.3243751574381238,0.30921383626207927,0.366411006299797
3861,0.3051851625770499,0.27621047073832716,0.418604366684623
3862,0.28769122879404707,0.29173096052800124,0.42057781067795175
3863,0.37619975021593705,0.32424449405297706,0.29955575573108584
3864,0.17772316654875825,0.29427220528207954,0.5280046281691623
3865,0.37686559778419415,0.2854623874969594,0.33767201471884645
3866,0.2333475264681148,0.25794587687983006,0.5087065966520552
3867,0.28583294495454004,0.2686314596430249,0.445535595402435
3868,0.19674803467243476,0.2970625780648501,0.5061893872627152
3869,0.19720377518878843,0.24095047252808913,0.5618457522831225
3870,0.1842226249244461,0.25982499510416646,0.5559523799713874
3871,0.19647597737964417,0.2688245800056961,0.5346994426146597
3872,0.1829794294177542,0.24630986328496435,0.5707107072972815
3873,0.15898564044535646,0.24971742882516926,0.5912969307294743
3874,0.2752952551728918,0.3083631694510946,0.41634157537601374
3875,0.13206778450436715,0.22598731753982518,0.6419448979558077
3876,0.30561969017533347,0.2547916542821128,0.4395886555425538
3877,0.23190581139624641,0.30660353203816193,0.46149065656559163
3878,0.17456075278481503,0.22422916830115106,0.6012100789140339
3879,0.14924004992786716,0.22965790755290819,0.6211020425192246
3880,0.3021270803448746,0.28603931113387454,0.41183360852125084
3881,0.23547713638483928,0.26600444094908166,0.49851842266607915
3882,0.3044942853306376,0.33067277353822777,0.3648329411311345
3883,0.28861572409748193,0.278454116627609,0.43293015927490913
3884,0.16867588863551222,0.26482193490126366,0.5665021764632241
3885,0.2577853613755787,0.2621985211915481,0.4800161174328732
3886,0.23839376025137649,0.2846720310664803,0.4769342086821432
3887,0.07908441821674536,0.1670958192501964,0.7538197625330583
3888,0.3634591827420614,0.2973719594424088,0.3391688578155298
3889,0.30884489965852646,0.312780805488343,0.3783742948531307
3890,0.1501415647059313,0.2245488744809706,0.6253095608130982
3891,0.29356836533909114,0.28424738065404237,0.42218425400686654
3892,0.17814587965269726,0.3245754902756856,0.49727863007161716
3893,0.2468499157701715,0.2513775417087142,0.5017725425211144
3894,0.27477501534139553,0.2738517927218096,0.4513731919367948
3895,0.14472808337279233,0.23232547990643396,0.6229464367207738
3896,0.33268690504626336,0.29474630014065256,0.3725667948130841
3897,0.205178294981448,0.2685110172904713,0.5263106877280808
3898,0.3758230017217397,0.27239726490660393,0.35177973337165636
3899,0.2864597808003677,0.28841939629487584,0.4251208229047564
3900,0.20776372011071684,0.26520226287795007,0.5270340170113331
3901,0.2363312442761884,0.25422034842594915,0.5094484072978624
3902,0.485712420400754,0.28113853595192306,0.23314904364732292
3903,0.22699133776887115,0.299027754007155,0.4739809082239738
3904,0.16968205524237578,0.2303513272211679,0.5999666175364563
3905,0.3922856886253112,0.307177994908701,0.30053631646598783
3906,0.30245907395976906,0.2967734212642999,0.40076750477593104
3907,0.25864165354416757,0.27517791665033137,0.46618042980550106
3908,0.31191360707498594,0.29942344525834713,0.3886629476666669
3909,0.22477539230132357,0.2472258971295391,0.5279987105691374
3910,0.14298197082481767,0.24721402989953453,0.6098039992756478
3911,0.26586032249882385,0.29979274679413914,0.4343469307070369
3912,0.31229314317483975,0.294491581562903,0.39321527526225714
3913,0.1257037972242328,0.2049266680707265,0.6693695347050408
3914,0.153054271972305,0.23774772775767117,0.6091980002700238
3915,0.3246602173015031,0.3012477167658883,0.3740920659326086
3916,0.19548457500229602,0.25759199447107767,0.5469234305266263
3917,0.31056702556076643,0.2820570051932157,0.40737596924601793
3918,0.2885585107382865,0.352486691001701,0.3589547982600126
3919,0.2608543466853919,0.2782629963827486,0.4608826569318595
3920,0.3050523889471643,0.30789182594619724,0.38705578510663846
3921,0.21094339852916302,0.2500614325100433,0.5389951689607936
3922,0.1523088580024167,0.23475829070316373,0.6129328512944195
3923,0.19827640415476813,0.3066511129734723,0.4950724828717596
3924,0.34588951063399526,0.25889399496573173,0.395216494400273
3925,0.13416087571200516,0.20433268278558478,0.6615064415024101
3926,0.13957753319409708,0.21358279713856929,0.6468396696673335
3927,0.2655518614621043,0.2973340713187077,0.43711406721918794
3928,0.18841196312832134,0.24058060809564147,0.5710074287760372
3929,0.22541689342915142,0.2938918956341607,0.4806912109366879
3930,0.32751718019629183,0.3124981015207178,0.35998471828299045
3931,0.18067608753706188,0.22679754349349693,0.5925263689694412
3932,0.2825121445365653,0.29920198821598654,0.41828586724744815
3933,0.2059078565555375,0.2650273086077006,0.5290648348367619
3934,0.2084736039043779,0.2608761192577043,0.5306502768379178
3935,0.2565243545762758,0.25634893092619676,0.48712671449752737
3936,0.22772271855029738,0.2957499472894067,0.47652733416029586
3937,0.2063553145438608,0.23475132350240427,0.558893361953735
3938,0.2372101625778197,0.26638551192169707,0.49640432550048313
3939,0.17579464716652735,0.250486186644136,0.5737191661893367
3940,0.16366828509456405,0.2812291301198562,0.5551025847855797
3941,0.2529402391015,0.2831835949082667,0.4638761659902333
3942,0.16318862370126402,0.2579401971710818,0.5788711791276542
3943,0.1606160108535618,0.26653124207729495,0.5728527470691432
3944,0.16161988614323514,0.23295382986343965,0.6054262839933252
3945,0.295901250186899,0.25948810040447845,0.44461064940862255
3946,0.38750409588741574,0.3029453914575217,0.3095505126550626
3947,0.12854791626630177,0.19571748635998187,0.6757345973737163
3948,0.16079110793713242,0.23910412575225987,0.6001047663106077
3949,0.3204340264535182,0.3035537007945022,0.3760122727519796
3950,0.31775154942147377,0.286755940545103,0.39549251003342334
3951,0.2534425617719129,0.2692661063043601,0.4772913319237271
3952,0.2705341975852025,0.2949784960715206,0.4344873063432769
3953,0.18851247800747453,0.2687969309195417,0.5426905910729837
3954,0.327176378149418,0.3118077859882873,0.3610158358622948
3955,0.35683559647599766,0.28675038335452774,0.3564140201694746
3956,0.39741016717648564,0.28492416201112586,0.31766567081238845
3957,0.18590345628374763,0.2562910450295615,0.5578054986866908
3958,0.15384686985558194,0.2449388978101522,0.6012142323342659
3959,0.15522231566798167,0.2877590019895098,0.5570186823425085
3960,0.14105631448144018,0.2744001673585482,0.5845435181600117
3961,0.2173390345824294,0.26938099691421113,0.5132799685033594
3962,0.28862352782119627,0.26935370181619284,0.44202277036261084
3963,0.14780692608849835,0.25397004277175184,0.5982230311397498
3964,0.4475538632490478,0.2699611237185272,0.28248501303242496
3965,0.10845237935933268,0.20877039078396253,0.6827772298567047
3966,0.3305594835424479,0.3172744841887509,0.3521660322688012
3967,0.2853971835949227,0.2713469127273204,0.4432559036777568
3968,0.3270310768064969,0.27360941951306667,0.39935950368043643
3969,0.1976342555999209,0.2731192420296284,0.5292465023704507
3970,0.31858058344378465,0.28268593463186503,0.3987334819243502
3971,0.22974889179206281,0.29790529658778137,0.47234581162015593
3972,0.38656160846912785,0.32474824967684623,0.2886901418540259
3973,0.24465755143855947,0.26875982661195785,0.48658262194948276
3974,0.3337898474188219,0.31724870803089283,0.34896144455028527
3975,0.3306227618200236,0.3249117331561198,0.3444655050238566
3976,0.3488881073242798,0.29337072438468725,0.357741168291033
3977,0.20765015508572932,0.25137640181606774,0.540973443098203
3978,0.15915381925156108,0.24550335557016129,0.5953428251782777
3979,0.2477302917765505,0.2811773915752267,0.4710923166482229
3980,0.1267687496108433,0.2674499154841918,0.605781334904965
3981,0.25800865740528206,0.23660188214080424,0.5053894604539138
3982,0.19704933544384717,0.21999123582529756,0.5829594287308553
3983,0.1864964796999642,0.24781481649617418,0.5656887038038616
3984,0.13871720658379075,0.23299670991523938,0.6282860835009698
3985,0.14193935852480147,0.2388535899564905,0.6192070515187079
3986,0.19515854859728557,0.2911717464611703,0.5136697049415442
3987,0.20467859155223897,0.25224020531502056,0.5430812031327404
3988,0.28462820382642334,0.32567961753096025,0.3896921786426163
3989,0.3804443892425139,0.2742473761410591,0.3453082346164269
3990,0.12524719758941733,0.21140424984571837,0.6633485525648644
3991,0.27566658448284587,0.3225596606259697,0.40177375489118433
3992,0.37768790109265227,0.3041919325022437,0.31812016640510415
3993,0.32945514562169587,0.31415422340485033,0.35639063097345386
3994,0.4377466416233176,0.28879128200739945,0.273462076369283
3995,0.31283269068309916,0.3071753814433764,0.3799919278735245
3996,0.29588849633342235,0.2716153004320365,0.43249620323454113
3997,0.20188506286068106,0.2561595645664948,0.5419553725728242
3998,0.15317181571026947,0.2879309449128491,0.5588972393768814
3999,0.2044182380940347,0.30769690745164663,0.4878848544543188
4000,0.3706702190403545,0.2710610604316543,0.3582687205279913
4001,0.16490992201192714,0.22996575271666286,0.60512432527141
4002,0.11834900016852117,0.20692895971127812,0.6747220401202008
4003,0.24372298870333195,0.23272737907474095,0.5235496322219271
4004,0.1382014062267253,0.22762621246758144,0.6341723813056932
4005,0.0919162893013739,0.19965419893684935,0.7084295117617767
4006,0.20013847784726885,0.23839128250502808,0.5614702396477032
4007,0.22062283161574686,0.2681377607351778,0.5112394076490753
4008,0.31314371420003206,0.2815931598601703,0.40526312593979763
4009,0.233909385765414,0.24926310165002621,0.5168275125845597
4010,0.18656145533888052,0.26101657222688923,0.5524219724342302
4011,0.3272394896305797,0.3203982555576758,0.3523622548117445
4012,0.18928729331817137,0.2578938415495461,0.5528188651322825
4013,0.25400666765826774,0.2771360752294254,0.4688572571123069
4014,0.21383647447763302,0.26713984884168884,0.5190236766806782
4015,0.2863371797593292,0.3268229204203655,0.3868398998203053
4016,0.1839854058583293,0.2287488654661766,0.5872657286754941
4017,0.2292433480776789,0.25827430591286044,0.5124823460094606
4018,0.23841845783910823,0.27303202729917514,0.4885495148617166
4019,0.2620584710734544,0.26485895850849916,0.47308257041804636
4020,0.2746610785786189,0.29881706691707116,0.4265218545043099
4021,0.23873271776853808,0.29601891415017867,0.4652483680812832
4022,0.1929669444514178,0.2538999117742923,0.55313314377429
4023,0.10774910865305887,0.21254058081101132,0.6797103105359299
4024,0.3939737177205712,0.26612713035782265,0.33989915192160625
4025,0.2764645593341252,0.26635242705557977,0.45718301361029506
4026,0.21240640164775165,0.2541088375738925,0.5334847607783557
4027,0.2161827867574187,0.31239093845462684,0.47142627478795435
4028,0.3302970535678832,0.31093027981184845,0.35877266662026824
4029,0.3856905235931608,0.2862525771881113,0.3280568992187279
4030,0.17321438024185298,0.24777889784987073,0.5790067219082763
4031,0.23091780588324973,0.303950203800994,0.4651319903157562
4032,0.20372663414245448,0.25989147600905915,0.5363818898484862
4033,0.2142955165189947,0.256051783103883,0.5296527003771223
4034,0.3435170685849077,0.272757213459057,0.38372571795603533
4035,0.2643861958826504,0.3010249900435936,0.4345888140737561
4036,0.17828501061088434,0.24154001257364335,0.5801749768154724
4037,0.24169418074684532,0.2959878361015424,0.4623179831516122
4038,0.14570947775447457,0.264380345588102,0.5899101766574235
4039,0.13400607125283245,0.23913192592531488,0.6268620028218527
4040,0.22417619554712795,0.26758201978733576,0.5082417846655363
4041,0.3350185041482755,0.26568774523746985,0.3992937506142546
4042,0.2577409597050214,0.32667606002273103,0.41558298027224755
4043,0.24107823330432623,0.2973568207342843,0.4615649459613895
4044,0.42353557250571994,0.2910972598415874,0.28536716765269277
4045,0.17914669211393094,0.27486104075984685,0.5459922671262222
4046,0.22775918640711576,0.29184681730182765,0.4803939962910566
4047,0.332039844901982,0.2936483206648018,0.37431183443321614
4048,0.1616394288249689,0.2290872848578338,0.6092732863171973
4049,0.21481776247291987,0.2657847750368305,0.5193974624902497
4050,0.3091598129135973,0.25624359332963254,0.4345965937567701
4051,0.2912802174360303,0.3193607315980298,0.3893590509659399
4052,0.23343827037897896,0.23938708759538974,0.5271746420256314
4053,0.24709874175775887,0.28713256678777743,0.4657686914544638
4054,0.10488151446344973,0.19688150858801678,0.6982369769485335
4055,0.2288027513543842,0.29875239606361537,0.4724448525820004
4056,0.09249729840512938,0.16843368347159926,0.7390690181232713
4057,0.13448526020966695,0.22189734980502723,0.6436173899853058
4058,0.24120351417979358,0.26249495276735574,0.4963015330528507
4059,0.22091370022398638,0.23778631613808507,0.5412999836379285
4060,0.412020854997864,0.27438746125638347,0.3135916837457525
4061,0.31020422563805156,0.3086616006299465,0.381134173732002
4062,0.30492260446189584,0.2882690260068533,0.4068083695312508
4063,0.3026969633038946,0.2614942371511426,0.43580879954496277
4064,0.32597079563239134,0.2793205152603112,0.39470868910729745
4065,0.37106333939490316,0.30612629221903725,0.32281036838605953
4066,0.18301920297275856,0.25864973554272724,0.5583310614845142
4067,0.2961095878471983,0.30804468517747907,0.3958457269753226
4068,0.20703459220584056,0.256961674974726,0.5360037328194335
4069,0.29761268124842993,0.2832820891364794,0.4191052296150906
4070,0.22739817614665955,0.27728591071131614,0.4953159131420244
4071,0.2535598669555885,0.30761389289293795,0.4388262401514735
4072,0.20667663245200082,0.2545756198527281,0.5387477476952711
4073,0.14957612873535123,0.20375619993639296,0.6466676713282558
4074,0.13697735606545905,0.25444397360868254,0.6085786703258583
4075,0.16666981198299127,0.2675174643839789,0.5658127236330299
4076,0.21457808747608884,0.24034883520584274,0.5450730773180683
4077,0.13345639692359657,0.25467188699646154,0.6118717160799418
4078,0.4913200359985203,0.2704475383095456,0.23823242569193406
4079,0.12016387430715893,0.20932222471589276,0.6705139009769483
4080,0.2061765119671061,0.2965405284957262,0.49728295953716767
4081,0.17775123415392605,0.25491749174382505,0.5673312741022489
4082,0.22244066901993043,0.3120362190115081,0.46552311196856155
4083,0.1601229010888191,0.22568681824418607,0.6141902806669949
4084,0.2713835796466836,0.28781641063851293,0.4408000097148035
4085,0.3239040565630662,0.2821508532697245,0.39394509016720924
4086,0.29946029575069993,0.2714206977407784,0.42911900650852175
4087,0.15819587968605747,0.24984659630437653,0.5919575240095659
4088,0.363826669255639,0.28521729150629843,0.35095603923806257
4089,0.12370737504266031,0.23692482345304422,0.6393678015042954
4090,0.21260440424991034,0.21179785226233558,0.575597743487754
4091,0.1785492538834444,0.22514637648419708,0.5963043696323586
4092,0.23794711178785616,0.2789412961825661,0.4831115920295778
4093,0.15150972871618504,0.297003242592061,0.551487028691754
4094,0.10439549347900744,0.21294362538440326,0.6826608811365893
4095,0.15186239467025006,0.2558924132906277,0.5922451920391223
4096,0.32187563956221743,0.24672982326563242,0.4313945371721501
4097,0.2361192446968451,0.3059673985805428,0.4579133567226121
4098,0.13340094044955897,0.21958265632464086,0.6470164032258001
4099,0.3883154424210043,0.3152018188881,0.29648273869089564
4100,0.13934161112151197,0.24161826280390372,0.6190401260745843
4101,0.1849519486446292,0.23474078786350464,0.5803072634918662
4102,0.31062029472943137,0.2851987326121381,0.40418097265843056
4103,0.21448518914455114,0.2933973450102771,0.4921174658451718
4104,0.3428487194287274,0.3065081257457883,0.35064315482548436
4105,0.21387262698400725,0.298554510815484,0.48757286220050877
4106,0.4058399511762668,0.3303037695022185,0.2638562793215147
4107,0.15749776144039676,0.24819660329364077,0.5943056352659625
4108,0.17064917200302332,0.23518480322880544,0.5941660247681712
4109,0.18940123447344165,0.2723700548766417,0.5382287106499166
4110,0.2608210199432712,0.30428434281857575,0.434894637238153
4111,0.3073392399815455,0.2616755726024386,0.43098518741601594
4112,0.30453641162974,0.29371119508991467,0.40175239328034534
4113,0.3375643924580563,0.28300608933918237,0.3794295182027613
4114,0.2134329378152521,0.28610398498156,0.500463077203188
4115,0.2162387187598288,0.2983245805752619,0.4854367006649092
4116,0.22702394042154453,0.23566967327388688,0.5373063863045686
4117,0.19931939780353589,0.23576140128881948,0.5649192009076446
4118,0.27470483346387636,0.33912731459606543,0.38616785194005815
4119,0.28421301169158975,0.28006165157076546,0.4357253367376448
4120,0.25181851108249637,0.34325026783880475,0.40493122107869883
4121,0.2545562160296225,0.3049000404920825,0.440543743478295
4122,0.255753390669474,0.29463573311413666,0.44961087621638934
4123,0.24842343817270104,0.31834566188202973,0.4332308999452692
4124,0.33229377020419687,0.31223235537581806,0.355473874419985
4125,0.18579005173575622,0.21368629034103143,0.6005236579232124
4126,0.15466374553053258,0.2545885636518035,0.590747690817664
4127,0.2090217388577445,0.253477558732653,0.5375007024096026
4128,0.1880749823570197,0.2465034451638321,0.5654215724791483
4129,0.13139734047452717,0.20325614100529404,0.6653465185201788
4130,0.3282607987123721,0.25957055463686896,0.412168646650759
4131,0.2772139635040868,0.27698543726986286,0.4458005992260504
4132,0.2502818570514828,0.26459567743713075,0.48512246551138644
4133,0.17694869004355768,0.2477807147436741,0.5752705952127682
4134,0.2025070308349688,0.24457057924878417,0.552922389916247
4135,0.23993067139096658,0.32292508685367394,0.4371442417553596
4136,0.2343019569021434,0.26064195782474053,0.5050560852731161
4137,0.30193525477026006,0.26640547146044213,0.4316592737692978
4138,0.22579537077377193,0.2779652225044731,0.4962394067217549
4139,0.14723224989918132,0.27760971036043025,0.5751580397403884
4140,0.17089644025694414,0.265470279592319,0.5636332801507369
4141,0.1227053095212206,0.2570537290828114,0.6202409613959681
4142,0.19160747093548736,0.2687827056201415,0.5396098234443711
4143,0.20550893982390323,0.31007293609502773,0.4844181240810692
4144,0.4805575865135629,0.29523989649368965,0.22420251699274754
4145,0.3909863901168629,0.28431210558142317,0.32470150430171396
4146,0.26506473273952236,0.29129866793668013,0.44363659932379756
4147,0.19779275231812576,0.3151022997572932,0.48710494792458103
4148,0.290598008197066,0.28322846252231926,0.42617352928061475
4149,0.2831722072952166,0.2938618314132843,0.4229659612914991
4150,0.2637593801589913,0.2544254204206845,0.48181519942032414
4151,0.22215817031965196,0.2883995549815537,0.4894422746987945
4152,0.2888757323615919,0.260006548098359,0.4511177195400491
4153,0.2590062110071661,0.31002190667300944,0.43097188231982436
4154,0.3963419609482598,0.30186837921788795,0.30178965983385225
4155,0.07485428114489807,0.16754977250677477,0.757595946348327
4156,0.14767276819539985,0.2244150760599505,0.6279121557446496
4157,0.29770330799133166,0.2758940109052803,0.42640268110338814
4158,0.1822709692823378,0.24383194829769053,0.5738970824199717
4159,0.20543549216334436,0.3389364540206387,0.45562805381601695
4160,0.1648379145292001,0.21256486746343028,0.6225972180073697
4161,0.16096020723900592,0.28216445961326436,0.5568753331477297
4162,0.1613140836782396,0.21424639531358516,0.6244395210081752
4163,0.32234422337115376,0.31587780510462843,0.36177797152421776
4164,0.18125171989341274,0.2676833070956489,0.5510649730109383
4165,0.21856292639939023,0.29663469485425314,0.48480237874635657
4166,0.1280361988701304,0.27268135536723365,0.599282445762636
4167,0.1801158463090683,0.24599691344533078,0.5738872402456009
4168,0.1693203380406181,0.2659934660466582,0.5646861959127237
4169,0.21493188327554913,0.2608091519907522,0.5242589647336986
4170,0.3970231312685013,0.3238238725971526,0.279152996134346
4171,0.3769645446005999,0.3267299061575818,0.2963055492418183
4172,0.4056839724325181,0.29626006981256453,0.29805595775491744
4173,0.2971397768784458,0.27705574363616303,0.4258044794853913
4174,0.239517790640862,0.30423352942318105,0.45624867993595686
4175,0.20349623601079175,0.255133070036114,0.5413706939530942
4176,0.24728864777160484,0.2798415399251954,0.4728698123031998
4177,0.31194652042447907,0.3104145804407829,0.37763889913473797
4178,0.33178364907639785,0.2947912781534854,0.3734250727701168
4179,0.1991571552405458,0.2657663132428315,0.5350765315166226
4180,0.15407377802123087,0.2487589457949138,0.5971672761838553
4181,0.2403420194995931,0.2719337779081337,0.48772420259227334
4182,0.20150131972384958,0.2916657982088527,0.5068328820672977
4183,0.20120449058827258,0.2807993556187081,0.5179961537930193
4184,0.3621895502832264,0.31429401844170535,0.3235164312750683
4185,0.24492536324287822,0.35056740894461397,0.4045072278125078
4186,0.3140027900148482,0.3249247661353801,0.36107244384977166
4187,0.2594405249710781,0.27321513649253043,0.46734433853639157
4188,0.4057089049143535,0.2995120370318411,0.2947790580538054
4189,0.3087209958044561,0.27364845141997807,0.41763055277556577
4190,0.2106785804312344,0.30530889640923675,0.48401252315952875
4191,0.2068365224577459,0.2255456740697807,0.5676178034724735
4192,0.14021027982392634,0.18251840077828133,0.6772713193977924
4193,0.21791828366172764,0.2805352301241879,0.5015464862140845
4194,0.3464512889396108,0.3318084013987032,0.32174030966168604
4195,0.16441788569512453,0.2686125060642754,0.5669696082406002
4196,0.18963340489632435,0.23347575311968738,0.5768908419839882
4197,0.23913193994268955,0.27901738261388487,0.48185067744342563
4198,0.2129346162077616,0.2832366827355258,0.5038287010567125
4199,0.21758730891126027,0.2969060933661852,0.4855065977225545
4200,0.18012697380185436,0.2519201246406574,0.5679529015574882
4201,0.17465817848552947,0.22468153240266567,0.6006602891118048
4202,0.2407785877400059,0.3121447734063749,0.44707663885361915
4203,0.24112956122606943,0.2600210692676724,0.4988493695062583
4204,0.2613706192632039,0.2993293512248576,0.43930002951193853
4205,0.31237676100746126,0.30122460062652767,0.38639863836601107
4206,0.1778559098121964,0.2515912795164783,0.5705528106713254
4207,0.24394978057561362,0.2529559673989969,0.5030942520253895
4208,0.3370283770631333,0.3091349527965013,0.3538366701403653
4209,0.3110075956617458,0.3219396796228791,0.3670527247153751
4210,0.1725757201356773,0.22416272193952352,0.6032615579247992
4211,0.24202563239378735,0.29482383166967924,0.4631505359365334
4212,0.22890467811915322,0.2741691899102805,0.4969261319705663
4213,0.24041765573607102,0.2776909027587166,0.4818914415052125
4214,0.33121643154498354,0.2748155172260627,0.39396805122895373
4215,0.148622006823039,0.21499778464097763,0.6363802085359833
4216,0.3190945306582266,0.3064530427022973,0.37445242663947614
4217,0.3060014642179002,0.3047703374911512,0.3892281982909485
4218,0.2867549040407145,0.2970507925581856,0.4161943034011
4219,0.21394333294287382,0.3350562511618333,0.4510004158952929
4220,0.16772037559715483,0.23859235939468396,0.5936872650081612
4221,0.33606215208084367,0.29230474054063,0.3716331073785263
4222,0.18977801362816907,0.2686164187580798,0.5416055676137512
4223,0.3983900941642813,0.2811324010436972,0.3204775047920216
4224,0.19481356691900573,0.26133342964118145,0.5438530034398128
4225,0.3114945320306176,0.32801628373050706,0.36048918423887527
4226,0.22100012263539862,0.26449290912676743,0.5145069682378339
4227,0.16816754727640854,0.22250788859092296,0.6093245641326686
4228,0.27039344631623635,0.2796296223861094,0.44997693129765426
4229,0.255354216899271,0.25673620752102655,0.48790957557970255
4230,0.22155832809210363,0.2796559189813543,0.4987857529265421
4231,0.2084467259933151,0.2505688124930579,0.5409844615136269
4232,0.29173810897294905,0.2775188004348464,0.4307430905922046
4233,0.31727758684012236,0.3240251244622394,0.3586972886976382
4234,0.16711242476843552,0.25172601131028566,0.5811615639212788
4235,0.21581275162591312,0.3101158447516401,0.4740714036224467
4236,0.14304045339983082,0.23221817155432822,0.6247413750458409
4237,0.380361260779647,0.2970542754889403,0.3225844637314127
4238,0.38810814520504,0.28853907968486797,0.323352775110092
4239,0.25307995318180054,0.26317314267491687,0.4837469041432824
4240,0.20982555255586505,0.3127563279473787,0.4774181194967563
4241,0.27619354780221633,0.2870935416973396,0.4367129105004441
4242,0.24196778859997822,0.2681665157748708,0.48986569562515114
4243,0.23055929153392007,0.2958712235930246,0.4735694848730552
4244,0.3124371194348021,0.333366188282589,0.3541966922826089
4245,0.2405673505706665,0.25123295654963856,0.5081996928796949
4246,0.22354990747186723,0.2411236554493941,0.5353264370787387
4247,0.26519996264267903,0.3104182894330881,0.42438174792423283
4248,0.19841878378334468,0.2797070971626633,0.521874119053992
4249,0.15882958471825986,0.22149057074547832,0.6196798445362618
4250,0.19317751328551216,0.25767813907651427,0.5491443476379735
4251,0.202445646607338,0.26778811863531377,0.5297662347573483
4252,0.25796956614715344,0.2807872053638662,0.4612432284889805
4253,0.13587723129339424,0.2280037483444243,0.6361190203621814
4254,0.15060757253220997,0.24938223695032863,0.6000101905174614
4255,0.20820661198677157,0.2737345633555961,0.5180588246576323
4256,0.2760910330235856,0.2549818389676518,0.4689271280087625
4257,0.2624368342593075,0.3246340713814939,0.4129290943591986
4258,0.3904905736899996,0.33209931147788285,0.2774101148321176
4259,0.27777404369316316,0.321048622542969,0.4011773337638678
4260,0.3185223263813547,0.3123211015051887,0.36915657211345665
4261,0.22943100073876546,0.257930207998275,0.5126387912629595
4262,0.30889963131485804,0.2862141021513004,0.40488626653384147
4263,0.2508028759663098,0.2572304555309002,0.49196666850279
4264,0.2632118787109865,0.3161579170957558,0.42063020419325753
4265,0.22839315252986253,0.24643883359184457,0.5251680138782929
4266,0.2443470435118121,0.26139056472410455,0.49426239176408326
4267,0.25452395504849956,0.27062289602378414,0.47485314892771635
4268,0.15653409365875867,0.2866791217326592,0.5567867846085821
4269,0.20719270187117295,0.22751517698830284,0.5652921211405242
4270,0.18230853047849693,0.24126024146730934,0.5764312280541938
4271,0.4075739733066415,0.31014749594062446,0.282278530752734
4272,0.1576828869020233,0.24425619263080092,0.5980609204671757
4273,0.17588002413246964,0.26082910318726515,0.5632908726802652
4274,0.310561129594109,0.31495404474521477,0.37448482566067626
4275,0.27070146160639097,0.29471958797540104,0.43457895041820804
4276,0.22430058184499194,0.2929797091679092,0.48271970898709887
4277,0.3525047478756293,0.2953134361069819,0.3521818160173887
4278,0.17011045415740114,0.21506076021400178,0.6148287856285971
4279,0.23649345987062437,0.255757424982994,0.5077491151463817
4280,0.38219776135400857,0.3101738301524651,0.3076284084935263
4281,0.18636702448192208,0.24143446294297802,0.5721985125750999
4282,0.16836556462760188,0.2505595051390021,0.581074930233396
4283,0.10052236026069662,0.21121006228262984,0.6882675774566736
4284,0.23964709654292224,0.2759211953885645,0.4844317080685131
4285,0.25873845552220404,0.25183361704864043,0.4894279274291555
4286,0.32054962724131203,0.31989549191381716,0.35955488084487086
4287,0.19374090829236393,0.3323581158485117,0.47390097585912444
4288,0.42357995078805577,0.2867398029290606,0.28968024628288375
4289,0.17563557172147815,0.23166083573540094,0.592703592543121
4290,0.3427644078910656,0.3027669066001456,0.35446868550878885
4291,0.2304353586489166,0.27517216369819086,0.4943924776528925
4292,0.2275668461652374,0.2778692687889589,0.4945638850458038
4293,0.19460396960041965,0.30457764201367477,0.5008183883859056
4294,0.2967085344875173,0.30190638019117166,0.401385085321311
4295,0.34247755849461353,0.3083472764326103,0.3491751650727762
4296,0.14101214101782444,0.2303835819713724,0.6286042770108031
4297,0.15340448406130125,0.23004336435138648,0.6165521515873122
4298,0.20866334562947897,0.2257120253838957,0.5656246289866254
4299,0.21105223664209274,0.3130806590963491,0.4758671042615582
4300,0.3150487793943224,0.3148990692856183,0.3700521513200593
4301,0.16681387967711642,0.22707732506617836,0.6061087952567052
4302,0.3382162393928278,0.2678029782854507,0.3939807823217215
4303,0.1369376404097622,0.21589109426481093,0.6471712653254268
4304,0.3062695259491426,0.29837149090345644,0.395358983147401
4305,0.28931318447305976,0.28207697858499603,0.42860983694194416
4306,0.3296949390563073,0.2924765457562745,0.37782851518741817
4307,0.22513999282083463,0.25261638614514526,0.5222436210340201
4308,0.2787715866425238,0.27040215455695016,0.450826258800526
4309,0.1804852849798666,0.2702520630481021,0.5492626519720313
4310,0.15967138938876438,0.22450979924912787,0.6158188113621077
4311,0.3673936301125207,0.29558465856275074,0.3370217113247285
4312,0.18964778408324448,0.3005183215382171,0.5098338943785383
4313,0.34612027384580935,0.326152136250825,0.32772758990336565
4314,0.12423940822697221,0.23048155531970665,0.6452790364533211
4315,0.21009275941327268,0.29327490932505307,0.49663233126167416
4316,0.20931526030071138,0.24535429857494936,0.5453304411243393
4317,0.16524962275915717,0.19556307345024343,0.6391873037905994
4318,0.2947417488119972,0.2689593165216678,0.436298934666335
4319,0.14738376592874589,0.24108494009922057,0.6115312939720335
4320,0.351769425296998,0.3118433288060425,0.33638724589695956
4321,0.14851441452453476,0.23651458048267734,0.6149710049927879
4322,0.28949195614769235,0.2977226942530673,0.4127853495992403
4323,0.26135389680885274,0.2882025751794476,0.4504435280116997
4324,0.2626244800577803,0.2652028268170877,0.47217269312513205
4325,0.18942062110109675,0.25594472194330437,0.5546346569555989
4326,0.2550475187070654,0.2768363012931807,0.468116179999754
4327,0.10625825487846784,0.18436088676797904,0.7093808583535531
4328,0.21707950851917987,0.22854771923602663,0.5543727722447935
4329,0.1562491661636023,0.21501970052374866,0.6287311333126491
4330,0.23984233231235377,0.27697823934829396,0.4831794283393522
4331,0.36534130739306186,0.2922241151257611,0.34243457748117706
4332,0.18916822937677374,0.26481087148932636,0.5460208991338998
4333,0.2262735454509008,0.2643687988987321,0.5093576556503672
4334,0.3451893062995284,0.286702489977792,0.36810820372267955
4335,0.21614622028549005,0.3052939952333453,0.47855978448116465
4336,0.29092056564700475,0.34103476865505955,0.3680446656979357
4337,0.16657873734698503,0.2649647353616682,0.5684565272913468
4338,0.31802589610112986,0.28063706928658716,0.401337034612283
4339,0.14818219900669197,0.21439960032696076,0.6374182006663471
4340,0.13067572034799071,0.20852874184391706,0.6607955378080923
4341,0.1994637054408934,0.25956607261118875,0.5409702219479178
4342,0.1582257276547818,0.2160222625253991,0.625752009819819
4343,0.2207923430042389,0.2623943352606542,0.5168133217351069
4344,0.16516975515229182,0.2695688654933396,0.5652613793543686
4345,0.19772995692265571,0.24566391426285758,0.5566061288144868
4346,0.24535210566180984,0.271125004612401,0.4835228897257892
4347,0.14020595924153664,0.20223944926031256,0.6575545914981508
4348,0.33409395866596603,0.27708970110050546,0.38881634023352857
4349,0.21124704885655515,0.2442024599034627,0.5445504912399821
4350,0.3234656812497419,0.28032379380310035,0.3962105249471578
4351,0.15511045108896848,0.22576163662036994,0.6191279122906616
4352,0.23269809932459123,0.3172484453727751,0.45005345530263363
4353,0.4648176503411622,0.27903772675196964,0.25614462290686824
4354,0.33759162078789245,0.3302261588374825,0.332182220374625
4355,0.43983841362811826,0.29914487373231935,0.26101671263956244
4356,0.20358908144331286,0.2881395336825776,0.5082713848741095
4357,0.2517559136322029,0.253665036337437,0.49457905003036023
4358,0.10256295857679386,0.1777562750682439,0.7196807663549623
4359,0.2689641821536646,0.2795579045485912,0.4514779132977442
4360,0.1810085521644937,0.2368856731397133,0.5821057746957929
4361,0.22744818936349823,0.23623561867087192,0.5363161919656299
4362,0.17606232570509822,0.24331427248463047,0.5806234018102713
4363,0.109457896603706,0.18607559180696553,0.7044665115893285
4364,0.16417973974014696,0.23263048527251493,0.6031897749873382
4365,0.2951958593315715,0.2850544449287864,0.41974969573964216
4366,0.22376231989058312,0.29645087160984174,0.47978680849957506
4367,0.29175596864288866,0.3099580498678781,0.39828598148923317
4368,0.27891140319289937,0.2732687934344653,0.4478198033726354
4369,0.41424078871907755,0.3250898613516989,0.2606693499292236
4370,0.33578958282157323,0.2998036320109914,0.3644067851674353
4371,0.3035437234923952,0.31028337170914766,0.3861729047984571
4372,0.18998434661597402,0.2631411433226291,0.5468745100613969
4373,0.16187807046063557,0.26464896848113567,0.5734729610582288
4374,0.2597443379270199,0.30165703720619275,0.43859862486678747
4375,0.314630766893486,0.27181955911438327,0.4135496739921307
4376,0.22246375749337816,0.26458247946177754,0.5129537630448442
4377,0.141536043875151,0.20935210735479934,0.6491118487700497
4378,0.2879322180341223,0.32327743455339913,0.3887903474124786
4379,0.24583292595814524,0.2970868984533642,0.4570801755884905
4380,0.24147366181029234,0.28286569766938296,0.47566064052032464
4381,0.24444474445802952,0.2774383355354807,0.47811692000648987
4382,0.382372943226317,0.3020528393022454,0.31557421747143766
4383,0.21108464110065717,0.27275940122814313,0.5161559576711997
4384,0.25233169803308686,0.2311579899671041,0.516510311999809
4385,0.12444063582137403,0.22058115425148817,0.6549782099271377
4386,0.2232340588209958,0.2727309399090647,0.5040350012699395
4387,0.15756998531242636,0.24607630871877212,0.5963537059688014
4388,0.1421763256025537,0.23431011607240693,0.6235135583250394
4389,0.2129254636434114,0.2580103935100037,0.5290641428465849
4390,0.2792584357166471,0.2983164090261856,0.4224251552571672
4391,0.236542775036474,0.2819459588959042,0.48151126606762185
4392,0.38512274309589695,0.3331419157665571,0.2817353411375459
4393,0.2504713866861383,0.2901683210730634,0.45936029224079833
4394,0.2051589750125193,0.2328369824764083,0.5620040425110724
4395,0.1632649265534188,0.2505090201805099,0.5862260532660714
4396,0.28861128334241476,0.27280255657639746,0.4385861600811878
4397,0.36897886421393067,0.2862532843991513,0.34476785138691796
4398,0.28483218498912827,0.32137676389577,0.3937910511151017
4399,0.1255425826175444,0.22219356887371153,0.6522638485087441
4400,0.15765133686181274,0.22047205725018093,0.6218766058880063
4401,0.3108324857513078,0.2977354317185395,0.39143208253015266
4402,0.26073557728740593,0.29646129167662727,0.4428031310359668
4403,0.1410179873334687,0.21342622589020188,0.6455557867763294
4404,0.1385222704493351,0.2455241696128631,0.6159535599378018
4405,0.24624438057971565,0.2861374630886656,0.4676181563316187
4406,0.1701870489257886,0.24234210444005594,0.5874708466341555
4407,0.2761386863667613,0.2728362790992232,0.4510250345340155
4408,0.29255315465314324,0.27734018097297375,0.4301066643738831
4409,0.2215739165895615,0.27884826232601734,0.49957782108442117
4410,0.2700087138887737,0.2994104575572417,0.4305808285539846
4411,0.24159820446371236,0.2841195432409031,0.4742822522953846
4412,0.15486056332957424,0.23609005707714734,0.6090493795932785
4413,0.26575192619240695,0.281340310412415,0.4529077633951781
4414,0.3530626812623324,0.30300541120998375,0.34393190752768377
4415,0.365155538166646,0.27882370954945135,0.35602075228390256
4416,0.24765778000160837,0.3052261211878476,0.44711609881054404
4417,0.3054761279201734,0.28011096675849984,0.41441290532132674
4418,0.304411407702685,0.2919663655940313,0.40362222670328374
4419,0.31905773660237846,0.30819095200261243,0.372751311395009
4420,0.22657825258990819,0.2956726371105314,0.47774911029956046
4421,0.25994294002958285,0.29675007326266917,0.4433069867077479
4422,0.27077269987792607,0.28988257213442253,0.43934472798765134
4423,0.3215922070432283,0.30544137628767637,0.37296641666909547
4424,0.15759709439781683,0.23300312243830845,0.6093997831638747
4425,0.23693867275685926,0.31745334534481057,0.44560798189833006
4426,0.3018662158067789,0.3044389150547642,0.39369486913845686
4427,0.11521269909844546,0.1959750630655949,0.6888122378359597
4428,0.30035605029304835,0.30110622233722845,0.39853772736972315
4429,0.25036222739767405,0.26592176178545235,0.48371601081687365
4430,0.16441115950302615,0.2618500310898197,0.5737388094071542
4431,0.14343065288555523,0.24511880214481516,0.6114505449696297
4432,0.15391668788404528,0.2525343334824735,0.5935489786334811
4433,0.26536357484499407,0.2977823013670382,0.4368541237879678
4434,0.32634837484622914,0.28787725555816657,0.3857743695956044
4435,0.16005729401718707,0.2447855025466233,0.5951572034361896
4436,0.18885169410308053,0.22790335779532256,0.583244948101597
4437,0.3620853871778131,0.2740375697131017,0.3638770431090852
4438,0.33773781249354734,0.29905793420369187,0.36320425330276085
4439,0.34385559502102425,0.2743106498446829,0.38183375513429285
4440,0.19496697570365745,0.3015416190725656,0.503491405223777
4441,0.2875059885890294,0.26094115837080023,0.4515528530401703
4442,0.28811789421933354,0.33119761744229986,0.38068448833836654
4443,0.17957605156017578,0.23614076888737703,0.5842831795524471
4444,0.16559305582883146,0.24063271271784462,0.593774231453324
4445,0.16321884137700984,0.26471086966910007,0.5720702889538901
4446,0.2876867011201571,0.28539491560595076,0.426918383273892
4447,0.3448544073328879,0.30747030462841396,0.347675288038698
4448,0.11968527923396437,0.21544489125765784,0.6648698295083778
4449,0.17381209598623293,0.28391192247392394,0.5422759815398431
4450,0.20384182352740535,0.27170345555636854,0.5244547209162261
4451,0.21986446707229831,0.30764789447718044,0.4724876384505213
4452,0.1299472865525141,0.21868462672533354,0.6513680867221524
4453,0.17407143080401438,0.21142320294986933,0.6145053662461163
4454,0.19799189926013375,0.24140889954188405,0.5605992011979821
4455,0.2860354277391339,0.275229221824875,0.4387353504359912
4456,0.3210811257127979,0.2849250527873135,0.39399382149988854
4457,0.33776182105193103,0.3050548159923116,0.35718336295575737
4458,0.1493249465341976,0.2166213993624841,0.6340536541033184
4459,0.3895593372870341,0.3152456864003701,0.2951949763125957
4460,0.3211611982060097,0.2620338387970644,0.4168049629969259
4461,0.2714426601301375,0.34030989166036724,0.3882474482094952
4462,0.370545823994554,0.286735362873241,0.3427188131322049
4463,0.18655704603259188,0.26241542350141056,0.5510275304659975
4464,0.21247987566042562,0.27681182840641144,0.5107082959331629
4465,0.19617174771686643,0.24246860003534532,0.5613596522477883
4466,0.18979544031510379,0.2971538366546296,0.5130507230302667
4467,0.2137612282272695,0.26996034533923663,0.5162784264334939
4468,0.15264695796966532,0.21470169027736172,0.6326513517529729
4469,0.2912857441881939,0.30213710797069715,0.4065771478411089
4470,0.1278297794232961,0.21781225377059404,0.6543579668061098
4471,0.22879349472688618,0.2926770995529141,0.47852940572019975
4472,0.16628086321438426,0.2478394774344844,0.5858796593511313
4473,0.31424644637294086,0.2797434755156776,0.4060100781113815
4474,0.44977843369403037,0.2911095342108582,0.2591120320951113
4475,0.21229262702875554,0.23573771231646065,0.5519696606547838
4476,0.20947410743191786,0.28104974227629165,0.5094761502917904
4477,0.13040457084480717,0.2270685570244912,0.6425268721307016
4478,0.1594474019265884,0.226387648070637,0.6141649500027746
4479,0.17049081319028453,0.22839120837655202,0.6011179784331635
4480,0.30408976786252556,0.26751653435641304,0.4283936977810614
4481,0.2977480860375883,0.282419118989138,0.4198327949732738
4482,0.2411949457345321,0.28177647875838846,0.4770285755070795
4483,0.3473376239253205,0.3184460628058835,0.334216313268796
4484,0.3212003484422434,0.26893847376509766,0.409861177792659
4485,0.2811595739264241,0.27709615356014444,0.4417442725134314
4486,0.2426166055018919,0.28308461966046644,0.4742987748376417
4487,0.2132447881510726,0.2330722602167115,0.5536829516322158
4488,0.24686881296440652,0.28722180387353163,0.4659093831620617
4489,0.20117202503915077,0.285725129224209,0.5131028457366402
4490,0.2233979815000811,0.27282815138427374,0.5037738671156452
4491,0.38576260972513576,0.2766111713337581,0.3376262189411062
4492,0.3591572082494563,0.31669138569555233,0.3241514060549913
4493,0.3019684640940348,0.26544917314871924,0.4325823627572458
4494,0.1566243360420184,0.2547814694652211,0.5885941944927605
4495,0.12370704673369501,0.21317602843230798,0.6631169248339971
4496,0.40431874803008344,0.2996738688265112,0.2960073831434054
4497,0.3359398693607202,0.2920141874234448,0.37204594321583506
4498,0.13460910926878877,0.2168894737554286,0.6485014169757826
4499,0.13617481253508879,0.21901884373106695,0.6448063437338443
4500,0.10727079221581486,0.21423540444818076,0.6784938033360045
4501,0.27959226554855865,0.2805959965878982,0.43981173786354316
4502,0.3168107132824985,0.28851511484881237,0.3946741718686891
4503,0.22283822094977043,0.28102682697648296,0.4961349520737466
4504,0.15803476782538356,0.24340919465128447,0.598556037523332
4505,0.3016357824558873,0.30006234358724887,0.3983018739568639
4506,0.1412511652630315,0.22544985969096124,0.6332989750460073
4507,0.1854980682879517,0.2439616290718566,0.5705403026401917
4508,0.3138891589715361,0.28113863213160284,0.404972208896861
4509,0.18758992009085998,0.25533264684636076,0.5570774330627792
4510,0.18806475347773588,0.23136842373144628,0.5805668227908178
4511,0.34076825511272446,0.31127981070930233,0.3479519341779732
4512,0.24606226253987334,0.2829831552808075,0.4709545821793192
4513,0.4380740501193004,0.28626918770351883,0.2756567621771807
4514,0.4210495278315887,0.2819348560285246,0.29701561613988675
4515,0.16760004677909085,0.2361490940030716,0.5962508592178376
4516,0.3117612365832509,0.27742296627219076,0.41081579714455835
4517,0.3293901738658178,0.32580349829825944,0.3448063278359227
4518,0.34012006301904785,0.28129725071603007,0.37858268626492203
4519,0.5263912090569757,0.28278988299410956,0.19081890794891482
4520,0.13875275413759364,0.2555760448533392,0.6056712010090672
4521,0.24101140223634615,0.2849414253004076,0.4740471724632463
4522,0.1927835077691918,0.2714858118275662,0.535730680403242
4523,0.2294997421615833,0.25727859223504435,0.5132216656033723
4524,0.1689082994474511,0.27156948400643083,0.5595222165461181
4525,0.12070685639228294,0.20846622314654206,0.670826920461175
4526,0.2079644675003606,0.26087728187577464,0.5311582506238648
4527,0.24476510573730062,0.26943081857970147,0.4858040756829978
4528,0.15142781943242117,0.22153761236980135,0.6270345681977775
4529,0.1926964677364699,0.2524225539550759,0.5548809783084543
4530,0.25427911562271654,0.29212436144482945,0.453596522932454
4531,0.3046251703184633,0.30427690174535654,0.39109792793618015
4532,0.2797403293446502,0.2797599885386644,0.44049968211668533
4533,0.18573511602495937,0.2464989060789309,0.5677659778961097
4534,0.23791359929841907,0.3026871087830883,0.45939929191849266
4535,0.29880057526241943,0.2721042859417016,0.429095138795879
4536,0.24986149816351957,0.23548934143326514,0.5146491604032153
4537,0.26614229781792714,0.2821277096303243,0.45172999255174845
4538,0.3644405259702302,0.28136974196060816,0.3541897320691617
4539,0.14972975987215179,0.2614073982586903,0.5888628418691579
4540,0.29227241938170745,0.2851064719261905,0.4226211086921021
4541,0.44008873788654085,0.2991211816519452,0.2607900804615139
4542,0.13715929414936967,0.273650683750789,0.5891900220998413
4543,0.26811365687587874,0.2635945544114484,0.46829178871267285
4544,0.43617358258391603,0.2936574345969764,0.2701689828191075
4545,0.41490971023812423,0.29938715830295204,0.2857031314589237
4546,0.22894135332774415,0.27510428627442923,0.4959543603978266
4547,0.22518249109396457,0.2500941882353399,0.5247233206706955
4548,0.18763281293571268,0.2737431519164776,0.5386240351478097
4549,0.18179628114301472,0.22089793997088328,0.597305778886102
4550,0.2044496663729263,0.2615834841082795,0.5339668495187943
4551,0.18171191029313938,0.24492804414286198,0.5733600455639986
4552,0.20789440875822435,0.27154470113234785,0.5205608901094279
4553,0.318975466204528,0.29577413536881725,0.38525039842665465
4554,0.14496983219071777,0.23327693857562876,0.6217532292336535
4555,0.2469256042354511,0.2835987498536042,0.46947564591094476
4556,0.24997657681853672,0.2971981414919606,0.4528252816895027
4557,0.2581272936832696,0.2745751606081135,0.467297545708617
4558,0.12315475019363202,0.20129240289363323,0.6755528469127348
4559,0.22911687033089648,0.2779318294088134,0.49295130026029016
4560,0.18715471409567966,0.24218821841023003,0.5706570674940903
4561,0.2347528976676341,0.2568603710199958,0.5083867313123701
4562,0.27695530870080554,0.31191302593116704,0.4111316653680275
4563,0.1699283951973206,0.26268408248493086,0.5673875223177486
4564,0.21893358940789331,0.27114340967261247,0.5099230009194942
4565,0.23862739025504864,0.2939706735219832,0.4674019362229681
4566,0.24004211612442014,0.28307719784705865,0.4768806860285211
4567,0.29308031190736256,0.3441642689692817,0.36275541912335574
4568,0.2188549438717862,0.2812730033690208,0.49987205275919316
4569,0.2664467242645323,0.31017442237716036,0.4233788533583072
4570,0.1582589635729412,0.27173379449922647,0.5700072419278324
4571,0.13362037234001828,0.25227592852747455,0.6141036991325072
4572,0.27932299432595864,0.24117116875519576,0.4795058369188457
4573,0.22104741340757478,0.2883989357258778,0.4905536508665475
4574,0.16820759312679154,0.23992279165308655,0.5918696152201219
4575,0.31615785513799216,0.27862909624754956,0.4052130486144583
4576,0.3832560996073095,0.2973846317737204,0.3193592686189701
4577,0.3781526570930879,0.28958655024606755,0.33226079266084463
4578,0.22148804433572747,0.2882642802986957,0.49024767536557695
4579,0.35037059227798517,0.3220797691310067,0.3275496385910081
4580,0.23526461742715465,0.2801854798155984,0.4845499027572469
4581,0.19404995186030305,0.30863273042206496,0.49731731771763193
4582,0.2124047999808444,0.25346295533374624,0.5341322446854094
4583,0.24860052230752036,0.264084678841936,0.4873147988505436
4584,0.34097188928851446,0.29515032304786276,0.3638777876636227
4585,0.20547613216319,0.29087549620540326,0.5036483716314067
4586,0.21218362893230447,0.27473559853241464,0.513080772535281
4587,0.24362678820582945,0.2700674475775362,0.48630576421663435
4588,0.2320371354798668,0.26066301929892405,0.5072998452212092
4589,0.24456616218414984,0.30944814171972707,0.44598569609612304
4590,0.19518309539785603,0.2327165160495576,0.5721003885525863
4591,0.25343721022610566,0.2884017339572117,0.45816105581668265
4592,0.25345136351165737,0.30676830843511876,0.439780328053224
4593,0.16405033323494905,0.25197130635434095,0.58397836041071
4594,0.2726542804227371,0.2799729922949799,0.44737272728228294
4595,0.13246456218676206,0.23834905341079654,0.6291863844024415
4596,0.25714092901651536,0.2892883437286023,0.4535707272548824
4597,0.3367714628294449,0.28368796211310565,0.3795405750574494
4598,0.2157833810594902,0.2864234599350023,0.4977931590055075
4599,0.14241170875136136,0.236327118309012,0.6212611729396267
4600,0.38272269964059075,0.3072215775737103,0.310055722785699
4601,0.3115152175049775,0.28460772360668773,0.4038770588883348
4602,0.24868359645745924,0.2646263251820941,0.48669007836044664
4603,0.3386831460862394,0.2690678551224128,0.39224899879134784
4604,0.18382222758985278,0.29634233720378367,0.5198354352063635
4605,0.21253733864390595,0.2621327186833484,0.5253299426727457
4606,0.32797506357902184,0.29365300949985274,0.3783719269211254
4607,0.2332950855315914,0.2856337527085234,0.4810711617598852
4608,0.23070973109926465,0.28686085398546496,0.4824294149152704
4609,0.14610481531685296,0.2514017494129747,0.6024934352701723
4610,0.2956766665302489,0.27340783540777197,0.4309154980619792
4611,0.23713866671757952,0.26420497204508264,0.49865636123733775
4612,0.33472226574974945,0.2806353312717278,0.3846424029785228
4613,0.19385187587629008,0.2526588022056108,0.5534893219180991
4614,0.18925014855448016,0.26690456404869584,0.543845287396824
4615,0.22912220488577223,0.2825272563021758,0.488350538812052
4616,0.11984620730577757,0.22937861725869813,0.6507751754355242
4617,0.25180262364738176,0.27433775328860877,0.4738596230640095
4618,0.2599533787233374,0.3104297506004311,0.42961687067623155
4619,0.24089183142715317,0.2910648468688451,0.4680433217040017
4620,0.25647776564977665,0.2761545535481337,0.4673676808020897
4621,0.22215134993644195,0.2937646673676602,0.484083982695898
4622,0.17410032774594877,0.22992053128071485,0.5959791409733364
4623,0.32986331667269536,0.28126618628307914,0.38887049704422544
4624,0.2000787930332687,0.24958284710452175,0.5503383598622096
4625,0.39878218907642266,0.30698822987768243,0.29422958104589475
4626,0.3515916185353823,0.3070145286738702,0.3413938527907474
4627,0.2011588500595238,0.26419718660688335,0.5346439633335929
4628,0.2660378057213363,0.2818057305279472,0.4521564637507166
4629,0.16386749142592222,0.251038571093653,0.5850939374804248
4630,0.2488692355575858,0.31345509552194484,0.43767566892046933
4631,0.30226607335218586,0.2936522851414982,0.40408164150631587
4632,0.25912710512415993,0.2796382267616419,0.4612346681141982
4633,0.1492800777552488,0.24537050520034076,0.6053494170444105
4634,0.3130590027253324,0.30597039418676725,0.3809706030879004
4635,0.23952321195640933,0.24832027167952606,0.5121565163640647
4636,0.16821707692197976,0.2420369196277011,0.5897460034503191
4637,0.22303147785577926,0.25525059986908205,0.5217179222751388
4638,0.2452402010542326,0.2854786254957891,0.4692811734499782
4639,0.18347247802612154,0.23362990999524566,0.5828976119786329
4640,0.3267771165795541,0.27018927058279996,0.40303361283764594
4641,0.20092618238749554,0.3066984051229883,0.4923754124895161
4642,0.22806101835008966,0.2568255635916495,0.5151134180582608
4643,0.13446368583653276,0.2407153991157935,0.6248209150476738
4644,0.31011960322318155,0.27872253619772286,0.4111578605790956
4645,0.3485650939498716,0.31021969968557467,0.3412152063645537
4646,0.20803877385215272,0.23409325602064268,0.5578679701272047
4647,0.21260183072703986,0.27715488178946934,0.5102432874834908
4648,0.1680272288787468,0.24207559631679648,0.5898971748044568
4649,0.20509325911950907,0.26039854823888364,0.5345081926416073
4650,0.1948313145479369,0.2831147932672785,0.5220538921847846
4651,0.23608124917946577,0.2456222864479678,0.5182964643725665
4652,0.23314990471609967,0.28235019787261134,0.484499897411289
4653,0.2288775445117775,0.2759943497005217,0.4951281057877008
4654,0.3654270341594298,0.30576866862279806,0.3288042972177722
4655,0.2175837520503681,0.24849920081534002,0.5339170471342919
4656,0.22152332046647163,0.26619408105669057,0.5122825984768379
4657,0.1737008483582684,0.25421581039050967,0.5720833412512218
4658,0.26827737946995645,0.2526359866901711,0.4790866338398723
4659,0.2959759086562404,0.3164567524597134,0.38756733888404615
4660,0.15835864770855793,0.21643154026256592,0.6252098120288762
4661,0.2792357701349648,0.2867934929325995,0.4339707369324357
4662,0.35221593106582577,0.273212455810293,0.3745716131238813
4663,0.2479704404704411,0.2888572073592113,0.46317235217034763
4664,0.15824147501719962,0.2481645983668507,0.5935939266159497
4665,0.15589092130636117,0.21537277952812697,0.6287362991655118
4666,0.3474568309285551,0.2996249059644381,0.3529182631070068
4667,0.20580842339739303,0.24895159103399814,0.5452399855686089
4668,0.13547423060772704,0.2231341825329375,0.6413915868593354
4669,0.19224368477172146,0.27401883314283326,0.5337374820854452
4670,0.3246925662026812,0.29899968649468156,0.37630774730263716
4671,0.1722488062975939,0.24784083361614304,0.5799103600862631
4672,0.25718380108875394,0.26750419445575824,0.47531200445548794
4673,0.23274136971878864,0.2406306973881907,0.5266279328930206
4674,0.1911812429497059,0.28427426014239177,0.5245444969079024
4675,0.14312626417924929,0.19640319851777116,0.6604705373029797
4676,0.18944873656689049,0.24756023660351262,0.562991026829597
4677,0.36508405287371903,0.28747271360063903,0.3474432335256418
4678,0.24250003645569823,0.2900169064603538,0.467483057083948
4679,0.2020363155677552,0.32003746882952805,0.47792621560271675
4680,0.1857286840163897,0.2624231035128141,0.5518482124707962
4681,0.20264796054330206,0.2748052534341937,0.5225467860225043
4682,0.226589654814075,0.24732820253927443,0.5260821426466505
4683,0.15003721698998138,0.2492645648856308,0.6006982181243878
4684,0.26767256725132216,0.28031614335298005,0.4520112893956977
4685,0.4107146967319937,0.30411822499808966,0.2851670782699168
4686,0.13823096606728238,0.20114631618736925,0.6606227177453484
4687,0.20833736428907343,0.2516194551773855,0.5400431805335411
4688,0.24607839271928958,0.2802661694182454,0.473655437862465
4689,0.25961903976771383,0.3112717669911493,0.42910919324113694
4690,0.27970843200797996,0.3092405326039772,0.4110510353880429
4691,0.17929144113818182,0.2664651575888169,0.5542434012730013
4692,0.2703678110078159,0.31695128601456957,0.41268090297761456
4693,0.17242776037543828,0.26242726615302037,0.5651449734715414
4694,0.12395942479410017,0.2129037443365336,0.6631368308693663
4695,0.3199146140533658,0.32536682140056206,0.3547185645460722
4696,0.17129230380628582,0.2711792995049747,0.5575283966887394
4697,0.43090062938018553,0.3039013083659662,0.2651980622538483
4698,0.15957694092384836,0.21604683535239916,0.6243762237237526
4699,0.27870147556645636,0.3099594664625851,0.4113390579709586
4700,0.36915732087012587,0.29386654701306003,0.33697613211681415
4701,0.2418919665819363,0.3246688660098008,0.4334391674082629
4702,0.3444950542123978,0.30715583043599326,0.34834911535160895
4703,0.2797905539720139,0.2820176440843434,0.4381918019436427
4704,0.18365351092041685,0.2229655583072834,0.5933809307722998
4705,0.3291984072628896,0.272156009454121,0.3986455832829893
4706,0.1762066460501175,0.2442403181221991,0.5795530358276835
4707,0.2807105496087297,0.30892189724020896,0.4103675531510614
4708,0.18189822196838246,0.2324953751931412,0.5856064028384763
4709,0.28218014129906,0.3143174096592629,0.403502449041677
4710,0.13392461227924143,0.2446065065516543,0.6214688811691043
4711,0.1389850741584352,0.23592632996729263,0.6250885958742722
4712,0.22674075059929535,0.2861663603074819,0.4870928890932229
4713,0.13992144368614362,0.20858356348806834,0.651494992825788
4714,0.1594117951298028,0.24385615911782849,0.5967320457523687
4715,0.14787408281133244,0.2338795491380525,0.6182463680506151
4716,0.23779904525117024,0.24582598741833905,0.5163749673304907
4717,0.34589255359502896,0.3314600941214524,0.32264735228351865
4718,0.18135347475751268,0.2613957836479922,0.5572507415944951
4719,0.24257211191088288,0.2895780440436679,0.4678498440454494
4720,0.20484206426553467,0.2727695301720521,0.5223884055624133
4721,0.17822841343494314,0.2700105213933181,0.5517610651717388
4722,0.22434928702343462,0.248934789617155,0.5267159233594103
4723,0.41793451783890545,0.30423578640733423,0.2778296957537603
4724,0.4449189352824296,0.2885132296735435,0.26656783504402703
4725,0.20436561475243104,0.2559383953156194,0.5396959899319496
4726,0.18841590627163862,0.2560004696708741,0.5555836240574872
4727,0.25306483656939144,0.3185140135417622,0.4284211498888463
4728,0.1490758840413764,0.23492876376002597,0.6159953521985976
4729,0.18487739440632756,0.27767031554763527,0.5374522900460371
4730,0.34123744284505986,0.29955794269208796,0.3592046144628522
4731,0.2181422827856461,0.2269715591685398,0.5548861580458141
4732,0.11995482394785535,0.22758709131020094,0.6524580847419437
4733,0.31903074561681255,0.30869612240029204,0.37227313198289547
4734,0.1413689625972355,0.258945138009064,0.5996858993937004
4735,0.1523074066656667,0.20398902602758928,0.643703567306744
4736,0.36691352010066247,0.30483016379474,0.3282563161045976
4737,0.27448076791090087,0.3093463906755483,0.4161728414135509
4738,0.2086526828700114,0.25561664108144677,0.5357306760485419
4739,0.3499910933315777,0.3160737052049371,0.3339352014634852
4740,0.20519043058818356,0.2554815990716447,0.5393279703401717
4741,0.21454510661522716,0.3223368591930419,0.4631180341917311
4742,0.1852161786918156,0.22355487220700407,0.5912289491011804
4743,0.21764720607486096,0.2759056730157232,0.5064471209094159
4744,0.32990636938384116,0.2916192692666487,0.37847436134951007
4745,0.2898384984898616,0.2919205726552883,0.41824092885485015
4746,0.2639952429284693,0.28097211058379773,0.455032646487733
4747,0.2911999375442068,0.3088510137887169,0.3999490486670763
4748,0.2840428644966621,0.2925560743545944,0.42340106114874354
4749,0.20583857776857714,0.29075613102728937,0.5034052912041336
4750,0.21476380471179965,0.27754371726998767,0.5076924780182127
4751,0.16650614483039106,0.2645628971845053,0.5689309579851036
4752,0.30336876222610065,0.2974381231051011,0.39919311466879825
4753,0.29785440807422137,0.29979082332993034,0.4023547685958484
4754,0.4036163309491457,0.29736058364368007,0.2990230854071743
4755,0.20735103327399848,0.2970778811518845,0.49557108557411705
4756,0.0768545094071952,0.17474841289140472,0.7483970777014002
4757,0.1067280911341294,0.17928032893660414,0.7139915799292665
4758,0.1789305193592814,0.2811276730328126,0.539941807607906
4759,0.16521061787194627,0.2548207150470961,0.5799686670809576
4760,0.21468148572480714,0.2875628801262142,0.4977556341489786
4761,0.10686609336263807,0.1979597614491992,0.6951741451881628
4762,0.2719719607630155,0.2664489687099761,0.4615790705270084
4763,0.35382805915244,0.3447497890483222,0.3014221517992378
4764,0.22367659839950219,0.2929474585939161,0.4833759430065817
4765,0.3002949382913375,0.27574155706515996,0.4239635046435024
4766,0.18035017619898763,0.2323235364890823,0.58732628731193
4767,0.28212304136791877,0.31586466671927943,0.4020122919128018
4768,0.2694705194704344,0.26744364352568617,0.46308583700387934
4769,0.28453500241488267,0.29583383931296214,0.4196311582721552
4770,0.13703120497893165,0.23013251373775376,0.6328362812833146
4771,0.2505527495409214,0.2891212901603824,0.4603259602986962
4772,0.17274752357564424,0.26506311947297956,0.5621893569513763
4773,0.18798667462024957,0.24418699244789766,0.5678263329318528
4774,0.4782044628196745,0.2820100293760735,0.23978550780425198
4775,0.28080741114685726,0.3286217736810114,0.3905708151721312
4776,0.25686661181044057,0.32215084147486706,0.4209825467146924
4777,0.2672662168992494,0.28003392636529567,0.45269985673545493
4778,0.22039455734601368,0.2982173385877242,0.48138810406626215
4779,0.29024953761202377,0.24994397218878098,0.4598064901991952
4780,0.17515935541006392,0.24976550514422877,0.5750751394457073
4781,0.290817217208264,0.3304861191633821,0.3786966636283539
4782,0.09525601847004422,0.16918738547829534,0.7355565960516603
4783,0.12389406760553615,0.23171013086522482,0.644395801529239
4784,0.09868054808017533,0.21047122226833406,0.6908482296514906
4785,0.1935530218670501,0.26970533948831554,0.5367416386446344
4786,0.3607584729213742,0.3146356271196876,0.3246058999589382
4787,0.14810272801291116,0.24128675321972287,0.6106105187673659
4788,0.3159559730134144,0.28985751722531033,0.3941865097612753
4789,0.3292217883583032,0.3068232331277399,0.3639549785139569
4790,0.30761760198535637,0.3200826442900308,0.3722997537246128
4791,0.1974149103892622,0.24625521822904617,0.5563298713816917
4792,0.3280054897900616,0.2995484851810084,0.37244602502892993
4793,0.35859973779255444,0.32279474943325703,0.3186055127741886
4794,0.29955243365404516,0.2843570233412859,0.41609054300466897
4795,0.2087190905576492,0.2516877985583095,0.5395931108840413
4796,0.3919085297633426,0.2858520842641027,0.32223938597255464
4797,0.32368332439238673,0.3076125279698889,0.3687041476377243
4798,0.23661452945511963,0.30081330105597764,0.4625721694889026
4799,0.35872858421598547,0.3438321564100706,0.29743925937394383
4800,0.15754573130425656,0.2677197220295206,0.5747345466662228
4801,0.16642643972934226,0.22245553299802745,0.6111180272726303
4802,0.1570561994482964,0.23580385532073922,0.6071399452309644
4803,0.10953152461653735,0.2211608930127912,0.6693075823706713
4804,0.34619104898637426,0.27968600527341586,0.37412294574020977
4805,0.22721395889617174,0.29411395199705453,0.47867208910677367
4806,0.20350319272561238,0.2676820809177341,0.5288147263566535
4807,0.24938028355817465,0.2975525173531416,0.45306719908868365
4808,0.2909486832405378,0.3071348871518333,0.40191642960762886
4809,0.30866514479787627,0.2672964539295529,0.42403840127257086
4810,0.16485516535051947,0.24560711491335174,0.5895377197361288
4811,0.2691707707488875,0.3266961349169625,0.40413309433414996
4812,0.21379729012013832,0.26695008983158713,0.5192526200482745
4813,0.3029863686732818,0.29167493215837614,0.4053386991683421
4814,0.25410855038806174,0.3351036798446774,0.41078776976726084
4815,0.35215220724746743,0.30258373482279916,0.3452640579297334
4816,0.22678857366851196,0.26122804265480637,0.5119833836766816
4817,0.40258268841708456,0.29635395575400797,0.30106335582890736
4818,0.256078402668725,0.267019567278521,0.4769020300527539
4819,0.22803525140288075,0.30882735919814996,0.4631373893989692
4820,0.10787277239332468,0.2160088358677996,0.6761183917388758
4821,0.1669995002487552,0.21898526516693562,0.6140152345843092
4822,0.21004577439672953,0.2567147826710859,0.5332394429321846
4823,0.07545423172739987,0.16998245930278796,0.7545633089698122
4824,0.09784790337262159,0.18545240251573814,0.7166996941116401
4825,0.3364034078659753,0.28035846728423547,0.3832381248497893
4826,0.20377442650292035,0.27408284171905284,0.5221427317780267
4827,0.28790257856827767,0.3065784409358441,0.40551898049587826
4828,0.32207514933154907,0.26547373974056104,0.41245111092789
4829,0.2543640173135629,0.30485217153293853,0.44078381115349846
4830,0.27485685645442065,0.2898811717630487,0.43526197178253073
4831,0.2819804455790378,0.27855627190112603,0.4394632825198362
4832,0.1544477432174432,0.24127076440080056,0.6042814923817562
4833,0.3373641359647543,0.2875827712393617,0.375053092795884
4834,0.193140660188608,0.30447166667755876,0.5023876731338334
4835,0.13740845648376765,0.23644368812585778,0.6261478553903745
4836,0.26115768677213147,0.2687528760502092,0.4700894371776593
4837,0.32432105152684226,0.2807908954519335,0.3948880530212242
4838,0.14377442114564706,0.21708057106657894,0.6391450077877739
4839,0.20983416239894026,0.23623974614355556,0.5539260914575043
4840,0.22109974836518406,0.2904834088202609,0.4884168428145551
4841,0.3085036630708498,0.2931418083407781,0.39835452858837206
4842,0.2577320777828629,0.27026048923811147,0.47200743297902553
4843,0.21056871042027353,0.24490761905439426,0.5445236705253322
4844,0.2111528443625591,0.26778220702946964,0.5210649486079713
4845,0.20922938690209872,0.25495937493557996,0.5358112381623213
4846,0.30073439223134124,0.2863333974727415,0.4129322102959172
4847,0.2154995784526732,0.2612507291236902,0.5232496924236365
4848,0.39268455024227805,0.3020579173755852,0.3052575323821368
4849,0.4895934612953306,0.2819436001686487,0.22846293853602062
4850,0.23523749728376525,0.30134250481261554,0.46341999790361926
4851,0.14668340349467152,0.23668570503682648,0.6166308914685021
4852,0.1666810149204166,0.24535854006184457,0.5879604450177389
4853,0.2657214043009132,0.3247287982425917,0.40954979745649517
4854,0.17129473407484344,0.22148151322583323,0.6072237526993233
4855,0.18147416246586728,0.2603496273568714,0.5581762101772614
4856,0.13123378985265743,0.22529537333363853,0.643470836813704
4857,0.21669767236598614,0.2569605851736404,0.5263417424603735
4858,0.2213854345176211,0.24796183180724737,0.5306527336751314
4859,0.07361311991121564,0.1607098751745884,0.765677004914196
4860,0.17477923982335902,0.24019218728040212,0.5850285728962388
4861,0.3035688307305626,0.2889976141317761,0.4074335551376612
4862,0.19148253634611015,0.3091355281488843,0.4993819355050056
4863,0.20673032074488173,0.25052634558046893,0.5427433336746493
4864,0.517986612446995,0.273217725093816,0.208795662459189
4865,0.24784004304546445,0.25030034026434683,0.5018596166901887
4866,0.30561958654420773,0.3169074411654626,0.3774729722903296
4867,0.2450116222656563,0.2760756396213216,0.4789127381130222
4868,0.2949561844754897,0.2690443721321985,0.4359994433923119
4869,0.18555538990179557,0.2979129880304073,0.5165316220677971
4870,0.246429364480665,0.2417995331255923,0.5117711023937428
4871,0.3272274317026897,0.2716148189371925,0.4011577493601179
4872,0.36444625753171644,0.3164728577912041,0.3190808846770794
4873,0.263577044166112,0.28033382311808613,0.45608913271580176
4874,0.23049148658263777,0.285300616503865,0.48420789691349725
4875,0.09061336356169819,0.1859710333498228,0.7234156030884791
4876,0.3504329437181649,0.29572526617984723,0.3538417901019879
4877,0.1655685981451058,0.25050706169598236,0.5839243401589119
4878,0.23941194741170682,0.2666126761401629,0.4939753764481304
4879,0.17359221813595802,0.28136647214665134,0.5450413097173907
4880,0.16118897832498855,0.2786192813183099,0.5601917403567016
4881,0.1639572365997338,0.23300607960321248,0.6030366837970537
4882,0.37148439406074624,0.27244596678063143,0.35606963915862233
4883,0.09832658870773874,0.1996777323257832,0.701995678966478
4884,0.2520637866629383,0.2714888356297042,0.4764473777073575
4885,0.35162377141028445,0.2770563867251258,0.3713198418645898
4886,0.18379449731330924,0.22352663976917664,0.592678862917514
4887,0.5575403024279734,0.26925617723617645,0.1732035203358502
4888,0.4578042858220232,0.2629022016230788,0.2792935125548981
4889,0.2553269555338764,0.30619965047896064,0.43847339398716306
4890,0.09491116872250101,0.17434373044628196,0.730745100831217
4891,0.10739256004902846,0.1917080264189295,0.700899413532042
4892,0.3764531267502647,0.2704528584204275,0.35309401482930775
4893,0.2374261925993213,0.28007756282980434,0.4824962445708744
4894,0.31138239816918195,0.28231063515028293,0.4063069666805352
4895,0.40483398385971375,0.30086543276557826,0.29430058337470794
4896,0.1803398291791403,0.24072120710421452,0.5789389637166452
4897,0.22775732833538892,0.2932271148236431,0.4790155568409679
4898,0.24395802190609558,0.2781779780226354,0.47786400007126906
4899,0.1667212396400409,0.24288838106828953,0.5903903792916696
4900,0.11075526268847936,0.21529484031449017,0.6739498969970306
4901,0.15091561173420742,0.21160949604734738,0.6374748922184451
4902,0.21893219827803617,0.270758511024994,0.5103092906969698
4903,0.16556551810996734,0.3105316516680282,0.5239028302220045
4904,0.3639006609363925,0.29805393172388717,0.33804540733972027
4905,0.16270765512060534,0.2580418391551883,0.5792505057242064
4906,0.13870478555658403,0.23831433827532858,0.6229808761680874
4907,0.1900923649937221,0.24781007893959178,0.5620975560666861
4908,0.4032809594822135,0.25160180859436165,0.3451172319234249
4909,0.4074668611201359,0.2497515738410854,0.34278156503877866
4910,0.23571943776789742,0.28102920327626874,0.4832513589558337
4911,0.21034490379104742,0.2473567470488271,0.5422983491601254
4912,0.31727849466319863,0.2926117428852036,0.3901097624515977
4913,0.26273009793737473,0.2850473413297091,0.4522225607329161
4914,0.1326912961942163,0.2039953088302409,0.6633133949755429
4915,0.35048205086046835,0.27363248260960993,0.3758854665299217
4916,0.3734479321436346,0.30778975612088777,0.3187623117354776
4917,0.26068351238886267,0.29452125683300845,0.4447952307781289
4918,0.23874181927970997,0.2801873225029374,0.4810708582173528
4919,0.33178027992400233,0.28340640509264525,0.3848133149833523
4920,0.26465427717671863,0.2422484014641988,0.4930973213590825
4921,0.25619567794890913,0.29794718111895413,0.4458571409321367
4922,0.25132007890449015,0.2693555361639866,0.4793243849315232
4923,0.269033950140053,0.29172338439390477,0.4392426654660421
4924,0.10992502666960847,0.18283984185178945,0.7072351314786021
4925,0.20523371237956375,0.30239999132409495,0.4923662962963413
4926,0.39592753009778037,0.23054212547460207,0.3735303444276176
4927,0.09783145620695773,0.19542478003111705,0.7067437637619253
4928,0.20823920743423596,0.27049762167179126,0.5212631708939728
4929,0.31904807454683143,0.26764416131311447,0.41330776414005405
4930,0.23026958345631682,0.2585415998722177,0.5111888166714655
4931,0.1659583839677608,0.26371657530700815,0.570325040725231
4932,0.4466834815293263,0.2843706113829083,0.26894590708776533
4933,0.14451294420854358,0.27429548572521695,0.5811915700662394
4934,0.17965145171227653,0.24574699369128483,0.5746015545964386
4935,0.211210123351455,0.2687745743538519,0.5200153022946931
4936,0.3357320327646348,0.28286169213575296,0.3814062750996123
4937,0.38639726498705085,0.3071122834782254,0.30649045153472376
4938,0.30011078835551264,0.25728864523478245,0.44260056640970497
4939,0.3592758836344439,0.25336932207408147,0.3873547942914746
4940,0.26965430878342195,0.3081522845978399,0.42219340661873817
4941,0.1980558491181402,0.22650496192866018,0.5754391889531996
4942,0.2492763948209696,0.27278474252900947,0.477938862650021
4943,0.17488152128100365,0.25330751163774284,0.5718109670812536
4944,0.2924363933731629,0.3227229433245386,0.3848406633022984
4945,0.21137452431686365,0.29890866252484716,0.48971681315828913
4946,0.354058714019942,0.30211415290975674,0.3438271330703012
4947,0.17003432420182318,0.25045928650437627,0.5795063892938005
4948,0.24277326351150197,0.2499507489101339,0.5072759875783641
4949,0.24675887811693423,0.289465219079777,0.4637759028032888
4950,0.13006089708772392,0.20306704976529175,0.6668720531469844
4951,0.30672763769880895,0.28713692754784453,0.4061354347533465
4952,0.24188521475674854,0.251715745773307,0.5063990394699445
4953,0.3033831456708901,0.27820117814840345,0.4184156761807065
4954,0.15286867668349466,0.24681715072525356,0.6003141725912517
4955,0.25709332458321954,0.26406258792473974,0.4788440874920408
4956,0.24207822916431018,0.2831194411509724,0.4748023296847175
4957,0.14125340898092612,0.2396496723944983,0.6190969186245756
4958,0.38957647156101866,0.2558904619855865,0.35453306645339483
4959,0.25204138854214153,0.3106932238952877,0.43726538756257083
4960,0.23107832127312525,0.25332813493191325,0.5155935437949615
4961,0.2294411238170427,0.2312548391745497,0.5393040370084077
4962,0.20382653746487775,0.3026872110515393,0.49348625148358305
4963,0.2998252923275377,0.3149000792829123,0.38527462838955007
4964,0.21708462895699468,0.2715417656063037,0.5113736054367016
4965,0.22458380560896862,0.247965431624407,0.5274507627666244
4966,0.21667161347138733,0.3317054721837617,0.45162291434485097
4967,0.3671112746383855,0.2847153747871049,0.3481733505745096
4968,0.23090828598336438,0.25118097506962017,0.5179107389470153
4969,0.21935214428990518,0.24990132190212616,0.5307465338079687
4970,0.23118466590804485,0.2886363813797811,0.4801789527121741
4971,0.3167368623923825,0.3011751548317709,0.38208798277584655
4972,0.20445872074403484,0.2848566482290296,0.5106846310269355
4973,0.2258306164502016,0.2650468047904613,0.5091225787593371
4974,0.1860739249043885,0.24740205775162372,0.5665240173439877
4975,0.20155237235609494,0.2419295548536864,0.5565180727902186
4976,0.16498357835050595,0.2508930197649001,0.584123401884594
4977,0.22837188908462955,0.2612759266145278,0.5103521843008426
4978,0.20390496246072848,0.25427051944342377,0.5418245180958476
4979,0.15713230781625614,0.2875201456645742,0.5553475465191696
4980,0.1873630279333935,0.21410006925381525,0.5985369028127911
4981,0.3189557918900851,0.2896772966953706,0.3913669114145442
4982,0.4497559437743523,0.30580869803838656,0.2444353581872612
4983,0.15404143880063767,0.26690976531519756,0.5790487958841647
4984,0.2118523795776511,0.26264229629349783,0.5255053241288511
4985,0.25366272823516495,0.26994464910039995,0.47639262266443516
4986,0.3139501813490093,0.24840646526778126,0.4376433533832094
4987,0.14797114303788617,0.21821626956101114,0.6338125874011027
4988,0.27982492836268535,0.30742820088852774,0.41274687074878696
4989,0.21746745140144558,0.26074033777762956,0.5217922108209249
4990,0.26307164879960354,0.28870002989301724,0.4482283213073793
4991,0.18639996509659554,0.2408616218739355,0.5727384130294689
4992,0.2790364124270715,0.2852029686854458,0.4357606188874826
4993,0.17628008649619348,0.26614387201843925,0.5575760414853673
4994,0.30745540676786165,0.30564403809274004,0.38690055513939836
4995,0.18951294509163225,0.26983626369704794,0.5406507912113199
4996,0.17156911800391594,0.22184251001891456,0.6065883719771695
4997,0.29619221830030007,0.25320618848170495,0.45060159321799503
4998,0.30147334692270533,0.2655559632786791,0.4329706897986155
4999,0.1523649803742198,0.2667399983176368,0.5808950213081434
5000,0.18889445600509483,0.2428396173716504,0.5682659266232548
5001,0.3707861200166654,0.29280924997351787,0.33640463000981685
5002,0.23219210585625238,0.25568277866913774,0.5121251154746099
5003,0.11275763907117589,0.18608222741321429,0.7011601335156098
5004,0.30211466464457876,0.30237565728416604,0.3955096780712552
5005,0.3133150512607737,0.27381537084346036,0.412869577895766
5006,0.15639523310641087,0.23027516721200186,0.6133295996815872
5007,0.3049209830146896,0.3037648510876169,0.3913141658976935
5008,0.20981526146205481,0.28913813114677483,0.5010466073911704
5009,0.19811815882630465,0.28333766369990615,0.5185441774737891
5010,0.31468756407193565,0.3358641975329393,0.3494482383951251
5011,0.2797661053470826,0.3006859224403234,0.41954797221259404
5012,0.20658898525139752,0.2714815977160627,0.5219294170325398
5013,0.30924237109339664,0.26111500370108964,0.42964262520551366
5014,0.34720613859521077,0.3351448443282321,0.3176490170765571
5015,0.2893321182852477,0.24986495096772504,0.4608029307470272
5016,0.2371696907524426,0.24248955612081205,0.5203407531267453
5017,0.287399075712831,0.28379025933069235,0.4288106649564767
5018,0.19528650670153408,0.24795135718435168,0.5567621361141142
5019,0.22893374727090787,0.2874164707584093,0.48364978197068287
5020,0.2396113341374154,0.30958658588603744,0.45080207997654725
5021,0.17411635679698428,0.24553147004985942,0.5803521731531562
5022,0.29366255395468577,0.28289675689212873,0.42344068915318545
5023,0.2102316634548439,0.24921350383273608,0.54055483271242
5024,0.42155532859811073,0.30381923826334456,0.2746254331385447
5025,0.12610606928615117,0.21872549293818233,0.6551684377756664
5026,0.21858348907376304,0.2658241999399713,0.5155923109862657
5027,0.34441259406426294,0.30930019345417453,0.3462872124815625
5028,0.30742275339188196,0.2677695520450628,0.42480769456305517
5029,0.32226484705593256,0.2747755828539332,0.4029595700901342
5030,0.2145476579421598,0.22203080160607333,0.5634215404517668
5031,0.12949406367139707,0.2135663834976527,0.6569395528309503
5032,0.3461797872952301,0.2902824549817775,0.3635377577229923
5033,0.19332794952756246,0.3175419388740916,0.4891301115983459
5034,0.2073323217677993,0.2799866953427325,0.5126809828894682
5035,0.2014618722479979,0.2331406689754616,0.5653974587765406
5036,0.24342989710473814,0.2914606120590003,0.4651094908362615
5037,0.32064475477539456,0.26947167864334753,0.409883566581258
5038,0.25978737126852486,0.3197862723479175,0.4204263563835576
5039,0.22778303097024016,0.27858289777760364,0.4936340712521561
5040,0.2307365367732315,0.2750808557684485,0.4941826074583201
5041,0.17146376089950344,0.22773021677805927,0.6008060223224373
5042,0.16029420058128419,0.2562138116391873,0.5834919877795286
5043,0.2831353672090918,0.269707068028553,0.4471575647623552
5044,0.379235966661779,0.34192752284185957,0.27883651049636143
5045,0.2154167345609121,0.30187347006794085,0.482709795371147
5046,0.3874303720300668,0.2971679010908703,0.3154017268790629
5047,0.32944216819729066,0.2786546160785109,0.3919032157241984
5048,0.24759945228527047,0.2635993431615917,0.4888012045531379
5049,0.20860194460321224,0.2697684899091582,0.5216295654876296
5050,0.24718686613002483,0.2648454859584583,0.48796764791151676
5051,0.24817907612808016,0.307972402304657,0.44384852156726273
5052,0.293767031429926,0.2586552501089114,0.4475777184611627
5053,0.221174283879486,0.27415103717570616,0.5046746789448079
5054,0.10706502352762706,0.18260643130780105,0.7103285451645719
5055,0.15839735578580877,0.257253937719551,0.5843487064946402
5056,0.18109748275286677,0.25957049474998933,0.559332022497144
5057,0.1647460493893277,0.26413171156641463,0.5711222390442577
5058,0.30944000805320904,0.27993076864729455,0.41062922329949647
5059,0.2130808565661119,0.27497541821306043,0.5119437252208278
5060,0.2090525903406738,0.3208705592388269,0.4700768504204994
5061,0.2204787875685859,0.2665592846800707,0.5129619277513434
5062,0.22890961452038974,0.23779033732733987,0.5333000481522704
5063,0.4158416558034682,0.3077756154424085,0.27638272875412323
5064,0.41337836843803333,0.259463089580021,0.32715854198194577
5065,0.11346659788600393,0.21438331852020318,0.6721500835937929
5066,0.1548946545819779,0.22323397601368775,0.6218713694043344
5067,0.09780377508503364,0.18853551095626744,0.7136607139586989
5068,0.233776555870921,0.27615526013312247,0.4900681839959566
5069,0.21559313799019206,0.23388124809034175,0.5505256139194662
5070,0.17525907379405592,0.2586964569556013,0.5660444692503429
5071,0.11045385308907915,0.20329746609422303,0.6862486808166979
5072,0.22261703177255365,0.3130486850026264,0.46433428322482
5073,0.32264067283520687,0.3133858488355391,0.3639734783292539
5074,0.3266118851990793,0.2851816349857524,0.38820647981516826
5075,0.24706766513525522,0.2983539177865934,0.45457841707815133
5076,0.2524064839824608,0.31389481390200485,0.43369870211553435
5077,0.16919700000735602,0.23882746851264197,0.5919755314800019
5078,0.2308941361971627,0.27274656656114094,0.49635929724169625
5079,0.2774809768142685,0.25677264115593995,0.46574638202979146
5080,0.4641077524348106,0.29224426880203874,0.24364797876315059
5081,0.2622788996327635,0.30556601332368044,0.4321550870435561
5082,0.1588292924514234,0.2582687964822886,0.582901911066288
5083,0.21560478783190065,0.2937482316126804,0.49064698055541894
5084,0.3899184298161222,0.2829264216602772,0.3271551485236006
5085,0.2450584872886758,0.24219850586856922,0.512743006842755
5086,0.23034825718312196,0.23614803660796777,0.5335037062089103
5087,0.21916336890430874,0.279529611112551,0.5013070199831403
5088,0.20357211489417723,0.24033248966754478,0.5560953954382779
5089,0.13881925507637918,0.2250203192277753,0.6361604256958455
5090,0.18232136135810612,0.25335625059252137,0.5643223880493725
5091,0.21197423425873432,0.2720900176640324,0.5159357480772333
5092,0.2012769732417332,0.2706171673800238,0.528105859378243
5093,0.2576073418062746,0.2852418642309741,0.4571507939627512
5094,0.3247835458926523,0.2983134859272665,0.37690296818008123
5095,0.4025635847868223,0.27245688628853365,0.32497952892464416
5096,0.258924415375109,0.3138186643302841,0.42725692029460693
5097,0.25211776961955135,0.2823810360618881,0.46550119431856046
5098,0.22399799395917655,0.26356830938569825,0.5124336966551252
5099,0.32286976782102694,0.29639411042890296,0.3807361217500701
5100,0.25166671559774756,0.25863549280134296,0.4896977916009093
5101,0.12079382558118912,0.22534968621293303,0.6538564882058778
5102,0.25195627228852646,0.25397023024338083,0.49407349746809265
5103,0.21969213249181427,0.3165388000896565,0.4637690674185293
5104,0.24476909282182496,0.28853394820816786,0.4666969589700071
5105,0.28305670623925167,0.29854714481087524,0.4183961489498731
5106,0.21767482843754982,0.24391566349934551,0.5384095080631047
5107,0.11619325928884638,0.21270444854004994,0.6711022921711036
5108,0.287770330965846,0.29485068139575654,0.4173789876383975
5109,0.21700232202733147,0.2557642761275338,0.5272334018451348
5110,0.24138924150366764,0.2560466955736995,0.5025640629226328
5111,0.21882757634121502,0.30489166689927816,0.4762807567595068
5112,0.06659216367829582,0.16684108571806938,0.7665667506036349
5113,0.2655560244680747,0.29756756016279984,0.43687641536912547
5114,0.24347828664612242,0.2528429996299167,0.5036787137239609
5115,0.30447734381074987,0.2686414353961091,0.42688122079314095
5116,0.1884916519567908,0.2556531515470661,0.5558551964961431
5117,0.22621648257066293,0.25762904052358815,0.5161544769057489
5118,0.1398640058811161,0.2462279037059898,0.6139080904128941
5119,0.17985866343189486,0.2960402532058323,0.5241010833622728
5120,0.23604507036157912,0.28074942569219824,0.48320550394622275
5121,0.240080309063167,0.24978816173816296,0.51013152919867
5122,0.44735086274603214,0.2919902097237108,0.2606589275302572
5123,0.5732847629755913,0.26888828196277464,0.15782695506163422
5124,0.2909660545295628,0.2806678084357941,0.4283661370346431
5125,0.22465483145581136,0.28117359132477776,0.4941715772194109
5126,0.20392480306169047,0.24681822165951522,0.5492569752787944
5127,0.1705806804870431,0.29331754773645446,0.5361017717765024
5128,0.18226318441429737,0.24561409710925944,0.5721227184764432
5129,0.14080452943120048,0.2277506654397347,0.6314448051290648
5130,0.29584234822922933,0.289255152653496,0.41490249911727467
5131,0.2162503855859301,0.2851641902990325,0.4985854241150375
5132,0.21717427267557457,0.2770410571116854,0.5057846702127401
5133,0.18564116747702647,0.2630389657486029,0.5513198667743706
5134,0.1293515115305302,0.18749936174285667,0.6831491267266131
5135,0.3238851653111605,0.26258785843726523,0.4135269762515743
5136,0.11063506196473702,0.2220537820959662,0.6673111559392968
5137,0.2830648010496651,0.27925331544182197,0.43768188350851295
5138,0.43842244579958495,0.29134660119677114,0.2702309530036438
5139,0.20362987281483816,0.2744761722913789,0.521893954893783
5140,0.195248581895532,0.2843130512147616,0.5204383668897065
5141,0.445367226972089,0.2709930256843903,0.28363974734352065
5142,0.19523152504505917,0.2762910660958014,0.5284774088591394
5143,0.3127039853577646,0.30948461074053385,0.3778114039017016
