Id,A,D,H
3419,0.2401286926001755,0.26820707809300964,0.49166422930681486
3420,0.2401286926001755,0.26820707809300964,0.49166422930681486
3421,0.2401286926001755,0.26820707809300964,0.49166422930681486
3422,0.2401286926001755,0.26820707809300964,0.49166422930681486
3423,0.2401286926001755,0.26820707809300964,0.49166422930681486
3424,0.2401286926001755,0.26820707809300964,0.49166422930681486
3425,0.2401286926001755,0.26820707809300964,0.49166422930681486
3426,0.2401286926001755,0.26820707809300964,0.49166422930681486
3427,0.2401286926001755,0.26820707809300964,0.49166422930681486
3428,0.2401286926001755,0.26820707809300964,0.49166422930681486
3429,0.2401286926001755,0.26820707809300964,0.49166422930681486
3430,0.2401286926001755,0.26820707809300964,0.49166422930681486
3431,0.2401286926001755,0.26820707809300964,0.49166422930681486
3432,0.2401286926001755,0.26820707809300964,0.49166422930681486
3433,0.2401286926001755,0.26820707809300964,0.49166422930681486
3434,0.2401286926001755,0.26820707809300964,0.49166422930681486
3435,0.2401286926001755,0.26820707809300964,0.49166422930681486
3436,0.2401286926001755,0.26820707809300964,0.49166422930681486
3437,0.2401286926001755,0.26820707809300964,0.49166422930681486
3438,0.2401286926001755,0.26820707809300964,0.49166422930681486
3439,0.2401286926001755,0.26820707809300964,0.49166422930681486
3440,0.2401286926001755,0.26820707809300964,0.49166422930681486
3441,0.2401286926001755,0.26820707809300964,0.49166422930681486
3442,0.2401286926001755,0.26820707809300964,0.49166422930681486
3443,0.2401286926001755,0.26820707809300964,0.49166422930681486
3444,0.2401286926001755,0.26820707809300964,0.49166422930681486
3445,0.2401286926001755,0.26820707809300964,0.49166422930681486
3446,0.2401286926001755,0.26820707809300964,0.49166422930681486
3447,0.2401286926001755,0.26820707809300964,0.49166422930681486
3448,0.2401286926001755,0.26820707809300964,0.49166422930681486
3449,0.2401286926001755,0.26820707809300964,0.49166422930681486
3450,0.2401286926001755,0.26820707809300964,0.49166422930681486
3451,0.2401286926001755,0.26820707809300964,0.49166422930681486
3452,0.2401286926001755,0.26820707809300964,0.49166422930681486
3453,0.2401286926001755,0.26820707809300964,0.49166422930681486
3454,0.2401286926001755,0.26820707809300964,0.49166422930681486
3455,0.2401286926001755,0.26820707809300964,0.49166422930681486
3456,0.2401286926001755,0.26820707809300964,0.49166422930681486
3457,0.2401286926001755,0.26820707809300964,0.49166422930681486
3458,0.2401286926001755,0.26820707809300964,0.49166422930681486
3459,0.2401286926001755,0.26820707809300964,0.49166422930681486
3460,0.2401286926001755,0.26820707809300964,0.49166422930681486
3461,0.2401286926001755,0.26820707809300964,0.49166422930681486
3462,0.2401286926001755,0.26820707809300964,0.49166422930681486
3463,0.2401286926001755,0.26820707809300964,0.49166422930681486
3464,0.2401286926001755,0.26820707809300964,0.49166422930681486
3465,0.2401286926001755,0.26820707809300964,0.49166422930681486
3466,0.2401286926001755,0.26820707809300964,0.49166422930681486
3467,0.2401286926001755,0.26820707809300964,0.49166422930681486
3468,0.2401286926001755,0.26820707809300964,0.49166422930681486
3469,0.2401286926001755,0.26820707809300964,0.49166422930681486
3470,0.2401286926001755,0.26820707809300964,0.49166422930681486
3471,0.2401286926001755,0.26820707809300964,0.49166422930681486
3472,0.2401286926001755,0.26820707809300964,0.49166422930681486
3473,0.2401286926001755,0.26820707809300964,0.49166422930681486
3474,0.2401286926001755,0.26820707809300964,0.49166422930681486
3475,0.2401286926001755,0.26820707809300964,0.49166422930681486
3476,0.2401286926001755,0.26820707809300964,0.49166422930681486
3477,0.2401286926001755,0.26820707809300964,0.49166422930681486
3478,0.2401286926001755,0.26820707809300964,0.49166422930681486
3479,0.2401286926001755,0.26820707809300964,0.49166422930681486
3480,0.2401286926001755,0.26820707809300964,0.49166422930681486
3481,0.2401286926001755,0.26820707809300964,0.49166422930681486
3482,0.2401286926001755,0.26820707809300964,0.49166422930681486
3483,0.2401286926001755,0.26820707809300964,0.49166422930681486
3484,0.2401286926001755,0.26820707809300964,0.49166422930681486
3485,0.2401286926001755,0.26820707809300964,0.49166422930681486
3486,0.2401286926001755,0.26820707809300964,0.49166422930681486
3487,0.2401286926001755,0.26820707809300964,0.49166422930681486
3488,0.2401286926001755,0.26820707809300964,0.49166422930681486
3489,0.2401286926001755,0.26820707809300964,0.49166422930681486
3490,0.2401286926001755,0.26820707809300964,0.49166422930681486
3491,0.2401286926001755,0.26820707809300964,0.49166422930681486
3492,0.2401286926001755,0.26820707809300964,0.49166422930681486
3493,0.2401286926001755,0.26820707809300964,0.49166422930681486
3494,0.2401286926001755,0.26820707809300964,0.49166422930681486
3495,0.2401286926001755,0.26820707809300964,0.49166422930681486
3496,0.2401286926001755,0.26820707809300964,0.49166422930681486
3497,0.2401286926001755,0.26820707809300964,0.49166422930681486
3498,0.2401286926001755,0.26820707809300964,0.49166422930681486
3499,0.2401286926001755,0.26820707809300964,0.49166422930681486
3500,0.2401286926001755,0.26820707809300964,0.49166422930681486
3501,0.2401286926001755,0.26820707809300964,0.49166422930681486
3502,0.2401286926001755,0.26820707809300964,0.49166422930681486
3503,0.2401286926001755,0.26820707809300964,0.49166422930681486
3504,0.2401286926001755,0.26820707809300964,0.49166422930681486
3505,0.2401286926001755,0.26820707809300964,0.49166422930681486
3506,0.2401286926001755,0.26820707809300964,0.49166422930681486
3507,0.2401286926001755,0.26820707809300964,0.49166422930681486
3508,0.2401286926001755,0.26820707809300964,0.49166422930681486
3509,0.2401286926001755,0.26820707809300964,0.49166422930681486
3510,0.2401286926001755,0.26820707809300964,0.49166422930681486
3511,0.2401286926001755,0.26820707809300964,0.49166422930681486
3512,0.2401286926001755,0.26820707809300964,0.49166422930681486
3513,0.2401286926001755,0.26820707809300964,0.49166422930681486
3514,0.2401286926001755,0.26820707809300964,0.49166422930681486
3515,0.2401286926001755,0.26820707809300964,0.49166422930681486
3516,0.2401286926001755,0.26820707809300964,0.49166422930681486
3517,0.2401286926001755,0.26820707809300964,0.49166422930681486
3518,0.2401286926001755,0.26820707809300964,0.49166422930681486
3519,0.2401286926001755,0.26820707809300964,0.49166422930681486
3520,0.2401286926001755,0.26820707809300964,0.49166422930681486
3521,0.2401286926001755,0.26820707809300964,0.49166422930681486
3522,0.2401286926001755,0.26820707809300964,0.49166422930681486
3523,0.2401286926001755,0.26820707809300964,0.49166422930681486
3524,0.2401286926001755,0.26820707809300964,0.49166422930681486
3525,0.2401286926001755,0.26820707809300964,0.49166422930681486
3526,0.2401286926001755,0.26820707809300964,0.49166422930681486
3527,0.2401286926001755,0.26820707809300964,0.49166422930681486
3528,0.2401286926001755,0.26820707809300964,0.49166422930681486
3529,0.2401286926001755,0.26820707809300964,0.49166422930681486
3530,0.2401286926001755,0.26820707809300964,0.49166422930681486
3531,0.2401286926001755,0.26820707809300964,0.49166422930681486
3532,0.2401286926001755,0.26820707809300964,0.49166422930681486
3533,0.2401286926001755,0.26820707809300964,0.49166422930681486
3534,0.2401286926001755,0.26820707809300964,0.49166422930681486
3535,0.2401286926001755,0.26820707809300964,0.49166422930681486
3536,0.2401286926001755,0.26820707809300964,0.49166422930681486
3537,0.2401286926001755,0.26820707809300964,0.49166422930681486
3538,0.2401286926001755,0.26820707809300964,0.49166422930681486
3539,0.2401286926001755,0.26820707809300964,0.49166422930681486
3540,0.2401286926001755,0.26820707809300964,0.49166422930681486
3541,0.2401286926001755,0.26820707809300964,0.49166422930681486
3542,0.2401286926001755,0.26820707809300964,0.49166422930681486
3543,0.2401286926001755,0.26820707809300964,0.49166422930681486
3544,0.2401286926001755,0.26820707809300964,0.49166422930681486
3545,0.2401286926001755,0.26820707809300964,0.49166422930681486
3546,0.2401286926001755,0.26820707809300964,0.49166422930681486
3547,0.2401286926001755,0.26820707809300964,0.49166422930681486
3548,0.2401286926001755,0.26820707809300964,0.49166422930681486
3549,0.2401286926001755,0.26820707809300964,0.49166422930681486
3550,0.2401286926001755,0.26820707809300964,0.49166422930681486
3551,0.2401286926001755,0.26820707809300964,0.49166422930681486
3552,0.2401286926001755,0.26820707809300964,0.49166422930681486
3553,0.2401286926001755,0.26820707809300964,0.49166422930681486
3554,0.2401286926001755,0.26820707809300964,0.49166422930681486
3555,0.2401286926001755,0.26820707809300964,0.49166422930681486
3556,0.2401286926001755,0.26820707809300964,0.49166422930681486
3557,0.2401286926001755,0.26820707809300964,0.49166422930681486
3558,0.2401286926001755,0.26820707809300964,0.49166422930681486
3559,0.2401286926001755,0.26820707809300964,0.49166422930681486
3560,0.2401286926001755,0.26820707809300964,0.49166422930681486
3561,0.2401286926001755,0.26820707809300964,0.49166422930681486
3562,0.2401286926001755,0.26820707809300964,0.49166422930681486
3563,0.2401286926001755,0.26820707809300964,0.49166422930681486
3564,0.2401286926001755,0.26820707809300964,0.49166422930681486
3565,0.2401286926001755,0.26820707809300964,0.49166422930681486
3566,0.2401286926001755,0.26820707809300964,0.49166422930681486
3567,0.2401286926001755,0.26820707809300964,0.49166422930681486
3568,0.2401286926001755,0.26820707809300964,0.49166422930681486
3569,0.2401286926001755,0.26820707809300964,0.49166422930681486
3570,0.2401286926001755,0.26820707809300964,0.49166422930681486
3571,0.2401286926001755,0.26820707809300964,0.49166422930681486
3572,0.2401286926001755,0.26820707809300964,0.49166422930681486
3573,0.2401286926001755,0.26820707809300964,0.49166422930681486
3574,0.2401286926001755,0.26820707809300964,0.49166422930681486
3575,0.2401286926001755,0.26820707809300964,0.49166422930681486
3576,0.2401286926001755,0.26820707809300964,0.49166422930681486
3577,0.2401286926001755,0.26820707809300964,0.49166422930681486
3578,0.2401286926001755,0.26820707809300964,0.49166422930681486
3579,0.2401286926001755,0.26820707809300964,0.49166422930681486
3580,0.2401286926001755,0.26820707809300964,0.49166422930681486
3581,0.2401286926001755,0.26820707809300964,0.49166422930681486
3582,0.2401286926001755,0.26820707809300964,0.49166422930681486
3583,0.2401286926001755,0.26820707809300964,0.49166422930681486
3584,0.2401286926001755,0.26820707809300964,0.49166422930681486
3585,0.2401286926001755,0.26820707809300964,0.49166422930681486
3586,0.2401286926001755,0.26820707809300964,0.49166422930681486
3587,0.2401286926001755,0.26820707809300964,0.49166422930681486
3588,0.2401286926001755,0.26820707809300964,0.49166422930681486
3589,0.2401286926001755,0.26820707809300964,0.49166422930681486
3590,0.2401286926001755,0.26820707809300964,0.49166422930681486
3591,0.2401286926001755,0.26820707809300964,0.49166422930681486
3592,0.2401286926001755,0.26820707809300964,0.49166422930681486
3593,0.2401286926001755,0.26820707809300964,0.49166422930681486
3594,0.2401286926001755,0.26820707809300964,0.49166422930681486
3595,0.2401286926001755,0.26820707809300964,0.49166422930681486
3596,0.2401286926001755,0.26820707809300964,0.49166422930681486
3597,0.2401286926001755,0.26820707809300964,0.49166422930681486
3598,0.2401286926001755,0.26820707809300964,0.49166422930681486
3599,0.2401286926001755,0.26820707809300964,0.49166422930681486
3600,0.2401286926001755,0.26820707809300964,0.49166422930681486
3601,0.2401286926001755,0.26820707809300964,0.49166422930681486
3602,0.2401286926001755,0.26820707809300964,0.49166422930681486
3603,0.2401286926001755,0.26820707809300964,0.49166422930681486
3604,0.2401286926001755,0.26820707809300964,0.49166422930681486
3605,0.2401286926001755,0.26820707809300964,0.49166422930681486
3606,0.2401286926001755,0.26820707809300964,0.49166422930681486
3607,0.2401286926001755,0.26820707809300964,0.49166422930681486
3608,0.2401286926001755,0.26820707809300964,0.49166422930681486
3609,0.2401286926001755,0.26820707809300964,0.49166422930681486
3610,0.2401286926001755,0.26820707809300964,0.49166422930681486
3611,0.2401286926001755,0.26820707809300964,0.49166422930681486
3612,0.2401286926001755,0.26820707809300964,0.49166422930681486
3613,0.2401286926001755,0.26820707809300964,0.49166422930681486
3614,0.2401286926001755,0.26820707809300964,0.49166422930681486
3615,0.2401286926001755,0.26820707809300964,0.49166422930681486
3616,0.2401286926001755,0.26820707809300964,0.49166422930681486
3617,0.2401286926001755,0.26820707809300964,0.49166422930681486
3618,0.2401286926001755,0.26820707809300964,0.49166422930681486
3619,0.2401286926001755,0.26820707809300964,0.49166422930681486
3620,0.2401286926001755,0.26820707809300964,0.49166422930681486
3621,0.2401286926001755,0.26820707809300964,0.49166422930681486
3622,0.2401286926001755,0.26820707809300964,0.49166422930681486
3623,0.2401286926001755,0.26820707809300964,0.49166422930681486
3624,0.2401286926001755,0.26820707809300964,0.49166422930681486
3625,0.2401286926001755,0.26820707809300964,0.49166422930681486
3626,0.2401286926001755,0.26820707809300964,0.49166422930681486
3627,0.2401286926001755,0.26820707809300964,0.49166422930681486
3628,0.2401286926001755,0.26820707809300964,0.49166422930681486
3629,0.2401286926001755,0.26820707809300964,0.49166422930681486
3630,0.2401286926001755,0.26820707809300964,0.49166422930681486
3631,0.2401286926001755,0.26820707809300964,0.49166422930681486
3632,0.2401286926001755,0.26820707809300964,0.49166422930681486
3633,0.2401286926001755,0.26820707809300964,0.49166422930681486
3634,0.2401286926001755,0.26820707809300964,0.49166422930681486
3635,0.2401286926001755,0.26820707809300964,0.49166422930681486
3636,0.2401286926001755,0.26820707809300964,0.49166422930681486
3637,0.2401286926001755,0.26820707809300964,0.49166422930681486
3638,0.2401286926001755,0.26820707809300964,0.49166422930681486
3639,0.2401286926001755,0.26820707809300964,0.49166422930681486
3640,0.2401286926001755,0.26820707809300964,0.49166422930681486
3641,0.2401286926001755,0.26820707809300964,0.49166422930681486
3642,0.2401286926001755,0.26820707809300964,0.49166422930681486
3643,0.2401286926001755,0.26820707809300964,0.49166422930681486
3644,0.2401286926001755,0.26820707809300964,0.49166422930681486
3645,0.2401286926001755,0.26820707809300964,0.49166422930681486
3646,0.2401286926001755,0.26820707809300964,0.49166422930681486
3647,0.2401286926001755,0.26820707809300964,0.49166422930681486
3648,0.2401286926001755,0.26820707809300964,0.49166422930681486
3649,0.2401286926001755,0.26820707809300964,0.49166422930681486
3650,0.2401286926001755,0.26820707809300964,0.49166422930681486
3651,0.2401286926001755,0.26820707809300964,0.49166422930681486
3652,0.2401286926001755,0.26820707809300964,0.49166422930681486
3653,0.2401286926001755,0.26820707809300964,0.49166422930681486
3654,0.2401286926001755,0.26820707809300964,0.49166422930681486
3655,0.2401286926001755,0.26820707809300964,0.49166422930681486
3656,0.2401286926001755,0.26820707809300964,0.49166422930681486
3657,0.2401286926001755,0.26820707809300964,0.49166422930681486
3658,0.2401286926001755,0.26820707809300964,0.49166422930681486
3659,0.2401286926001755,0.26820707809300964,0.49166422930681486
3660,0.2401286926001755,0.26820707809300964,0.49166422930681486
3661,0.2401286926001755,0.26820707809300964,0.49166422930681486
3662,0.2401286926001755,0.26820707809300964,0.49166422930681486
3663,0.2401286926001755,0.26820707809300964,0.49166422930681486
3664,0.2401286926001755,0.26820707809300964,0.49166422930681486
3665,0.2401286926001755,0.26820707809300964,0.49166422930681486
3666,0.2401286926001755,0.26820707809300964,0.49166422930681486
3667,0.2401286926001755,0.26820707809300964,0.49166422930681486
3668,0.2401286926001755,0.26820707809300964,0.49166422930681486
3669,0.2401286926001755,0.26820707809300964,0.49166422930681486
3670,0.2401286926001755,0.26820707809300964,0.49166422930681486
3671,0.2401286926001755,0.26820707809300964,0.49166422930681486
3672,0.2401286926001755,0.26820707809300964,0.49166422930681486
3673,0.2401286926001755,0.26820707809300964,0.49166422930681486
3674,0.2401286926001755,0.26820707809300964,0.49166422930681486
3675,0.2401286926001755,0.26820707809300964,0.49166422930681486
3676,0.2401286926001755,0.26820707809300964,0.49166422930681486
3677,0.2401286926001755,0.26820707809300964,0.49166422930681486
3678,0.2401286926001755,0.26820707809300964,0.49166422930681486
3679,0.2401286926001755,0.26820707809300964,0.49166422930681486
3680,0.2401286926001755,0.26820707809300964,0.49166422930681486
3681,0.2401286926001755,0.26820707809300964,0.49166422930681486
3682,0.2401286926001755,0.26820707809300964,0.49166422930681486
3683,0.2401286926001755,0.26820707809300964,0.49166422930681486
3684,0.2401286926001755,0.26820707809300964,0.49166422930681486
3685,0.2401286926001755,0.26820707809300964,0.49166422930681486
3686,0.2401286926001755,0.26820707809300964,0.49166422930681486
3687,0.2401286926001755,0.26820707809300964,0.49166422930681486
3688,0.2401286926001755,0.26820707809300964,0.49166422930681486
3689,0.2401286926001755,0.26820707809300964,0.49166422930681486
3690,0.2401286926001755,0.26820707809300964,0.49166422930681486
3691,0.2401286926001755,0.26820707809300964,0.49166422930681486
3692,0.2401286926001755,0.26820707809300964,0.49166422930681486
3693,0.2401286926001755,0.26820707809300964,0.49166422930681486
3694,0.2401286926001755,0.26820707809300964,0.49166422930681486
3695,0.2401286926001755,0.26820707809300964,0.49166422930681486
3696,0.2401286926001755,0.26820707809300964,0.49166422930681486
3697,0.2401286926001755,0.26820707809300964,0.49166422930681486
3698,0.2401286926001755,0.26820707809300964,0.49166422930681486
3699,0.2401286926001755,0.26820707809300964,0.49166422930681486
3700,0.2401286926001755,0.26820707809300964,0.49166422930681486
3701,0.2401286926001755,0.26820707809300964,0.49166422930681486
3702,0.2401286926001755,0.26820707809300964,0.49166422930681486
3703,0.2401286926001755,0.26820707809300964,0.49166422930681486
3704,0.2401286926001755,0.26820707809300964,0.49166422930681486
3705,0.2401286926001755,0.26820707809300964,0.49166422930681486
3706,0.2401286926001755,0.26820707809300964,0.49166422930681486
3707,0.2401286926001755,0.26820707809300964,0.49166422930681486
3708,0.2401286926001755,0.26820707809300964,0.49166422930681486
3709,0.2401286926001755,0.26820707809300964,0.49166422930681486
3710,0.2401286926001755,0.26820707809300964,0.49166422930681486
3711,0.2401286926001755,0.26820707809300964,0.49166422930681486
3712,0.2401286926001755,0.26820707809300964,0.49166422930681486
3713,0.2401286926001755,0.26820707809300964,0.49166422930681486
3714,0.2401286926001755,0.26820707809300964,0.49166422930681486
3715,0.2401286926001755,0.26820707809300964,0.49166422930681486
3716,0.2401286926001755,0.26820707809300964,0.49166422930681486
3717,0.2401286926001755,0.26820707809300964,0.49166422930681486
3718,0.2401286926001755,0.26820707809300964,0.49166422930681486
3719,0.2401286926001755,0.26820707809300964,0.49166422930681486
3720,0.2401286926001755,0.26820707809300964,0.49166422930681486
3721,0.2401286926001755,0.26820707809300964,0.49166422930681486
3722,0.2401286926001755,0.26820707809300964,0.49166422930681486
3723,0.2401286926001755,0.26820707809300964,0.49166422930681486
3724,0.2401286926001755,0.26820707809300964,0.49166422930681486
3725,0.2401286926001755,0.26820707809300964,0.49166422930681486
3726,0.2401286926001755,0.26820707809300964,0.49166422930681486
3727,0.2401286926001755,0.26820707809300964,0.49166422930681486
3728,0.2401286926001755,0.26820707809300964,0.49166422930681486
3729,0.2401286926001755,0.26820707809300964,0.49166422930681486
3730,0.2401286926001755,0.26820707809300964,0.49166422930681486
3731,0.2401286926001755,0.26820707809300964,0.49166422930681486
3732,0.2401286926001755,0.26820707809300964,0.49166422930681486
3733,0.2401286926001755,0.26820707809300964,0.49166422930681486
3734,0.2401286926001755,0.26820707809300964,0.49166422930681486
3735,0.2401286926001755,0.26820707809300964,0.49166422930681486
3736,0.2401286926001755,0.26820707809300964,0.49166422930681486
3737,0.2401286926001755,0.26820707809300964,0.49166422930681486
3738,0.2401286926001755,0.26820707809300964,0.49166422930681486
3739,0.2401286926001755,0.26820707809300964,0.49166422930681486
3740,0.2401286926001755,0.26820707809300964,0.49166422930681486
3741,0.2401286926001755,0.26820707809300964,0.49166422930681486
3742,0.2401286926001755,0.26820707809300964,0.49166422930681486
3743,0.2401286926001755,0.26820707809300964,0.49166422930681486
3744,0.2401286926001755,0.26820707809300964,0.49166422930681486
3745,0.2401286926001755,0.26820707809300964,0.49166422930681486
3746,0.2401286926001755,0.26820707809300964,0.49166422930681486
3747,0.2401286926001755,0.26820707809300964,0.49166422930681486
3748,0.2401286926001755,0.26820707809300964,0.49166422930681486
3749,0.2401286926001755,0.26820707809300964,0.49166422930681486
3750,0.2401286926001755,0.26820707809300964,0.49166422930681486
3751,0.2401286926001755,0.26820707809300964,0.49166422930681486
3752,0.2401286926001755,0.26820707809300964,0.49166422930681486
3753,0.2401286926001755,0.26820707809300964,0.49166422930681486
3754,0.2401286926001755,0.26820707809300964,0.49166422930681486
3755,0.2401286926001755,0.26820707809300964,0.49166422930681486
3756,0.2401286926001755,0.26820707809300964,0.49166422930681486
3757,0.2401286926001755,0.26820707809300964,0.49166422930681486
3758,0.2401286926001755,0.26820707809300964,0.49166422930681486
3759,0.2401286926001755,0.26820707809300964,0.49166422930681486
3760,0.2401286926001755,0.26820707809300964,0.49166422930681486
3761,0.2401286926001755,0.26820707809300964,0.49166422930681486
3762,0.2401286926001755,0.26820707809300964,0.49166422930681486
3763,0.2401286926001755,0.26820707809300964,0.49166422930681486
3764,0.2401286926001755,0.26820707809300964,0.49166422930681486
3765,0.2401286926001755,0.26820707809300964,0.49166422930681486
3766,0.2401286926001755,0.26820707809300964,0.49166422930681486
3767,0.2401286926001755,0.26820707809300964,0.49166422930681486
3768,0.2401286926001755,0.26820707809300964,0.49166422930681486
3769,0.2401286926001755,0.26820707809300964,0.49166422930681486
3770,0.2401286926001755,0.26820707809300964,0.49166422930681486
3771,0.2401286926001755,0.26820707809300964,0.49166422930681486
3772,0.2401286926001755,0.26820707809300964,0.49166422930681486
3773,0.2401286926001755,0.26820707809300964,0.49166422930681486
3774,0.2401286926001755,0.26820707809300964,0.49166422930681486
3775,0.2401286926001755,0.26820707809300964,0.49166422930681486
3776,0.2401286926001755,0.26820707809300964,0.49166422930681486
3777,0.2401286926001755,0.26820707809300964,0.49166422930681486
3778,0.2401286926001755,0.26820707809300964,0.49166422930681486
3779,0.2401286926001755,0.26820707809300964,0.49166422930681486
3780,0.2401286926001755,0.26820707809300964,0.49166422930681486
3781,0.2401286926001755,0.26820707809300964,0.49166422930681486
3782,0.2401286926001755,0.26820707809300964,0.49166422930681486
3783,0.2401286926001755,0.26820707809300964,0.49166422930681486
3784,0.2401286926001755,0.26820707809300964,0.49166422930681486
3785,0.2401286926001755,0.26820707809300964,0.49166422930681486
3786,0.2401286926001755,0.26820707809300964,0.49166422930681486
3787,0.2401286926001755,0.26820707809300964,0.49166422930681486
3788,0.2401286926001755,0.26820707809300964,0.49166422930681486
3789,0.2401286926001755,0.26820707809300964,0.49166422930681486
3790,0.2401286926001755,0.26820707809300964,0.49166422930681486
3791,0.2401286926001755,0.26820707809300964,0.49166422930681486
3792,0.2401286926001755,0.26820707809300964,0.49166422930681486
3793,0.2401286926001755,0.26820707809300964,0.49166422930681486
3794,0.2401286926001755,0.26820707809300964,0.49166422930681486
3795,0.2401286926001755,0.26820707809300964,0.49166422930681486
3796,0.2401286926001755,0.26820707809300964,0.49166422930681486
3797,0.2401286926001755,0.26820707809300964,0.49166422930681486
3798,0.2401286926001755,0.26820707809300964,0.49166422930681486
3799,0.2401286926001755,0.26820707809300964,0.49166422930681486
3800,0.2401286926001755,0.26820707809300964,0.49166422930681486
3801,0.2401286926001755,0.26820707809300964,0.49166422930681486
3802,0.2401286926001755,0.26820707809300964,0.49166422930681486
3803,0.2401286926001755,0.26820707809300964,0.49166422930681486
3804,0.2401286926001755,0.26820707809300964,0.49166422930681486
3805,0.2401286926001755,0.26820707809300964,0.49166422930681486
3806,0.2401286926001755,0.26820707809300964,0.49166422930681486
3807,0.2401286926001755,0.26820707809300964,0.49166422930681486
3808,0.2401286926001755,0.26820707809300964,0.49166422930681486
3809,0.2401286926001755,0.26820707809300964,0.49166422930681486
3810,0.2401286926001755,0.26820707809300964,0.49166422930681486
3811,0.2401286926001755,0.26820707809300964,0.49166422930681486
3812,0.2401286926001755,0.26820707809300964,0.49166422930681486
3813,0.2401286926001755,0.26820707809300964,0.49166422930681486
3814,0.2401286926001755,0.26820707809300964,0.49166422930681486
3815,0.2401286926001755,0.26820707809300964,0.49166422930681486
3816,0.2401286926001755,0.26820707809300964,0.49166422930681486
3817,0.2401286926001755,0.26820707809300964,0.49166422930681486
3818,0.2401286926001755,0.26820707809300964,0.49166422930681486
3819,0.2401286926001755,0.26820707809300964,0.49166422930681486
3820,0.2401286926001755,0.26820707809300964,0.49166422930681486
3821,0.2401286926001755,0.26820707809300964,0.49166422930681486
3822,0.2401286926001755,0.26820707809300964,0.49166422930681486
3823,0.2401286926001755,0.26820707809300964,0.49166422930681486
3824,0.2401286926001755,0.26820707809300964,0.49166422930681486
3825,0.2401286926001755,0.26820707809300964,0.49166422930681486
3826,0.2401286926001755,0.26820707809300964,0.49166422930681486
3827,0.2401286926001755,0.26820707809300964,0.49166422930681486
3828,0.2401286926001755,0.26820707809300964,0.49166422930681486
3829,0.2401286926001755,0.26820707809300964,0.49166422930681486
3830,0.2401286926001755,0.26820707809300964,0.49166422930681486
3831,0.2401286926001755,0.26820707809300964,0.49166422930681486
3832,0.2401286926001755,0.26820707809300964,0.49166422930681486
3833,0.2401286926001755,0.26820707809300964,0.49166422930681486
3834,0.2401286926001755,0.26820707809300964,0.49166422930681486
3835,0.2401286926001755,0.26820707809300964,0.49166422930681486
3836,0.2401286926001755,0.26820707809300964,0.49166422930681486
3837,0.2401286926001755,0.26820707809300964,0.49166422930681486
3838,0.2401286926001755,0.26820707809300964,0.49166422930681486
3839,0.2401286926001755,0.26820707809300964,0.49166422930681486
3840,0.2401286926001755,0.26820707809300964,0.49166422930681486
3841,0.2401286926001755,0.26820707809300964,0.49166422930681486
3842,0.2401286926001755,0.26820707809300964,0.49166422930681486
3843,0.2401286926001755,0.26820707809300964,0.49166422930681486
3844,0.2401286926001755,0.26820707809300964,0.49166422930681486
3845,0.2401286926001755,0.26820707809300964,0.49166422930681486
3846,0.2401286926001755,0.26820707809300964,0.49166422930681486
3847,0.2401286926001755,0.26820707809300964,0.49166422930681486
3848,0.2401286926001755,0.26820707809300964,0.49166422930681486
3849,0.2401286926001755,0.26820707809300964,0.49166422930681486
3850,0.2401286926001755,0.26820707809300964,0.49166422930681486
3851,0.2401286926001755,0.26820707809300964,0.49166422930681486
3852,0.2401286926001755,0.26820707809300964,0.49166422930681486
3853,0.2401286926001755,0.26820707809300964,0.49166422930681486
3854,0.2401286926001755,0.26820707809300964,0.49166422930681486
3855,0.2401286926001755,0.26820707809300964,0.49166422930681486
3856,0.2401286926001755,0.26820707809300964,0.49166422930681486
3857,0.2401286926001755,0.26820707809300964,0.49166422930681486
3858,0.2401286926001755,0.26820707809300964,0.49166422930681486
3859,0.2401286926001755,0.26820707809300964,0.49166422930681486
3860,0.2401286926001755,0.26820707809300964,0.49166422930681486
3861,0.2401286926001755,0.26820707809300964,0.49166422930681486
3862,0.2401286926001755,0.26820707809300964,0.49166422930681486
3863,0.2401286926001755,0.26820707809300964,0.49166422930681486
3864,0.2401286926001755,0.26820707809300964,0.49166422930681486
3865,0.2401286926001755,0.26820707809300964,0.49166422930681486
3866,0.2401286926001755,0.26820707809300964,0.49166422930681486
3867,0.2401286926001755,0.26820707809300964,0.49166422930681486
3868,0.2401286926001755,0.26820707809300964,0.49166422930681486
3869,0.2401286926001755,0.26820707809300964,0.49166422930681486
3870,0.2401286926001755,0.26820707809300964,0.49166422930681486
3871,0.2401286926001755,0.26820707809300964,0.49166422930681486
3872,0.2401286926001755,0.26820707809300964,0.49166422930681486
3873,0.2401286926001755,0.26820707809300964,0.49166422930681486
3874,0.2401286926001755,0.26820707809300964,0.49166422930681486
3875,0.2401286926001755,0.26820707809300964,0.49166422930681486
3876,0.2401286926001755,0.26820707809300964,0.49166422930681486
3877,0.2401286926001755,0.26820707809300964,0.49166422930681486
3878,0.2401286926001755,0.26820707809300964,0.49166422930681486
3879,0.2401286926001755,0.26820707809300964,0.49166422930681486
3880,0.2401286926001755,0.26820707809300964,0.49166422930681486
3881,0.2401286926001755,0.26820707809300964,0.49166422930681486
3882,0.2401286926001755,0.26820707809300964,0.49166422930681486
3883,0.2401286926001755,0.26820707809300964,0.49166422930681486
3884,0.2401286926001755,0.26820707809300964,0.49166422930681486
3885,0.2401286926001755,0.26820707809300964,0.49166422930681486
3886,0.2401286926001755,0.26820707809300964,0.49166422930681486
3887,0.2401286926001755,0.26820707809300964,0.49166422930681486
3888,0.2401286926001755,0.26820707809300964,0.49166422930681486
3889,0.2401286926001755,0.26820707809300964,0.49166422930681486
3890,0.2401286926001755,0.26820707809300964,0.49166422930681486
3891,0.2401286926001755,0.26820707809300964,0.49166422930681486
3892,0.2401286926001755,0.26820707809300964,0.49166422930681486
3893,0.2401286926001755,0.26820707809300964,0.49166422930681486
3894,0.2401286926001755,0.26820707809300964,0.49166422930681486
3895,0.2401286926001755,0.26820707809300964,0.49166422930681486
3896,0.2401286926001755,0.26820707809300964,0.49166422930681486
3897,0.2401286926001755,0.26820707809300964,0.49166422930681486
3898,0.2401286926001755,0.26820707809300964,0.49166422930681486
3899,0.2401286926001755,0.26820707809300964,0.49166422930681486
3900,0.2401286926001755,0.26820707809300964,0.49166422930681486
3901,0.2401286926001755,0.26820707809300964,0.49166422930681486
3902,0.2401286926001755,0.26820707809300964,0.49166422930681486
3903,0.2401286926001755,0.26820707809300964,0.49166422930681486
3904,0.2401286926001755,0.26820707809300964,0.49166422930681486
3905,0.2401286926001755,0.26820707809300964,0.49166422930681486
3906,0.2401286926001755,0.26820707809300964,0.49166422930681486
3907,0.2401286926001755,0.26820707809300964,0.49166422930681486
3908,0.2401286926001755,0.26820707809300964,0.49166422930681486
3909,0.2401286926001755,0.26820707809300964,0.49166422930681486
3910,0.2401286926001755,0.26820707809300964,0.49166422930681486
3911,0.2401286926001755,0.26820707809300964,0.49166422930681486
3912,0.2401286926001755,0.26820707809300964,0.49166422930681486
3913,0.2401286926001755,0.26820707809300964,0.49166422930681486
3914,0.2401286926001755,0.26820707809300964,0.49166422930681486
3915,0.2401286926001755,0.26820707809300964,0.49166422930681486
3916,0.2401286926001755,0.26820707809300964,0.49166422930681486
3917,0.2401286926001755,0.26820707809300964,0.49166422930681486
3918,0.2401286926001755,0.26820707809300964,0.49166422930681486
3919,0.2401286926001755,0.26820707809300964,0.49166422930681486
3920,0.2401286926001755,0.26820707809300964,0.49166422930681486
3921,0.2401286926001755,0.26820707809300964,0.49166422930681486
3922,0.2401286926001755,0.26820707809300964,0.49166422930681486
3923,0.2401286926001755,0.26820707809300964,0.49166422930681486
3924,0.2401286926001755,0.26820707809300964,0.49166422930681486
3925,0.2401286926001755,0.26820707809300964,0.49166422930681486
3926,0.2401286926001755,0.26820707809300964,0.49166422930681486
3927,0.2401286926001755,0.26820707809300964,0.49166422930681486
3928,0.2401286926001755,0.26820707809300964,0.49166422930681486
3929,0.2401286926001755,0.26820707809300964,0.49166422930681486
3930,0.2401286926001755,0.26820707809300964,0.49166422930681486
3931,0.2401286926001755,0.26820707809300964,0.49166422930681486
3932,0.2401286926001755,0.26820707809300964,0.49166422930681486
3933,0.2401286926001755,0.26820707809300964,0.49166422930681486
3934,0.2401286926001755,0.26820707809300964,0.49166422930681486
3935,0.2401286926001755,0.26820707809300964,0.49166422930681486
3936,0.2401286926001755,0.26820707809300964,0.49166422930681486
3937,0.2401286926001755,0.26820707809300964,0.49166422930681486
3938,0.2401286926001755,0.26820707809300964,0.49166422930681486
3939,0.2401286926001755,0.26820707809300964,0.49166422930681486
3940,0.2401286926001755,0.26820707809300964,0.49166422930681486
3941,0.2401286926001755,0.26820707809300964,0.49166422930681486
3942,0.2401286926001755,0.26820707809300964,0.49166422930681486
3943,0.2401286926001755,0.26820707809300964,0.49166422930681486
3944,0.2401286926001755,0.26820707809300964,0.49166422930681486
3945,0.2401286926001755,0.26820707809300964,0.49166422930681486
3946,0.2401286926001755,0.26820707809300964,0.49166422930681486
3947,0.2401286926001755,0.26820707809300964,0.49166422930681486
3948,0.2401286926001755,0.26820707809300964,0.49166422930681486
3949,0.2401286926001755,0.26820707809300964,0.49166422930681486
3950,0.2401286926001755,0.26820707809300964,0.49166422930681486
3951,0.2401286926001755,0.26820707809300964,0.49166422930681486
3952,0.2401286926001755,0.26820707809300964,0.49166422930681486
3953,0.2401286926001755,0.26820707809300964,0.49166422930681486
3954,0.2401286926001755,0.26820707809300964,0.49166422930681486
3955,0.2401286926001755,0.26820707809300964,0.49166422930681486
3956,0.2401286926001755,0.26820707809300964,0.49166422930681486
3957,0.2401286926001755,0.26820707809300964,0.49166422930681486
3958,0.2401286926001755,0.26820707809300964,0.49166422930681486
3959,0.2401286926001755,0.26820707809300964,0.49166422930681486
3960,0.2401286926001755,0.26820707809300964,0.49166422930681486
3961,0.2401286926001755,0.26820707809300964,0.49166422930681486
3962,0.2401286926001755,0.26820707809300964,0.49166422930681486
3963,0.2401286926001755,0.26820707809300964,0.49166422930681486
3964,0.2401286926001755,0.26820707809300964,0.49166422930681486
3965,0.2401286926001755,0.26820707809300964,0.49166422930681486
3966,0.2401286926001755,0.26820707809300964,0.49166422930681486
3967,0.2401286926001755,0.26820707809300964,0.49166422930681486
3968,0.2401286926001755,0.26820707809300964,0.49166422930681486
3969,0.2401286926001755,0.26820707809300964,0.49166422930681486
3970,0.2401286926001755,0.26820707809300964,0.49166422930681486
3971,0.2401286926001755,0.26820707809300964,0.49166422930681486
3972,0.2401286926001755,0.26820707809300964,0.49166422930681486
3973,0.2401286926001755,0.26820707809300964,0.49166422930681486
3974,0.2401286926001755,0.26820707809300964,0.49166422930681486
3975,0.2401286926001755,0.26820707809300964,0.49166422930681486
3976,0.2401286926001755,0.26820707809300964,0.49166422930681486
3977,0.2401286926001755,0.26820707809300964,0.49166422930681486
3978,0.2401286926001755,0.26820707809300964,0.49166422930681486
3979,0.2401286926001755,0.26820707809300964,0.49166422930681486
3980,0.2401286926001755,0.26820707809300964,0.49166422930681486
3981,0.2401286926001755,0.26820707809300964,0.49166422930681486
3982,0.2401286926001755,0.26820707809300964,0.49166422930681486
3983,0.2401286926001755,0.26820707809300964,0.49166422930681486
3984,0.2401286926001755,0.26820707809300964,0.49166422930681486
3985,0.2401286926001755,0.26820707809300964,0.49166422930681486
3986,0.2401286926001755,0.26820707809300964,0.49166422930681486
3987,0.2401286926001755,0.26820707809300964,0.49166422930681486
3988,0.2401286926001755,0.26820707809300964,0.49166422930681486
3989,0.2401286926001755,0.26820707809300964,0.49166422930681486
3990,0.2401286926001755,0.26820707809300964,0.49166422930681486
3991,0.2401286926001755,0.26820707809300964,0.49166422930681486
3992,0.2401286926001755,0.26820707809300964,0.49166422930681486
3993,0.2401286926001755,0.26820707809300964,0.49166422930681486
3994,0.2401286926001755,0.26820707809300964,0.49166422930681486
3995,0.2401286926001755,0.26820707809300964,0.49166422930681486
3996,0.2401286926001755,0.26820707809300964,0.49166422930681486
3997,0.2401286926001755,0.26820707809300964,0.49166422930681486
3998,0.2401286926001755,0.26820707809300964,0.49166422930681486
3999,0.2401286926001755,0.26820707809300964,0.49166422930681486
4000,0.2401286926001755,0.26820707809300964,0.49166422930681486
4001,0.2401286926001755,0.26820707809300964,0.49166422930681486
4002,0.2401286926001755,0.26820707809300964,0.49166422930681486
4003,0.2401286926001755,0.26820707809300964,0.49166422930681486
4004,0.2401286926001755,0.26820707809300964,0.49166422930681486
4005,0.2401286926001755,0.26820707809300964,0.49166422930681486
4006,0.2401286926001755,0.26820707809300964,0.49166422930681486
4007,0.2401286926001755,0.26820707809300964,0.49166422930681486
4008,0.2401286926001755,0.26820707809300964,0.49166422930681486
4009,0.2401286926001755,0.26820707809300964,0.49166422930681486
4010,0.2401286926001755,0.26820707809300964,0.49166422930681486
4011,0.2401286926001755,0.26820707809300964,0.49166422930681486
4012,0.2401286926001755,0.26820707809300964,0.49166422930681486
4013,0.2401286926001755,0.26820707809300964,0.49166422930681486
4014,0.2401286926001755,0.26820707809300964,0.49166422930681486
4015,0.2401286926001755,0.26820707809300964,0.49166422930681486
4016,0.2401286926001755,0.26820707809300964,0.49166422930681486
4017,0.2401286926001755,0.26820707809300964,0.49166422930681486
4018,0.2401286926001755,0.26820707809300964,0.49166422930681486
4019,0.2401286926001755,0.26820707809300964,0.49166422930681486
4020,0.2401286926001755,0.26820707809300964,0.49166422930681486
4021,0.2401286926001755,0.26820707809300964,0.49166422930681486
4022,0.2401286926001755,0.26820707809300964,0.49166422930681486
4023,0.2401286926001755,0.26820707809300964,0.49166422930681486
4024,0.2401286926001755,0.26820707809300964,0.49166422930681486
4025,0.2401286926001755,0.26820707809300964,0.49166422930681486
4026,0.2401286926001755,0.26820707809300964,0.49166422930681486
4027,0.2401286926001755,0.26820707809300964,0.49166422930681486
4028,0.2401286926001755,0.26820707809300964,0.49166422930681486
4029,0.2401286926001755,0.26820707809300964,0.49166422930681486
4030,0.2401286926001755,0.26820707809300964,0.49166422930681486
4031,0.2401286926001755,0.26820707809300964,0.49166422930681486
4032,0.2401286926001755,0.26820707809300964,0.49166422930681486
4033,0.2401286926001755,0.26820707809300964,0.49166422930681486
4034,0.2401286926001755,0.26820707809300964,0.49166422930681486
4035,0.2401286926001755,0.26820707809300964,0.49166422930681486
4036,0.2401286926001755,0.26820707809300964,0.49166422930681486
4037,0.2401286926001755,0.26820707809300964,0.49166422930681486
4038,0.2401286926001755,0.26820707809300964,0.49166422930681486
4039,0.2401286926001755,0.26820707809300964,0.49166422930681486
4040,0.2401286926001755,0.26820707809300964,0.49166422930681486
4041,0.2401286926001755,0.26820707809300964,0.49166422930681486
4042,0.2401286926001755,0.26820707809300964,0.49166422930681486
4043,0.2401286926001755,0.26820707809300964,0.49166422930681486
4044,0.2401286926001755,0.26820707809300964,0.49166422930681486
4045,0.2401286926001755,0.26820707809300964,0.49166422930681486
4046,0.2401286926001755,0.26820707809300964,0.49166422930681486
4047,0.2401286926001755,0.26820707809300964,0.49166422930681486
4048,0.2401286926001755,0.26820707809300964,0.49166422930681486
4049,0.2401286926001755,0.26820707809300964,0.49166422930681486
4050,0.2401286926001755,0.26820707809300964,0.49166422930681486
4051,0.2401286926001755,0.26820707809300964,0.49166422930681486
4052,0.2401286926001755,0.26820707809300964,0.49166422930681486
4053,0.2401286926001755,0.26820707809300964,0.49166422930681486
4054,0.2401286926001755,0.26820707809300964,0.49166422930681486
4055,0.2401286926001755,0.26820707809300964,0.49166422930681486
4056,0.2401286926001755,0.26820707809300964,0.49166422930681486
4057,0.2401286926001755,0.26820707809300964,0.49166422930681486
4058,0.2401286926001755,0.26820707809300964,0.49166422930681486
4059,0.2401286926001755,0.26820707809300964,0.49166422930681486
4060,0.2401286926001755,0.26820707809300964,0.49166422930681486
4061,0.2401286926001755,0.26820707809300964,0.49166422930681486
4062,0.2401286926001755,0.26820707809300964,0.49166422930681486
4063,0.2401286926001755,0.26820707809300964,0.49166422930681486
4064,0.2401286926001755,0.26820707809300964,0.49166422930681486
4065,0.2401286926001755,0.26820707809300964,0.49166422930681486
4066,0.2401286926001755,0.26820707809300964,0.49166422930681486
4067,0.2401286926001755,0.26820707809300964,0.49166422930681486
4068,0.2401286926001755,0.26820707809300964,0.49166422930681486
4069,0.2401286926001755,0.26820707809300964,0.49166422930681486
4070,0.2401286926001755,0.26820707809300964,0.49166422930681486
4071,0.2401286926001755,0.26820707809300964,0.49166422930681486
4072,0.2401286926001755,0.26820707809300964,0.49166422930681486
4073,0.2401286926001755,0.26820707809300964,0.49166422930681486
4074,0.2401286926001755,0.26820707809300964,0.49166422930681486
4075,0.2401286926001755,0.26820707809300964,0.49166422930681486
4076,0.2401286926001755,0.26820707809300964,0.49166422930681486
4077,0.2401286926001755,0.26820707809300964,0.49166422930681486
4078,0.2401286926001755,0.26820707809300964,0.49166422930681486
4079,0.2401286926001755,0.26820707809300964,0.49166422930681486
4080,0.2401286926001755,0.26820707809300964,0.49166422930681486
4081,0.2401286926001755,0.26820707809300964,0.49166422930681486
4082,0.2401286926001755,0.26820707809300964,0.49166422930681486
4083,0.2401286926001755,0.26820707809300964,0.49166422930681486
4084,0.2401286926001755,0.26820707809300964,0.49166422930681486
4085,0.2401286926001755,0.26820707809300964,0.49166422930681486
4086,0.2401286926001755,0.26820707809300964,0.49166422930681486
4087,0.2401286926001755,0.26820707809300964,0.49166422930681486
4088,0.2401286926001755,0.26820707809300964,0.49166422930681486
4089,0.2401286926001755,0.26820707809300964,0.49166422930681486
4090,0.2401286926001755,0.26820707809300964,0.49166422930681486
4091,0.2401286926001755,0.26820707809300964,0.49166422930681486
4092,0.2401286926001755,0.26820707809300964,0.49166422930681486
4093,0.2401286926001755,0.26820707809300964,0.49166422930681486
4094,0.2401286926001755,0.26820707809300964,0.49166422930681486
4095,0.2401286926001755,0.26820707809300964,0.49166422930681486
4096,0.2401286926001755,0.26820707809300964,0.49166422930681486
4097,0.2401286926001755,0.26820707809300964,0.49166422930681486
4098,0.2401286926001755,0.26820707809300964,0.49166422930681486
4099,0.2401286926001755,0.26820707809300964,0.49166422930681486
4100,0.2401286926001755,0.26820707809300964,0.49166422930681486
4101,0.2401286926001755,0.26820707809300964,0.49166422930681486
4102,0.2401286926001755,0.26820707809300964,0.49166422930681486
4103,0.2401286926001755,0.26820707809300964,0.49166422930681486
4104,0.2401286926001755,0.26820707809300964,0.49166422930681486
4105,0.2401286926001755,0.26820707809300964,0.49166422930681486
4106,0.2401286926001755,0.26820707809300964,0.49166422930681486
4107,0.2401286926001755,0.26820707809300964,0.49166422930681486
4108,0.2401286926001755,0.26820707809300964,0.49166422930681486
4109,0.2401286926001755,0.26820707809300964,0.49166422930681486
4110,0.2401286926001755,0.26820707809300964,0.49166422930681486
4111,0.2401286926001755,0.26820707809300964,0.49166422930681486
4112,0.2401286926001755,0.26820707809300964,0.49166422930681486
4113,0.2401286926001755,0.26820707809300964,0.49166422930681486
4114,0.2401286926001755,0.26820707809300964,0.49166422930681486
4115,0.2401286926001755,0.26820707809300964,0.49166422930681486
4116,0.2401286926001755,0.26820707809300964,0.49166422930681486
4117,0.2401286926001755,0.26820707809300964,0.49166422930681486
4118,0.2401286926001755,0.26820707809300964,0.49166422930681486
4119,0.2401286926001755,0.26820707809300964,0.49166422930681486
4120,0.2401286926001755,0.26820707809300964,0.49166422930681486
4121,0.2401286926001755,0.26820707809300964,0.49166422930681486
4122,0.2401286926001755,0.26820707809300964,0.49166422930681486
4123,0.2401286926001755,0.26820707809300964,0.49166422930681486
4124,0.2401286926001755,0.26820707809300964,0.49166422930681486
4125,0.2401286926001755,0.26820707809300964,0.49166422930681486
4126,0.2401286926001755,0.26820707809300964,0.49166422930681486
4127,0.2401286926001755,0.26820707809300964,0.49166422930681486
4128,0.2401286926001755,0.26820707809300964,0.49166422930681486
4129,0.2401286926001755,0.26820707809300964,0.49166422930681486
4130,0.2401286926001755,0.26820707809300964,0.49166422930681486
4131,0.2401286926001755,0.26820707809300964,0.49166422930681486
4132,0.2401286926001755,0.26820707809300964,0.49166422930681486
4133,0.2401286926001755,0.26820707809300964,0.49166422930681486
4134,0.2401286926001755,0.26820707809300964,0.49166422930681486
4135,0.2401286926001755,0.26820707809300964,0.49166422930681486
4136,0.2401286926001755,0.26820707809300964,0.49166422930681486
4137,0.2401286926001755,0.26820707809300964,0.49166422930681486
4138,0.2401286926001755,0.26820707809300964,0.49166422930681486
4139,0.2401286926001755,0.26820707809300964,0.49166422930681486
4140,0.2401286926001755,0.26820707809300964,0.49166422930681486
4141,0.2401286926001755,0.26820707809300964,0.49166422930681486
4142,0.2401286926001755,0.26820707809300964,0.49166422930681486
4143,0.2401286926001755,0.26820707809300964,0.49166422930681486
4144,0.2401286926001755,0.26820707809300964,0.49166422930681486
4145,0.2401286926001755,0.26820707809300964,0.49166422930681486
4146,0.2401286926001755,0.26820707809300964,0.49166422930681486
4147,0.2401286926001755,0.26820707809300964,0.49166422930681486
4148,0.2401286926001755,0.26820707809300964,0.49166422930681486
4149,0.2401286926001755,0.26820707809300964,0.49166422930681486
4150,0.2401286926001755,0.26820707809300964,0.49166422930681486
4151,0.2401286926001755,0.26820707809300964,0.49166422930681486
4152,0.2401286926001755,0.26820707809300964,0.49166422930681486
4153,0.2401286926001755,0.26820707809300964,0.49166422930681486
4154,0.2401286926001755,0.26820707809300964,0.49166422930681486
4155,0.2401286926001755,0.26820707809300964,0.49166422930681486
4156,0.2401286926001755,0.26820707809300964,0.49166422930681486
4157,0.2401286926001755,0.26820707809300964,0.49166422930681486
4158,0.2401286926001755,0.26820707809300964,0.49166422930681486
4159,0.2401286926001755,0.26820707809300964,0.49166422930681486
4160,0.2401286926001755,0.26820707809300964,0.49166422930681486
4161,0.2401286926001755,0.26820707809300964,0.49166422930681486
4162,0.2401286926001755,0.26820707809300964,0.49166422930681486
4163,0.2401286926001755,0.26820707809300964,0.49166422930681486
4164,0.2401286926001755,0.26820707809300964,0.49166422930681486
4165,0.2401286926001755,0.26820707809300964,0.49166422930681486
4166,0.2401286926001755,0.26820707809300964,0.49166422930681486
4167,0.2401286926001755,0.26820707809300964,0.49166422930681486
4168,0.2401286926001755,0.26820707809300964,0.49166422930681486
4169,0.2401286926001755,0.26820707809300964,0.49166422930681486
4170,0.2401286926001755,0.26820707809300964,0.49166422930681486
4171,0.2401286926001755,0.26820707809300964,0.49166422930681486
4172,0.2401286926001755,0.26820707809300964,0.49166422930681486
4173,0.2401286926001755,0.26820707809300964,0.49166422930681486
4174,0.2401286926001755,0.26820707809300964,0.49166422930681486
4175,0.2401286926001755,0.26820707809300964,0.49166422930681486
4176,0.2401286926001755,0.26820707809300964,0.49166422930681486
4177,0.2401286926001755,0.26820707809300964,0.49166422930681486
4178,0.2401286926001755,0.26820707809300964,0.49166422930681486
4179,0.2401286926001755,0.26820707809300964,0.49166422930681486
4180,0.2401286926001755,0.26820707809300964,0.49166422930681486
4181,0.2401286926001755,0.26820707809300964,0.49166422930681486
4182,0.2401286926001755,0.26820707809300964,0.49166422930681486
4183,0.2401286926001755,0.26820707809300964,0.49166422930681486
4184,0.2401286926001755,0.26820707809300964,0.49166422930681486
4185,0.2401286926001755,0.26820707809300964,0.49166422930681486
4186,0.2401286926001755,0.26820707809300964,0.49166422930681486
4187,0.2401286926001755,0.26820707809300964,0.49166422930681486
4188,0.2401286926001755,0.26820707809300964,0.49166422930681486
4189,0.2401286926001755,0.26820707809300964,0.49166422930681486
4190,0.2401286926001755,0.26820707809300964,0.49166422930681486
4191,0.2401286926001755,0.26820707809300964,0.49166422930681486
4192,0.2401286926001755,0.26820707809300964,0.49166422930681486
4193,0.2401286926001755,0.26820707809300964,0.49166422930681486
4194,0.2401286926001755,0.26820707809300964,0.49166422930681486
4195,0.2401286926001755,0.26820707809300964,0.49166422930681486
4196,0.2401286926001755,0.26820707809300964,0.49166422930681486
4197,0.2401286926001755,0.26820707809300964,0.49166422930681486
4198,0.2401286926001755,0.26820707809300964,0.49166422930681486
4199,0.2401286926001755,0.26820707809300964,0.49166422930681486
4200,0.2401286926001755,0.26820707809300964,0.49166422930681486
4201,0.2401286926001755,0.26820707809300964,0.49166422930681486
4202,0.2401286926001755,0.26820707809300964,0.49166422930681486
4203,0.2401286926001755,0.26820707809300964,0.49166422930681486
4204,0.2401286926001755,0.26820707809300964,0.49166422930681486
4205,0.2401286926001755,0.26820707809300964,0.49166422930681486
4206,0.2401286926001755,0.26820707809300964,0.49166422930681486
4207,0.2401286926001755,0.26820707809300964,0.49166422930681486
4208,0.2401286926001755,0.26820707809300964,0.49166422930681486
4209,0.2401286926001755,0.26820707809300964,0.49166422930681486
4210,0.2401286926001755,0.26820707809300964,0.49166422930681486
4211,0.2401286926001755,0.26820707809300964,0.49166422930681486
4212,0.2401286926001755,0.26820707809300964,0.49166422930681486
4213,0.2401286926001755,0.26820707809300964,0.49166422930681486
4214,0.2401286926001755,0.26820707809300964,0.49166422930681486
4215,0.2401286926001755,0.26820707809300964,0.49166422930681486
4216,0.2401286926001755,0.26820707809300964,0.49166422930681486
4217,0.2401286926001755,0.26820707809300964,0.49166422930681486
4218,0.2401286926001755,0.26820707809300964,0.49166422930681486
4219,0.2401286926001755,0.26820707809300964,0.49166422930681486
4220,0.2401286926001755,0.26820707809300964,0.49166422930681486
4221,0.2401286926001755,0.26820707809300964,0.49166422930681486
4222,0.2401286926001755,0.26820707809300964,0.49166422930681486
4223,0.2401286926001755,0.26820707809300964,0.49166422930681486
4224,0.2401286926001755,0.26820707809300964,0.49166422930681486
4225,0.2401286926001755,0.26820707809300964,0.49166422930681486
4226,0.2401286926001755,0.26820707809300964,0.49166422930681486
4227,0.2401286926001755,0.26820707809300964,0.49166422930681486
4228,0.2401286926001755,0.26820707809300964,0.49166422930681486
4229,0.2401286926001755,0.26820707809300964,0.49166422930681486
4230,0.2401286926001755,0.26820707809300964,0.49166422930681486
4231,0.2401286926001755,0.26820707809300964,0.49166422930681486
4232,0.2401286926001755,0.26820707809300964,0.49166422930681486
4233,0.2401286926001755,0.26820707809300964,0.49166422930681486
4234,0.2401286926001755,0.26820707809300964,0.49166422930681486
4235,0.2401286926001755,0.26820707809300964,0.49166422930681486
4236,0.2401286926001755,0.26820707809300964,0.49166422930681486
4237,0.2401286926001755,0.26820707809300964,0.49166422930681486
4238,0.2401286926001755,0.26820707809300964,0.49166422930681486
4239,0.2401286926001755,0.26820707809300964,0.49166422930681486
4240,0.2401286926001755,0.26820707809300964,0.49166422930681486
4241,0.2401286926001755,0.26820707809300964,0.49166422930681486
4242,0.2401286926001755,0.26820707809300964,0.49166422930681486
4243,0.2401286926001755,0.26820707809300964,0.49166422930681486
4244,0.2401286926001755,0.26820707809300964,0.49166422930681486
4245,0.2401286926001755,0.26820707809300964,0.49166422930681486
4246,0.2401286926001755,0.26820707809300964,0.49166422930681486
4247,0.2401286926001755,0.26820707809300964,0.49166422930681486
4248,0.2401286926001755,0.26820707809300964,0.49166422930681486
4249,0.2401286926001755,0.26820707809300964,0.49166422930681486
4250,0.2401286926001755,0.26820707809300964,0.49166422930681486
4251,0.2401286926001755,0.26820707809300964,0.49166422930681486
4252,0.2401286926001755,0.26820707809300964,0.49166422930681486
4253,0.2401286926001755,0.26820707809300964,0.49166422930681486
4254,0.2401286926001755,0.26820707809300964,0.49166422930681486
4255,0.2401286926001755,0.26820707809300964,0.49166422930681486
4256,0.2401286926001755,0.26820707809300964,0.49166422930681486
4257,0.2401286926001755,0.26820707809300964,0.49166422930681486
4258,0.2401286926001755,0.26820707809300964,0.49166422930681486
4259,0.2401286926001755,0.26820707809300964,0.49166422930681486
4260,0.2401286926001755,0.26820707809300964,0.49166422930681486
4261,0.2401286926001755,0.26820707809300964,0.49166422930681486
4262,0.2401286926001755,0.26820707809300964,0.49166422930681486
4263,0.2401286926001755,0.26820707809300964,0.49166422930681486
4264,0.2401286926001755,0.26820707809300964,0.49166422930681486
4265,0.2401286926001755,0.26820707809300964,0.49166422930681486
4266,0.2401286926001755,0.26820707809300964,0.49166422930681486
4267,0.2401286926001755,0.26820707809300964,0.49166422930681486
4268,0.2401286926001755,0.26820707809300964,0.49166422930681486
4269,0.2401286926001755,0.26820707809300964,0.49166422930681486
4270,0.2401286926001755,0.26820707809300964,0.49166422930681486
4271,0.2401286926001755,0.26820707809300964,0.49166422930681486
4272,0.2401286926001755,0.26820707809300964,0.49166422930681486
4273,0.2401286926001755,0.26820707809300964,0.49166422930681486
4274,0.2401286926001755,0.26820707809300964,0.49166422930681486
4275,0.2401286926001755,0.26820707809300964,0.49166422930681486
4276,0.2401286926001755,0.26820707809300964,0.49166422930681486
4277,0.2401286926001755,0.26820707809300964,0.49166422930681486
4278,0.2401286926001755,0.26820707809300964,0.49166422930681486
4279,0.2401286926001755,0.26820707809300964,0.49166422930681486
4280,0.2401286926001755,0.26820707809300964,0.49166422930681486
4281,0.2401286926001755,0.26820707809300964,0.49166422930681486
4282,0.2401286926001755,0.26820707809300964,0.49166422930681486
4283,0.2401286926001755,0.26820707809300964,0.49166422930681486
4284,0.2401286926001755,0.26820707809300964,0.49166422930681486
4285,0.2401286926001755,0.26820707809300964,0.49166422930681486
4286,0.2401286926001755,0.26820707809300964,0.49166422930681486
4287,0.2401286926001755,0.26820707809300964,0.49166422930681486
4288,0.2401286926001755,0.26820707809300964,0.49166422930681486
4289,0.2401286926001755,0.26820707809300964,0.49166422930681486
4290,0.2401286926001755,0.26820707809300964,0.49166422930681486
4291,0.2401286926001755,0.26820707809300964,0.49166422930681486
4292,0.2401286926001755,0.26820707809300964,0.49166422930681486
4293,0.2401286926001755,0.26820707809300964,0.49166422930681486
4294,0.2401286926001755,0.26820707809300964,0.49166422930681486
4295,0.2401286926001755,0.26820707809300964,0.49166422930681486
4296,0.2401286926001755,0.26820707809300964,0.49166422930681486
4297,0.2401286926001755,0.26820707809300964,0.49166422930681486
4298,0.2401286926001755,0.26820707809300964,0.49166422930681486
4299,0.2401286926001755,0.26820707809300964,0.49166422930681486
4300,0.2401286926001755,0.26820707809300964,0.49166422930681486
4301,0.2401286926001755,0.26820707809300964,0.49166422930681486
4302,0.2401286926001755,0.26820707809300964,0.49166422930681486
4303,0.2401286926001755,0.26820707809300964,0.49166422930681486
4304,0.2401286926001755,0.26820707809300964,0.49166422930681486
4305,0.2401286926001755,0.26820707809300964,0.49166422930681486
4306,0.2401286926001755,0.26820707809300964,0.49166422930681486
4307,0.2401286926001755,0.26820707809300964,0.49166422930681486
4308,0.2401286926001755,0.26820707809300964,0.49166422930681486
4309,0.2401286926001755,0.26820707809300964,0.49166422930681486
4310,0.2401286926001755,0.26820707809300964,0.49166422930681486
4311,0.2401286926001755,0.26820707809300964,0.49166422930681486
4312,0.2401286926001755,0.26820707809300964,0.49166422930681486
4313,0.2401286926001755,0.26820707809300964,0.49166422930681486
4314,0.2401286926001755,0.26820707809300964,0.49166422930681486
4315,0.2401286926001755,0.26820707809300964,0.49166422930681486
4316,0.2401286926001755,0.26820707809300964,0.49166422930681486
4317,0.2401286926001755,0.26820707809300964,0.49166422930681486
4318,0.2401286926001755,0.26820707809300964,0.49166422930681486
4319,0.2401286926001755,0.26820707809300964,0.49166422930681486
4320,0.2401286926001755,0.26820707809300964,0.49166422930681486
4321,0.2401286926001755,0.26820707809300964,0.49166422930681486
4322,0.2401286926001755,0.26820707809300964,0.49166422930681486
4323,0.2401286926001755,0.26820707809300964,0.49166422930681486
4324,0.2401286926001755,0.26820707809300964,0.49166422930681486
4325,0.2401286926001755,0.26820707809300964,0.49166422930681486
4326,0.2401286926001755,0.26820707809300964,0.49166422930681486
4327,0.2401286926001755,0.26820707809300964,0.49166422930681486
4328,0.2401286926001755,0.26820707809300964,0.49166422930681486
4329,0.2401286926001755,0.26820707809300964,0.49166422930681486
4330,0.2401286926001755,0.26820707809300964,0.49166422930681486
4331,0.2401286926001755,0.26820707809300964,0.49166422930681486
4332,0.2401286926001755,0.26820707809300964,0.49166422930681486
4333,0.2401286926001755,0.26820707809300964,0.49166422930681486
4334,0.2401286926001755,0.26820707809300964,0.49166422930681486
4335,0.2401286926001755,0.26820707809300964,0.49166422930681486
4336,0.2401286926001755,0.26820707809300964,0.49166422930681486
4337,0.2401286926001755,0.26820707809300964,0.49166422930681486
4338,0.2401286926001755,0.26820707809300964,0.49166422930681486
4339,0.2401286926001755,0.26820707809300964,0.49166422930681486
4340,0.2401286926001755,0.26820707809300964,0.49166422930681486
4341,0.2401286926001755,0.26820707809300964,0.49166422930681486
4342,0.2401286926001755,0.26820707809300964,0.49166422930681486
4343,0.2401286926001755,0.26820707809300964,0.49166422930681486
4344,0.2401286926001755,0.26820707809300964,0.49166422930681486
4345,0.2401286926001755,0.26820707809300964,0.49166422930681486
4346,0.2401286926001755,0.26820707809300964,0.49166422930681486
4347,0.2401286926001755,0.26820707809300964,0.49166422930681486
4348,0.2401286926001755,0.26820707809300964,0.49166422930681486
4349,0.2401286926001755,0.26820707809300964,0.49166422930681486
4350,0.2401286926001755,0.26820707809300964,0.49166422930681486
4351,0.2401286926001755,0.26820707809300964,0.49166422930681486
4352,0.2401286926001755,0.26820707809300964,0.49166422930681486
4353,0.2401286926001755,0.26820707809300964,0.49166422930681486
4354,0.2401286926001755,0.26820707809300964,0.49166422930681486
4355,0.2401286926001755,0.26820707809300964,0.49166422930681486
4356,0.2401286926001755,0.26820707809300964,0.49166422930681486
4357,0.2401286926001755,0.26820707809300964,0.49166422930681486
4358,0.2401286926001755,0.26820707809300964,0.49166422930681486
4359,0.2401286926001755,0.26820707809300964,0.49166422930681486
4360,0.2401286926001755,0.26820707809300964,0.49166422930681486
4361,0.2401286926001755,0.26820707809300964,0.49166422930681486
4362,0.2401286926001755,0.26820707809300964,0.49166422930681486
4363,0.2401286926001755,0.26820707809300964,0.49166422930681486
4364,0.2401286926001755,0.26820707809300964,0.49166422930681486
4365,0.2401286926001755,0.26820707809300964,0.49166422930681486
4366,0.2401286926001755,0.26820707809300964,0.49166422930681486
4367,0.2401286926001755,0.26820707809300964,0.49166422930681486
4368,0.2401286926001755,0.26820707809300964,0.49166422930681486
4369,0.2401286926001755,0.26820707809300964,0.49166422930681486
4370,0.2401286926001755,0.26820707809300964,0.49166422930681486
4371,0.2401286926001755,0.26820707809300964,0.49166422930681486
4372,0.2401286926001755,0.26820707809300964,0.49166422930681486
4373,0.2401286926001755,0.26820707809300964,0.49166422930681486
4374,0.2401286926001755,0.26820707809300964,0.49166422930681486
4375,0.2401286926001755,0.26820707809300964,0.49166422930681486
4376,0.2401286926001755,0.26820707809300964,0.49166422930681486
4377,0.2401286926001755,0.26820707809300964,0.49166422930681486
4378,0.2401286926001755,0.26820707809300964,0.49166422930681486
4379,0.2401286926001755,0.26820707809300964,0.49166422930681486
4380,0.2401286926001755,0.26820707809300964,0.49166422930681486
4381,0.2401286926001755,0.26820707809300964,0.49166422930681486
4382,0.2401286926001755,0.26820707809300964,0.49166422930681486
4383,0.2401286926001755,0.26820707809300964,0.49166422930681486
4384,0.2401286926001755,0.26820707809300964,0.49166422930681486
4385,0.2401286926001755,0.26820707809300964,0.49166422930681486
4386,0.2401286926001755,0.26820707809300964,0.49166422930681486
4387,0.2401286926001755,0.26820707809300964,0.49166422930681486
4388,0.2401286926001755,0.26820707809300964,0.49166422930681486
4389,0.2401286926001755,0.26820707809300964,0.49166422930681486
4390,0.2401286926001755,0.26820707809300964,0.49166422930681486
4391,0.2401286926001755,0.26820707809300964,0.49166422930681486
4392,0.2401286926001755,0.26820707809300964,0.49166422930681486
4393,0.2401286926001755,0.26820707809300964,0.49166422930681486
4394,0.2401286926001755,0.26820707809300964,0.49166422930681486
4395,0.2401286926001755,0.26820707809300964,0.49166422930681486
4396,0.2401286926001755,0.26820707809300964,0.49166422930681486
4397,0.2401286926001755,0.26820707809300964,0.49166422930681486
4398,0.2401286926001755,0.26820707809300964,0.49166422930681486
4399,0.2401286926001755,0.26820707809300964,0.49166422930681486
4400,0.2401286926001755,0.26820707809300964,0.49166422930681486
4401,0.2401286926001755,0.26820707809300964,0.49166422930681486
4402,0.2401286926001755,0.26820707809300964,0.49166422930681486
4403,0.2401286926001755,0.26820707809300964,0.49166422930681486
4404,0.2401286926001755,0.26820707809300964,0.49166422930681486
4405,0.2401286926001755,0.26820707809300964,0.49166422930681486
4406,0.2401286926001755,0.26820707809300964,0.49166422930681486
4407,0.2401286926001755,0.26820707809300964,0.49166422930681486
4408,0.2401286926001755,0.26820707809300964,0.49166422930681486
4409,0.2401286926001755,0.26820707809300964,0.49166422930681486
4410,0.2401286926001755,0.26820707809300964,0.49166422930681486
4411,0.2401286926001755,0.26820707809300964,0.49166422930681486
4412,0.2401286926001755,0.26820707809300964,0.49166422930681486
4413,0.2401286926001755,0.26820707809300964,0.49166422930681486
4414,0.2401286926001755,0.26820707809300964,0.49166422930681486
4415,0.2401286926001755,0.26820707809300964,0.49166422930681486
4416,0.2401286926001755,0.26820707809300964,0.49166422930681486
4417,0.2401286926001755,0.26820707809300964,0.49166422930681486
4418,0.2401286926001755,0.26820707809300964,0.49166422930681486
4419,0.2401286926001755,0.26820707809300964,0.49166422930681486
4420,0.2401286926001755,0.26820707809300964,0.49166422930681486
4421,0.2401286926001755,0.26820707809300964,0.49166422930681486
4422,0.2401286926001755,0.26820707809300964,0.49166422930681486
4423,0.2401286926001755,0.26820707809300964,0.49166422930681486
4424,0.2401286926001755,0.26820707809300964,0.49166422930681486
4425,0.2401286926001755,0.26820707809300964,0.49166422930681486
4426,0.2401286926001755,0.26820707809300964,0.49166422930681486
4427,0.2401286926001755,0.26820707809300964,0.49166422930681486
4428,0.2401286926001755,0.26820707809300964,0.49166422930681486
4429,0.2401286926001755,0.26820707809300964,0.49166422930681486
4430,0.2401286926001755,0.26820707809300964,0.49166422930681486
4431,0.2401286926001755,0.26820707809300964,0.49166422930681486
4432,0.2401286926001755,0.26820707809300964,0.49166422930681486
4433,0.2401286926001755,0.26820707809300964,0.49166422930681486
4434,0.2401286926001755,0.26820707809300964,0.49166422930681486
4435,0.2401286926001755,0.26820707809300964,0.49166422930681486
4436,0.2401286926001755,0.26820707809300964,0.49166422930681486
4437,0.2401286926001755,0.26820707809300964,0.49166422930681486
4438,0.2401286926001755,0.26820707809300964,0.49166422930681486
4439,0.2401286926001755,0.26820707809300964,0.49166422930681486
4440,0.2401286926001755,0.26820707809300964,0.49166422930681486
4441,0.2401286926001755,0.26820707809300964,0.49166422930681486
4442,0.2401286926001755,0.26820707809300964,0.49166422930681486
4443,0.2401286926001755,0.26820707809300964,0.49166422930681486
4444,0.2401286926001755,0.26820707809300964,0.49166422930681486
4445,0.2401286926001755,0.26820707809300964,0.49166422930681486
4446,0.2401286926001755,0.26820707809300964,0.49166422930681486
4447,0.2401286926001755,0.26820707809300964,0.49166422930681486
4448,0.2401286926001755,0.26820707809300964,0.49166422930681486
4449,0.2401286926001755,0.26820707809300964,0.49166422930681486
4450,0.2401286926001755,0.26820707809300964,0.49166422930681486
4451,0.2401286926001755,0.26820707809300964,0.49166422930681486
4452,0.2401286926001755,0.26820707809300964,0.49166422930681486
4453,0.2401286926001755,0.26820707809300964,0.49166422930681486
4454,0.2401286926001755,0.26820707809300964,0.49166422930681486
4455,0.2401286926001755,0.26820707809300964,0.49166422930681486
4456,0.2401286926001755,0.26820707809300964,0.49166422930681486
4457,0.2401286926001755,0.26820707809300964,0.49166422930681486
4458,0.2401286926001755,0.26820707809300964,0.49166422930681486
4459,0.2401286926001755,0.26820707809300964,0.49166422930681486
4460,0.2401286926001755,0.26820707809300964,0.49166422930681486
4461,0.2401286926001755,0.26820707809300964,0.49166422930681486
4462,0.2401286926001755,0.26820707809300964,0.49166422930681486
4463,0.2401286926001755,0.26820707809300964,0.49166422930681486
4464,0.2401286926001755,0.26820707809300964,0.49166422930681486
4465,0.2401286926001755,0.26820707809300964,0.49166422930681486
4466,0.2401286926001755,0.26820707809300964,0.49166422930681486
4467,0.2401286926001755,0.26820707809300964,0.49166422930681486
4468,0.2401286926001755,0.26820707809300964,0.49166422930681486
4469,0.2401286926001755,0.26820707809300964,0.49166422930681486
4470,0.2401286926001755,0.26820707809300964,0.49166422930681486
4471,0.2401286926001755,0.26820707809300964,0.49166422930681486
4472,0.2401286926001755,0.26820707809300964,0.49166422930681486
4473,0.2401286926001755,0.26820707809300964,0.49166422930681486
4474,0.2401286926001755,0.26820707809300964,0.49166422930681486
4475,0.2401286926001755,0.26820707809300964,0.49166422930681486
4476,0.2401286926001755,0.26820707809300964,0.49166422930681486
4477,0.2401286926001755,0.26820707809300964,0.49166422930681486
4478,0.2401286926001755,0.26820707809300964,0.49166422930681486
4479,0.2401286926001755,0.26820707809300964,0.49166422930681486
4480,0.2401286926001755,0.26820707809300964,0.49166422930681486
4481,0.2401286926001755,0.26820707809300964,0.49166422930681486
4482,0.2401286926001755,0.26820707809300964,0.49166422930681486
4483,0.2401286926001755,0.26820707809300964,0.49166422930681486
4484,0.2401286926001755,0.26820707809300964,0.49166422930681486
4485,0.2401286926001755,0.26820707809300964,0.49166422930681486
4486,0.2401286926001755,0.26820707809300964,0.49166422930681486
4487,0.2401286926001755,0.26820707809300964,0.49166422930681486
4488,0.2401286926001755,0.26820707809300964,0.49166422930681486
4489,0.2401286926001755,0.26820707809300964,0.49166422930681486
4490,0.2401286926001755,0.26820707809300964,0.49166422930681486
4491,0.2401286926001755,0.26820707809300964,0.49166422930681486
4492,0.2401286926001755,0.26820707809300964,0.49166422930681486
4493,0.2401286926001755,0.26820707809300964,0.49166422930681486
4494,0.2401286926001755,0.26820707809300964,0.49166422930681486
4495,0.2401286926001755,0.26820707809300964,0.49166422930681486
4496,0.2401286926001755,0.26820707809300964,0.49166422930681486
4497,0.2401286926001755,0.26820707809300964,0.49166422930681486
4498,0.2401286926001755,0.26820707809300964,0.49166422930681486
4499,0.2401286926001755,0.26820707809300964,0.49166422930681486
4500,0.2401286926001755,0.26820707809300964,0.49166422930681486
4501,0.2401286926001755,0.26820707809300964,0.49166422930681486
4502,0.2401286926001755,0.26820707809300964,0.49166422930681486
4503,0.2401286926001755,0.26820707809300964,0.49166422930681486
4504,0.2401286926001755,0.26820707809300964,0.49166422930681486
4505,0.2401286926001755,0.26820707809300964,0.49166422930681486
4506,0.2401286926001755,0.26820707809300964,0.49166422930681486
4507,0.2401286926001755,0.26820707809300964,0.49166422930681486
4508,0.2401286926001755,0.26820707809300964,0.49166422930681486
4509,0.2401286926001755,0.26820707809300964,0.49166422930681486
4510,0.2401286926001755,0.26820707809300964,0.49166422930681486
4511,0.2401286926001755,0.26820707809300964,0.49166422930681486
4512,0.2401286926001755,0.26820707809300964,0.49166422930681486
4513,0.2401286926001755,0.26820707809300964,0.49166422930681486
4514,0.2401286926001755,0.26820707809300964,0.49166422930681486
4515,0.2401286926001755,0.26820707809300964,0.49166422930681486
4516,0.2401286926001755,0.26820707809300964,0.49166422930681486
4517,0.2401286926001755,0.26820707809300964,0.49166422930681486
4518,0.2401286926001755,0.26820707809300964,0.49166422930681486
4519,0.2401286926001755,0.26820707809300964,0.49166422930681486
4520,0.2401286926001755,0.26820707809300964,0.49166422930681486
4521,0.2401286926001755,0.26820707809300964,0.49166422930681486
4522,0.2401286926001755,0.26820707809300964,0.49166422930681486
4523,0.2401286926001755,0.26820707809300964,0.49166422930681486
4524,0.2401286926001755,0.26820707809300964,0.49166422930681486
4525,0.2401286926001755,0.26820707809300964,0.49166422930681486
4526,0.2401286926001755,0.26820707809300964,0.49166422930681486
4527,0.2401286926001755,0.26820707809300964,0.49166422930681486
4528,0.2401286926001755,0.26820707809300964,0.49166422930681486
4529,0.2401286926001755,0.26820707809300964,0.49166422930681486
4530,0.2401286926001755,0.26820707809300964,0.49166422930681486
4531,0.2401286926001755,0.26820707809300964,0.49166422930681486
4532,0.2401286926001755,0.26820707809300964,0.49166422930681486
4533,0.2401286926001755,0.26820707809300964,0.49166422930681486
4534,0.2401286926001755,0.26820707809300964,0.49166422930681486
4535,0.2401286926001755,0.26820707809300964,0.49166422930681486
4536,0.2401286926001755,0.26820707809300964,0.49166422930681486
4537,0.2401286926001755,0.26820707809300964,0.49166422930681486
4538,0.2401286926001755,0.26820707809300964,0.49166422930681486
4539,0.2401286926001755,0.26820707809300964,0.49166422930681486
4540,0.2401286926001755,0.26820707809300964,0.49166422930681486
4541,0.2401286926001755,0.26820707809300964,0.49166422930681486
4542,0.2401286926001755,0.26820707809300964,0.49166422930681486
4543,0.2401286926001755,0.26820707809300964,0.49166422930681486
4544,0.2401286926001755,0.26820707809300964,0.49166422930681486
4545,0.2401286926001755,0.26820707809300964,0.49166422930681486
4546,0.2401286926001755,0.26820707809300964,0.49166422930681486
4547,0.2401286926001755,0.26820707809300964,0.49166422930681486
4548,0.2401286926001755,0.26820707809300964,0.49166422930681486
4549,0.2401286926001755,0.26820707809300964,0.49166422930681486
4550,0.2401286926001755,0.26820707809300964,0.49166422930681486
4551,0.2401286926001755,0.26820707809300964,0.49166422930681486
4552,0.2401286926001755,0.26820707809300964,0.49166422930681486
4553,0.2401286926001755,0.26820707809300964,0.49166422930681486
4554,0.2401286926001755,0.26820707809300964,0.49166422930681486
4555,0.2401286926001755,0.26820707809300964,0.49166422930681486
4556,0.2401286926001755,0.26820707809300964,0.49166422930681486
4557,0.2401286926001755,0.26820707809300964,0.49166422930681486
4558,0.2401286926001755,0.26820707809300964,0.49166422930681486
4559,0.2401286926001755,0.26820707809300964,0.49166422930681486
4560,0.2401286926001755,0.26820707809300964,0.49166422930681486
4561,0.2401286926001755,0.26820707809300964,0.49166422930681486
4562,0.2401286926001755,0.26820707809300964,0.49166422930681486
4563,0.2401286926001755,0.26820707809300964,0.49166422930681486
4564,0.2401286926001755,0.26820707809300964,0.49166422930681486
4565,0.2401286926001755,0.26820707809300964,0.49166422930681486
4566,0.2401286926001755,0.26820707809300964,0.49166422930681486
4567,0.2401286926001755,0.26820707809300964,0.49166422930681486
4568,0.2401286926001755,0.26820707809300964,0.49166422930681486
4569,0.2401286926001755,0.26820707809300964,0.49166422930681486
4570,0.2401286926001755,0.26820707809300964,0.49166422930681486
4571,0.2401286926001755,0.26820707809300964,0.49166422930681486
4572,0.2401286926001755,0.26820707809300964,0.49166422930681486
4573,0.2401286926001755,0.26820707809300964,0.49166422930681486
4574,0.2401286926001755,0.26820707809300964,0.49166422930681486
4575,0.2401286926001755,0.26820707809300964,0.49166422930681486
4576,0.2401286926001755,0.26820707809300964,0.49166422930681486
4577,0.2401286926001755,0.26820707809300964,0.49166422930681486
4578,0.2401286926001755,0.26820707809300964,0.49166422930681486
4579,0.2401286926001755,0.26820707809300964,0.49166422930681486
4580,0.2401286926001755,0.26820707809300964,0.49166422930681486
4581,0.2401286926001755,0.26820707809300964,0.49166422930681486
4582,0.2401286926001755,0.26820707809300964,0.49166422930681486
4583,0.2401286926001755,0.26820707809300964,0.49166422930681486
4584,0.2401286926001755,0.26820707809300964,0.49166422930681486
4585,0.2401286926001755,0.26820707809300964,0.49166422930681486
4586,0.2401286926001755,0.26820707809300964,0.49166422930681486
4587,0.2401286926001755,0.26820707809300964,0.49166422930681486
4588,0.2401286926001755,0.26820707809300964,0.49166422930681486
4589,0.2401286926001755,0.26820707809300964,0.49166422930681486
4590,0.2401286926001755,0.26820707809300964,0.49166422930681486
4591,0.2401286926001755,0.26820707809300964,0.49166422930681486
4592,0.2401286926001755,0.26820707809300964,0.49166422930681486
4593,0.2401286926001755,0.26820707809300964,0.49166422930681486
4594,0.2401286926001755,0.26820707809300964,0.49166422930681486
4595,0.2401286926001755,0.26820707809300964,0.49166422930681486
4596,0.2401286926001755,0.26820707809300964,0.49166422930681486
4597,0.2401286926001755,0.26820707809300964,0.49166422930681486
4598,0.2401286926001755,0.26820707809300964,0.49166422930681486
4599,0.2401286926001755,0.26820707809300964,0.49166422930681486
4600,0.2401286926001755,0.26820707809300964,0.49166422930681486
4601,0.2401286926001755,0.26820707809300964,0.49166422930681486
4602,0.2401286926001755,0.26820707809300964,0.49166422930681486
4603,0.2401286926001755,0.26820707809300964,0.49166422930681486
4604,0.2401286926001755,0.26820707809300964,0.49166422930681486
4605,0.2401286926001755,0.26820707809300964,0.49166422930681486
4606,0.2401286926001755,0.26820707809300964,0.49166422930681486
4607,0.2401286926001755,0.26820707809300964,0.49166422930681486
4608,0.2401286926001755,0.26820707809300964,0.49166422930681486
4609,0.2401286926001755,0.26820707809300964,0.49166422930681486
4610,0.2401286926001755,0.26820707809300964,0.49166422930681486
4611,0.2401286926001755,0.26820707809300964,0.49166422930681486
4612,0.2401286926001755,0.26820707809300964,0.49166422930681486
4613,0.2401286926001755,0.26820707809300964,0.49166422930681486
4614,0.2401286926001755,0.26820707809300964,0.49166422930681486
4615,0.2401286926001755,0.26820707809300964,0.49166422930681486
4616,0.2401286926001755,0.26820707809300964,0.49166422930681486
4617,0.2401286926001755,0.26820707809300964,0.49166422930681486
4618,0.2401286926001755,0.26820707809300964,0.49166422930681486
4619,0.2401286926001755,0.26820707809300964,0.49166422930681486
4620,0.2401286926001755,0.26820707809300964,0.49166422930681486
4621,0.2401286926001755,0.26820707809300964,0.49166422930681486
4622,0.2401286926001755,0.26820707809300964,0.49166422930681486
4623,0.2401286926001755,0.26820707809300964,0.49166422930681486
4624,0.2401286926001755,0.26820707809300964,0.49166422930681486
4625,0.2401286926001755,0.26820707809300964,0.49166422930681486
4626,0.2401286926001755,0.26820707809300964,0.49166422930681486
4627,0.2401286926001755,0.26820707809300964,0.49166422930681486
4628,0.2401286926001755,0.26820707809300964,0.49166422930681486
4629,0.2401286926001755,0.26820707809300964,0.49166422930681486
4630,0.2401286926001755,0.26820707809300964,0.49166422930681486
4631,0.2401286926001755,0.26820707809300964,0.49166422930681486
4632,0.2401286926001755,0.26820707809300964,0.49166422930681486
4633,0.2401286926001755,0.26820707809300964,0.49166422930681486
4634,0.2401286926001755,0.26820707809300964,0.49166422930681486
4635,0.2401286926001755,0.26820707809300964,0.49166422930681486
4636,0.2401286926001755,0.26820707809300964,0.49166422930681486
4637,0.2401286926001755,0.26820707809300964,0.49166422930681486
4638,0.2401286926001755,0.26820707809300964,0.49166422930681486
4639,0.2401286926001755,0.26820707809300964,0.49166422930681486
4640,0.2401286926001755,0.26820707809300964,0.49166422930681486
4641,0.2401286926001755,0.26820707809300964,0.49166422930681486
4642,0.2401286926001755,0.26820707809300964,0.49166422930681486
4643,0.2401286926001755,0.26820707809300964,0.49166422930681486
4644,0.2401286926001755,0.26820707809300964,0.49166422930681486
4645,0.2401286926001755,0.26820707809300964,0.49166422930681486
4646,0.2401286926001755,0.26820707809300964,0.49166422930681486
4647,0.2401286926001755,0.26820707809300964,0.49166422930681486
4648,0.2401286926001755,0.26820707809300964,0.49166422930681486
4649,0.2401286926001755,0.26820707809300964,0.49166422930681486
4650,0.2401286926001755,0.26820707809300964,0.49166422930681486
4651,0.2401286926001755,0.26820707809300964,0.49166422930681486
4652,0.2401286926001755,0.26820707809300964,0.49166422930681486
4653,0.2401286926001755,0.26820707809300964,0.49166422930681486
4654,0.2401286926001755,0.26820707809300964,0.49166422930681486
4655,0.2401286926001755,0.26820707809300964,0.49166422930681486
4656,0.2401286926001755,0.26820707809300964,0.49166422930681486
4657,0.2401286926001755,0.26820707809300964,0.49166422930681486
4658,0.2401286926001755,0.26820707809300964,0.49166422930681486
4659,0.2401286926001755,0.26820707809300964,0.49166422930681486
4660,0.2401286926001755,0.26820707809300964,0.49166422930681486
4661,0.2401286926001755,0.26820707809300964,0.49166422930681486
4662,0.2401286926001755,0.26820707809300964,0.49166422930681486
4663,0.2401286926001755,0.26820707809300964,0.49166422930681486
4664,0.2401286926001755,0.26820707809300964,0.49166422930681486
4665,0.2401286926001755,0.26820707809300964,0.49166422930681486
4666,0.2401286926001755,0.26820707809300964,0.49166422930681486
4667,0.2401286926001755,0.26820707809300964,0.49166422930681486
4668,0.2401286926001755,0.26820707809300964,0.49166422930681486
4669,0.2401286926001755,0.26820707809300964,0.49166422930681486
4670,0.2401286926001755,0.26820707809300964,0.49166422930681486
4671,0.2401286926001755,0.26820707809300964,0.49166422930681486
4672,0.2401286926001755,0.26820707809300964,0.49166422930681486
4673,0.2401286926001755,0.26820707809300964,0.49166422930681486
4674,0.2401286926001755,0.26820707809300964,0.49166422930681486
4675,0.2401286926001755,0.26820707809300964,0.49166422930681486
4676,0.2401286926001755,0.26820707809300964,0.49166422930681486
4677,0.2401286926001755,0.26820707809300964,0.49166422930681486
4678,0.2401286926001755,0.26820707809300964,0.49166422930681486
4679,0.2401286926001755,0.26820707809300964,0.49166422930681486
4680,0.2401286926001755,0.26820707809300964,0.49166422930681486
4681,0.2401286926001755,0.26820707809300964,0.49166422930681486
4682,0.2401286926001755,0.26820707809300964,0.49166422930681486
4683,0.2401286926001755,0.26820707809300964,0.49166422930681486
4684,0.2401286926001755,0.26820707809300964,0.49166422930681486
4685,0.2401286926001755,0.26820707809300964,0.49166422930681486
4686,0.2401286926001755,0.26820707809300964,0.49166422930681486
4687,0.2401286926001755,0.26820707809300964,0.49166422930681486
4688,0.2401286926001755,0.26820707809300964,0.49166422930681486
4689,0.2401286926001755,0.26820707809300964,0.49166422930681486
4690,0.2401286926001755,0.26820707809300964,0.49166422930681486
4691,0.2401286926001755,0.26820707809300964,0.49166422930681486
4692,0.2401286926001755,0.26820707809300964,0.49166422930681486
4693,0.2401286926001755,0.26820707809300964,0.49166422930681486
4694,0.2401286926001755,0.26820707809300964,0.49166422930681486
4695,0.2401286926001755,0.26820707809300964,0.49166422930681486
4696,0.2401286926001755,0.26820707809300964,0.49166422930681486
4697,0.2401286926001755,0.26820707809300964,0.49166422930681486
4698,0.2401286926001755,0.26820707809300964,0.49166422930681486
4699,0.2401286926001755,0.26820707809300964,0.49166422930681486
4700,0.2401286926001755,0.26820707809300964,0.49166422930681486
4701,0.2401286926001755,0.26820707809300964,0.49166422930681486
4702,0.2401286926001755,0.26820707809300964,0.49166422930681486
4703,0.2401286926001755,0.26820707809300964,0.49166422930681486
4704,0.2401286926001755,0.26820707809300964,0.49166422930681486
4705,0.2401286926001755,0.26820707809300964,0.49166422930681486
4706,0.2401286926001755,0.26820707809300964,0.49166422930681486
4707,0.2401286926001755,0.26820707809300964,0.49166422930681486
4708,0.2401286926001755,0.26820707809300964,0.49166422930681486
4709,0.2401286926001755,0.26820707809300964,0.49166422930681486
4710,0.2401286926001755,0.26820707809300964,0.49166422930681486
4711,0.2401286926001755,0.26820707809300964,0.49166422930681486
4712,0.2401286926001755,0.26820707809300964,0.49166422930681486
4713,0.2401286926001755,0.26820707809300964,0.49166422930681486
4714,0.2401286926001755,0.26820707809300964,0.49166422930681486
4715,0.2401286926001755,0.26820707809300964,0.49166422930681486
4716,0.2401286926001755,0.26820707809300964,0.49166422930681486
4717,0.2401286926001755,0.26820707809300964,0.49166422930681486
4718,0.2401286926001755,0.26820707809300964,0.49166422930681486
4719,0.2401286926001755,0.26820707809300964,0.49166422930681486
4720,0.2401286926001755,0.26820707809300964,0.49166422930681486
4721,0.2401286926001755,0.26820707809300964,0.49166422930681486
4722,0.2401286926001755,0.26820707809300964,0.49166422930681486
4723,0.2401286926001755,0.26820707809300964,0.49166422930681486
4724,0.2401286926001755,0.26820707809300964,0.49166422930681486
4725,0.2401286926001755,0.26820707809300964,0.49166422930681486
4726,0.2401286926001755,0.26820707809300964,0.49166422930681486
4727,0.2401286926001755,0.26820707809300964,0.49166422930681486
4728,0.2401286926001755,0.26820707809300964,0.49166422930681486
4729,0.2401286926001755,0.26820707809300964,0.49166422930681486
4730,0.2401286926001755,0.26820707809300964,0.49166422930681486
4731,0.2401286926001755,0.26820707809300964,0.49166422930681486
4732,0.2401286926001755,0.26820707809300964,0.49166422930681486
4733,0.2401286926001755,0.26820707809300964,0.49166422930681486
4734,0.2401286926001755,0.26820707809300964,0.49166422930681486
4735,0.2401286926001755,0.26820707809300964,0.49166422930681486
4736,0.2401286926001755,0.26820707809300964,0.49166422930681486
4737,0.2401286926001755,0.26820707809300964,0.49166422930681486
4738,0.2401286926001755,0.26820707809300964,0.49166422930681486
4739,0.2401286926001755,0.26820707809300964,0.49166422930681486
4740,0.2401286926001755,0.26820707809300964,0.49166422930681486
4741,0.2401286926001755,0.26820707809300964,0.49166422930681486
4742,0.2401286926001755,0.26820707809300964,0.49166422930681486
4743,0.2401286926001755,0.26820707809300964,0.49166422930681486
4744,0.2401286926001755,0.26820707809300964,0.49166422930681486
4745,0.2401286926001755,0.26820707809300964,0.49166422930681486
4746,0.2401286926001755,0.26820707809300964,0.49166422930681486
4747,0.2401286926001755,0.26820707809300964,0.49166422930681486
4748,0.2401286926001755,0.26820707809300964,0.49166422930681486
4749,0.2401286926001755,0.26820707809300964,0.49166422930681486
4750,0.2401286926001755,0.26820707809300964,0.49166422930681486
4751,0.2401286926001755,0.26820707809300964,0.49166422930681486
4752,0.2401286926001755,0.26820707809300964,0.49166422930681486
4753,0.2401286926001755,0.26820707809300964,0.49166422930681486
4754,0.2401286926001755,0.26820707809300964,0.49166422930681486
4755,0.2401286926001755,0.26820707809300964,0.49166422930681486
4756,0.2401286926001755,0.26820707809300964,0.49166422930681486
4757,0.2401286926001755,0.26820707809300964,0.49166422930681486
4758,0.2401286926001755,0.26820707809300964,0.49166422930681486
4759,0.2401286926001755,0.26820707809300964,0.49166422930681486
4760,0.2401286926001755,0.26820707809300964,0.49166422930681486
4761,0.2401286926001755,0.26820707809300964,0.49166422930681486
4762,0.2401286926001755,0.26820707809300964,0.49166422930681486
4763,0.2401286926001755,0.26820707809300964,0.49166422930681486
4764,0.2401286926001755,0.26820707809300964,0.49166422930681486
4765,0.2401286926001755,0.26820707809300964,0.49166422930681486
4766,0.2401286926001755,0.26820707809300964,0.49166422930681486
4767,0.2401286926001755,0.26820707809300964,0.49166422930681486
4768,0.2401286926001755,0.26820707809300964,0.49166422930681486
4769,0.2401286926001755,0.26820707809300964,0.49166422930681486
4770,0.2401286926001755,0.26820707809300964,0.49166422930681486
4771,0.2401286926001755,0.26820707809300964,0.49166422930681486
4772,0.2401286926001755,0.26820707809300964,0.49166422930681486
4773,0.2401286926001755,0.26820707809300964,0.49166422930681486
4774,0.2401286926001755,0.26820707809300964,0.49166422930681486
4775,0.2401286926001755,0.26820707809300964,0.49166422930681486
4776,0.2401286926001755,0.26820707809300964,0.49166422930681486
4777,0.2401286926001755,0.26820707809300964,0.49166422930681486
4778,0.2401286926001755,0.26820707809300964,0.49166422930681486
4779,0.2401286926001755,0.26820707809300964,0.49166422930681486
4780,0.2401286926001755,0.26820707809300964,0.49166422930681486
4781,0.2401286926001755,0.26820707809300964,0.49166422930681486
4782,0.2401286926001755,0.26820707809300964,0.49166422930681486
4783,0.2401286926001755,0.26820707809300964,0.49166422930681486
4784,0.2401286926001755,0.26820707809300964,0.49166422930681486
4785,0.2401286926001755,0.26820707809300964,0.49166422930681486
4786,0.2401286926001755,0.26820707809300964,0.49166422930681486
4787,0.2401286926001755,0.26820707809300964,0.49166422930681486
4788,0.2401286926001755,0.26820707809300964,0.49166422930681486
4789,0.2401286926001755,0.26820707809300964,0.49166422930681486
4790,0.2401286926001755,0.26820707809300964,0.49166422930681486
4791,0.2401286926001755,0.26820707809300964,0.49166422930681486
4792,0.2401286926001755,0.26820707809300964,0.49166422930681486
4793,0.2401286926001755,0.26820707809300964,0.49166422930681486
4794,0.2401286926001755,0.26820707809300964,0.49166422930681486
4795,0.2401286926001755,0.26820707809300964,0.49166422930681486
4796,0.2401286926001755,0.26820707809300964,0.49166422930681486
4797,0.2401286926001755,0.26820707809300964,0.49166422930681486
4798,0.2401286926001755,0.26820707809300964,0.49166422930681486
4799,0.2401286926001755,0.26820707809300964,0.49166422930681486
4800,0.2401286926001755,0.26820707809300964,0.49166422930681486
4801,0.2401286926001755,0.26820707809300964,0.49166422930681486
4802,0.2401286926001755,0.26820707809300964,0.49166422930681486
4803,0.2401286926001755,0.26820707809300964,0.49166422930681486
4804,0.2401286926001755,0.26820707809300964,0.49166422930681486
4805,0.2401286926001755,0.26820707809300964,0.49166422930681486
4806,0.2401286926001755,0.26820707809300964,0.49166422930681486
4807,0.2401286926001755,0.26820707809300964,0.49166422930681486
4808,0.2401286926001755,0.26820707809300964,0.49166422930681486
4809,0.2401286926001755,0.26820707809300964,0.49166422930681486
4810,0.2401286926001755,0.26820707809300964,0.49166422930681486
4811,0.2401286926001755,0.26820707809300964,0.49166422930681486
4812,0.2401286926001755,0.26820707809300964,0.49166422930681486
4813,0.2401286926001755,0.26820707809300964,0.49166422930681486
4814,0.2401286926001755,0.26820707809300964,0.49166422930681486
4815,0.2401286926001755,0.26820707809300964,0.49166422930681486
4816,0.2401286926001755,0.26820707809300964,0.49166422930681486
4817,0.2401286926001755,0.26820707809300964,0.49166422930681486
4818,0.2401286926001755,0.26820707809300964,0.49166422930681486
4819,0.2401286926001755,0.26820707809300964,0.49166422930681486
4820,0.2401286926001755,0.26820707809300964,0.49166422930681486
4821,0.2401286926001755,0.26820707809300964,0.49166422930681486
4822,0.2401286926001755,0.26820707809300964,0.49166422930681486
4823,0.2401286926001755,0.26820707809300964,0.49166422930681486
4824,0.2401286926001755,0.26820707809300964,0.49166422930681486
4825,0.2401286926001755,0.26820707809300964,0.49166422930681486
4826,0.2401286926001755,0.26820707809300964,0.49166422930681486
4827,0.2401286926001755,0.26820707809300964,0.49166422930681486
4828,0.2401286926001755,0.26820707809300964,0.49166422930681486
4829,0.2401286926001755,0.26820707809300964,0.49166422930681486
4830,0.2401286926001755,0.26820707809300964,0.49166422930681486
4831,0.2401286926001755,0.26820707809300964,0.49166422930681486
4832,0.2401286926001755,0.26820707809300964,0.49166422930681486
4833,0.2401286926001755,0.26820707809300964,0.49166422930681486
4834,0.2401286926001755,0.26820707809300964,0.49166422930681486
4835,0.2401286926001755,0.26820707809300964,0.49166422930681486
4836,0.2401286926001755,0.26820707809300964,0.49166422930681486
4837,0.2401286926001755,0.26820707809300964,0.49166422930681486
4838,0.2401286926001755,0.26820707809300964,0.49166422930681486
4839,0.2401286926001755,0.26820707809300964,0.49166422930681486
4840,0.2401286926001755,0.26820707809300964,0.49166422930681486
4841,0.2401286926001755,0.26820707809300964,0.49166422930681486
4842,0.2401286926001755,0.26820707809300964,0.49166422930681486
4843,0.2401286926001755,0.26820707809300964,0.49166422930681486
4844,0.2401286926001755,0.26820707809300964,0.49166422930681486
4845,0.2401286926001755,0.26820707809300964,0.49166422930681486
4846,0.2401286926001755,0.26820707809300964,0.49166422930681486
4847,0.2401286926001755,0.26820707809300964,0.49166422930681486
4848,0.2401286926001755,0.26820707809300964,0.49166422930681486
4849,0.2401286926001755,0.26820707809300964,0.49166422930681486
4850,0.2401286926001755,0.26820707809300964,0.49166422930681486
4851,0.2401286926001755,0.26820707809300964,0.49166422930681486
4852,0.2401286926001755,0.26820707809300964,0.49166422930681486
4853,0.2401286926001755,0.26820707809300964,0.49166422930681486
4854,0.2401286926001755,0.26820707809300964,0.49166422930681486
4855,0.2401286926001755,0.26820707809300964,0.49166422930681486
4856,0.2401286926001755,0.26820707809300964,0.49166422930681486
4857,0.2401286926001755,0.26820707809300964,0.49166422930681486
4858,0.2401286926001755,0.26820707809300964,0.49166422930681486
4859,0.2401286926001755,0.26820707809300964,0.49166422930681486
4860,0.2401286926001755,0.26820707809300964,0.49166422930681486
4861,0.2401286926001755,0.26820707809300964,0.49166422930681486
4862,0.2401286926001755,0.26820707809300964,0.49166422930681486
4863,0.2401286926001755,0.26820707809300964,0.49166422930681486
4864,0.2401286926001755,0.26820707809300964,0.49166422930681486
4865,0.2401286926001755,0.26820707809300964,0.49166422930681486
4866,0.2401286926001755,0.26820707809300964,0.49166422930681486
4867,0.2401286926001755,0.26820707809300964,0.49166422930681486
4868,0.2401286926001755,0.26820707809300964,0.49166422930681486
4869,0.2401286926001755,0.26820707809300964,0.49166422930681486
4870,0.2401286926001755,0.26820707809300964,0.49166422930681486
4871,0.2401286926001755,0.26820707809300964,0.49166422930681486
4872,0.2401286926001755,0.26820707809300964,0.49166422930681486
4873,0.2401286926001755,0.26820707809300964,0.49166422930681486
4874,0.2401286926001755,0.26820707809300964,0.49166422930681486
4875,0.2401286926001755,0.26820707809300964,0.49166422930681486
4876,0.2401286926001755,0.26820707809300964,0.49166422930681486
4877,0.2401286926001755,0.26820707809300964,0.49166422930681486
4878,0.2401286926001755,0.26820707809300964,0.49166422930681486
4879,0.2401286926001755,0.26820707809300964,0.49166422930681486
4880,0.2401286926001755,0.26820707809300964,0.49166422930681486
4881,0.2401286926001755,0.26820707809300964,0.49166422930681486
4882,0.2401286926001755,0.26820707809300964,0.49166422930681486
4883,0.2401286926001755,0.26820707809300964,0.49166422930681486
4884,0.2401286926001755,0.26820707809300964,0.49166422930681486
4885,0.2401286926001755,0.26820707809300964,0.49166422930681486
4886,0.2401286926001755,0.26820707809300964,0.49166422930681486
4887,0.2401286926001755,0.26820707809300964,0.49166422930681486
4888,0.2401286926001755,0.26820707809300964,0.49166422930681486
4889,0.2401286926001755,0.26820707809300964,0.49166422930681486
4890,0.2401286926001755,0.26820707809300964,0.49166422930681486
4891,0.2401286926001755,0.26820707809300964,0.49166422930681486
4892,0.2401286926001755,0.26820707809300964,0.49166422930681486
4893,0.2401286926001755,0.26820707809300964,0.49166422930681486
4894,0.2401286926001755,0.26820707809300964,0.49166422930681486
4895,0.2401286926001755,0.26820707809300964,0.49166422930681486
4896,0.2401286926001755,0.26820707809300964,0.49166422930681486
4897,0.2401286926001755,0.26820707809300964,0.49166422930681486
4898,0.2401286926001755,0.26820707809300964,0.49166422930681486
4899,0.2401286926001755,0.26820707809300964,0.49166422930681486
4900,0.2401286926001755,0.26820707809300964,0.49166422930681486
4901,0.2401286926001755,0.26820707809300964,0.49166422930681486
4902,0.2401286926001755,0.26820707809300964,0.49166422930681486
4903,0.2401286926001755,0.26820707809300964,0.49166422930681486
4904,0.2401286926001755,0.26820707809300964,0.49166422930681486
4905,0.2401286926001755,0.26820707809300964,0.49166422930681486
4906,0.2401286926001755,0.26820707809300964,0.49166422930681486
4907,0.2401286926001755,0.26820707809300964,0.49166422930681486
4908,0.2401286926001755,0.26820707809300964,0.49166422930681486
4909,0.2401286926001755,0.26820707809300964,0.49166422930681486
4910,0.2401286926001755,0.26820707809300964,0.49166422930681486
4911,0.2401286926001755,0.26820707809300964,0.49166422930681486
4912,0.2401286926001755,0.26820707809300964,0.49166422930681486
4913,0.2401286926001755,0.26820707809300964,0.49166422930681486
4914,0.2401286926001755,0.26820707809300964,0.49166422930681486
4915,0.2401286926001755,0.26820707809300964,0.49166422930681486
4916,0.2401286926001755,0.26820707809300964,0.49166422930681486
4917,0.2401286926001755,0.26820707809300964,0.49166422930681486
4918,0.2401286926001755,0.26820707809300964,0.49166422930681486
4919,0.2401286926001755,0.26820707809300964,0.49166422930681486
4920,0.2401286926001755,0.26820707809300964,0.49166422930681486
4921,0.2401286926001755,0.26820707809300964,0.49166422930681486
4922,0.2401286926001755,0.26820707809300964,0.49166422930681486
4923,0.2401286926001755,0.26820707809300964,0.49166422930681486
4924,0.2401286926001755,0.26820707809300964,0.49166422930681486
4925,0.2401286926001755,0.26820707809300964,0.49166422930681486
4926,0.2401286926001755,0.26820707809300964,0.49166422930681486
4927,0.2401286926001755,0.26820707809300964,0.49166422930681486
4928,0.2401286926001755,0.26820707809300964,0.49166422930681486
4929,0.2401286926001755,0.26820707809300964,0.49166422930681486
4930,0.2401286926001755,0.26820707809300964,0.49166422930681486
4931,0.2401286926001755,0.26820707809300964,0.49166422930681486
4932,0.2401286926001755,0.26820707809300964,0.49166422930681486
4933,0.2401286926001755,0.26820707809300964,0.49166422930681486
4934,0.2401286926001755,0.26820707809300964,0.49166422930681486
4935,0.2401286926001755,0.26820707809300964,0.49166422930681486
4936,0.2401286926001755,0.26820707809300964,0.49166422930681486
4937,0.2401286926001755,0.26820707809300964,0.49166422930681486
4938,0.2401286926001755,0.26820707809300964,0.49166422930681486
4939,0.2401286926001755,0.26820707809300964,0.49166422930681486
4940,0.2401286926001755,0.26820707809300964,0.49166422930681486
4941,0.2401286926001755,0.26820707809300964,0.49166422930681486
4942,0.2401286926001755,0.26820707809300964,0.49166422930681486
4943,0.2401286926001755,0.26820707809300964,0.49166422930681486
4944,0.2401286926001755,0.26820707809300964,0.49166422930681486
4945,0.2401286926001755,0.26820707809300964,0.49166422930681486
4946,0.2401286926001755,0.26820707809300964,0.49166422930681486
4947,0.2401286926001755,0.26820707809300964,0.49166422930681486
4948,0.2401286926001755,0.26820707809300964,0.49166422930681486
4949,0.2401286926001755,0.26820707809300964,0.49166422930681486
4950,0.2401286926001755,0.26820707809300964,0.49166422930681486
4951,0.2401286926001755,0.26820707809300964,0.49166422930681486
4952,0.2401286926001755,0.26820707809300964,0.49166422930681486
4953,0.2401286926001755,0.26820707809300964,0.49166422930681486
4954,0.2401286926001755,0.26820707809300964,0.49166422930681486
4955,0.2401286926001755,0.26820707809300964,0.49166422930681486
4956,0.2401286926001755,0.26820707809300964,0.49166422930681486
4957,0.2401286926001755,0.26820707809300964,0.49166422930681486
4958,0.2401286926001755,0.26820707809300964,0.49166422930681486
4959,0.2401286926001755,0.26820707809300964,0.49166422930681486
4960,0.2401286926001755,0.26820707809300964,0.49166422930681486
4961,0.2401286926001755,0.26820707809300964,0.49166422930681486
4962,0.2401286926001755,0.26820707809300964,0.49166422930681486
4963,0.2401286926001755,0.26820707809300964,0.49166422930681486
4964,0.2401286926001755,0.26820707809300964,0.49166422930681486
4965,0.2401286926001755,0.26820707809300964,0.49166422930681486
4966,0.2401286926001755,0.26820707809300964,0.49166422930681486
4967,0.2401286926001755,0.26820707809300964,0.49166422930681486
4968,0.2401286926001755,0.26820707809300964,0.49166422930681486
4969,0.2401286926001755,0.26820707809300964,0.49166422930681486
4970,0.2401286926001755,0.26820707809300964,0.49166422930681486
4971,0.2401286926001755,0.26820707809300964,0.49166422930681486
4972,0.2401286926001755,0.26820707809300964,0.49166422930681486
4973,0.2401286926001755,0.26820707809300964,0.49166422930681486
4974,0.2401286926001755,0.26820707809300964,0.49166422930681486
4975,0.2401286926001755,0.26820707809300964,0.49166422930681486
4976,0.2401286926001755,0.26820707809300964,0.49166422930681486
4977,0.2401286926001755,0.26820707809300964,0.49166422930681486
4978,0.2401286926001755,0.26820707809300964,0.49166422930681486
4979,0.2401286926001755,0.26820707809300964,0.49166422930681486
4980,0.2401286926001755,0.26820707809300964,0.49166422930681486
4981,0.2401286926001755,0.26820707809300964,0.49166422930681486
4982,0.2401286926001755,0.26820707809300964,0.49166422930681486
4983,0.2401286926001755,0.26820707809300964,0.49166422930681486
4984,0.2401286926001755,0.26820707809300964,0.49166422930681486
4985,0.2401286926001755,0.26820707809300964,0.49166422930681486
4986,0.2401286926001755,0.26820707809300964,0.49166422930681486
4987,0.2401286926001755,0.26820707809300964,0.49166422930681486
4988,0.2401286926001755,0.26820707809300964,0.49166422930681486
4989,0.2401286926001755,0.26820707809300964,0.49166422930681486
4990,0.2401286926001755,0.26820707809300964,0.49166422930681486
4991,0.2401286926001755,0.26820707809300964,0.49166422930681486
4992,0.2401286926001755,0.26820707809300964,0.49166422930681486
4993,0.2401286926001755,0.26820707809300964,0.49166422930681486
4994,0.2401286926001755,0.26820707809300964,0.49166422930681486
4995,0.2401286926001755,0.26820707809300964,0.49166422930681486
4996,0.2401286926001755,0.26820707809300964,0.49166422930681486
4997,0.2401286926001755,0.26820707809300964,0.49166422930681486
4998,0.2401286926001755,0.26820707809300964,0.49166422930681486
4999,0.2401286926001755,0.26820707809300964,0.49166422930681486
5000,0.2401286926001755,0.26820707809300964,0.49166422930681486
5001,0.2401286926001755,0.26820707809300964,0.49166422930681486
5002,0.2401286926001755,0.26820707809300964,0.49166422930681486
5003,0.2401286926001755,0.26820707809300964,0.49166422930681486
5004,0.2401286926001755,0.26820707809300964,0.49166422930681486
5005,0.2401286926001755,0.26820707809300964,0.49166422930681486
5006,0.2401286926001755,0.26820707809300964,0.49166422930681486
5007,0.2401286926001755,0.26820707809300964,0.49166422930681486
5008,0.2401286926001755,0.26820707809300964,0.49166422930681486
5009,0.2401286926001755,0.26820707809300964,0.49166422930681486
5010,0.2401286926001755,0.26820707809300964,0.49166422930681486
5011,0.2401286926001755,0.26820707809300964,0.49166422930681486
5012,0.2401286926001755,0.26820707809300964,0.49166422930681486
5013,0.2401286926001755,0.26820707809300964,0.49166422930681486
5014,0.2401286926001755,0.26820707809300964,0.49166422930681486
5015,0.2401286926001755,0.26820707809300964,0.49166422930681486
5016,0.2401286926001755,0.26820707809300964,0.49166422930681486
5017,0.2401286926001755,0.26820707809300964,0.49166422930681486
5018,0.2401286926001755,0.26820707809300964,0.49166422930681486
5019,0.2401286926001755,0.26820707809300964,0.49166422930681486
5020,0.2401286926001755,0.26820707809300964,0.49166422930681486
5021,0.2401286926001755,0.26820707809300964,0.49166422930681486
5022,0.2401286926001755,0.26820707809300964,0.49166422930681486
5023,0.2401286926001755,0.26820707809300964,0.49166422930681486
5024,0.2401286926001755,0.26820707809300964,0.49166422930681486
5025,0.2401286926001755,0.26820707809300964,0.49166422930681486
5026,0.2401286926001755,0.26820707809300964,0.49166422930681486
5027,0.2401286926001755,0.26820707809300964,0.49166422930681486
5028,0.2401286926001755,0.26820707809300964,0.49166422930681486
5029,0.2401286926001755,0.26820707809300964,0.49166422930681486
5030,0.2401286926001755,0.26820707809300964,0.49166422930681486
5031,0.2401286926001755,0.26820707809300964,0.49166422930681486
5032,0.2401286926001755,0.26820707809300964,0.49166422930681486
5033,0.2401286926001755,0.26820707809300964,0.49166422930681486
5034,0.2401286926001755,0.26820707809300964,0.49166422930681486
5035,0.2401286926001755,0.26820707809300964,0.49166422930681486
5036,0.2401286926001755,0.26820707809300964,0.49166422930681486
5037,0.2401286926001755,0.26820707809300964,0.49166422930681486
5038,0.2401286926001755,0.26820707809300964,0.49166422930681486
5039,0.2401286926001755,0.26820707809300964,0.49166422930681486
5040,0.2401286926001755,0.26820707809300964,0.49166422930681486
5041,0.2401286926001755,0.26820707809300964,0.49166422930681486
5042,0.2401286926001755,0.26820707809300964,0.49166422930681486
5043,0.2401286926001755,0.26820707809300964,0.49166422930681486
5044,0.2401286926001755,0.26820707809300964,0.49166422930681486
5045,0.2401286926001755,0.26820707809300964,0.49166422930681486
5046,0.2401286926001755,0.26820707809300964,0.49166422930681486
5047,0.2401286926001755,0.26820707809300964,0.49166422930681486
5048,0.2401286926001755,0.26820707809300964,0.49166422930681486
5049,0.2401286926001755,0.26820707809300964,0.49166422930681486
5050,0.2401286926001755,0.26820707809300964,0.49166422930681486
5051,0.2401286926001755,0.26820707809300964,0.49166422930681486
5052,0.2401286926001755,0.26820707809300964,0.49166422930681486
5053,0.2401286926001755,0.26820707809300964,0.49166422930681486
5054,0.2401286926001755,0.26820707809300964,0.49166422930681486
5055,0.2401286926001755,0.26820707809300964,0.49166422930681486
5056,0.2401286926001755,0.26820707809300964,0.49166422930681486
5057,0.2401286926001755,0.26820707809300964,0.49166422930681486
5058,0.2401286926001755,0.26820707809300964,0.49166422930681486
5059,0.2401286926001755,0.26820707809300964,0.49166422930681486
5060,0.2401286926001755,0.26820707809300964,0.49166422930681486
5061,0.2401286926001755,0.26820707809300964,0.49166422930681486
5062,0.2401286926001755,0.26820707809300964,0.49166422930681486
5063,0.2401286926001755,0.26820707809300964,0.49166422930681486
5064,0.2401286926001755,0.26820707809300964,0.49166422930681486
5065,0.2401286926001755,0.26820707809300964,0.49166422930681486
5066,0.2401286926001755,0.26820707809300964,0.49166422930681486
5067,0.2401286926001755,0.26820707809300964,0.49166422930681486
5068,0.2401286926001755,0.26820707809300964,0.49166422930681486
5069,0.2401286926001755,0.26820707809300964,0.49166422930681486
5070,0.2401286926001755,0.26820707809300964,0.49166422930681486
5071,0.2401286926001755,0.26820707809300964,0.49166422930681486
5072,0.2401286926001755,0.26820707809300964,0.49166422930681486
5073,0.2401286926001755,0.26820707809300964,0.49166422930681486
5074,0.2401286926001755,0.26820707809300964,0.49166422930681486
5075,0.2401286926001755,0.26820707809300964,0.49166422930681486
5076,0.2401286926001755,0.26820707809300964,0.49166422930681486
5077,0.2401286926001755,0.26820707809300964,0.49166422930681486
5078,0.2401286926001755,0.26820707809300964,0.49166422930681486
5079,0.2401286926001755,0.26820707809300964,0.49166422930681486
5080,0.2401286926001755,0.26820707809300964,0.49166422930681486
5081,0.2401286926001755,0.26820707809300964,0.49166422930681486
5082,0.2401286926001755,0.26820707809300964,0.49166422930681486
5083,0.2401286926001755,0.26820707809300964,0.49166422930681486
5084,0.2401286926001755,0.26820707809300964,0.49166422930681486
5085,0.2401286926001755,0.26820707809300964,0.49166422930681486
5086,0.2401286926001755,0.26820707809300964,0.49166422930681486
5087,0.2401286926001755,0.26820707809300964,0.49166422930681486
5088,0.2401286926001755,0.26820707809300964,0.49166422930681486
5089,0.2401286926001755,0.26820707809300964,0.49166422930681486
5090,0.2401286926001755,0.26820707809300964,0.49166422930681486
5091,0.2401286926001755,0.26820707809300964,0.49166422930681486
5092,0.2401286926001755,0.26820707809300964,0.49166422930681486
5093,0.2401286926001755,0.26820707809300964,0.49166422930681486
5094,0.2401286926001755,0.26820707809300964,0.49166422930681486
5095,0.2401286926001755,0.26820707809300964,0.49166422930681486
5096,0.2401286926001755,0.26820707809300964,0.49166422930681486
5097,0.2401286926001755,0.26820707809300964,0.49166422930681486
5098,0.2401286926001755,0.26820707809300964,0.49166422930681486
5099,0.2401286926001755,0.26820707809300964,0.49166422930681486
5100,0.2401286926001755,0.26820707809300964,0.49166422930681486
5101,0.2401286926001755,0.26820707809300964,0.49166422930681486
5102,0.2401286926001755,0.26820707809300964,0.49166422930681486
5103,0.2401286926001755,0.26820707809300964,0.49166422930681486
5104,0.2401286926001755,0.26820707809300964,0.49166422930681486
5105,0.2401286926001755,0.26820707809300964,0.49166422930681486
5106,0.2401286926001755,0.26820707809300964,0.49166422930681486
5107,0.2401286926001755,0.26820707809300964,0.49166422930681486
5108,0.2401286926001755,0.26820707809300964,0.49166422930681486
5109,0.2401286926001755,0.26820707809300964,0.49166422930681486
5110,0.2401286926001755,0.26820707809300964,0.49166422930681486
5111,0.2401286926001755,0.26820707809300964,0.49166422930681486
5112,0.2401286926001755,0.26820707809300964,0.49166422930681486
5113,0.2401286926001755,0.26820707809300964,0.49166422930681486
5114,0.2401286926001755,0.26820707809300964,0.49166422930681486
5115,0.2401286926001755,0.26820707809300964,0.49166422930681486
5116,0.2401286926001755,0.26820707809300964,0.49166422930681486
5117,0.2401286926001755,0.26820707809300964,0.49166422930681486
5118,0.2401286926001755,0.26820707809300964,0.49166422930681486
5119,0.2401286926001755,0.26820707809300964,0.49166422930681486
5120,0.2401286926001755,0.26820707809300964,0.49166422930681486
5121,0.2401286926001755,0.26820707809300964,0.49166422930681486
5122,0.2401286926001755,0.26820707809300964,0.49166422930681486
5123,0.2401286926001755,0.26820707809300964,0.49166422930681486
5124,0.2401286926001755,0.26820707809300964,0.49166422930681486
5125,0.2401286926001755,0.26820707809300964,0.49166422930681486
5126,0.2401286926001755,0.26820707809300964,0.49166422930681486
5127,0.2401286926001755,0.26820707809300964,0.49166422930681486
5128,0.2401286926001755,0.26820707809300964,0.49166422930681486
5129,0.2401286926001755,0.26820707809300964,0.49166422930681486
5130,0.2401286926001755,0.26820707809300964,0.49166422930681486
5131,0.2401286926001755,0.26820707809300964,0.49166422930681486
5132,0.2401286926001755,0.26820707809300964,0.49166422930681486
5133,0.2401286926001755,0.26820707809300964,0.49166422930681486
5134,0.2401286926001755,0.26820707809300964,0.49166422930681486
5135,0.2401286926001755,0.26820707809300964,0.49166422930681486
5136,0.2401286926001755,0.26820707809300964,0.49166422930681486
5137,0.2401286926001755,0.26820707809300964,0.49166422930681486
5138,0.2401286926001755,0.26820707809300964,0.49166422930681486
5139,0.2401286926001755,0.26820707809300964,0.49166422930681486
5140,0.2401286926001755,0.26820707809300964,0.49166422930681486
5141,0.2401286926001755,0.26820707809300964,0.49166422930681486
5142,0.2401286926001755,0.26820707809300964,0.49166422930681486
5143,0.2401286926001755,0.26820707809300964,0.49166422930681486
