Id,Season,Date,Home,Away,elo_home,elo_away,elo_diff,form_pts_home,form_pts_away,form_gf_home,form_ga_home,form_gf_away,form_ga_away,home_form_as_host,away_form_as_visitor,rest_days_home,rest_days_away,season_ppg_home,season_ppg_away,round_n,h2h_home_pts,Res,odd_casa,odd_empate,odd_visitante
0,2013,2013-05-25,Vasco,Portuguesa,1506.636452194357,1486.5805901353688,20.05586205898817,1.6,1.0,1.2,1.4,0.8,1.2,0.4,1.0,174.0,174.0,,,1,3.0,H,1.86,3.44,4.06
1,2013,2013-05-25,Vitoria,Internacional,1500.0,1490.9719624092659,9.02803759073413,,0.2,,,0.0,1.6,,0.8,,174.0,,,1,,D,2.72,3.17,2.52
2,2013,2013-05-26,Corinthians,Botafogo RJ,1527.3547634964718,1506.5604786805861,20.794284815885703,2.0,1.0,2.2,1.0,1.8,1.8,2.2,1.2,175.0,176.0,,,1,0.0,D,1.82,3.43,4.21
3,2013,2013-05-26,Criciuma,Bahia,1500.0,1498.5949967791894,1.4050032208106131,,2.0,,,1.0,0.8,,1.4,,175.0,,,1,,H,1.72,3.5,4.7
4,2013,2013-05-26,Gremio,Nautico,1561.7329615300757,1489.5107554500173,72.22220608005841,2.2,1.4,1.8,1.0,1.2,0.8,1.8,0.4,175.0,175.0,,,1,3.0,H,1.38,4.36,8.19
5,2013,2013-05-26,Ponte Preta,Sao Paulo,1491.7661009876285,1543.6045420181952,-51.83844103056663,1.0,1.6,0.2,0.4,1.4,1.0,2.6,1.4,175.0,175.0,,,1,1.0,A,2.98,3.18,2.32
6,2013,2013-05-26,Santos,Flamengo RJ,1513.6268288612537,1502.4273695517343,11.199459309519398,2.0,1.8,2.2,0.8,1.2,0.8,2.2,1.2,176.0,176.0,,,1,3.0,D,2.54,3.21,2.67
7,2013,2013-05-26,Coritiba,Atletico-MG,1487.7977453321146,1554.2947843056659,-66.4970389735513,1.2,1.6,1.4,1.8,1.8,1.6,2.4,1.0,175.0,175.0,,,1,3.0,H,1.95,3.4,3.67
8,2013,2013-05-26,Cruzeiro,Goias,1493.4139028691925,1500.0,-6.586097130807502,1.8,,1.8,1.8,,,2.4,,175.0,,,,1,,H,1.6,3.74,5.38
9,2013,2013-05-26,Fluminense,Athletico-PR,1570.0312218858312,1500.0,70.0312218858312,1.0,,1.2,1.6,,,1.4,,175.0,,,,1,,H,2.21,3.17,3.18
10,2013,2013-05-29,Athletico-PR,Cruzeiro,1493.701967689333,1501.748280298897,-8.046312609563984,0.0,2.4,1.0,2.0,2.8,1.0,,0.8,3.0,3.0,0.0,3.0,2,,D,2.79,3.2,2.44
11,2013,2013-05-29,Botafogo RJ,Santos,1508.9808398419816,1511.4681335244993,-2.487293682517702,1.0,1.6,1.6,1.6,1.4,0.8,1.8,1.4,3.0,3.0,1.0,1.0,2,0.0,H,1.66,3.66,4.97
12,2013,2013-05-29,Sao Paulo,Vasco,1553.983181032494,1514.2361097536705,39.74707127882357,2.0,2.2,1.6,0.8,1.4,0.8,2.6,1.2,3.0,4.0,3.0,3.0,2,0.0,H,1.61,3.68,5.46
13,2013,2013-05-30,Bahia,Coritiba,1490.4833482124752,1497.8408333107598,-7.357485098284542,1.4,1.2,1.0,1.4,1.6,2.0,1.0,0.8,4.0,4.0,0.0,3.0,2,1.0,D,2.69,3.22,2.5
14,2013,2013-05-30,Flamengo RJ,Ponte Preta,1504.5860648884886,1481.3874619733297,23.198602915158972,1.4,1.0,1.0,0.8,0.2,0.6,1.8,0.2,4.0,4.0,1.0,0.0,2,0.0,A,1.68,3.53,5.03
15,2013,2013-05-30,Nautico,Vitoria,1483.2670149516223,1497.9009705152725,-14.633955563650261,0.8,1.0,0.6,1.2,2.0,2.0,2.0,,4.0,5.0,0.0,1.0,2,,A,2.2,3.24,3.15
16,2013,2013-05-30,Goias,Corinthians,1491.6656225702955,1524.9344023350764,-33.2687797647809,0.0,1.6,0.0,5.0,2.0,1.2,,1.4,4.0,4.0,0.0,1.0,2,,D,3.09,3.19,2.26
17,2013,2013-05-30,Internacional,Criciuma,1493.0709918939933,1508.1116485667142,-15.040656672720843,0.4,3.0,0.4,1.4,3.0,1.0,1.2,,5.0,4.0,1.0,3.0,2,,H,1.47,4.12,6.45
18,2013,2013-06-01,Athletico-PR,Flamengo RJ,1492.0772358904037,1492.1006658080341,-0.023429917630437558,0.5,0.8,1.5,2.0,0.8,1.2,1.0,1.4,3.0,2.0,0.5,0.5,3,,D,2.36,3.2,2.91
19,2013,2013-06-01,Botafogo RJ,Cruzeiro,1517.2007473918393,1503.3730120978264,13.827735294012882,1.0,2.0,1.4,1.8,2.6,1.2,2.4,0.8,3.0,3.0,2.0,2.0,3,0.0,H,2.16,3.29,3.19
20,2013,2013-06-01,Santos,Gremio,1503.2482259746416,1567.9767020284708,-64.72847605382913,1.6,2.2,1.4,0.8,2.0,1.0,1.8,1.8,3.0,6.0,0.5,3.0,3,3.0,D,2.7,3.17,2.53
21,2013,2013-06-01,Goias,Coritiba,1490.7548555054225,1499.4848615593012,-8.730006053878697,0.5,1.4,0.5,3.0,1.4,1.0,1.0,0.4,2.0,2.0,0.5,2.0,3,,D,2.26,3.26,3.02
22,2013,2013-06-01,Vitoria,Vasco,1509.3405516911878,1507.1628317177265,2.1777199734613077,2.0,2.0,2.5,1.0,1.4,1.6,1.0,1.2,2.0,3.0,2.0,1.5,3,,H,1.8,3.43,4.33
23,2013,2013-06-02,Corinthians,Ponte Preta,1525.8451693999493,1493.8728610537842,31.972308346165164,1.2,1.0,1.2,1.2,0.4,0.6,1.8,0.8,3.0,3.0,1.0,1.5,3,1.0,H,1.54,3.8,6.02
24,2013,2013-06-02,Atletico-MG,Sao Paulo,1544.2516963270207,1561.056459068438,-16.804762741417335,1.6,2.6,2.0,1.8,2.4,0.6,2.2,1.4,7.0,4.0,0.0,3.0,2,3.0,D,2.03,3.29,3.52
25,2013,2013-06-02,Fluminense,Criciuma,1576.3292541964981,1499.539764607206,76.78948958929209,1.4,1.5,1.4,1.6,1.5,1.5,1.4,0.0,7.0,3.0,3.0,1.5,2,,H,1.58,3.77,5.51
26,2013,2013-06-02,Internacional,Bahia,1501.6428758535014,1488.8393199639338,12.803555889567633,1.0,1.6,0.8,1.2,0.8,0.8,1.2,1.4,3.0,3.0,2.0,0.5,3,3.0,A,1.41,4.19,7.65
27,2013,2013-06-02,Nautico,Portuguesa,1471.827433775707,1478.9809325760552,-7.1534988003481885,0.8,1.0,0.6,1.6,0.8,1.2,1.4,1.0,3.0,8.0,0.0,0.0,3,1.0,D,2.21,3.18,3.19
28,2013,2013-06-05,Criciuma,Santos,1493.4083719608761,1503.240410888847,-9.83203892797087,1.0,1.2,1.0,2.0,1.2,1.0,3.0,0.8,3.0,4.0,1.0,0.6666666666666666,4,,H,2.29,3.23,3.02
29,2013,2013-06-05,Portuguesa,Internacional,1480.630672781784,1489.4402065334205,-8.809533751636536,1.2,1.0,1.2,1.0,1.0,1.2,0.8,1.0,3.0,3.0,0.5,1.3333333333333333,3,1.0,D,2.79,3.08,2.52
30,2013,2013-06-05,Sao Paulo,Goias,1562.4347999542474,1489.1492886302667,73.2855113239807,2.2,0.6666666666666666,2.0,0.4,0.6666666666666666,2.3333333333333335,2.6,0.0,3.0,4.0,2.3333333333333335,0.6666666666666666,4,,A,1.38,4.51,7.76
31,2013,2013-06-06,Gremio,Vitoria,1567.9845171142654,1517.4307617913132,50.553755322952156,1.8,2.3333333333333335,1.8,1.0,2.3333333333333335,0.6666666666666666,2.2,3.0,5.0,5.0,2.0,2.3333333333333335,3,,H,1.41,4.24,7.53
32,2013,2013-06-06,Ponte Preta,Athletico-PR,1486.5936610358299,1490.2285625907073,-3.6349015548773878,1.0,0.6666666666666666,0.4,0.6,1.6666666666666667,2.0,2.0,0.0,4.0,5.0,1.0,0.6666666666666666,4,,A,2.29,3.16,3.07
33,2013,2013-06-06,Vasco,Atletico-MG,1499.072621617601,1542.8733554412113,-43.800733823610244,1.4,1.6,1.0,1.8,1.8,1.6,1.0,1.0,5.0,4.0,1.0,0.5,4,1.0,H,3.34,3.26,2.12
34,2013,2013-06-06,Bahia,Botafogo RJ,1501.0419892840148,1524.9700483118045,-23.928059027789686,1.6,1.6,1.0,1.0,1.8,1.6,1.2,1.2,4.0,5.0,1.3333333333333333,2.3333333333333335,4,3.0,H,3.49,3.26,2.07
35,2013,2013-06-06,Cruzeiro,Corinthians,1495.6037111778612,1533.1243694179036,-37.520658240042394,1.4,1.2,2.4,1.6,1.0,1.2,2.4,1.4,5.0,4.0,1.3333333333333333,1.6666666666666667,4,3.0,H,2.17,3.21,3.27
36,2013,2013-06-06,Flamengo RJ,Nautico,1493.9493391077306,1470.1776935699784,23.771645537752192,0.8,1.0,1.0,1.4,0.8,1.6,1.6,0.4,5.0,4.0,0.6666666666666666,0.3333333333333333,4,3.0,A,1.45,4.07,6.99
37,2013,2013-06-07,Coritiba,Fluminense,1501.090428434457,1582.460646842828,-81.3702184083711,1.6,1.4,1.4,0.8,1.4,1.2,2.4,1.6,6.0,5.0,1.6666666666666667,3.0,4,0.0,H,2.17,3.27,3.21
38,2013,2013-06-08,Criciuma,Flamengo RJ,1501.8337221149272,1481.4484717271393,20.38525038778789,1.5,0.6,1.5,1.75,0.8,1.4,3.0,1.4,3.0,2.0,1.5,0.5,5,,A,2.43,3.22,2.8
39,2013,2013-06-08,Cruzeiro,Internacional,1504.8144372335478,1491.043543342159,13.770893891388823,1.4,1.2,2.2,1.4,1.2,1.0,2.4,0.6,2.0,3.0,1.75,1.25,5,1.0,D,1.99,3.28,3.68
40,2013,2013-06-08,Corinthians,Portuguesa,1523.913643362217,1479.0273359730454,44.886307389171634,1.0,1.2,0.8,1.2,1.0,0.8,2.2,1.0,2.0,3.0,1.25,0.6666666666666666,5,1.0,D,1.59,3.69,5.64
41,2013,2013-06-08,Vasco,Bahia,1508.4632137766284,1509.8653198890618,-1.40210611243333,1.8,2.0,1.2,1.6,1.2,1.0,1.6,1.8,2.0,2.0,1.5,1.75,5,0.0,D,1.83,3.39,4.27
42,2013,2013-06-09,Ponte Preta,Botafogo RJ,1474.8455714391575,1516.1467177067575,-41.30114626759996,0.8,1.6,1.0,1.4,1.6,1.4,1.4,0.6,3.0,3.0,0.75,1.75,5,1.0,A,2.57,3.21,2.64
43,2013,2013-06-09,Atletico-MG,Gremio,1533.482763282184,1574.7760523028753,-41.29328902069142,1.4,2.2,1.4,1.6,1.6,0.6,1.8,1.4,3.0,3.0,0.3333333333333333,2.3333333333333335,4,1.0,H,2.03,3.29,3.53
44,2013,2013-06-09,Coritiba,Nautico,1511.5612528309935,1482.6785609505696,28.882691880423863,2.2,1.4,1.6,0.6,0.8,1.4,2.4,1.0,2.0,3.0,2.0,1.0,5,3.0,H,1.4,4.28,7.8
45,2013,2013-06-09,Fluminense,Goias,1571.9898224462916,1502.93180413032,69.0580183159716,1.4,1.25,1.6,1.2,0.75,1.75,1.8,1.5,2.0,4.0,2.0,1.25,4,,H,1.77,3.44,4.53
46,2013,2013-06-09,Vitoria,Athletico-PR,1510.6392266027033,1501.9766521873796,8.662574415323661,1.75,1.25,1.75,0.75,2.25,2.25,2.0,1.5,3.0,3.0,1.75,1.25,5,,H,2.68,3.23,2.51
47,2013,2013-06-12,Santos,Atletico-MG,1494.815060734796,1542.8014862586338,-47.98642552383785,1.0,1.4,1.2,1.4,1.2,1.2,1.8,0.8,7.0,3.0,0.5,1.0,5,1.0,H,2.68,3.2,2.53
48,2013,2013-06-13,Gremio,Sao Paulo,1565.4573293264255,1548.6522844541942,16.805044872231292,1.6,2.0,0.8,0.6,2.0,0.6,2.6,1.6,4.0,8.0,1.75,1.75,5,3.0,D,2.09,3.24,3.43
49,2013,2013-06-13,Portuguesa,Fluminense,1482.0887139627255,1578.3120520431505,-96.22333808042504,0.8,1.8,0.6,0.8,1.8,1.2,0.8,1.0,5.0,4.0,0.75,2.25,5,0.0,H,2.67,3.1,2.62
50,2013,2013-07-06,Athletico-PR,Gremio,1494.0656240331532,1563.1453578777555,-69.07973384460229,1.0,1.6,2.2,2.4,1.0,0.8,1.0,1.2,27.0,23.0,1.0,1.6,6,,D,2.56,3.21,2.65
51,2013,2013-07-06,Flamengo RJ,Coritiba,1493.8577464546656,1518.9229936968986,-25.065247242233,1.0,2.2,1.0,1.0,1.2,0.6,1.0,0.4,28.0,27.0,1.0,2.2,6,3.0,D,2.02,3.39,3.45
52,2013,2013-07-06,Nautico,Ponte Preta,1475.3168200846644,1464.1645195160515,11.152300568612873,0.8,0.6,0.6,1.6,1.0,1.8,1.4,0.8,27.0,27.0,0.8,0.6,6,3.0,A,2.15,3.28,3.21
53,2013,2013-07-07,Portuguesa,Cruzeiro,1492.9849823401582,1502.5852928283077,-9.60031048814949,1.2,1.6,1.0,1.0,2.2,1.2,1.2,0.8,24.0,29.0,1.2,1.6,6,0.0,D,2.86,3.21,2.39
54,2013,2013-07-07,Bahia,Corinthians,1511.675639915985,1520.852265372537,-9.176625456552074,1.6,1.2,1.2,1.2,0.6,0.6,1.8,1.4,29.0,29.0,1.6,1.2,6,1.0,A,3.06,3.1,2.32
55,2013,2013-07-07,Goias,Vitoria,1496.609574533461,1518.5502547569297,-21.94068022346869,1.0,2.0,0.8,1.8,2.0,1.0,1.0,1.5,28.0,28.0,1.0,2.0,6,,H,1.9,3.4,3.88
56,2013,2013-07-07,Internacional,Vasco,1493.272687747399,1506.6528937497053,-13.380206002306295,1.2,1.4,1.6,1.4,1.0,1.6,1.2,1.2,29.0,29.0,1.2,1.4,6,1.0,H,1.49,3.9,6.57
57,2013,2013-07-07,Sao Paulo,Santos,1550.9642559028641,1504.325761742207,46.63849416065705,1.6,1.0,1.6,0.6,0.8,1.2,2.0,0.8,24.0,25.0,1.6,1.0,6,3.0,A,1.58,3.77,5.6
58,2013,2013-07-07,Atletico-MG,Criciuma,1533.2907852512226,1489.424447387401,43.86633786382163,0.8,1.2,0.6,1.0,1.2,2.0,1.8,0.0,25.0,29.0,0.8,1.2,6,,H,1.77,3.53,4.38
59,2013,2013-07-07,Botafogo RJ,Fluminense,1526.8277696298635,1567.4157836657178,-40.58801403585426,2.0,1.8,1.6,1.0,1.8,1.2,2.4,1.0,28.0,24.0,2.0,1.8,6,1.0,H,2.73,3.16,2.52
60,2013,2013-07-11,Sao Paulo,Bahia,1537.8572432705575,1500.0825989836483,37.77464428690928,1.0,1.6,1.2,1.0,1.0,1.0,1.8,1.4,4.0,4.0,1.3333333333333333,1.3333333333333333,7,3.0,A,1.38,4.34,7.95
61,2013,2013-07-13,Fluminense,Internacional,1558.1172630959297,1501.7977870997966,56.31947599613318,1.2,1.6,1.4,1.2,2.2,1.6,1.8,0.8,6.0,6.0,1.5,1.5,7,1.0,A,2.08,3.32,3.36
62,2013,2013-07-13,Santos,Portuguesa,1517.4327743745137,1491.403828873779,26.028945500734608,1.4,1.4,1.2,1.2,1.2,1.0,2.2,1.0,6.0,6.0,1.3333333333333333,1.1666666666666667,7,0.0,H,1.96,3.28,3.78
63,2013,2013-07-14,Ponte Preta,Bahia,1476.3219207286904,1512.9573269397692,-36.635406211078816,1.2,2.0,1.6,1.6,1.4,1.2,0.8,2.0,8.0,3.0,1.0,1.5714285714285714,7,0.0,D,1.84,3.41,4.12
64,2013,2013-07-14,Corinthians,Atletico-MG,1532.4453063048736,1540.256036844552,-7.810730539678389,1.6,1.4,0.8,0.4,1.0,1.0,1.8,0.8,7.0,7.0,1.5,1.1666666666666667,7,3.0,A,1.54,3.78,6.12
65,2013,2013-07-14,Coritiba,Athletico-PR,1520.0673730393319,1494.1830428156388,25.88433022369304,1.8,1.2,1.2,0.8,2.2,2.2,2.4,1.0,8.0,8.0,2.0,1.0,7,,H,2.08,3.34,3.35
66,2013,2013-07-14,Gremio,Botafogo RJ,1563.0279390952699,1536.1262901996515,26.901648895618337,1.2,2.4,0.8,1.0,1.6,0.8,2.2,1.0,8.0,7.0,1.5,2.1666666666666665,7,1.0,H,1.81,3.42,4.29
67,2013,2013-07-14,Vitoria,Sao Paulo,1509.7832949736933,1524.9825153144366,-15.199220340743295,1.8,0.4,1.6,0.8,0.4,1.2,2.3333333333333335,1.2,7.0,3.0,1.6666666666666667,1.1428571428571428,7,,H,2.38,3.26,2.84
68,2013,2013-07-14,Criciuma,Goias,1482.4591957940715,1505.3765343166974,-22.91733852262587,0.6,1.6,1.0,2.4,1.0,0.8,2.0,1.0,7.0,7.0,1.0,1.3333333333333333,7,,D,2.07,3.34,3.38
69,2013,2013-07-14,Cruzeiro,Nautico,1504.166446294687,1463.1594188720255,41.007027422661395,1.2,0.8,1.4,1.4,0.8,1.8,2.6,0.8,7.0,8.0,1.5,0.6666666666666666,7,3.0,H,1.31,5.05,8.85
70,2013,2013-07-14,Vasco,Flamengo RJ,1498.1277943973078,1492.7133671122324,5.414427285075362,0.8,1.0,1.4,2.6,1.4,1.4,1.8,1.8,7.0,8.0,1.1666666666666667,1.0,7,1.0,A,3.89,3.39,1.9
71,2013,2013-07-20,Botafogo RJ,Nautico,1528.711419742568,1456.1192636837854,72.59215605878262,1.8,0.8,1.4,1.0,0.8,1.8,2.4,0.8,6.0,6.0,1.8571428571428572,0.5714285714285714,8,3.0,H,1.31,4.91,9.04
72,2013,2013-07-20,Criciuma,Gremio,1481.2538482000145,1570.4428095523533,-89.18896135233877,0.8,1.6,1.0,2.0,1.0,1.0,1.75,1.2,6.0,6.0,1.0,1.7142857142857142,8,,H,3.36,3.3,2.09
73,2013,2013-07-20,Sao Paulo,Cruzeiro,1516.4061603146033,1511.206601482927,5.199558831676313,0.2,1.6,0.8,1.8,1.6,1.0,1.2,1.0,6.0,6.0,1.0,1.7142857142857142,9,3.0,A,2.08,3.3,3.37
74,2013,2013-07-21,Athletico-PR,Corinthians,1486.7408277572522,1520.8139736281646,-34.07314587091241,1.0,1.4,1.8,2.0,0.6,0.4,1.0,1.4,7.0,7.0,0.8571428571428571,1.2857142857142858,8,,D,2.54,3.15,2.71
75,2013,2013-07-21,Internacional,Flamengo RJ,1515.1543173474063,1504.7127571127419,10.441560234664394,1.6,1.6,2.4,2.0,1.6,1.0,1.2,1.8,8.0,7.0,1.7142857142857142,1.2857142857142858,8,3.0,H,1.8,3.43,4.35
76,2013,2013-07-21,Santos,Coritiba,1524.871099797688,1527.5095880977185,-2.638488300030531,2.0,2.2,1.8,1.0,1.4,0.8,2.2,0.6,8.0,7.0,1.5714285714285714,2.142857142857143,8,1.0,D,2.11,3.25,3.36
77,2013,2013-07-21,Vitoria,Bahia,1518.3596499735265,1513.7719166137417,4.5877333597848065,1.8,1.6,1.6,1.2,1.0,1.0,2.5,1.6,7.0,7.0,1.8571428571428572,1.5,8,,D,2.15,3.19,3.32
78,2013,2013-07-21,Fluminense,Vasco,1544.76073284832,1486.1284043967983,58.632328451521744,0.6,0.8,1.2,1.8,1.2,1.8,1.8,1.2,8.0,7.0,1.2857142857142858,1.0,8,0.0,A,1.59,3.69,5.68
79,2013,2013-07-21,Goias,Portuguesa,1506.5818819107544,1483.9655034506047,22.61637846014969,1.6,1.2,0.8,0.6,1.0,1.4,1.6666666666666667,1.0,7.0,8.0,1.2857142857142858,1.0,8,,H,1.94,3.3,3.82
80,2013,2013-07-25,Sao Paulo,Internacional,1504.412708233213,1523.016429335679,-18.603721102466125,0.2,2.2,0.8,2.2,2.4,1.6,0.6,1.4,5.0,4.0,0.8888888888888888,1.875,10,1.0,A,2.04,3.4,3.38
81,2013,2013-07-27,Portuguesa,Athletico-PR,1476.4351733899662,1485.8530249700193,-9.417851580053139,1.0,1.0,1.0,1.6,1.6,1.8,1.4,0.75,6.0,6.0,0.875,0.875,9,,A,2.6,3.22,2.6
82,2013,2013-07-27,Vasco,Criciuma,1499.5438714415736,1491.9489397661323,7.59493167544133,1.4,1.4,1.8,1.6,1.4,1.6,1.6,0.0,6.0,7.0,1.25,1.25,9,,H,1.67,3.65,4.88
83,2013,2013-07-28,Ponte Preta,Santos,1475.507331054718,1523.0952215100695,-47.5878904553515,0.8,2.0,1.2,1.6,2.0,1.2,0.4,0.8,14.0,7.0,1.0,1.5,8,3.0,H,2.38,3.19,2.9
84,2013,2013-07-28,Corinthians,Sao Paulo,1521.7017764153975,1493.0851976593838,28.616578756013723,1.0,0.0,0.6,0.6,0.6,2.2,1.2,1.2,7.0,3.0,1.25,0.8,9,0.0,D,1.89,3.31,4.08
85,2013,2013-07-28,Cruzeiro,Atletico-MG,1523.2000535643174,1551.887369521261,-28.68731595694362,2.2,1.8,2.0,0.6,1.2,1.0,2.6,1.2,8.0,14.0,1.875,1.4285714285714286,9,1.0,H,1.73,3.57,4.54
86,2013,2013-07-28,Gremio,Fluminense,1559.7477179862356,1531.3452658035446,28.402452182690922,1.0,0.6,1.0,1.4,1.2,2.0,2.2,0.8,8.0,7.0,1.5,1.125,9,3.0,H,1.96,3.23,3.9
87,2013,2013-07-28,Nautico,Internacional,1449.8846651614588,1534.3439399095082,-84.45927474804944,0.6,2.6,0.4,1.8,2.4,1.4,0.8,1.8,8.0,3.0,0.5,2.0,9,3.0,H,3.29,3.22,2.15
88,2013,2013-07-28,Bahia,Goias,1515.748452807159,1514.112211971393,1.6362408357661025,1.2,2.0,0.6,0.8,1.0,0.6,1.6,1.0,7.0,7.0,1.4444444444444444,1.5,10,,H,2.04,3.23,3.6
89,2013,2013-07-28,Coritiba,Vitoria,1529.285466385337,1516.3831137801092,12.902352605227861,2.2,1.4,1.6,1.0,1.2,1.2,3.0,1.0,7.0,7.0,2.0,1.75,9,,D,1.63,3.67,5.26
90,2013,2013-07-28,Flamengo RJ,Botafogo RJ,1496.850645124469,1534.9460182648947,-38.095373140425636,1.4,1.8,1.2,0.8,1.4,0.8,0.6,1.0,7.0,8.0,1.125,2.0,9,1.0,D,2.73,3.1,2.57
91,2013,2013-07-31,Atletico-MG,Athletico-PR,1542.9287434708006,1497.4392983081502,45.48944516265033,1.8,1.0,1.4,1.4,1.4,1.6,2.2,1.2,3.0,4.0,1.25,1.1111111111111112,9,,A,1.59,3.86,5.34
92,2013,2013-07-31,Fluminense,Cruzeiro,1523.9706599412834,1532.1586796147778,-8.18801967349441,0.0,2.2,0.8,2.2,2.6,0.8,1.8,1.0,3.0,3.0,1.0,2.0,10,0.0,H,2.21,3.33,3.08
93,2013,2013-07-31,Portuguesa,Criciuma,1464.8489000518352,1484.0085045622284,-19.159604510393137,0.8,0.8,1.4,2.2,1.2,2.0,1.2,0.0,4.0,4.0,0.7777777777777778,1.1111111111111112,10,,D,1.99,3.35,3.65
94,2013,2013-08-01,Coritiba,Ponte Preta,1527.0800916010564,1485.006589410587,42.073502190469526,1.8,1.4,1.4,1.0,1.4,1.4,2.6,1.4,4.0,4.0,1.8888888888888888,1.25,10,3.0,H,1.69,3.56,4.9
95,2013,2013-08-01,Bahia,Flamengo RJ,1523.8536839562626,1496.0778118895623,27.77587206670023,1.6,1.6,0.8,0.8,1.4,0.8,1.6,1.6,4.0,4.0,1.6,1.1111111111111112,11,0.0,H,2.65,3.14,2.62
96,2013,2013-08-01,Corinthians,Gremio,1519.0706449492802,1567.1223238484968,-48.05167889921654,1.2,1.6,0.6,0.4,1.4,1.0,1.2,1.0,4.0,4.0,1.2222222222222223,1.6666666666666667,10,3.0,H,1.82,3.36,4.35
97,2013,2013-08-01,Botafogo RJ,Vitoria,1535.7188514998015,1518.5884885643898,17.130362935411767,2.0,1.6,1.4,0.6,1.4,1.2,2.4,1.0,4.0,4.0,1.8888888888888888,1.6666666666666667,10,,H,1.42,4.35,7.02
98,2013,2013-08-02,Goias,Vasco,1506.0069808222895,1507.4843066454775,-1.477325823188039,1.4,1.4,1.0,1.0,2.0,2.0,2.0,1.2,5.0,6.0,1.3333333333333333,1.4444444444444444,10,,D,2.01,3.38,3.49
99,2013,2013-08-03,Cruzeiro,Coritiba,1523.7794401600931,1534.0922658324648,-10.312825672371673,2.0,1.8,2.2,0.6,2.2,1.6,2.6,0.8,3.0,2.0,1.8,2.0,11,3.0,H,1.54,3.9,5.87
100,2013,2013-08-04,Athletico-PR,Goias,1510.5164006687098,1504.1987549221576,6.317645746552216,1.6,1.6,1.4,1.2,1.0,0.8,1.0,0.8,4.0,2.0,1.3,1.3,11,,H,1.66,3.73,4.89
101,2013,2013-08-04,Criciuma,Corinthians,1485.3202941584138,1528.5832196204774,-43.26292546206355,1.0,1.6,1.4,1.6,1.0,0.4,2.0,1.0,4.0,3.0,1.1,1.4,11,,A,3.16,3.19,2.23
102,2013,2013-08-04,Flamengo RJ,Atletico-MG,1488.6864067238628,1529.851641110241,-41.16523438637819,1.0,1.2,0.8,1.4,1.2,1.8,0.6,0.6,3.0,4.0,1.0,1.1111111111111112,11,3.0,H,2.26,3.17,3.12
103,2013,2013-08-04,Gremio,Internacional,1557.6097491772996,1523.78444187298,33.825307304319495,1.4,2.4,1.2,1.2,2.0,1.6,2.6,1.6,3.0,7.0,1.5,1.8,11,1.0,D,2.46,3.13,2.83
104,2013,2013-08-04,Ponte Preta,Fluminense,1477.9944151791785,1532.3498993959681,-54.35548421678959,1.4,0.6,1.4,1.6,0.8,1.8,0.8,0.2,3.0,4.0,1.1111111111111112,1.2,10,0.0,D,2.84,3.17,2.44
105,2013,2013-08-04,Vasco,Botafogo RJ,1509.2925325456094,1543.3980190593356,-34.10548651372619,1.4,2.0,2.0,2.0,1.4,0.6,2.0,1.0,2.0,3.0,1.4,2.0,11,3.0,A,3.57,3.31,2.01
106,2013,2013-08-04,Vitoria,Portuguesa,1510.9093210048557,1463.5371104556498,47.372210549205874,1.0,0.4,0.8,1.2,1.2,2.2,2.2,0.4,3.0,4.0,1.5,0.8,11,,H,1.79,3.52,4.22
107,2013,2013-08-07,Criciuma,Cruzeiro,1474.6954659024093,1532.2182882815373,-57.522822379128,1.0,2.4,1.0,1.4,2.2,0.4,1.4,1.0,3.0,4.0,1.0,1.9090909090909092,12,,A,3.37,3.32,2.08
108,2013,2013-08-07,Vitoria,Fluminense,1517.7832414934821,1532.6561773648511,-14.872935871369009,1.6,0.8,1.2,1.2,1.0,1.8,2.6,0.2,3.0,3.0,1.6363636363636365,1.1818181818181819,12,,D,3.02,3.29,2.26
109,2013,2013-08-08,Athletico-PR,Bahia,1518.4920662073164,1531.245089121962,-12.753022914645726,2.0,2.2,1.6,1.0,1.4,0.4,1.4,1.8,4.0,7.0,1.4545454545454546,1.7272727272727273,12,,H,1.62,3.63,5.42
110,2013,2013-08-08,Flamengo RJ,Portuguesa,1498.0014611907325,1456.6631899670233,41.33827122370917,1.4,0.2,1.0,1.0,1.2,2.4,1.0,0.4,4.0,4.0,1.1818181818181819,0.7272727272727273,12,1.0,D,1.67,3.57,4.95
111,2013,2013-08-08,Atletico-MG,Botafogo RJ,1520.5365866433713,1554.2848983372253,-33.74831169385402,1.2,2.0,1.2,2.2,1.8,1.0,2.0,1.4,4.0,4.0,1.0,2.090909090909091,11,3.0,D,2.02,3.34,3.54
112,2013,2013-08-08,Goias,Nautico,1496.223089383551,1460.4441631979869,35.77892618556416,1.0,0.6,0.8,1.2,0.8,1.8,1.8,0.6,4.0,11.0,1.1818181818181819,0.7777777777777778,12,,H,1.71,3.54,4.75
113,2013,2013-08-08,Santos,Corinthians,1513.5959631542005,1539.208047876482,-25.612084722281452,2.0,1.6,1.8,0.8,1.0,0.4,1.8,1.6,11.0,4.0,1.3333333333333333,1.5454545454545454,10,3.0,D,3.06,3.13,2.31
114,2013,2013-08-09,Gremio,Coritiba,1554.839635778541,1525.6534177110207,29.186218067520258,1.4,1.6,1.2,1.2,1.8,1.4,2.2,0.8,5.0,6.0,1.4545454545454546,1.8181818181818181,12,1.0,A,1.74,3.41,4.82
115,2013,2013-08-09,Vasco,Ponte Preta,1498.4056532677198,1477.6881372102955,20.71751605742429,1.4,1.6,1.8,1.6,1.6,1.4,1.4,1.4,5.0,5.0,1.2727272727272727,1.1,12,3.0,D,1.96,3.36,3.68
116,2013,2013-08-10,Botafogo RJ,Goias,1555.1819761390418,1503.4011423967052,51.780833742336654,2.2,1.4,2.0,1.0,1.2,1.4,3.0,0.8,2.0,2.0,2.0,1.3333333333333333,13,,D,1.68,3.69,4.75
117,2013,2013-08-10,Nautico,Atletico-MG,1453.2661101848328,1519.6395088415547,-66.37339865672197,0.6,0.8,1.0,2.0,1.0,2.2,1.4,0.6,2.0,2.0,0.7,1.0,11,3.0,D,3.41,3.34,2.06
118,2013,2013-08-11,Corinthians,Vitoria,1540.336891307426,1516.3503968420584,23.986494465367514,1.8,1.2,1.2,0.4,0.8,1.0,1.6,0.8,3.0,4.0,1.5,1.5833333333333333,13,,H,1.37,4.36,8.88
119,2013,2013-08-11,Coritiba,Vasco,1538.2998030815402,1495.9873723594121,42.312430722128056,1.6,1.6,1.8,1.4,2.0,1.6,2.6,0.8,2.0,2.0,1.9166666666666667,1.25,13,0.0,A,1.6,3.81,5.28
120,2013,2013-08-11,Cruzeiro,Santos,1542.4334655339826,1512.4671197232565,29.966345810726125,2.4,1.6,2.0,0.6,1.8,1.0,2.6,0.8,4.0,3.0,2.0,1.3,13,0.0,D,1.52,3.98,6.01
121,2013,2013-08-11,Fluminense,Flamengo RJ,1534.0890220162748,1495.0329201127438,39.056101903531044,1.0,1.0,0.8,1.4,1.0,1.2,1.8,1.4,4.0,3.0,1.1666666666666667,1.1666666666666667,13,3.0,A,2.16,3.25,3.26
122,2013,2013-08-11,Bahia,Gremio,1522.737644144197,1542.1932504080214,-19.455606263824393,1.6,0.8,1.0,0.4,0.8,1.2,2.0,0.4,3.0,2.0,1.5833333333333333,1.3333333333333333,13,1.0,A,2.34,3.09,3.05
123,2013,2013-08-11,Internacional,Athletico-PR,1526.5545552717388,1526.9995111850815,-0.4449559133427101,2.0,2.6,1.2,1.2,1.8,0.8,1.8,1.8,7.0,3.0,1.7272727272727273,1.5833333333333333,12,,D,1.89,3.38,3.96
124,2013,2013-08-11,Ponte Preta,Criciuma,1480.1064181186032,1464.480288649964,15.626129468639192,1.2,0.8,1.2,1.4,1.2,1.8,1.0,0.2,2.0,4.0,1.0909090909090908,0.9166666666666666,12,,H,1.8,3.48,4.25
125,2013,2013-08-11,Portuguesa,Sao Paulo,1459.631731045012,1495.716329125501,-36.08459808048906,0.4,0.2,1.2,1.8,0.6,1.8,1.2,1.2,3.0,14.0,0.75,0.8181818181818182,13,3.0,H,3.08,3.26,2.23
126,2013,2013-08-14,Atletico-MG,Bahia,1519.599979456527,1511.4342284923105,8.165750964216613,0.4,1.4,0.8,2.2,1.0,1.0,1.6,1.2,4.0,3.0,1.0,1.4615384615384615,13,1.0,H,1.54,3.77,6.25
127,2013,2013-08-14,Criciuma,Nautico,1456.7601168254705,1453.3056395698604,3.4544772556100725,0.2,0.8,1.0,2.2,0.8,1.4,0.8,0.6,3.0,4.0,0.8461538461538461,0.7272727272727273,14,,H,1.86,3.41,4.06
128,2013,2013-08-14,Santos,Vasco,1515.1343740143095,1508.9814598470034,6.152914167306108,1.2,1.6,1.4,1.0,1.6,1.4,1.8,1.4,3.0,3.0,1.2727272727272727,1.3846153846153846,12,3.0,D,1.75,3.5,4.55
129,2013,2013-08-15,Coritiba,Portuguesa,1525.305715593949,1468.801395082463,56.50432051148596,1.4,1.0,1.4,1.2,1.4,1.6,2.0,0.4,4.0,4.0,1.7692307692307692,0.9230769230769231,14,3.0,D,1.72,3.53,4.66
130,2013,2013-08-15,Vitoria,Ponte Preta,1508.8570604159445,1487.8265899430967,21.03047047284781,1.0,1.6,0.8,1.4,1.8,1.6,2.2,1.4,4.0,4.0,1.4615384615384615,1.25,14,,H,2.23,3.25,3.1
131,2013,2013-08-15,Fluminense,Corinthians,1521.1804947951339,1547.83022773354,-26.649732938406032,1.0,2.2,1.0,1.4,1.4,0.2,1.2,1.6,4.0,4.0,1.0769230769230769,1.6153846153846154,14,1.0,D,2.58,3.13,2.71
132,2013,2013-08-15,Goias,Flamengo RJ,1506.641253633654,1507.9414473338848,-1.3001937002306931,1.0,1.6,1.0,1.4,1.6,1.4,2.2,1.8,5.0,4.0,1.3076923076923077,1.3076923076923077,14,,D,2.47,3.18,2.79
133,2013,2013-08-15,Gremio,Cruzeiro,1553.496666059908,1539.7662112429296,13.730454816978408,1.4,2.0,1.2,0.8,1.4,0.6,1.6,1.4,4.0,4.0,1.4615384615384615,1.9230769230769231,14,3.0,H,2.24,3.21,3.12
134,2013,2013-08-15,Sao Paulo,Athletico-PR,1486.54666508805,1528.8364640075577,-42.289798919507575,0.2,2.6,0.6,1.8,2.0,1.0,0.0,1.4,4.0,4.0,0.75,1.5384615384615385,13,,D,1.87,3.56,3.87
135,2013,2013-08-16,Botafogo RJ,Internacional,1551.941864902093,1524.7176024492626,27.224262452830317,1.8,1.6,1.8,1.2,1.0,1.2,2.6,1.6,6.0,5.0,1.9230769230769231,1.6666666666666667,14,1.0,D,2.03,3.38,3.48
136,2013,2013-08-17,Cruzeiro,Vitoria,1531.9942495260261,1516.430300573817,15.563948952209103,1.4,1.4,0.8,1.0,1.2,1.4,2.2,0.2,2.0,2.0,1.7857142857142858,1.5714285714285714,15,,H,1.32,4.84,8.86
137,2013,2013-08-17,Nautico,Fluminense,1445.2508121971593,1520.0811465592774,-74.83033436211804,0.8,1.2,0.8,1.4,1.0,1.0,1.0,0.4,3.0,2.0,0.6666666666666666,1.0714285714285714,13,0.0,A,3.03,3.23,2.28
138,2013,2013-08-18,Vasco,Gremio,1511.0012468137309,1561.2686277768114,-50.26738096308054,1.2,1.4,1.2,1.2,1.4,1.0,1.0,0.8,4.0,3.0,1.3571428571428572,1.5714285714285714,15,3.0,A,2.29,3.26,3.0
139,2013,2013-08-18,Corinthians,Coritiba,1548.9295759693964,1521.9444653322391,26.985110637157277,2.2,1.4,1.4,0.2,1.4,1.2,1.6,1.2,3.0,3.0,1.5714285714285714,1.7142857142857142,15,3.0,H,1.52,3.74,6.65
140,2013,2013-08-18,Flamengo RJ,Sao Paulo,1509.754604354084,1485.8939423027334,23.860662051350573,1.6,0.4,1.6,1.4,0.4,1.4,1.2,0.6,3.0,3.0,1.2857142857142858,0.7692307692307693,15,3.0,D,2.36,3.2,2.91
141,2013,2013-08-18,Ponte Preta,Goias,1480.2533497852241,1504.8280966134548,-24.574746828230673,1.0,1.2,1.8,2.2,1.0,1.2,1.6,0.4,3.0,3.0,1.1538461538461537,1.2857142857142858,14,,A,2.13,3.32,3.28
142,2013,2013-08-18,Portuguesa,Botafogo RJ,1472.1626453441727,1549.3480724210651,-77.18542707689244,1.2,1.8,1.2,1.2,2.2,1.6,1.6,1.6,3.0,2.0,0.9285714285714286,1.8571428571428572,15,1.0,A,3.47,3.36,2.03
143,2013,2013-08-18,Athletico-PR,Criciuma,1529.4891867928743,1464.8149441981716,64.67424259470272,2.2,0.8,1.6,0.8,1.2,1.6,1.8,0.2,3.0,4.0,1.5,1.0,15,,H,1.54,3.89,5.85
144,2013,2013-08-18,Bahia,Santos,1503.5095205446432,1513.114587047582,-9.605066502938826,1.2,0.8,1.0,1.4,0.8,1.0,1.8,0.8,4.0,4.0,1.3571428571428572,1.25,15,1.0,D,2.06,3.23,3.55
145,2013,2013-08-18,Internacional,Atletico-MG,1527.3113949302904,1527.5246874041943,-0.21329247390394812,1.2,1.0,1.4,1.8,1.0,1.4,2.0,0.8,2.0,4.0,1.6153846153846154,1.1538461538461537,14,3.0,D,2.03,3.32,3.53
146,2013,2013-08-24,Flamengo RJ,Gremio,1507.2513352686794,1571.6924126683796,-64.44107739970013,1.8,2.0,1.6,0.8,2.0,1.0,1.4,1.4,6.0,6.0,1.2666666666666666,1.6666666666666667,16,1.0,A,2.41,3.07,2.96
147,2013,2013-08-24,Ponte Preta,Cruzeiro,1469.0950398523678,1539.7161180971627,-70.62107824479494,1.0,2.0,1.2,1.4,1.8,1.0,1.6,1.4,6.0,7.0,1.0714285714285714,1.8666666666666667,15,3.0,A,3.69,3.36,1.96
148,2013,2013-08-24,Santos,Vitoria,1514.6956070468539,1508.7084320026804,5.987175044173455,0.8,1.4,0.4,0.6,1.4,2.0,1.8,0.2,6.0,7.0,1.2307692307692308,1.4666666666666666,14,,H,1.56,3.78,5.94
149,2013,2013-08-25,Criciuma,Coritiba,1458.3831030173108,1514.5318364199657,-56.1487334026549,0.6,0.8,1.2,1.8,0.4,0.8,1.4,1.0,7.0,7.0,0.9333333333333333,1.6,16,,H,2.34,3.21,2.97
150,2013,2013-08-25,Atletico-MG,Portuguesa,1529.3680822481613,1462.5132263927653,66.85485585539595,1.2,1.0,0.8,1.0,1.2,1.6,2.0,0.4,7.0,7.0,1.1428571428571428,0.8666666666666667,15,3.0,H,1.54,3.76,6.17
151,2013,2013-08-25,Bahia,Nautico,1501.9285005453714,1435.5336764859524,66.39482405941908,0.8,0.8,0.6,1.2,0.8,1.2,1.4,0.0,7.0,8.0,1.3333333333333333,0.6153846153846154,16,1.0,H,1.64,3.51,5.5
152,2013,2013-08-25,Sao Paulo,Fluminense,1488.397211388138,1529.7982822704844,-41.4010708823464,0.6,1.2,0.4,0.8,1.0,1.0,0.2,1.0,7.0,8.0,0.7857142857142857,1.2,15,1.0,H,1.85,3.37,4.2
153,2013,2013-08-25,Vasco,Corinthians,1500.5774619221627,1556.3422048816699,-55.7647429595072,1.0,2.2,1.4,1.6,1.2,0.2,0.8,1.8,7.0,7.0,1.2666666666666666,1.6666666666666667,16,1.0,D,3.93,3.33,1.91
154,2013,2013-08-25,Athletico-PR,Botafogo RJ,1535.9210279737351,1558.9974913724725,-23.07646339873736,2.2,1.8,1.6,0.8,2.4,1.8,2.2,1.6,7.0,7.0,1.6,1.9333333333333333,16,,H,2.14,3.36,3.21
155,2013,2013-08-25,Internacional,Goias,1525.4680000863234,1515.9864065463112,9.481593540012227,0.8,1.6,1.2,1.8,1.0,1.0,1.6,1.0,7.0,7.0,1.5714285714285714,1.4,15,,D,1.51,3.9,6.48
156,2013,2013-08-31,Goias,Atletico-MG,1518.0979118283997,1535.745274282749,-17.647362454349377,1.8,1.8,1.6,1.2,1.2,0.6,2.2,1.0,6.0,6.0,1.375,1.2666666666666666,17,,D,2.39,3.22,2.87
157,2013,2013-08-31,Gremio,Ponte Preta,1581.7084997400968,1459.2568133749078,122.45168636518906,2.4,0.8,2.0,0.8,1.0,1.6,2.0,0.8,7.0,7.0,1.75,1.0,17,3.0,H,1.44,4.0,7.53
158,2013,2013-08-31,Nautico,Athletico-PR,1429.1449759757181,1544.720194069778,-115.57521809405989,0.2,2.2,0.2,1.6,1.6,0.8,1.0,1.6,6.0,6.0,0.5714285714285714,1.6875,15,,A,2.64,3.24,2.57
159,2013,2013-08-31,Portuguesa,Bahia,1456.1360343581775,1508.3172010556057,-52.181166697428125,1.0,0.8,1.2,1.6,0.4,1.2,1.0,1.0,6.0,6.0,0.8125,1.4375,17,0.0,H,2.18,3.14,3.36
160,2013,2013-09-01,Fluminense,Santos,1520.4764714160767,1522.680396267599,-2.203924851522288,1.0,1.4,1.0,1.2,0.8,0.4,0.8,1.0,7.0,8.0,1.125,1.3571428571428572,17,3.0,A,1.9,3.34,3.96
161,2013,2013-09-01,Botafogo RJ,Sao Paulo,1550.1983252764296,1497.7190222425456,52.47930303388398,1.2,1.2,1.8,1.8,0.8,0.8,2.2,0.6,7.0,7.0,1.8125,0.9333333333333333,17,3.0,D,2.21,3.26,3.14
162,2013,2013-09-01,Corinthians,Flamengo RJ,1556.6079543601456,1497.2352481969622,59.372706163183466,1.8,1.2,1.0,0.4,1.0,1.0,2.0,1.4,7.0,8.0,1.625,1.1875,17,3.0,H,1.78,3.33,4.63
163,2013,2013-09-01,Coritiba,Internacional,1504.7865412504925,1523.356494804235,-18.56995355374238,0.8,1.0,0.6,1.0,1.8,1.8,1.6,1.6,7.0,7.0,1.5,1.5333333333333334,17,3.0,D,2.58,3.21,2.63
164,2013,2013-09-01,Vitoria,Criciuma,1500.7236427819353,1468.128398186784,32.59524459515137,0.8,1.2,1.0,2.2,1.6,1.6,2.2,0.2,8.0,7.0,1.375,1.0625,17,,A,1.9,3.43,3.83
165,2013,2013-09-01,Cruzeiro,Vasco,1549.5543445746227,1500.311712443687,49.24263213093582,2.0,1.2,2.0,1.0,1.2,1.2,2.6,1.6,8.0,7.0,1.9375,1.25,17,1.0,H,1.4,4.43,7.45
166,2013,2013-09-03,Goias,Gremio,1516.7433700759773,1586.7821837474312,-70.03881367145391,1.4,3.0,1.2,1.0,2.2,0.6,1.8,1.8,3.0,3.0,1.3529411764705883,1.8235294117647058,18,,H,2.71,3.07,2.62
167,2013,2013-09-04,Nautico,Sao Paulo,1420.5904523732918,1500.9771147684305,-80.38666239513873,0.2,1.2,0.2,2.0,0.8,0.8,0.8,0.6,4.0,3.0,0.5333333333333333,0.9375,16,3.0,A,3.85,3.42,1.91
168,2013,2013-09-04,Athletico-PR,Santos,1553.2747176722044,1534.4683851382451,18.80633253395922,2.2,1.8,2.2,1.0,1.0,0.2,2.6,1.6,4.0,3.0,1.7647058823529411,1.4666666666666666,18,,H,1.72,3.58,4.64
169,2013,2013-09-04,Flamengo RJ,Vitoria,1490.6695254314832,1487.9862486461993,2.6832767852838515,1.0,0.6,0.8,1.6,0.8,2.2,1.2,0.2,3.0,3.0,1.1176470588235294,1.2941176470588236,18,,H,1.52,3.91,6.1
170,2013,2013-09-05,Portuguesa,Ponte Preta,1465.7672460038575,1454.1831293675734,11.58411663628408,1.4,0.6,1.8,1.8,0.8,1.6,1.4,0.8,5.0,5.0,0.9411764705882353,0.9375,18,1.0,H,1.85,3.46,4.06
171,2013,2013-09-05,Atletico-MG,Fluminense,1537.0998160351714,1508.6884825454306,28.411333489740855,1.8,0.8,0.8,0.2,0.8,1.4,2.0,1.0,5.0,4.0,1.25,1.0588235294117647,17,3.0,D,1.87,3.4,4.05
172,2013,2013-09-05,Bahia,Cruzeiro,1498.6859894099257,1556.3797730425817,-57.69378363265605,0.8,2.0,0.8,1.8,2.6,1.4,2.0,1.8,5.0,4.0,1.3529411764705883,2.0,18,0.0,A,3.94,3.33,1.92
173,2013,2013-09-05,Internacional,Corinthians,1524.6849601461358,1563.1736771256246,-38.4887169794888,1.0,2.2,1.6,1.6,1.6,0.2,1.8,1.4,4.0,4.0,1.5,1.7058823529411764,17,0.0,H,2.15,3.17,3.41
174,2013,2013-09-05,Botafogo RJ,Coritiba,1546.9402327505447,1503.4580759085916,43.482156841953156,1.2,0.4,1.4,1.4,0.4,1.0,1.8,0.8,4.0,4.0,1.7647058823529411,1.4705882352941178,18,3.0,H,1.7,3.59,4.83
175,2013,2013-09-06,Nautico,Vasco,1411.0330268164876,1493.486283975728,-82.45325715924037,0.0,1.0,0.2,2.2,1.6,2.0,0.8,1.6,2.0,5.0,0.5,1.1764705882352942,17,1.0,A,2.66,3.25,2.54
176,2013,2013-09-06,Sao Paulo,Criciuma,1510.5345403252347,1480.8657923225198,29.668748002714892,1.8,1.8,0.8,0.4,1.6,1.2,0.8,0.8,2.0,5.0,1.0588235294117647,1.1764705882352942,18,,A,1.44,4.19,6.98
177,2013,2013-09-07,Fluminense,Bahia,1511.3141146867172,1488.4757305912563,22.838384095460924,1.0,0.8,0.8,1.2,1.0,1.8,0.8,0.4,2.0,2.0,1.0555555555555556,1.2777777777777777,19,3.0,H,1.65,3.55,5.25
178,2013,2013-09-07,Ponte Preta,Internacional,1446.352377585685,1533.9233816177668,-87.57100403208187,0.0,1.4,0.4,1.8,1.4,1.2,1.4,1.2,2.0,2.0,0.8823529411764706,1.588235294117647,18,3.0,A,3.43,3.29,2.08
179,2013,2013-09-07,Santos,Goias,1526.8348062290554,1526.888388624289,-0.05358239523366137,1.6,1.8,1.2,0.6,1.4,0.8,1.8,1.0,3.0,4.0,1.375,1.4444444444444444,17,,H,1.94,3.29,3.93
180,2013,2013-09-07,Vitoria,Atletico-MG,1479.9100550140936,1534.4741838938849,-54.56412887979127,0.6,1.8,1.0,2.2,1.2,0.6,1.6,0.6,3.0,2.0,1.2222222222222223,1.2352941176470589,19,,D,3.01,3.25,2.29
181,2013,2013-09-08,Gremio,Portuguesa,1576.6371651991194,1473.597997785746,103.03916741337343,2.4,1.4,1.6,1.0,1.8,1.8,2.0,0.4,5.0,3.0,1.7222222222222223,1.0555555555555556,19,0.0,H,1.56,3.71,6.0
182,2013,2013-09-08,Corinthians,Nautico,1553.9352556539936,1401.534949807558,152.40030584643569,1.6,0.0,1.2,0.4,0.2,2.2,2.6,0.0,3.0,2.0,1.6111111111111112,0.47058823529411764,19,3.0,D,1.3,4.78,10.51
183,2013,2013-09-08,Coritiba,Sao Paulo,1496.4827817039463,1497.8752440293176,-1.392462325371298,0.4,1.6,0.6,1.4,0.8,0.6,1.2,1.2,3.0,2.0,1.3888888888888888,1.0,19,1.0,H,2.88,3.12,2.45
184,2013,2013-09-08,Cruzeiro,Flamengo RJ,1566.5900318612512,1498.745719063589,67.84431279766227,2.4,1.0,3.2,1.6,0.6,1.4,2.6,0.8,3.0,4.0,2.0555555555555554,1.2222222222222223,19,3.0,H,1.45,4.1,7.06
185,2013,2013-09-08,Criciuma,Botafogo RJ,1493.525088618437,1553.91552695519,-60.39043833675305,2.4,1.6,1.8,0.8,1.8,1.4,1.8,1.6,2.0,3.0,1.2777777777777777,1.8333333333333333,19,,A,2.43,3.33,2.74
186,2013,2013-09-08,Vasco,Athletico-PR,1502.9843609846575,1560.908296581394,-57.923935596736555,1.0,2.6,2.0,2.0,2.2,0.8,1.0,2.2,2.0,4.0,1.2777777777777777,1.8333333333333333,19,,D,2.47,3.25,2.74
187,2013,2013-09-10,Internacional,Santos,1543.2746482804678,1534.9869711410167,8.287677139451034,1.8,2.0,1.4,0.8,1.2,0.4,1.8,1.0,3.0,3.0,1.6666666666666667,1.4705882352941178,19,1.0,A,1.53,3.86,6.2
188,2013,2013-09-11,Athletico-PR,Fluminense,1561.1119339313111,1518.8384455923706,42.273488338940524,2.6,1.4,2.0,0.6,1.0,1.2,3.0,1.2,3.0,4.0,1.7894736842105263,1.1578947368421053,20,,D,1.91,3.41,3.87
189,2013,2013-09-12,Bahia,Criciuma,1480.9513996856028,1483.392422552823,-2.4410228672202265,0.8,1.8,1.0,1.6,1.4,1.2,1.4,1.4,5.0,4.0,1.2105263157894737,1.2105263157894737,20,,D,1.78,3.52,4.34
190,2013,2013-09-12,Goias,Cruzeiro,1518.7362237123277,1572.9425083780818,-54.20628466575408,1.6,3.0,1.2,0.8,3.2,1.0,1.8,1.8,5.0,4.0,1.368421052631579,2.1052631578947367,20,,A,3.62,3.42,1.97
191,2013,2013-09-12,Botafogo RJ,Corinthians,1564.0481930208039,1548.3842170300431,15.663975990760719,2.0,1.6,1.6,1.0,1.2,0.4,1.8,1.2,4.0,4.0,1.894736842105263,1.5789473684210527,20,1.0,H,2.04,3.25,3.61
192,2013,2013-09-12,Nautico,Gremio,1407.0859884315084,1582.1455004071004,-175.05951197559193,0.2,2.4,0.2,2.0,1.6,1.2,0.2,1.8,4.0,4.0,0.5,1.7894736842105263,19,3.0,A,4.08,3.5,1.84
193,2013,2013-09-12,Portuguesa,Vasco,1468.089662577765,1502.7807236347405,-34.691061056975514,1.2,1.0,2.0,2.2,1.8,1.8,2.0,1.6,4.0,4.0,1.0,1.263157894736842,20,0.0,H,2.24,3.31,3.05
194,2013,2013-09-12,Internacional,Vitoria,1531.1959982959918,1479.6097767976555,51.58622149833627,1.6,0.2,1.6,1.2,0.6,2.2,1.2,0.0,2.0,5.0,1.5789473684210527,1.2105263157894737,20,,D,1.34,4.67,8.72
195,2013,2013-09-13,Atletico-MG,Coritiba,1534.774462110323,1504.6721932045714,30.102268905751544,1.4,0.8,1.0,0.8,0.8,1.2,1.6,0.6,6.0,5.0,1.2222222222222223,1.4736842105263157,19,3.0,H,1.55,3.94,5.66
196,2013,2013-09-13,Flamengo RJ,Santos,1492.3932425467583,1547.0656211254927,-54.672378578734424,0.8,2.4,0.4,1.4,1.6,0.6,1.6,1.6,5.0,3.0,1.1578947368421053,1.5555555555555556,20,3.0,H,1.92,3.36,3.88
197,2013,2013-09-13,Sao Paulo,Ponte Preta,1489.6858325286926,1437.001110922984,52.684721605708546,1.4,0.0,0.8,1.0,0.4,1.8,0.8,0.2,5.0,6.0,0.9473684210526315,0.8333333333333334,20,3.0,H,1.42,4.29,7.18
198,2013,2013-09-14,Cruzeiro,Athletico-PR,1583.253076570223,1558.1188668504085,25.134209719814407,3.0,2.2,2.6,1.0,1.8,0.6,2.6,1.8,2.0,3.0,2.15,1.75,21,,H,1.52,3.98,5.96
199,2013,2013-09-15,Fluminense,Portuguesa,1521.8315126732732,1477.2195074066233,44.61200526664993,1.0,1.8,1.0,1.4,2.2,1.6,1.4,0.4,4.0,3.0,1.15,1.1,21,3.0,H,1.74,3.51,4.59
200,2013,2013-09-15,Corinthians,Goias,1540.6650778721896,1508.4256555201866,32.239422352002975,1.0,1.0,1.0,0.6,1.2,1.2,2.6,1.0,3.0,3.0,1.5,1.3,21,,A,1.61,3.61,5.67
201,2013,2013-09-15,Coritiba,Bahia,1497.3430809752786,1479.1700176854565,18.17306328982204,0.8,0.8,0.8,1.6,1.4,2.0,1.6,0.2,2.0,3.0,1.4,1.2,21,3.0,D,1.76,3.34,4.77
202,2013,2013-09-15,Criciuma,Internacional,1485.1738045529694,1527.9609013072488,-42.787096754279446,2.0,1.6,1.6,1.2,1.4,1.0,1.2,1.2,3.0,3.0,1.2,1.55,21,,A,3.21,3.32,2.15
203,2013,2013-09-15,Ponte Preta,Flamengo RJ,1430.2644872387527,1502.096077226819,-71.8315899880663,0.0,1.2,0.4,1.8,0.8,1.6,0.8,0.8,2.0,2.0,0.7894736842105263,1.25,20,1.0,D,2.66,3.12,2.63
204,2013,2013-09-15,Vasco,Sao Paulo,1493.6508788058823,1496.4224562129239,-2.7715774070416046,1.0,1.4,1.4,1.6,0.6,0.8,0.6,1.0,3.0,2.0,1.2,1.05,21,0.0,A,2.47,3.23,2.75
205,2013,2013-09-15,Gremio,Atletico-MG,1589.0796050958706,1542.1035743396158,46.976030756254886,2.4,1.8,1.4,0.8,1.6,0.8,2.0,0.8,3.0,2.0,1.85,1.3157894736842106,21,0.0,A,1.97,3.26,3.8
206,2013,2013-09-15,Santos,Botafogo RJ,1537.362786445432,1571.7673321786574,-34.404545733225405,1.8,2.0,1.4,1.0,1.2,0.8,1.8,2.0,2.0,3.0,1.4736842105263157,1.95,20,1.0,A,2.66,3.19,2.58
207,2013,2013-09-15,Vitoria,Nautico,1482.8448737863985,1400.1518837427382,82.6929900436603,0.4,0.2,0.8,1.6,0.2,2.0,1.6,0.2,3.0,3.0,1.2,0.47368421052631576,21,,H,1.61,3.67,5.46
208,2013,2013-09-18,Gremio,Santos,1575.9638178790776,1526.4844477300485,49.47937014902914,1.8,1.2,1.2,1.0,1.2,1.4,1.8,1.4,3.0,3.0,1.7619047619047619,1.4,22,1.0,D,1.6,3.63,5.73
209,2013,2013-09-18,Vasco,Vitoria,1481.8787105751917,1488.8327372159026,-6.954026640710936,0.8,1.0,1.2,1.8,1.2,1.4,0.6,0.2,3.0,3.0,1.1428571428571428,1.2857142857142858,22,,A,1.54,3.92,5.79
210,2013,2013-09-19,Coritiba,Goias,1494.9938735440417,1521.1535730356948,-26.1596994916531,1.0,1.4,1.0,1.6,1.0,0.8,1.2,1.6,4.0,4.0,1.380952380952381,1.380952380952381,22,,D,1.77,3.48,4.51
211,2013,2013-09-19,Criciuma,Fluminense,1474.5353354901204,1528.777291534787,-54.24195604466672,1.4,1.6,1.2,1.2,1.2,1.2,1.2,1.2,4.0,4.0,1.1428571428571428,1.2380952380952381,22,,A,2.76,3.22,2.47
212,2013,2013-09-19,Cruzeiro,Botafogo RJ,1590.7154804616887,1582.645670894041,8.06980956764778,3.0,2.6,2.4,1.0,1.6,0.6,2.6,2.0,5.0,4.0,2.1904761904761907,2.0,22,0.0,H,1.63,3.75,5.11
213,2013,2013-09-19,Ponte Preta,Corinthians,1430.4610908676677,1527.9371603566815,-97.47606948901375,0.2,0.8,0.6,1.6,1.0,0.8,0.8,0.6,4.0,4.0,0.8,1.4285714285714286,21,3.0,H,4.0,3.2,1.95
214,2013,2013-09-19,Sao Paulo,Atletico-MG,1508.1946244436144,1555.2193615564088,-47.024737112794355,1.8,1.8,1.0,0.8,1.4,0.6,1.4,1.4,4.0,4.0,1.1428571428571428,1.4,22,3.0,H,2.04,3.29,3.55
215,2013,2013-09-19,Flamengo RJ,Athletico-PR,1501.899473597904,1550.6564629589427,-48.75698936103868,1.4,1.6,1.0,1.6,1.4,0.8,1.6,1.2,4.0,5.0,1.2380952380952381,1.6666666666666667,22,,A,2.22,3.21,3.17
216,2013,2013-09-20,Bahia,Internacional,1481.5192251166934,1538.5993703700979,-57.08014525340445,0.4,2.0,1.4,2.4,1.6,1.0,1.0,1.8,5.0,5.0,1.1904761904761905,1.619047619047619,22,1.0,H,2.66,3.09,2.64
217,2013,2013-09-20,Portuguesa,Nautico,1470.2737285451094,1394.164020313234,76.1097082318754,1.8,0.2,2.2,1.6,0.2,1.6,2.4,0.2,5.0,5.0,1.0476190476190477,0.45,22,3.0,H,1.42,4.36,7.07
218,2013,2013-09-21,Fluminense,Coritiba,1539.0868340091279,1493.8805936410404,45.20624036808749,2.2,1.0,1.6,1.0,1.4,2.0,1.4,0.6,2.0,2.0,1.3181818181818181,1.3636363636363635,23,3.0,D,1.63,3.62,5.37
219,2013,2013-09-22,Vitoria,Gremio,1500.4880619054773,1572.783120500274,-72.29505859479673,1.6,1.4,1.6,1.4,1.2,1.2,1.6,2.4,4.0,4.0,1.3636363636363635,1.7272727272727273,23,,D,2.66,3.11,2.65
220,2013,2013-09-22,Botafogo RJ,Bahia,1574.7183203092904,1491.291312847771,83.42700746151945,2.4,1.0,1.6,1.2,1.4,1.6,1.8,0.2,3.0,2.0,1.9090909090909092,1.2727272727272727,23,3.0,A,1.49,4.0,6.42
221,2013,2013-09-22,Corinthians,Cruzeiro,1517.0051368214579,1598.6428310464391,-81.63769422498126,0.2,3.0,0.2,1.2,2.0,0.4,2.0,2.4,3.0,3.0,1.3636363636363635,2.227272727272727,23,3.0,D,2.74,3.12,2.54
222,2013,2013-09-22,Goias,Sao Paulo,1522.266852938696,1517.6777159121148,4.589137026581284,1.4,1.8,1.4,1.2,1.0,0.8,1.6,1.6,3.0,3.0,1.3636363636363635,1.2272727272727273,23,,H,2.7,3.08,2.62
223,2013,2013-09-22,Internacional,Portuguesa,1528.8272826390203,1476.4217712294358,52.405511409584506,1.4,1.8,1.4,1.4,2.0,1.2,1.2,0.4,2.0,2.0,1.5454545454545454,1.1363636363636365,23,0.0,A,1.53,3.79,6.31
224,2013,2013-09-22,Nautico,Flamengo RJ,1388.0159776289076,1491.4323024818164,-103.4163248529087,0.2,1.4,0.2,2.0,1.4,1.6,0.0,1.0,2.0,3.0,0.42857142857142855,1.1818181818181819,22,0.0,D,3.55,3.26,2.04
225,2013,2013-09-22,Athletico-PR,Ponte Preta,1561.1236340750306,1441.3931144028913,119.73051967213928,1.6,0.8,1.4,1.0,1.0,1.4,2.6,0.2,3.0,3.0,1.7272727272727273,0.9047619047619048,23,,H,1.51,3.92,6.22
226,2013,2013-09-22,Atletico-MG,Vasco,1545.7362700879085,1470.223385885617,75.51288420229139,1.6,0.8,1.4,0.8,0.8,1.2,2.2,1.4,3.0,4.0,1.3333333333333333,1.0909090909090908,22,3.0,H,1.56,3.78,5.8
227,2013,2013-09-22,Santos,Criciuma,1529.6651451088521,1464.2257930157796,65.43935209307256,1.4,0.8,1.2,1.2,1.2,1.6,1.6,1.4,4.0,3.0,1.380952380952381,1.0909090909090908,22,,H,1.62,3.65,5.41
228,2013,2013-09-25,Criciuma,Atletico-MG,1457.8131545971353,1551.8989516254521,-94.08579702831685,0.2,2.0,1.0,1.8,1.4,0.6,1.2,1.2,3.0,3.0,1.0434782608695652,1.4090909090909092,24,,D,3.2,3.28,2.18
229,2013,2013-09-26,Santos,Nautico,1536.0777835274964,1389.1172041431232,146.9605793843732,1.4,0.4,1.4,1.4,0.2,1.4,2.0,0.2,4.0,4.0,1.4545454545454546,0.45454545454545453,23,1.0,D,1.32,4.83,8.64
230,2013,2013-09-28,Goias,Fluminense,1530.290277922867,1536.0171129779476,-5.726835055080528,1.4,2.2,1.2,1.2,1.4,0.8,1.6,1.6,6.0,7.0,1.434782608695652,1.3043478260869565,24,,A,2.53,3.06,2.81
231,2013,2013-09-28,Nautico,Coritiba,1394.5589790382967,1496.9503146722207,-102.39133563392397,0.4,1.2,0.4,1.6,1.4,1.6,0.2,0.2,2.0,7.0,0.4782608695652174,1.3478260869565217,24,0.0,H,3.05,3.21,2.29
232,2013,2013-09-29,Botafogo RJ,Ponte Preta,1560.68847287662,1436.2598879199138,124.42858495670612,1.8,0.8,1.2,1.4,0.8,1.2,1.6,0.0,7.0,7.0,1.826086956521739,0.8636363636363636,24,0.0,A,1.54,3.91,5.76
233,2013,2013-09-29,Bahia,Vasco,1505.3211602804415,1464.0607043480734,41.26045593236813,1.6,0.2,1.6,1.2,0.4,1.6,1.6,0.8,7.0,7.0,1.3478260869565217,1.0434782608695652,24,0.0,D,2.2,3.22,3.17
234,2013,2013-09-29,Flamengo RJ,Criciuma,1490.3310759676008,1458.6483609128973,31.68271505470352,1.0,0.4,1.0,1.4,1.0,1.6,1.4,1.4,7.0,4.0,1.173913043478261,1.0416666666666667,24,,H,1.5,4.0,6.3
235,2013,2013-09-29,Portuguesa,Corinthians,1489.6779651851534,1517.4836424450496,-27.80567725989613,1.8,0.4,1.8,1.0,0.2,1.0,2.4,0.4,7.0,7.0,1.2173913043478262,1.3478260869565217,24,1.0,H,3.89,3.24,1.96
236,2013,2013-09-29,Sao Paulo,Gremio,1509.6542909279437,1572.5731826863555,-62.918891758411746,1.8,1.6,0.8,0.6,1.2,0.8,2.0,2.0,7.0,7.0,1.173913043478261,1.6956521739130435,24,0.0,A,1.95,3.27,3.86
237,2013,2013-09-29,Athletico-PR,Vitoria,1566.2568605580082,1500.6979997193957,65.55886083861242,1.6,1.8,1.2,0.8,1.4,1.0,2.6,0.8,7.0,7.0,1.7826086956521738,1.3478260869565217,24,,A,1.53,3.89,6.08
238,2013,2013-09-29,Atletico-MG,Santos,1551.0637453096901,1530.636008632323,20.427736677367193,2.0,1.0,1.4,0.6,1.2,1.4,2.6,1.4,4.0,3.0,1.391304347826087,1.434782608695652,24,3.0,H,1.67,3.68,4.78
239,2013,2013-09-29,Internacional,Cruzeiro,1515.5710886833026,1598.1643254228475,-82.59323673954486,0.8,2.6,0.8,1.4,1.4,0.2,1.0,2.0,7.0,7.0,1.4782608695652173,2.1739130434782608,24,3.0,A,2.72,3.26,2.48
240,2013,2013-10-01,Ponte Preta,Nautico,1451.2291739583782,1405.6310523700151,45.59812158836303,1.4,1.0,0.8,0.6,1.0,1.2,0.8,0.4,2.0,3.0,0.9565217391304348,0.5833333333333334,24,3.0,A,1.56,3.72,6.05
241,2013,2013-10-02,Cruzeiro,Portuguesa,1607.6583837270402,1498.6114975072733,109.04688621976698,2.6,2.4,1.6,0.4,2.2,0.4,3.0,0.8,3.0,3.0,2.2083333333333335,1.2916666666666667,25,3.0,H,1.39,4.45,7.65
242,2013,2013-10-02,Gremio,Athletico-PR,1582.6330810801664,1552.6665022738714,29.966578806295047,1.6,1.4,0.8,0.4,1.8,1.8,2.0,1.6,3.0,3.0,1.75,1.7083333333333333,25,,H,1.79,3.44,4.37
243,2013,2013-10-03,Fluminense,Botafogo RJ,1547.7067710217366,1545.7191868381556,1.9875841835810206,2.2,1.2,1.6,1.0,0.8,1.4,1.6,1.8,5.0,4.0,1.375,1.75,25,3.0,D,2.37,3.22,2.91
244,2013,2013-10-03,Vitoria,Goias,1514.2883580035325,1518.600619879078,-4.312261875545573,2.2,1.4,2.2,1.4,1.4,1.4,1.6,1.6,4.0,5.0,1.4166666666666667,1.375,25,,H,1.93,3.41,3.76
245,2013,2013-10-03,Corinthians,Bahia,1508.5501101229297,1502.3546616743226,6.195448448607067,0.2,1.8,0.2,1.8,1.6,1.0,1.6,0.8,4.0,4.0,1.2916666666666667,1.3333333333333333,25,1.0,H,1.67,3.46,5.3
246,2013,2013-10-03,Coritiba,Flamengo RJ,1485.8782413405022,1497.6179958678208,-11.73975452731861,0.6,1.6,1.0,2.2,1.8,1.4,1.4,0.6,5.0,4.0,1.2916666666666667,1.25,25,3.0,A,2.51,3.04,2.87
247,2013,2013-10-03,Santos,Sao Paulo,1523.0464351977969,1499.5943925341328,23.452042663664088,1.0,1.8,1.2,1.6,0.8,0.4,2.0,1.4,4.0,4.0,1.375,1.125,25,1.0,H,2.93,3.18,2.37
248,2013,2013-10-03,Atletico-MG,Ponte Preta,1558.6533187442162,1438.1492400841119,120.50407866010437,2.0,1.4,1.4,0.8,1.0,0.8,2.6,0.6,4.0,2.0,1.4583333333333333,0.9166666666666666,25,1.0,H,1.35,4.64,8.53
249,2013,2013-10-04,Vasco,Internacional,1467.0272029541923,1506.0770303791098,-39.04982742491757,0.2,0.8,0.4,1.6,0.8,1.4,0.4,1.6,5.0,5.0,1.0416666666666667,1.4166666666666667,25,0.0,H,2.96,3.31,2.31
250,2013,2013-10-05,Botafogo RJ,Gremio,1547.6237032395609,1589.965820560055,-42.342117320494026,0.8,1.6,0.8,1.6,0.6,0.4,1.4,2.0,2.0,3.0,1.72,1.8,26,0.0,A,2.17,3.23,3.27
251,2013,2013-10-06,Sao Paulo,Vitoria,1492.0866343535579,1522.559175061604,-30.472540708046154,1.2,2.6,0.6,1.0,2.2,1.2,1.8,1.4,3.0,3.0,1.08,1.48,26,,H,1.68,3.62,4.95
252,2013,2013-10-06,Athletico-PR,Coritiba,1545.333762793983,1474.3571842942767,70.97657849970619,1.2,0.6,1.6,1.8,1.0,2.0,2.0,0.2,4.0,3.0,1.64,1.24,26,,H,1.89,3.3,4.05
253,2013,2013-10-06,Atletico-MG,Corinthians,1563.7695723591157,1516.5291488933683,47.240423465747426,2.0,0.8,2.0,0.8,0.6,1.6,2.6,0.2,3.0,3.0,1.52,1.36,26,3.0,D,2.06,3.19,3.61
254,2013,2013-10-06,Flamengo RJ,Vasco,1509.1390529140463,1476.2816827731747,32.85737014087158,1.6,0.8,1.8,1.2,1.0,1.4,1.8,0.8,3.0,2.0,1.32,1.12,26,3.0,D,2.17,3.26,3.24
255,2013,2013-10-06,Internacional,Fluminense,1496.8225505601274,1545.8022546203313,-48.97970406020386,0.6,2.2,0.6,1.6,1.6,1.0,0.8,1.6,2.0,3.0,1.36,1.36,26,0.0,H,1.77,3.49,4.46
256,2013,2013-10-06,Nautico,Cruzeiro,1418.7109862442815,1613.029766127068,-194.31877988278643,1.6,2.6,1.2,1.0,2.0,0.2,0.8,2.6,5.0,4.0,0.68,2.24,26,1.0,A,5.34,3.71,1.61
257,2013,2013-10-06,Bahia,Ponte Preta,1494.375622903884,1433.0329864692123,61.342636434671704,1.6,1.2,1.2,1.0,0.8,1.4,1.6,0.6,3.0,3.0,1.28,0.88,26,3.0,D,1.96,3.26,3.86
258,2013,2013-10-06,Goias,Criciuma,1510.3298028210065,1451.3614410126772,58.96836180832929,1.4,0.2,1.4,1.4,0.8,2.0,1.4,1.4,3.0,7.0,1.32,1.0,26,,D,1.62,3.71,5.29
259,2013,2013-10-06,Portuguesa,Santos,1493.2401151072456,1530.5541933783718,-37.314078271126164,1.8,1.6,1.8,1.2,1.6,1.2,3.0,0.8,4.0,3.0,1.24,1.44,26,1.0,H,2.24,3.23,3.12
260,2013,2013-10-09,Coritiba,Santos,1468.0826088979343,1521.3493758543,-53.2667669563657,0.4,1.4,0.8,2.0,1.4,1.6,1.2,0.8,3.0,3.0,1.1923076923076923,1.3846153846153846,27,0.0,H,2.16,3.27,3.26
261,2013,2013-10-09,Gremio,Criciuma,1600.617043901624,1454.785448793279,145.8315951083448,2.2,0.4,0.8,0.2,1.0,2.0,2.0,1.0,4.0,3.0,1.8461538461538463,1.0,27,,A,1.47,4.06,6.84
262,2013,2013-10-10,Bahia,Vitoria,1490.8914314918145,1513.5496965762313,-22.658265084416826,1.6,2.0,1.0,0.8,2.2,1.6,1.2,1.4,4.0,4.0,1.2692307692307692,1.4230769230769231,27,,H,2.57,3.17,2.7
263,2013,2013-10-10,Ponte Preta,Atletico-MG,1436.517177881282,1560.6469157111048,-124.12973782982294,0.8,2.2,0.6,1.6,2.0,0.6,0.8,1.2,4.0,4.0,0.8846153846153846,1.5,27,0.0,H,2.51,3.18,2.75
264,2013,2013-10-10,Corinthians,Athletico-PR,1519.6518055413792,1551.6083381903254,-31.956532648946222,1.0,1.8,0.4,1.2,2.0,1.8,1.6,1.4,4.0,4.0,1.3461538461538463,1.6923076923076923,27,,D,1.99,3.29,3.73
265,2013,2013-10-10,Cruzeiro,Sao Paulo,1619.4705390135928,1501.0961128389306,118.37442617466218,2.6,1.2,2.6,0.4,0.8,1.4,3.0,1.2,4.0,4.0,2.269230769230769,1.1538461538461537,27,0.0,A,1.52,4.01,6.13
266,2013,2013-10-10,Nautico,Botafogo RJ,1412.2702133577566,1536.972479897992,-124.70226654023531,1.6,0.2,1.4,1.2,0.4,1.6,0.8,1.4,4.0,5.0,0.6538461538461539,1.6538461538461537,27,3.0,A,3.15,3.32,2.17
267,2013,2013-10-10,Vasco,Fluminense,1479.0260547061741,1536.263029291698,-57.23697458552397,1.0,1.6,1.2,1.2,1.2,1.0,1.0,1.6,4.0,4.0,1.1153846153846154,1.3076923076923077,27,0.0,H,2.73,3.23,2.51
268,2013,2013-10-10,Portuguesa,Goias,1502.4449326313174,1506.9057950404047,-4.460862409087213,2.4,1.0,2.2,0.8,1.2,1.4,3.0,1.0,4.0,4.0,1.3076923076923077,1.3076923076923077,27,,A,1.7,3.73,4.63
269,2013,2013-10-11,Flamengo RJ,Internacional,1506.3946809810468,1506.3617758887606,0.032905092286227955,1.6,0.6,1.8,1.2,0.6,1.6,2.0,1.4,5.0,5.0,1.3076923076923077,1.4230769230769231,27,1.0,H,2.24,3.2,3.17
270,2013,2013-10-12,Fluminense,Gremio,1526.48642994819,1585.1981815703518,-58.71175162216173,1.0,2.0,0.8,1.0,0.8,0.4,1.6,2.0,2.0,3.0,1.2592592592592593,1.7777777777777777,28,1.0,D,2.21,3.1,3.32
271,2013,2013-10-12,Vitoria,Coritiba,1504.7623919053744,1477.7450276290776,27.017364276296803,1.4,0.8,1.8,1.8,0.6,1.6,1.6,0.2,2.0,3.0,1.3703703703703705,1.2592592592592593,28,,H,1.92,3.31,3.95
272,2013,2013-10-13,Santos,Ponte Preta,1511.6869571231566,1448.2028253381275,63.48413178502915,0.8,1.4,1.0,1.6,1.0,1.4,2.0,0.8,4.0,3.0,1.3333333333333333,0.9629629629629629,28,3.0,H,1.97,3.31,3.74
273,2013,2013-10-13,Atletico-MG,Cruzeiro,1548.9612682542593,1604.6336087410461,-55.67234048678688,1.6,2.0,1.6,0.8,2.0,0.8,2.6,2.6,3.0,3.0,1.4444444444444444,2.185185185185185,28,3.0,H,2.65,3.29,2.53
274,2013,2013-10-13,Criciuma,Vasco,1470.2043111245512,1488.8026540496821,-18.598342925130964,1.0,1.6,1.2,1.8,1.2,0.8,0.8,1.0,4.0,3.0,1.0740740740740742,1.1851851851851851,28,,H,2.37,3.24,2.89
275,2013,2013-10-13,Internacional,Nautico,1498.2120151788008,1403.9718668279838,94.24014835081698,0.6,1.4,0.8,1.6,1.6,1.8,0.8,1.0,2.0,3.0,1.3703703703703705,0.6296296296296297,28,1.0,H,1.31,4.91,9.08
276,2013,2013-10-13,Sao Paulo,Corinthians,1515.9330431114772,1518.7035953234192,-2.770552211942004,1.2,1.2,1.0,1.4,0.4,0.8,1.8,0.2,3.0,3.0,1.2222222222222223,1.3333333333333333,28,3.0,D,2.25,3.02,3.33
277,2013,2013-10-13,Athletico-PR,Portuguesa,1552.5565484082854,1490.7198991757336,61.836649232551736,1.4,1.8,1.2,1.4,1.8,1.2,2.0,0.6,3.0,3.0,1.6666666666666667,1.2592592592592593,28,,H,1.68,3.6,4.95
278,2013,2013-10-13,Botafogo RJ,Flamengo RJ,1545.2708264277646,1514.5444416910066,30.726384736758064,0.8,2.2,1.0,1.2,1.8,0.6,1.2,1.0,3.0,2.0,1.7037037037037037,1.3703703703703705,28,1.0,H,2.61,3.17,2.65
279,2013,2013-10-13,Goias,Bahia,1518.6308284959885,1499.6787361626714,18.95209233331707,1.4,1.6,1.2,1.2,1.0,0.8,1.4,0.8,3.0,3.0,1.3703703703703705,1.3333333333333333,28,,H,1.76,3.48,4.55
280,2013,2013-10-16,Cruzeiro,Fluminense,1594.9020158793753,1526.3054593710406,68.59655650833474,1.8,1.0,2.0,1.0,0.8,1.0,2.4,1.4,3.0,4.0,2.107142857142857,1.25,29,1.0,H,1.51,4.11,5.83
281,2013,2013-10-16,Santos,Internacional,1518.1487277562924,1503.9247938791914,14.22393387710099,1.2,1.2,1.2,1.6,1.6,1.6,2.0,1.2,3.0,3.0,1.3928571428571428,1.4285714285714286,29,1.0,D,2.49,3.22,2.76
282,2013,2013-10-17,Criciuma,Portuguesa,1478.8766484826,1484.2165771169286,-5.339928634328544,1.6,1.2,1.6,1.8,1.6,1.4,0.8,0.6,4.0,4.0,1.1428571428571428,1.2142857142857142,29,,A,2.12,3.28,3.35
283,2013,2013-10-17,Ponte Preta,Coritiba,1441.7410547049917,1470.3332648831124,-28.592210178120695,0.8,0.6,1.0,1.8,0.6,1.8,1.4,0.2,4.0,5.0,0.9285714285714286,1.2142857142857142,29,3.0,H,2.05,3.32,3.48
284,2013,2013-10-17,Sao Paulo,Nautico,1514.160846300021,1398.2590881275933,115.90175817242766,1.4,1.2,1.0,1.2,1.6,2.4,2.0,0.8,4.0,4.0,1.2142857142857142,0.6071428571428571,29,3.0,H,1.29,5.24,9.33
285,2013,2013-10-17,Athletico-PR,Atletico-MG,1559.0598704670904,1558.69286111593,0.3670093511602772,1.4,2.0,1.2,1.4,1.6,0.6,2.0,1.0,4.0,4.0,1.7142857142857142,1.5,29,,H,2.01,3.33,3.59
286,2013,2013-10-17,Flamengo RJ,Bahia,1507.2320034899246,1492.0491172294833,15.182886260441364,2.0,1.0,2.0,1.0,0.8,1.2,2.0,0.8,4.0,4.0,1.3214285714285714,1.2857142857142858,29,1.0,H,1.52,3.8,6.42
287,2013,2013-10-17,Gremio,Corinthians,1585.3791521475014,1520.4757921348755,64.90336001262585,2.0,1.2,1.0,0.6,0.4,0.8,1.4,0.4,5.0,4.0,1.75,1.3214285714285714,29,3.0,H,2.05,3.06,3.83
288,2013,2013-10-17,Vasco,Goias,1480.1303166916332,1526.2604474291766,-46.13013073754337,1.6,1.4,1.4,1.0,1.6,1.4,1.4,1.4,4.0,4.0,1.1428571428571428,1.4285714285714286,29,,A,2.17,3.35,3.15
289,2013,2013-10-18,Vitoria,Botafogo RJ,1512.1741546513397,1552.5832646288466,-40.40910997750689,1.8,1.4,2.2,2.0,1.2,1.0,2.2,2.0,6.0,5.0,1.4285714285714286,1.75,29,,H,2.48,3.25,2.75
290,2013,2013-10-19,Fluminense,Ponte Preta,1519.9717387436733,1450.6969731539593,69.27476558971398,0.4,1.4,0.4,1.0,1.0,1.4,1.8,0.8,3.0,2.0,1.206896551724138,1.0,30,3.0,D,1.71,3.47,4.89
291,2013,2013-10-19,Nautico,Santos,1393.0413125472426,1515.9071953656671,-122.86588281842455,0.6,1.4,1.0,3.0,1.0,1.0,0.8,0.2,2.0,3.0,0.5862068965517241,1.3793103448275863,30,3.0,A,2.83,3.24,2.41
292,2013,2013-10-20,Corinthians,Criciuma,1514.0497045292532,1467.1761743448599,46.8735301843933,1.2,1.4,0.4,0.2,1.6,2.2,1.2,1.0,3.0,3.0,1.2758620689655173,1.103448275862069,30,,H,1.65,3.57,5.38
293,2013,2013-10-20,Atletico-MG,Flamengo RJ,1550.552385841784,1514.9642733023013,35.58811253948261,1.4,2.0,1.0,0.6,1.6,1.0,2.6,1.0,3.0,3.0,1.4482758620689655,1.3793103448275863,30,1.0,H,2.22,3.26,3.13
294,2013,2013-10-20,Bahia,Sao Paulo,1484.3168474171066,1519.3786218803716,-35.06177446326501,0.8,2.0,1.0,1.6,1.6,1.0,1.8,1.2,3.0,3.0,1.2413793103448276,1.2758620689655173,30,3.0,A,2.93,3.09,2.43
295,2013,2013-10-20,Goias,Athletico-PR,1536.803032528259,1567.2003457412366,-30.39731321297745,2.0,2.0,1.8,1.0,0.8,0.4,1.4,1.0,3.0,3.0,1.4827586206896552,1.7586206896551724,30,,H,2.16,3.29,3.24
296,2013,2013-10-20,Internacional,Gremio,1506.1663262698166,1591.8052397531237,-85.63891348330708,1.4,2.0,1.4,1.2,1.0,0.6,1.4,2.2,4.0,3.0,1.4137931034482758,1.793103448275862,30,0.0,D,2.18,3.15,3.35
297,2013,2013-10-20,Botafogo RJ,Vasco,1543.2898678080523,1469.5877315925507,73.7021362155017,1.4,1.4,1.2,1.0,1.4,1.4,1.2,0.4,2.0,3.0,1.6896551724137931,1.103448275862069,30,3.0,D,2.14,3.29,3.31
298,2013,2013-10-20,Coritiba,Cruzeiro,1461.3773464341448,1601.2357365067426,-139.85839007259779,0.6,1.8,0.6,1.4,1.8,0.8,1.6,2.0,3.0,4.0,1.1724137931034482,2.1379310344827585,30,3.0,H,2.99,3.23,2.33
299,2013,2013-10-20,Portuguesa,Vitoria,1495.9170512546689,1521.467551472134,-25.550500217465014,1.2,1.8,1.4,1.6,1.4,1.4,2.4,1.4,3.0,2.0,1.2758620689655173,1.4827586206896552,30,,D,1.97,3.34,3.73
300,2013,2013-10-26,Botafogo RJ,Atletico-MG,1539.4970812077888,1557.7354943424282,-18.23841313463936,1.4,1.4,1.4,1.2,0.4,0.6,0.8,0.8,6.0,6.0,1.6666666666666667,1.5,31,0.0,H,2.23,3.25,3.12
301,2013,2013-10-26,Cruzeiro,Criciuma,1589.1138720477052,1460.2892975228374,128.82457452486778,1.2,1.4,1.2,1.2,1.4,1.6,2.4,0.8,6.0,6.0,2.066666666666667,1.0666666666666667,31,,H,1.32,5.0,8.76
302,2013,2013-10-27,Bahia,Athletico-PR,1473.4572824247728,1558.1930111875101,-84.73572876273738,0.8,2.0,1.0,1.4,0.8,0.8,1.6,0.8,7.0,7.0,1.2,1.7,31,,D,2.2,3.14,3.3
303,2013,2013-10-27,Corinthians,Santos,1520.9365813512757,1524.2569124997274,-3.3203311484517144,1.2,1.4,0.2,0.2,1.4,1.2,1.6,0.8,7.0,8.0,1.3333333333333333,1.4333333333333333,31,1.0,D,2.15,3.13,3.42
304,2013,2013-10-27,Internacional,Sao Paulo,1506.7596641950358,1530.2381868727055,-23.478522677669616,1.6,2.6,1.6,1.0,1.8,0.4,1.4,1.8,7.0,7.0,1.4,1.3333333333333333,31,3.0,A,1.99,3.31,3.66
305,2013,2013-10-27,Ponte Preta,Vasco,1454.3801369893786,1473.3805181928142,-19.00038120343561,1.6,1.0,1.2,0.8,1.2,1.6,2.0,0.6,8.0,7.0,1.0,1.1,31,1.0,H,2.28,3.24,3.03
306,2013,2013-10-27,Portuguesa,Flamengo RJ,1494.7864579015368,1507.781164801657,-12.994706900120264,1.4,1.4,1.6,1.0,1.2,1.2,2.0,1.0,7.0,7.0,1.2666666666666666,1.3333333333333333,31,1.0,D,3.16,3.31,2.18
307,2013,2013-10-27,Coritiba,Gremio,1473.4992108931822,1591.2119018279043,-117.7126909347221,1.2,1.6,1.0,1.2,1.2,1.0,1.6,1.8,7.0,7.0,1.2333333333333334,1.7666666666666666,31,3.0,H,2.4,3.01,3.05
308,2013,2013-10-27,Fluminense,Vitoria,1516.288574908254,1522.598144825266,-6.309569917011913,0.4,1.4,0.4,1.0,1.2,1.4,1.4,1.4,8.0,7.0,1.2,1.4666666666666666,31,,A,1.7,3.53,4.94
309,2013,2013-10-27,Nautico,Goias,1384.6915954131823,1545.8103670819855,-161.11877166880322,0.0,2.6,0.8,3.8,2.2,0.6,0.8,2.0,8.0,7.0,0.5666666666666667,1.5333333333333334,31,,A,2.59,3.33,2.55
310,2013,2013-11-02,Sao Paulo,Portuguesa,1541.4276138716505,1493.300704843465,48.12690902818554,2.6,1.0,1.8,0.4,1.0,1.0,2.0,1.2,6.0,6.0,1.3870967741935485,1.2580645161290323,32,3.0,H,1.66,3.7,4.96
311,2013,2013-11-02,Vasco,Coritiba,1464.6968114723861,1485.004868997336,-20.308057524949845,0.8,1.8,1.2,1.8,1.6,0.8,1.2,0.2,6.0,6.0,1.064516129032258,1.2903225806451613,32,1.0,H,1.98,3.34,3.68
312,2013,2013-11-02,Atletico-MG,Nautico,1549.073332585657,1377.3896320818485,171.6837005038085,1.2,0.0,0.4,0.8,0.6,3.4,2.6,0.8,7.0,6.0,1.4516129032258065,0.5483870967741935,32,3.0,H,1.23,5.88,11.22
313,2013,2013-11-03,Goias,Botafogo RJ,1553.1123304133193,1548.15924296456,4.953087448759334,3.0,2.0,2.4,0.4,1.6,1.0,2.0,1.4,7.0,8.0,1.5806451612903225,1.7096774193548387,32,,H,2.28,3.27,3.01
314,2013,2013-11-03,Gremio,Bahia,1579.7062437237505,1474.0247121842826,105.68153153946787,1.0,0.8,1.0,1.8,1.0,1.4,1.4,0.8,7.0,7.0,1.7096774193548387,1.1935483870967742,32,3.0,D,1.54,3.7,6.34
315,2013,2013-11-03,Santos,Cruzeiro,1526.0137780934517,1594.049903890168,-68.0361257967163,1.6,1.2,1.6,0.8,1.4,1.6,2.2,1.4,7.0,8.0,1.4193548387096775,2.096774193548387,32,3.0,A,2.98,3.25,2.3
316,2013,2013-11-03,Vitoria,Corinthians,1534.2715046522137,1519.1797157575513,15.091788894662386,2.0,1.2,1.4,1.2,0.4,0.4,2.6,0.4,7.0,7.0,1.5161290322580645,1.3225806451612903,32,,D,2.28,3.1,3.18
317,2013,2013-11-03,Athletico-PR,Internacional,1557.6255814280003,1495.5702371960908,62.05534423190943,1.6,1.0,0.6,0.8,1.8,1.6,2.4,0.8,7.0,7.0,1.6774193548387097,1.3548387096774193,32,,H,2.42,3.19,2.87
318,2013,2013-11-03,Criciuma,Ponte Preta,1455.3532656803745,1463.0638437098066,-7.710578029432099,1.2,2.0,1.8,2.4,1.4,0.8,0.8,1.0,8.0,7.0,1.032258064516129,1.064516129032258,32,,D,2.09,3.27,3.41
319,2013,2013-11-03,Flamengo RJ,Fluminense,1509.266917859729,1504.6152150813064,4.651702778422532,1.4,0.4,1.0,1.0,0.8,1.4,2.0,1.2,7.0,7.0,1.3225806451612903,1.1612903225806452,32,0.0,H,2.93,3.12,2.39
320,2013,2013-11-09,Bahia,Atletico-MG,1478.5768786813494,1553.150145234334,-74.5732665529847,0.4,1.8,0.6,1.4,1.4,0.4,1.2,0.2,6.0,7.0,1.1875,1.5,33,1.0,D,2.65,3.06,2.69
321,2013,2013-11-09,Portuguesa,Coritiba,1486.4463702408648,1476.2841582945202,10.162211946344542,1.0,1.2,1.0,1.0,1.6,1.2,1.6,0.0,7.0,7.0,1.21875,1.25,33,3.0,D,2.07,3.3,3.44
322,2013,2013-11-09,Flamengo RJ,Goias,1517.2886124724441,1561.1256914052483,-43.83707893280416,1.4,3.0,0.8,0.8,2.2,0.2,2.6,2.0,6.0,6.0,1.375,1.625,33,,D,2.28,3.2,3.08
323,2013,2013-11-10,Athletico-PR,Sao Paulo,1564.1233797743093,1548.2819484742506,15.84143130005873,2.0,2.6,0.8,0.8,1.8,0.6,2.4,1.8,7.0,8.0,1.71875,1.4375,33,,H,2.36,3.19,2.95
324,2013,2013-11-10,Cruzeiro,Gremio,1603.962519389512,1575.1540772266837,28.808442162828214,1.8,1.2,1.6,1.2,0.8,1.4,2.4,1.6,7.0,7.0,2.125,1.6875,33,0.0,H,1.65,3.52,5.42
325,2013,2013-11-10,Internacional,Botafogo RJ,1489.0724388497817,1540.145881972631,-51.07344312284931,1.0,1.4,1.6,1.4,1.0,1.0,1.4,0.8,7.0,7.0,1.3125,1.65625,33,0.0,H,1.97,3.38,3.63
326,2013,2013-11-10,Ponte Preta,Vitoria,1464.697982161816,1532.0062617667684,-67.3082796049523,1.6,2.2,1.2,1.0,1.6,1.0,2.4,1.4,7.0,7.0,1.0625,1.5,33,,A,2.29,3.19,3.05
327,2013,2013-11-10,Corinthians,Fluminense,1521.4449586429967,1496.5935204685911,24.85143817440553,1.2,0.4,0.6,0.6,0.8,1.4,1.8,0.6,7.0,7.0,1.3125,1.125,33,0.0,H,2.36,3.05,3.08
328,2013,2013-11-10,Nautico,Criciuma,1373.3128194331714,1453.719127228365,-80.4063077951937,0.0,0.8,0.4,3.8,1.6,2.4,0.6,0.8,8.0,7.0,0.53125,1.03125,33,,A,3.14,3.38,2.16
329,2013,2013-11-10,Vasco,Santos,1473.4175221752018,1516.1011625941078,-42.68364041890595,0.8,1.6,1.4,2.0,1.6,0.8,1.8,0.8,8.0,7.0,1.125,1.375,33,3.0,D,1.81,3.51,4.15
330,2013,2013-11-13,Goias,Ponte Preta,1561.7340570282183,1454.7644188119339,106.96963821628447,2.6,1.6,1.8,0.2,1.0,1.2,2.0,0.6,4.0,3.0,1.606060606060606,1.0303030303030303,34,,H,1.6,3.76,5.36
331,2013,2013-11-13,Gremio,Vasco,1567.7903479194997,1472.7760875945548,95.01426032494487,1.0,1.0,0.6,1.8,1.4,1.8,1.6,0.6,3.0,3.0,1.6363636363636365,1.121212121212121,34,3.0,H,1.73,3.47,4.71
332,2013,2013-11-13,Botafogo RJ,Portuguesa,1530.5465059609946,1484.316156349967,46.23034961102758,0.8,1.2,0.8,1.2,1.0,0.8,1.4,1.2,3.0,4.0,1.606060606060606,1.2121212121212122,34,3.0,D,1.58,3.86,5.5
333,2013,2013-11-13,Criciuma,Athletico-PR,1463.275988454055,1571.8376776348844,-108.56168918082926,0.8,2.0,1.2,2.0,1.2,0.8,1.0,1.0,3.0,3.0,1.0909090909090908,1.7575757575757576,34,,H,2.13,3.33,3.27
334,2013,2013-11-13,Coritiba,Corinthians,1478.414372185418,1528.9149788344494,-50.5006066490314,1.4,1.6,1.4,0.8,0.8,0.6,2.0,0.6,4.0,3.0,1.2424242424242424,1.3636363636363635,34,0.0,A,2.41,3.0,3.06
335,2013,2013-11-13,Sao Paulo,Flamengo RJ,1540.5676506136756,1516.680246849474,23.88740376420151,2.4,1.6,1.8,1.2,0.8,0.6,2.0,1.0,3.0,4.0,1.393939393939394,1.3636363636363635,34,3.0,H,2.35,3.15,3.01
336,2013,2013-11-13,Vitoria,Cruzeiro,1541.9398251166506,1611.326248696696,-69.3864235800454,2.2,2.4,1.8,0.8,2.2,1.0,2.2,1.8,3.0,3.0,1.5454545454545454,2.1515151515151514,34,,A,2.47,3.25,2.75
337,2013,2013-11-14,Santos,Bahia,1516.7425971747548,1478.8523497305505,37.890247444204306,1.2,0.6,1.6,1.0,0.4,0.8,1.6,0.8,4.0,5.0,1.3636363636363635,1.1818181818181819,34,0.0,H,1.84,3.35,4.23
338,2013,2013-11-14,Atletico-MG,Internacional,1552.874674185133,1498.6718148614182,54.20285932371485,1.4,1.0,1.2,0.4,1.2,1.4,2.6,0.2,5.0,4.0,1.4848484848484849,1.3636363636363635,34,3.0,H,1.76,3.43,4.61
339,2013,2013-11-14,Fluminense,Nautico,1489.1235002771384,1363.7559582074814,125.36754206965702,0.2,0.0,0.6,1.4,0.2,3.2,0.8,0.8,4.0,4.0,1.0909090909090908,0.5151515151515151,34,3.0,H,1.24,5.55,11.05
340,2013,2013-11-16,Botafogo RJ,Athletico-PR,1527.4501105103056,1560.5904004508827,-33.14028994057708,1.0,1.4,0.8,1.0,1.2,1.2,1.6,0.4,3.0,3.0,1.588235294117647,1.7058823529411764,35,,H,1.91,3.37,3.88
341,2013,2013-11-16,Coritiba,Criciuma,1467.9972882025997,1474.5232656380567,-6.52597743545698,1.4,1.4,1.4,0.8,1.4,1.6,1.8,1.4,3.0,3.0,1.2058823529411764,1.1470588235294117,35,,A,1.66,3.57,5.16
342,2013,2013-11-17,Corinthians,Vasco,1539.3320628172676,1467.08147698493,72.25058583233749,2.2,1.0,1.0,0.4,1.4,1.6,2.2,0.4,4.0,4.0,1.411764705882353,1.088235294117647,35,3.0,D,1.85,3.23,4.41
343,2013,2013-11-17,Cruzeiro,Ponte Preta,1621.2000039848463,1449.3459276450135,171.85407633983277,2.4,1.0,2.6,1.2,0.8,1.6,2.4,0.6,4.0,4.0,2.176470588235294,1.0,35,0.0,D,1.58,3.84,5.48
344,2013,2013-11-17,Fluminense,Sao Paulo,1494.1338898139506,1548.0636600852197,-53.929770271269035,0.8,2.4,1.0,1.2,1.6,1.2,1.2,1.8,3.0,4.0,1.1470588235294117,1.4411764705882353,35,3.0,H,1.63,3.6,5.39
345,2013,2013-11-17,Vitoria,Santos,1532.0660698285003,1523.8648171566194,8.201252671880866,1.6,1.6,1.8,1.4,2.2,1.0,2.0,1.0,4.0,3.0,1.5,1.411764705882353,35,,H,2.0,3.3,3.67
346,2013,2013-11-17,Goias,Internacional,1567.1525481951387,1491.974177444031,75.17837075110765,2.6,0.8,1.8,0.2,1.4,1.8,2.6,0.2,4.0,3.0,1.6470588235294117,1.3235294117647058,35,,H,1.77,3.48,4.45
347,2013,2013-11-17,Gremio,Flamengo RJ,1573.4849585291245,1509.18423737793,64.30072115119447,1.0,1.0,0.6,1.8,0.4,0.8,2.0,0.8,4.0,4.0,1.6764705882352942,1.3235294117647058,35,3.0,H,1.44,3.98,7.59
348,2013,2013-11-17,Nautico,Bahia,1358.7455686706692,1471.7301297486858,-112.98456107801667,0.0,0.6,0.2,3.0,0.2,1.0,0.0,0.2,3.0,3.0,0.5,1.1470588235294117,35,3.0,A,3.71,3.29,1.98
349,2013,2013-11-17,Portuguesa,Atletico-MG,1487.412551800656,1559.5723116025201,-72.15975980186408,0.8,2.0,0.4,0.6,1.6,0.4,1.2,0.4,4.0,3.0,1.2058823529411764,1.5294117647058822,35,1.0,H,2.17,3.25,3.25
350,2013,2013-11-23,Criciuma,Vitoria,1486.1905705377605,1539.9897999837985,-53.799229446038,2.0,2.0,1.8,1.6,2.0,1.2,1.6,1.4,7.0,6.0,1.2,1.542857142857143,36,,D,2.29,3.28,2.98
351,2013,2013-11-23,Vasco,Cruzeiro,1470.8384380487337,1615.2736342076407,-144.43519615890705,1.0,2.6,1.0,1.2,2.8,1.2,2.0,1.8,6.0,6.0,1.0857142857142856,2.142857142857143,36,0.0,H,1.78,3.63,4.17
352,2013,2013-11-23,Atletico-MG,Goias,1549.3662663161936,1573.323443101014,-23.957176784820376,1.4,2.6,1.4,0.8,1.8,0.4,2.6,2.0,6.0,6.0,1.4857142857142858,1.6857142857142857,36,,H,2.1,3.25,3.41
353,2013,2013-11-24,Athletico-PR,Nautico,1551.504834949753,1350.1179605125953,201.38687443715776,1.4,0.0,1.2,1.4,0.0,2.2,3.0,0.6,8.0,7.0,1.6571428571428573,0.4857142857142857,36,,H,1.22,5.96,11.27
354,2013,2013-11-24,Flamengo RJ,Corinthians,1502.743010556165,1535.575101753464,-32.83209119729895,1.0,1.8,0.6,1.0,0.8,0.4,2.2,1.2,7.0,7.0,1.2857142857142858,1.4,36,0.0,H,2.52,2.97,2.91
355,2013,2013-11-24,Ponte Preta,Gremio,1455.272297422219,1579.9261853508895,-124.65388792867043,1.0,1.4,1.0,1.8,0.6,1.6,1.8,1.0,7.0,7.0,1.0,1.7142857142857142,36,1.0,D,3.26,3.23,2.18
356,2013,2013-11-24,Santos,Fluminense,1515.9410870013212,1503.8153707723739,12.12571622894734,1.0,1.2,1.2,1.2,1.2,1.2,2.0,0.0,7.0,7.0,1.3714285714285714,1.2,36,1.0,H,2.9,3.21,2.39
357,2013,2013-11-24,Bahia,Portuguesa,1480.3577379067597,1497.6185970869826,-17.26085918022295,1.2,1.2,0.4,0.8,0.6,0.4,1.2,0.8,7.0,7.0,1.2,1.2571428571428571,36,1.0,H,2.15,3.2,3.34
358,2013,2013-11-24,Internacional,Coritiba,1485.8032825381558,1456.329983302896,29.4732992352599,0.6,0.8,1.2,2.0,1.2,1.0,2.0,0.2,7.0,8.0,1.2857142857142858,1.1714285714285715,36,3.0,D,1.74,3.54,4.57
359,2013,2013-11-24,Sao Paulo,Botafogo RJ,1538.3821791267965,1536.5356760114353,1.8465031153612017,1.8,1.4,1.6,1.6,1.2,0.6,2.6,0.8,7.0,8.0,1.4,1.6285714285714286,36,3.0,D,2.78,3.25,2.43
360,2013,2013-11-30,Fluminense,Atletico-MG,1495.999468908415,1558.1904234022106,-62.190954493795516,1.2,2.0,0.8,0.8,2.2,0.8,1.6,0.2,6.0,7.0,1.1666666666666667,1.5277777777777777,37,1.0,D,1.69,3.55,4.9
361,2013,2013-11-30,Corinthians,Internacional,1526.4983320337237,1483.1492146665564,43.34911736716731,1.6,0.8,0.6,0.4,0.8,1.4,1.8,0.2,6.0,6.0,1.3611111111111112,1.2777777777777777,37,3.0,D,2.42,3.02,3.02
362,2013,2013-12-01,Coritiba,Botafogo RJ,1458.9840511744953,1538.4362787576501,-79.45222758315481,0.4,1.0,0.4,1.0,1.2,0.8,1.8,0.8,7.0,7.0,1.1666666666666667,1.6111111111111112,37,0.0,H,2.26,3.24,3.06
363,2013,2013-12-01,Criciuma,Sao Paulo,1485.868298086214,1536.4815763805816,-50.61327829436755,2.2,1.4,1.4,0.8,1.2,1.4,1.6,1.8,8.0,7.0,1.1944444444444444,1.3888888888888888,37,,H,2.0,3.34,3.61
364,2013,2013-12-01,Cruzeiro,Bahia,1603.0263275061354,1488.9922774553756,114.03405005075979,2.0,1.6,2.0,1.0,0.4,0.6,2.0,0.8,8.0,7.0,2.0833333333333335,1.25,37,3.0,A,1.5,4.04,6.08
365,2013,2013-12-01,Ponte Preta,Portuguesa,1456.97259873212,1488.9840575383666,-32.01145880624654,0.6,1.0,0.8,1.8,0.6,0.6,2.0,0.8,7.0,7.0,1.0,1.2222222222222223,37,3.0,A,4.64,3.61,1.71
366,2013,2013-12-01,Vasco,Nautico,1483.085744750239,1346.5681597645582,136.51758498568074,1.6,0.0,1.2,1.0,0.2,3.0,2.0,0.0,8.0,7.0,1.1388888888888888,0.4722222222222222,37,3.0,H,1.18,6.61,13.67
367,2013,2013-12-01,Vitoria,Flamengo RJ,1540.312072435345,1511.8197802759053,28.492292159439785,1.6,1.4,1.6,1.0,0.8,1.0,2.0,0.2,8.0,7.0,1.5277777777777777,1.3333333333333333,37,,H,1.6,3.76,5.38
368,2013,2013-12-01,Gremio,Goias,1578.2258840409884,1564.4992860149969,13.726598025991507,1.6,2.0,0.8,1.0,1.6,1.2,2.0,2.0,7.0,8.0,1.6944444444444444,1.6388888888888888,37,,H,1.75,3.43,4.74
369,2013,2013-12-01,Santos,Athletico-PR,1523.75698886528,1555.0546356977902,-31.29764683251028,1.4,1.8,1.2,1.0,2.2,1.4,2.0,0.4,7.0,7.0,1.4166666666666667,1.6944444444444444,37,,H,3.05,3.22,2.28
370,2013,2013-12-07,Flamengo RJ,Cruzeiro,1504.4475818210917,1588.2856724729397,-83.838090651848,0.8,1.4,1.0,1.8,2.0,1.4,2.6,1.2,6.0,6.0,1.2972972972972974,2.027027027027027,38,1.0,D,1.87,3.45,3.95
371,2013,2013-12-07,Nautico,Corinthians,1341.794917516001,1523.47710549896,-181.68218798295902,0.0,1.6,0.2,2.4,0.4,0.2,0.0,1.0,6.0,7.0,0.4594594594594595,1.3513513513513513,38,3.0,H,3.97,3.31,1.92
372,2013,2013-12-08,Athletico-PR,Vasco,1546.0216362644185,1487.8589869987961,58.16264926562235,1.2,1.6,2.2,1.8,1.2,0.8,3.0,0.4,7.0,7.0,1.6486486486486487,1.1891891891891893,38,,H,1.9,3.5,3.76
373,2013,2013-12-08,Atletico-MG,Vitoria,1558.2712724694074,1547.6842708901586,10.587001579248863,1.6,2.0,1.6,1.2,2.2,1.2,3.0,1.6,8.0,7.0,1.5135135135135136,1.5675675675675675,38,,D,1.95,3.5,3.6
374,2013,2013-12-08,Bahia,Fluminense,1503.7329324885714,1495.9186198412183,7.814312647353063,2.0,1.4,0.8,0.8,1.2,1.0,1.6,0.0,7.0,8.0,1.2972972972972974,1.162162162162162,38,0.0,A,3.88,3.36,1.92
375,2013,2013-12-08,Botafogo RJ,Criciuma,1528.0205499608564,1495.454451456301,32.566098504555384,1.0,2.6,1.4,1.0,1.4,0.6,2.2,1.8,7.0,7.0,1.5675675675675675,1.2432432432432432,38,,H,1.56,3.93,5.53
376,2013,2013-12-08,Goias,Santos,1556.727218801042,1532.7899882986517,23.93723050239032,1.4,2.0,1.4,1.4,1.6,1.0,3.0,1.0,7.0,7.0,1.5945945945945945,1.4594594594594594,38,,A,1.48,4.12,6.44
377,2013,2013-12-08,Internacional,Ponte Preta,1486.17044120132,1446.02595522559,40.14448597573005,1.0,0.4,0.8,1.2,0.6,2.0,1.6,0.6,8.0,7.0,1.2702702702702702,0.972972972972973,38,3.0,D,1.22,5.8,12.47
378,2013,2013-12-08,Portuguesa,Gremio,1499.9307010448968,1585.9979512549432,-86.0672502100465,1.6,2.0,0.8,0.2,1.0,1.0,1.2,0.6,7.0,7.0,1.2702702702702702,1.7297297297297298,38,1.0,D,2.66,2.98,2.73
379,2013,2013-12-08,Sao Paulo,Coritiba,1526.8954230104946,1469.399779971289,57.49564303920556,0.8,1.0,0.8,1.4,0.6,0.8,2.2,0.4,7.0,7.0,1.3513513513513513,1.2162162162162162,38,3.0,A,2.76,3.35,2.41
380,2014,2014-04-19,Fluminense,Figueirense,1505.9881727266115,1444.715487220225,61.27268550638655,2.0,0.2,1.6,1.0,0.6,2.2,1.6,0.6,132.0,503.0,,,1,1.0,H,1.53,3.85,6.2
381,2014,2014-04-19,Internacional,Vitoria,1487.4249480123706,1537.3696150142894,-49.94466700191879,0.6,1.6,0.4,1.0,2.0,1.6,1.2,1.8,132.0,132.0,,,1,1.0,H,1.49,4.01,6.57
382,2014,2014-04-20,Chapecoense-SC,Coritiba,1500.0,1487.089736146471,12.910263853528932,,1.4,,,0.8,0.8,,1.0,,133.0,,,1,,D,2.34,3.15,3.01
383,2014,2014-04-20,Athletico-PR,Gremio,1539.463587148812,1564.0442468362965,-24.580659687484513,1.2,2.2,2.6,2.0,1.0,0.4,3.0,0.6,133.0,133.0,,,1,1.0,H,3.1,3.18,2.27
384,2014,2014-04-20,Atletico-MG,Corinthians,1542.0970425053852,1507.6796517562643,34.41739074912084,1.6,1.0,2.0,1.6,0.2,0.4,2.6,0.8,133.0,134.0,,,1,2.0,D,2.34,3.09,3.08
385,2014,2014-04-20,Bahia,Cruzeiro,1493.7504915207307,1565.8079995106752,-72.0575079899445,1.8,1.0,1.0,1.2,1.6,1.6,1.0,1.4,133.0,134.0,,,1,0.0,A,2.49,3.2,2.75
386,2014,2014-04-20,Sao Paulo,Botafogo RJ,1510.1316660898665,1526.4629489054619,-16.331282815595387,0.8,1.6,0.8,1.0,1.8,0.6,2.0,0.2,133.0,133.0,,,1,2.0,H,1.76,3.52,4.49
387,2014,2014-04-20,Criciuma,Palmeiras,1491.1433021574062,1455.7743692978743,35.368932859531924,2.0,0.4,1.2,1.2,1.4,2.2,1.6,0.8,133.0,505.0,,,1,,A,2.87,3.16,2.43
388,2014,2014-04-20,Flamengo RJ,Goias,1503.7419412098484,1533.1664130836123,-29.424471873763878,0.8,1.2,1.0,1.8,1.2,1.8,2.2,1.4,134.0,133.0,,,1,1.0,D,2.09,3.27,3.46
389,2014,2014-04-20,Santos,Sport Recife,1533.971492241158,1480.8905319132502,53.08096032790786,2.4,1.6,1.8,0.6,1.4,0.6,2.0,1.4,133.0,504.0,,,1,1.0,D,1.39,4.41,7.87
390,2014,2014-04-26,Coritiba,Santos,1489.2953275589032,1530.6979296080187,-41.40260204911556,1.6,2.0,0.8,0.6,1.4,0.8,1.8,1.6,6.0,6.0,1.0,1.0,2,1.5,D,2.37,3.19,2.93
391,2014,2014-04-27,Palmeiras,Fluminense,1468.5854518390572,1512.5057503757973,-43.92029853674012,0.8,2.0,1.4,2.0,1.8,1.0,0.8,0.6,7.0,8.0,3.0,3.0,2,0.0,A,2.29,3.2,3.04
392,2014,2014-04-27,Botafogo RJ,Internacional,1517.8546562149425,1496.9918917154391,20.862764499503328,1.4,1.2,1.8,1.2,0.4,0.6,2.2,0.4,7.0,8.0,0.0,3.0,2,1.0,D,2.62,3.19,2.62
393,2014,2014-04-27,Corinthians,Flamengo RJ,1510.465491560535,1502.7215588293016,7.743932731233372,0.6,1.0,0.0,0.4,1.0,1.4,1.8,0.2,7.0,7.0,1.0,1.0,2,3.0,H,1.89,3.26,4.19
394,2014,2014-04-27,Cruzeiro,Sao Paulo,1575.6048960363669,1518.739958780386,56.864937255980976,1.0,0.8,1.4,1.6,1.0,1.0,2.0,1.2,7.0,7.0,3.0,3.0,2,0.0,D,2.14,3.26,3.28
395,2014,2014-04-27,Vitoria,Athletico-PR,1527.8026713112208,1548.3054451187045,-20.502773807483663,1.6,1.8,1.8,1.2,2.6,1.6,2.0,0.2,8.0,7.0,0.0,3.0,2,3.0,D,2.12,3.29,3.32
396,2014,2014-04-27,Figueirense,Bahia,1438.1979095710392,1483.953594995039,-45.75568542399992,0.2,1.8,0.6,2.6,1.2,1.0,1.0,1.4,8.0,7.0,0.0,0.0,2,1.0,A,2.93,3.19,2.37
397,2014,2014-04-27,Goias,Criciuma,1534.186795464159,1478.3322196162233,55.85457584793585,0.8,1.4,0.8,1.8,1.0,1.4,2.4,1.2,7.0,7.0,1.0,0.0,2,1.0,H,1.73,3.43,4.89
398,2014,2014-04-27,Gremio,Atletico-MG,1555.202388866404,1539.3112027011146,15.891186165289355,1.6,1.2,0.8,0.6,1.6,1.4,2.6,0.4,7.0,7.0,0.0,1.0,2,0.0,H,2.36,3.12,3.03
399,2014,2014-04-27,Sport Recife,Chapecoense-SC,1484.1640945463896,1497.794408587568,-13.63031404117828,1.2,1.0,1.0,0.8,0.0,0.0,1.4,,7.0,7.0,1.0,1.0,2,,H,1.83,3.41,4.22
400,2014,2014-05-03,Athletico-PR,Cruzeiro,1549.5792213563889,1572.2344422677804,-22.655220911391552,2.0,1.0,3.0,1.2,1.2,1.4,3.0,2.0,6.0,6.0,2.0,2.0,3,1.0,A,2.91,3.25,2.35
401,2014,2014-05-03,Santos,Gremio,1531.376074885774,1562.915329528316,-31.53925464254212,2.2,1.6,1.4,0.4,0.8,0.6,2.0,0.4,7.0,6.0,1.0,1.5,3,2.0,D,1.99,3.24,3.77
402,2014,2014-05-03,Sao Paulo,Coritiba,1522.1104125489724,1488.617182281148,33.4932302678244,1.0,1.8,1.0,0.8,0.6,0.2,2.0,1.2,6.0,7.0,2.0,1.0,3,1.5,D,1.59,3.67,5.81
403,2014,2014-05-04,Fluminense,Vitoria,1523.1117295763345,1526.5288950735364,-3.4171654972019496,2.0,1.2,1.6,0.8,1.8,1.6,2.0,1.6,7.0,7.0,3.0,0.5,3,0.0,A,1.38,4.37,8.13
404,2014,2014-05-04,Bahia,Botafogo RJ,1494.5069251355712,1515.4324396026714,-20.92551446710013,1.8,1.0,1.4,1.0,1.4,1.6,1.0,0.2,7.0,7.0,1.5,0.5,3,3.0,H,2.2,3.21,3.22
405,2014,2014-05-04,Criciuma,Figueirense,1471.6768711658287,1427.644579430507,44.03229173532168,0.8,0.0,0.6,1.4,0.4,2.8,1.6,0.6,7.0,7.0,0.0,0.0,3,,H,1.87,3.38,4.06
406,2014,2014-05-04,Flamengo RJ,Palmeiras,1494.785229943639,1457.97947263852,36.80575730511896,1.0,0.8,0.8,1.4,1.0,1.6,1.8,1.4,7.0,7.0,0.5,1.5,3,1.0,H,2.21,3.21,3.2
407,2014,2014-05-04,Internacional,Sport Recife,1499.4141083277102,1492.6962367379992,6.717871589710967,1.4,1.6,0.6,0.4,1.2,0.8,1.6,1.6,7.0,7.0,2.0,2.0,3,1.0,H,1.33,4.65,9.12
408,2014,2014-05-04,Atletico-MG,Goias,1531.5982620392024,1540.8421439145536,-9.243881875351235,1.2,0.8,1.8,1.4,0.4,1.6,2.2,1.0,7.0,7.0,0.5,2.0,3,3.0,A,1.8,3.45,4.34
409,2014,2014-05-04,Chapecoense-SC,Corinthians,1489.2622663959582,1518.4018204461975,-29.139554050239212,0.5,1.0,0.5,1.0,0.4,0.4,1.0,1.0,7.0,7.0,0.5,2.0,3,,A,3.41,2.98,2.23
410,2014,2014-05-10,Internacional,Athletico-PR,1507.3787290790065,1538.3664396975362,-30.987710618529718,1.8,1.4,1.0,0.6,2.2,1.6,2.2,0.4,6.0,7.0,2.3333333333333335,1.3333333333333333,4,1.0,H,1.5,3.92,6.34
411,2014,2014-05-10,Palmeiras,Goias,1450.8285979099526,1552.4332981196048,-101.60470020965226,0.6,1.4,1.2,2.2,0.4,0.8,0.8,1.0,6.0,6.0,1.0,2.3333333333333335,4,,H,1.92,3.34,3.91
412,2014,2014-05-11,Botafogo RJ,Criciuma,1506.694243954188,1478.6377867562046,28.05645719798349,0.8,1.2,1.2,1.6,0.6,1.2,2.2,1.2,7.0,7.0,0.3333333333333333,1.0,4,3.0,H,1.6,3.74,5.45
413,2014,2014-05-11,Atletico-MG,Cruzeiro,1520.0071078341512,1583.4472239266331,-63.44011609248196,0.6,1.6,1.0,1.4,1.6,1.4,1.6,2.0,7.0,8.0,0.3333333333333333,2.3333333333333335,4,3.0,H,2.15,3.25,3.3
414,2014,2014-05-11,Chapecoense-SC,Gremio,1478.2337694850316,1563.8754406274597,-85.6416711424281,0.3333333333333333,1.6,0.3333333333333333,1.0,0.6,0.4,0.5,0.6,7.0,8.0,0.3333333333333333,1.3333333333333333,4,,A,3.49,3.11,2.13
415,2014,2014-05-11,Fluminense,Flamengo RJ,1511.3575652049149,1501.9361046722065,9.421460532708352,2.0,1.0,1.8,1.0,1.4,1.8,2.0,0.2,7.0,7.0,2.0,1.3333333333333333,4,1.5,H,2.02,3.27,3.61
416,2014,2014-05-11,Sao Paulo,Corinthians,1519.3491259983573,1529.430317357124,-10.081191358766773,1.0,1.6,1.2,1.0,0.6,0.2,1.6,1.4,8.0,7.0,1.6666666666666667,2.3333333333333335,4,2.0,D,2.65,3.0,2.73
417,2014,2014-05-11,Bahia,Vitoria,1503.2451207840545,1538.283059444956,-35.037938660901546,1.8,1.6,1.4,1.0,2.0,1.6,1.4,1.6,7.0,7.0,2.0,1.3333333333333333,4,3.0,D,2.31,3.17,3.04
418,2014,2014-05-11,Coritiba,Sport Recife,1491.378468831763,1484.731615986703,6.646852845060039,1.8,1.0,1.0,0.6,1.0,1.2,1.4,1.0,8.0,7.0,1.0,1.3333333333333333,4,0.0,A,1.52,3.88,6.22
419,2014,2014-05-11,Figueirense,Santos,1420.6836638401312,1530.4159637866303,-109.7322999464991,0.0,1.8,0.4,2.6,1.2,0.4,0.4,1.2,7.0,8.0,0.0,1.0,4,0.0,A,5.07,3.65,1.65
420,2014,2014-05-15,Goias,Botafogo RJ,1541.383611146494,1514.0781243629335,27.305486783560582,1.4,1.4,0.4,1.0,2.2,1.2,2.4,0.2,5.0,4.0,1.75,1.0,5,3.0,H,3.35,3.21,2.16
421,2014,2014-05-17,Cruzeiro,Coritiba,1573.4921206928684,1479.3450490666776,94.14707162619084,1.6,1.2,1.6,1.4,0.6,0.6,1.6,1.4,6.0,6.0,1.75,0.75,5,3.0,H,1.45,4.16,7.02
422,2014,2014-05-18,Athletico-PR,Chapecoense-SC,1529.3422767644756,1468.8271865025952,60.51509026188046,1.4,0.25,2.2,1.6,0.5,1.25,2.4,0.0,8.0,7.0,1.0,0.25,5,,D,1.71,3.56,4.81
423,2014,2014-05-18,Corinthians,Figueirense,1530.9979730421514,1411.964095691512,119.03387735063939,1.6,0.0,0.8,0.4,0.0,2.2,1.8,0.0,7.0,7.0,2.0,0.0,5,1.0,A,1.3,4.82,10.44
424,2014,2014-05-18,Flamengo RJ,Sao Paulo,1494.045956292264,1517.78147031333,-23.73551402106591,1.0,1.2,1.0,1.4,1.4,1.0,1.8,0.8,7.0,7.0,1.0,1.5,5,2.0,A,2.37,3.14,2.98
425,2014,2014-05-18,Gremio,Fluminense,1573.2820236098962,1519.2477135848574,54.03431002503885,1.6,2.4,0.8,0.6,1.8,0.6,2.6,1.2,7.0,7.0,1.75,2.25,5,3.0,H,2.05,3.2,3.64
426,2014,2014-05-18,Criciuma,Internacional,1471.2539063474592,1516.402892012067,-45.148985664607835,0.6,2.2,0.4,2.4,1.4,0.8,2.0,0.4,7.0,8.0,0.75,2.5,5,0.0,D,3.33,3.27,2.13
427,2014,2014-05-18,Santos,Atletico-MG,1539.1355319352494,1529.9622110679159,9.173320867333587,1.8,1.0,1.2,0.2,1.0,1.2,2.2,0.4,7.0,7.0,1.5,1.0,5,2.0,A,2.38,3.17,2.93
428,2014,2014-05-18,Vitoria,Palmeiras,1539.1433054139227,1461.8782848830633,77.26502053085937,1.2,1.2,1.4,1.4,1.4,1.8,1.6,0.8,7.0,8.0,1.25,1.5,5,,A,2.26,3.21,3.11
429,2014,2014-05-21,Coritiba,Internacional,1473.630083552321,1516.973629210916,-43.343545658595076,0.6,2.2,0.8,1.2,1.4,0.8,0.8,0.6,4.0,3.0,0.6,2.2,6,2.0,D,2.31,3.16,3.07
430,2014,2014-05-21,Flamengo RJ,Bahia,1482.8638220937478,1502.3848748150879,-19.521052721340084,0.8,1.4,0.8,1.6,1.2,1.0,1.6,2.0,3.0,10.0,0.8,1.75,6,2.0,D,1.83,3.4,4.23
431,2014,2014-05-22,Criciuma,Chapecoense-SC,1470.6831691486102,1472.290433370801,-1.6072642221909064,0.8,0.4,0.4,1.8,0.6,1.2,1.6,0.5,4.0,4.0,0.8,0.4,6,,H,2.04,3.27,3.56
432,2014,2014-05-22,Cruzeiro,Sport Recife,1579.207086207225,1496.7650357517884,82.44205045543663,2.0,1.4,2.0,1.6,1.0,1.0,1.6,1.0,5.0,11.0,2.0,1.75,6,3.0,H,1.29,5.15,9.61
433,2014,2014-05-22,Corinthians,Athletico-PR,1516.1465162577906,1525.8790298962697,-9.732513638479077,1.6,1.0,0.8,0.4,1.4,1.6,1.6,0.2,4.0,4.0,1.6,1.0,6,1.0,D,1.62,3.59,5.6
434,2014,2014-05-22,Fluminense,Sao Paulo,1512.545753293109,1528.9636045118461,-16.41785121873704,1.8,1.8,1.4,0.6,1.8,0.8,2.0,0.8,4.0,4.0,1.8,1.8,6,3.0,H,2.26,3.18,3.15
435,2014,2014-05-22,Gremio,Botafogo RJ,1579.9839839016445,1506.6740972526836,73.30988664896086,2.0,0.8,1.0,0.6,1.6,1.6,3.0,0.2,4.0,7.0,2.0,0.8,6,2.0,H,1.74,3.5,4.66
436,2014,2014-05-22,Goias,Santos,1548.787638256744,1527.0325054504044,21.75513280633959,2.0,1.2,0.8,0.4,0.8,0.6,2.4,1.6,7.0,4.0,2.0,1.2,6,0.0,D,2.03,3.25,3.66
437,2014,2014-05-22,Palmeiras,Figueirense,1475.7585245555867,1426.815552475873,48.942972079713854,1.8,0.6,1.4,1.2,0.2,1.6,0.8,0.6,4.0,4.0,1.8,0.6,6,3.0,H,1.52,3.9,6.24
438,2014,2014-05-23,Vitoria,Atletico-MG,1525.2630657413993,1542.065237552761,-16.80217181136163,1.0,1.4,1.0,1.2,1.0,1.0,1.4,1.0,5.0,5.0,1.0,1.4,6,1.0,A,2.28,3.2,3.06
439,2014,2014-05-24,Bahia,Fluminense,1503.6864387231064,1521.1564894479511,-17.47005072484467,1.6,1.8,1.2,0.8,1.8,1.0,1.4,1.2,3.0,2.0,1.6,2.0,6,0.0,A,4.22,3.33,1.86
440,2014,2014-05-25,Sao Paulo,Gremio,1520.3528683570041,1586.2008672170682,-65.84799886006408,1.2,2.6,1.6,1.8,1.4,0.6,1.2,1.2,3.0,3.0,1.5,2.1666666666666665,7,0.0,H,2.01,3.28,3.65
441,2014,2014-05-25,Athletico-PR,Coritiba,1527.4564731566393,1473.0075667063502,54.44890645028909,0.6,0.6,1.4,1.8,1.0,1.4,2.0,1.2,3.0,4.0,1.0,0.6666666666666666,7,3.0,H,2.73,3.15,2.55
442,2014,2014-05-25,Figueirense,Goias,1419.9823661862729,1546.3412592447348,-126.35889305846194,0.6,2.0,0.2,1.2,1.2,0.8,0.4,0.8,3.0,3.0,0.5,1.8333333333333333,7,,A,2.65,3.05,2.69
443,2014,2014-05-25,Santos,Flamengo RJ,1529.4788844624136,1481.5622581857292,47.91662627668438,1.2,0.8,1.0,0.8,1.0,1.8,1.6,0.0,3.0,4.0,1.1666666666666667,0.8333333333333334,7,2.0,D,2.1,3.2,3.47
444,2014,2014-05-25,Sport Recife,Corinthians,1490.7711105875992,1514.569072997421,-23.79796240982182,1.4,1.6,1.0,1.2,1.0,0.6,2.0,1.0,3.0,3.0,1.4,1.5,6,1.0,A,2.87,2.94,2.58
445,2014,2014-05-25,Atletico-MG,Criciuma,1553.443651594702,1478.8785611370274,74.56509045767461,1.8,1.4,1.6,1.4,0.4,1.4,1.6,1.2,2.0,3.0,1.6666666666666667,1.1666666666666667,7,3.0,D,1.58,3.7,5.82
446,2014,2014-05-25,Botafogo RJ,Vitoria,1500.45721393726,1513.8846516994581,-13.427437762198224,0.8,1.0,1.8,1.4,1.4,1.6,2.2,1.2,3.0,2.0,0.6666666666666666,0.8333333333333334,7,3.0,D,1.78,3.59,4.28
447,2014,2014-05-25,Chapecoense-SC,Palmeiras,1464.095041382384,1482.5917108451868,-18.496669462802856,0.2,1.8,0.6,1.4,1.2,1.0,0.3333333333333333,1.4,3.0,3.0,0.3333333333333333,2.0,7,,H,2.45,3.04,2.95
448,2014,2014-05-25,Internacional,Cruzeiro,1517.5961460568867,1585.2010113714143,-67.60486531452761,1.8,2.0,1.4,1.0,2.0,1.4,2.2,1.4,4.0,3.0,2.0,2.1666666666666665,7,1.5,A,2.37,3.2,2.92
449,2014,2014-05-28,Criciuma,Coritiba,1482.6925925221883,1466.3162373049538,16.376355217234504,1.6,0.4,0.4,1.2,1.0,1.8,2.0,1.0,3.0,3.0,1.1428571428571428,0.5714285714285714,8,3.0,H,2.29,3.13,3.12
450,2014,2014-05-28,Palmeiras,Botafogo RJ,1473.92224818959,1498.9836431833244,-25.06139499373444,1.8,0.8,1.2,1.2,1.6,1.2,1.2,0.0,3.0,3.0,1.7142857142857142,0.7142857142857143,8,1.0,A,2.32,3.15,3.05
451,2014,2014-05-28,Sport Recife,Gremio,1479.5907487180982,1576.176459896359,-96.58571117826068,1.2,2.0,1.0,1.8,1.0,0.6,1.4,1.0,3.0,3.0,1.1666666666666667,1.8571428571428572,7,0.0,D,3.54,3.22,2.07
452,2014,2014-05-29,Goias,Vitoria,1554.5933427961343,1515.3582224533936,39.23512034274063,2.0,1.0,1.2,0.8,1.2,1.4,2.0,1.2,4.0,4.0,2.0,0.8571428571428571,8,3.0,D,1.86,3.37,4.11
453,2014,2014-05-29,Internacional,Chapecoense-SC,1507.6711187026585,1472.7645040379807,34.90661466467782,1.6,0.8,1.2,1.2,0.8,1.0,2.0,0.3333333333333333,4.0,4.0,1.7142857142857142,0.7142857142857143,8,,H,1.58,3.65,5.94
454,2014,2014-05-29,Athletico-PR,Sao Paulo,1534.1478025580357,1530.3772756777134,3.7705268803222225,1.0,1.6,1.4,1.4,1.6,1.6,2.0,0.8,4.0,4.0,1.2857142857142858,1.7142857142857142,8,3.0,D,2.97,3.23,2.35
455,2014,2014-05-29,Atletico-MG,Fluminense,1549.6296202095411,1532.5160406583568,17.11357955118433,2.0,1.8,1.4,1.0,1.8,1.0,1.2,1.8,4.0,5.0,1.5714285714285714,2.142857142857143,8,2.0,H,2.61,3.16,2.64
456,2014,2014-05-29,Corinthians,Cruzeiro,1525.749434866922,1595.1260387256425,-69.3766038587205,1.6,2.4,1.4,0.8,2.4,1.4,1.2,2.0,4.0,4.0,1.7142857142857142,2.2857142857142856,8,2.0,H,2.44,3.05,2.99
457,2014,2014-05-29,Flamengo RJ,Figueirense,1484.7024690213188,1411.7302826348734,72.9721863864454,1.0,0.6,1.0,1.4,0.2,1.0,1.2,0.6,4.0,4.0,0.8571428571428571,0.42857142857142855,8,3.0,D,1.74,3.45,4.75
458,2014,2014-05-30,Bahia,Santos,1492.3268875127005,1526.338673626824,-34.011786114123424,1.6,1.2,1.0,0.6,1.0,0.8,0.8,1.6,6.0,5.0,1.3333333333333333,1.1428571428571428,7,1.0,A,2.26,3.05,3.3
459,2014,2014-05-31,Coritiba,Goias,1458.6165262754232,1551.6800996000973,-93.06357332467405,0.2,1.6,0.6,1.6,1.0,0.8,1.0,1.4,3.0,2.0,0.5,1.875,9,1.0,H,2.06,3.22,3.55
460,2014,2014-05-31,Sao Paulo,Atletico-MG,1532.3311992043668,1557.3092448196956,-24.97804561532871,1.6,2.6,1.6,1.6,1.8,0.8,1.6,1.4,2.0,2.0,1.625,1.75,9,3.0,H,1.72,3.63,4.61
461,2014,2014-06-01,Vitoria,Sport Recife,1518.2714656494306,1480.4973622775096,37.774103371921,0.6,0.8,0.8,1.2,0.6,1.6,1.4,0.8,3.0,4.0,0.875,1.1428571428571428,9,,A,1.73,3.55,4.63
462,2014,2014-06-01,Chapecoense-SC,Bahia,1465.5633269244197,1481.4373325972913,-15.87400567287159,0.8,1.0,0.8,1.2,0.6,1.0,1.0,2.0,3.0,2.0,0.625,1.1428571428571428,9,,H,2.06,3.13,3.7
463,2014,2014-06-01,Corinthians,Botafogo RJ,1535.8753969894171,1510.1281319501986,25.74726503921852,1.6,1.4,1.4,0.8,2.0,1.0,1.6,0.6,3.0,4.0,1.875,1.0,9,0.5,D,1.7,3.47,5.05
464,2014,2014-06-01,Cruzeiro,Flamengo RJ,1585.0000766031474,1480.9276840983732,104.07239250477414,1.8,0.6,1.8,1.2,0.4,1.2,1.6,0.2,3.0,3.0,2.0,0.875,9,3.0,H,1.77,3.53,4.38
465,2014,2014-06-01,Gremio,Palmeiras,1575.2698463369475,1462.7777594227157,112.49208691423178,2.0,1.8,1.0,0.6,0.8,0.8,3.0,1.2,4.0,4.0,1.75,1.5,9,3.0,D,1.83,3.28,4.42
466,2014,2014-06-01,Figueirense,Athletico-PR,1415.505067557819,1532.1938790313823,-116.68881147356319,0.8,1.2,0.4,1.0,1.4,1.2,0.2,0.4,3.0,3.0,0.5,1.25,9,,A,2.89,3.17,2.41
467,2014,2014-06-01,Fluminense,Internacional,1524.8364160482024,1514.8722958162195,9.96412023198286,1.8,1.6,1.6,1.0,1.2,1.0,2.0,0.8,3.0,3.0,1.875,1.875,9,0.5,D,2.03,3.2,3.7
468,2014,2014-06-01,Santos,Criciuma,1537.2282285422332,1490.392303551719,46.835924990514286,1.6,1.6,1.4,0.8,0.4,1.2,1.2,0.8,2.0,4.0,1.375,1.375,9,3.0,H,1.93,3.35,3.89
469,2014,2014-06-05,Sport Recife,Bahia,1493.372075951453,1472.841944111518,20.530131839935166,1.4,0.4,0.6,1.2,0.6,1.4,1.6,2.0,4.0,4.0,1.375,1.0,9,1.0,H,2.29,3.09,3.17
470,2014,2014-07-16,Coritiba,Figueirense,1469.4225087696184,1406.9819114185102,62.44059735110818,0.8,0.8,1.2,1.4,0.6,1.2,1.6,0.8,46.0,45.0,0.7777777777777778,0.4444444444444444,10,3.0,A,1.52,3.78,6.64
471,2014,2014-07-16,Gremio,Goias,1570.5636707258366,1540.874117105902,29.689553619934486,1.6,1.6,0.6,0.4,1.0,1.0,2.6,1.4,45.0,46.0,1.6666666666666667,1.6666666666666667,10,3.0,D,1.56,3.66,6.28
472,2014,2014-07-16,Sport Recife,Botafogo RJ,1500.9588736487226,1512.6822295625811,-11.72335591385854,1.4,1.0,0.6,1.2,1.0,1.2,1.6,0.8,41.0,45.0,1.5555555555555556,1.0,10,3.0,H,2.29,3.21,3.03
473,2014,2014-07-17,Bahia,Sao Paulo,1465.2551464142484,1541.1843429378403,-75.92919652359183,0.2,2.0,0.4,1.4,1.8,1.6,0.8,1.0,42.0,47.0,0.8888888888888888,1.7777777777777777,10,1.5,A,3.16,3.14,2.25
474,2014,2014-07-17,Criciuma,Fluminense,1483.5044492300206,1522.7116456306837,-39.20719640066318,1.6,1.4,0.4,0.4,1.4,1.2,2.0,1.8,46.0,46.0,1.2222222222222223,1.7777777777777777,10,0.0,H,3.28,3.19,2.18
475,2014,2014-07-17,Flamengo RJ,Athletico-PR,1475.4430559822756,1540.7170351706911,-65.27397918841552,0.6,1.8,0.4,1.4,1.8,1.0,1.2,1.0,46.0,46.0,0.7777777777777778,1.4444444444444444,10,0.0,A,2.11,3.32,3.29
476,2014,2014-07-17,Corinthians,Internacional,1533.3212993770346,1516.9970662337382,16.324233143296397,1.6,1.2,1.4,0.8,1.0,1.0,1.6,1.0,46.0,46.0,1.7777777777777777,1.7777777777777777,10,2.0,H,1.95,3.18,4.01
477,2014,2014-07-17,Santos,Palmeiras,1544.1160828639315,1467.4839350338266,76.63214783010494,1.6,1.4,1.4,0.8,0.4,0.8,1.2,1.4,46.0,46.0,1.5555555555555556,1.4444444444444444,10,3.0,H,1.94,3.29,3.87
478,2014,2014-07-18,Cruzeiro,Vitoria,1590.484704719245,1505.3967519754872,85.0879527437578,2.4,0.4,2.2,0.8,0.6,1.2,2.0,1.2,47.0,47.0,2.111111111111111,0.7777777777777778,10,3.0,H,1.33,4.9,8.53
479,2014,2014-07-19,Atletico-MG,Bahia,1548.4561010862221,1455.5696102599682,92.88649082625398,2.0,0.0,1.6,1.0,0.2,1.6,1.6,1.4,49.0,2.0,1.5555555555555556,0.8,10,2.0,D,1.64,3.61,5.24
480,2014,2014-07-19,Figueirense,Gremio,1420.4938377200835,1567.9038179536499,-147.40998023356633,0.8,1.2,0.8,1.2,0.4,0.4,0.0,1.0,3.0,3.0,0.7,1.6,11,0.0,A,3.46,3.16,2.11
481,2014,2014-07-19,Sao Paulo,Chapecoense-SC,1550.8698790921205,1474.158715410193,76.71116368192747,2.0,1.4,1.8,1.6,1.0,1.0,2.2,0.25,2.0,48.0,1.9,0.8888888888888888,11,,A,1.35,4.56,8.9
482,2014,2014-07-20,Botafogo RJ,Coritiba,1504.2037476755022,1455.910582468045,48.29316520745715,1.0,0.8,1.0,1.0,0.8,1.2,2.2,0.4,4.0,4.0,0.9,0.7,11,3.0,H,2.12,3.24,3.38
483,2014,2014-07-20,Internacional,Flamengo RJ,1509.2959343415043,1465.450941735579,43.84499260592543,1.0,0.6,1.2,1.4,0.6,1.4,2.4,0.2,3.0,3.0,1.6,0.7,11,3.0,H,1.59,3.68,5.66
484,2014,2014-07-20,Palmeiras,Cruzeiro,1461.348690817914,1596.4148922478232,-135.06620142990914,0.8,2.4,0.2,1.2,2.2,0.6,1.2,1.8,3.0,2.0,1.3,2.2,11,3.0,A,3.31,3.22,2.16
485,2014,2014-07-20,Vitoria,Corinthians,1499.466564446909,1541.0224312692685,-41.555866822359576,0.4,2.2,0.8,1.6,1.8,0.8,0.8,1.6,2.0,3.0,0.7,1.9,11,1.0,D,2.91,3.08,2.45
486,2014,2014-07-20,Athletico-PR,Criciuma,1550.7091494173878,1492.7634334693596,57.94571594802824,2.2,2.0,2.0,1.0,1.0,0.8,1.6,0.2,3.0,3.0,1.6,1.4,11,3.0,H,1.74,3.58,4.53
487,2014,2014-07-20,Fluminense,Santos,1513.4526613913447,1550.251327079844,-36.79866568849934,1.4,2.2,1.8,1.6,1.6,0.4,2.0,2.2,3.0,3.0,1.6,1.7,11,1.5,H,1.94,3.3,3.9
488,2014,2014-07-20,Goias,Sport Recife,1543.5339698780888,1509.4373555358015,34.09661434228724,1.2,2.0,0.6,1.0,0.8,0.8,1.6,1.4,4.0,4.0,1.6,1.7,11,,D,1.79,3.41,4.45
489,2014,2014-07-26,Criciuma,Vitoria,1486.1614318034176,1498.7928103282086,-12.631378524790989,1.4,0.6,0.8,1.2,0.4,1.0,2.6,1.2,6.0,6.0,1.2727272727272727,0.7272727272727273,12,1.0,A,1.99,3.26,3.72
490,2014,2014-07-26,Cruzeiro,Figueirense,1604.4251262531566,1412.8222832814683,191.60284297168823,2.4,0.8,2.2,0.8,0.8,1.2,2.6,1.4,6.0,7.0,2.272727272727273,0.6363636363636364,12,3.0,H,1.2,6.22,13.01
491,2014,2014-07-26,Santos,Chapecoense-SC,1541.06124877041,1488.0254055922562,53.035843178153755,2.0,1.8,1.2,0.2,1.0,0.8,1.6,0.8,6.0,7.0,1.5454545454545454,1.1,12,,H,1.58,3.64,5.95
492,2014,2014-07-27,Bahia,Internacional,1459.8249783271926,1516.2617437298968,-56.43676540270417,0.2,1.4,0.4,1.6,1.8,1.2,0.8,0.8,8.0,7.0,0.8181818181818182,1.7272727272727273,12,2.0,A,3.33,3.19,2.16
493,2014,2014-07-27,Athletico-PR,Fluminense,1557.3111510833298,1522.6427397007787,34.668411382551085,2.6,1.4,2.2,0.8,1.0,1.2,1.6,1.2,7.0,7.0,1.7272727272727273,1.7272727272727273,12,1.0,A,2.62,3.2,2.62
494,2014,2014-07-27,Corinthians,Palmeiras,1541.6961853879689,1453.3384568125807,88.35772857538814,2.2,0.2,1.6,0.6,0.2,1.6,1.6,0.8,7.0,7.0,1.8181818181818181,1.1818181818181819,12,3.0,H,1.78,3.37,4.62
495,2014,2014-07-27,Goias,Sao Paulo,1540.7566484096048,1537.0031889100574,3.753459499547489,1.2,2.0,0.2,0.6,1.4,0.8,1.8,1.6,7.0,8.0,1.5454545454545454,1.7272727272727273,12,3.0,H,2.72,3.13,2.57
496,2014,2014-07-27,Sport Recife,Atletico-MG,1512.2146770042855,1544.2007330189977,-31.986056014712176,2.2,1.6,0.6,0.0,1.4,1.0,2.0,1.4,7.0,8.0,1.6363636363636365,1.5,12,0.0,H,2.99,3.2,2.32
497,2014,2014-07-27,Flamengo RJ,Botafogo RJ,1458.4851323471864,1511.053771199205,-52.568638852018466,0.4,1.6,0.4,2.0,1.0,0.6,1.0,0.8,7.0,7.0,0.6363636363636364,1.0909090909090908,12,1.0,H,2.67,3.15,2.6
498,2014,2014-07-27,Gremio,Coritiba,1575.575372392265,1449.0605589443423,126.51481344792273,1.2,0.6,0.2,0.2,0.6,1.2,2.2,0.2,8.0,7.0,1.7272727272727273,0.6363636363636364,12,0.5,A,1.67,3.48,5.27
499,2014,2014-08-02,Botafogo RJ,Cruzeiro,1501.4114219227092,1608.142368430092,-106.73094650738267,1.4,2.4,0.8,0.6,2.6,0.6,2.2,1.8,6.0,7.0,1.0,2.3333333333333335,13,1.5,D,3.02,3.31,2.26
500,2014,2014-08-02,Sao Paulo,Criciuma,1528.9566399480648,1474.6654537503227,54.291186197742036,1.4,1.2,1.4,1.2,1.0,1.8,1.6,0.2,6.0,7.0,1.5833333333333333,1.1666666666666667,13,0.0,D,1.32,4.84,9.13
501,2014,2014-08-03,Vitoria,Gremio,1510.2887883813034,1560.561002697735,-50.27221431643147,1.0,1.2,0.8,1.0,0.6,0.6,0.4,1.6,8.0,7.0,0.9166666666666666,1.5833333333333333,13,1.0,H,2.62,3.02,2.74
502,2014,2014-08-03,Chapecoense-SC,Flamengo RJ,1481.2978087583142,1468.1274816236821,13.170327134632089,1.8,0.8,1.0,1.2,0.6,2.0,1.4,0.2,8.0,7.0,1.0,0.8333333333333334,12,,H,2.07,3.11,3.68
503,2014,2014-08-03,Coritiba,Corinthians,1464.0749286388725,1547.5481511895227,-83.47322255065023,1.2,2.2,1.2,1.2,1.2,0.4,1.0,1.8,7.0,7.0,0.8333333333333334,1.9166666666666667,13,0.0,D,2.79,2.92,2.66
504,2014,2014-08-03,Figueirense,Sport Recife,1409.105041104533,1521.2673089037512,-112.16226779921817,0.8,2.6,0.8,2.0,1.0,0.2,0.0,1.4,8.0,7.0,0.5833333333333334,1.75,13,1.0,H,2.26,3.12,3.19
505,2014,2014-08-03,Palmeiras,Bahia,1447.4864910110268,1449.5785585188335,-2.0920675078066324,0.2,0.2,0.2,1.6,0.4,1.4,1.2,1.0,7.0,7.0,1.0833333333333333,0.75,13,0.0,D,1.78,3.35,4.59
506,2014,2014-08-03,Atletico-MG,Athletico-PR,1535.148101119532,1544.518648388438,-9.370547268905966,1.0,2.0,1.0,1.0,1.8,1.4,1.6,1.6,7.0,7.0,1.3636363636363635,1.5833333333333333,12,0.0,H,1.54,3.94,5.74
507,2014,2014-08-03,Fluminense,Goias,1535.4352423956707,1548.8031973715974,-13.36795497592675,1.4,1.2,1.4,1.2,0.4,0.8,2.0,1.4,7.0,7.0,1.8333333333333333,1.6666666666666667,13,3.0,H,1.61,3.62,5.69
508,2014,2014-08-03,Internacional,Santos,1526.508163538256,1547.788845604352,-21.280682066096006,2.0,2.4,1.8,0.6,1.8,0.2,2.4,1.6,7.0,8.0,1.8333333333333333,1.6666666666666667,13,0.5,H,1.76,3.41,4.62
509,2014,2014-08-07,Chapecoense-SC,Atletico-MG,1489.085097428395,1543.5605005421678,-54.4754031137727,1.8,1.4,0.8,1.2,1.6,1.2,1.8,1.2,4.0,4.0,1.1666666666666667,1.5,13,,D,2.99,3.13,2.39
510,2014,2014-08-09,Bahia,Goias,1451.3696637983783,1540.2784429597891,-88.90877916141085,0.4,1.0,0.4,1.2,0.4,1.2,0.2,0.8,6.0,6.0,0.7692307692307693,1.5384615384615385,14,3.0,H,2.22,3.05,3.35
511,2014,2014-08-09,Criciuma,Cruzeiro,1477.9700811467621,1606.946998144856,-128.97691699809388,0.8,2.6,1.0,2.0,2.8,0.6,2.0,1.4,7.0,7.0,1.1538461538461537,2.230769230769231,14,0.0,D,4.43,3.51,1.77
512,2014,2014-08-10,Fluminense,Coritiba,1543.959996807479,1464.606130237442,79.3538665700371,2.0,1.4,1.8,0.8,1.2,1.0,2.6,0.6,7.0,7.0,1.9230769230769231,0.8461538461538461,14,2.0,D,1.68,3.61,4.99
513,2014,2014-08-10,Athletico-PR,Botafogo RJ,1536.106248965802,1502.606792207945,33.49945675785693,1.8,1.0,1.6,1.6,0.6,0.8,1.6,0.8,7.0,8.0,1.4615384615384615,1.0,14,3.0,H,2.17,3.27,3.23
514,2014,2014-08-10,Flamengo RJ,Sport Recife,1460.3401929536012,1509.9181462988302,-49.577953345228934,0.6,2.0,0.4,2.0,0.8,0.8,1.0,1.4,7.0,7.0,0.7692307692307693,1.6153846153846154,14,1.0,H,1.72,3.53,4.75
515,2014,2014-08-10,Internacional,Gremio,1535.256420267959,1550.9846487239708,-15.728228456011948,2.0,1.0,1.6,0.6,0.8,1.0,2.4,1.4,7.0,7.0,1.9230769230769231,1.4615384615384615,14,0.5,H,2.05,3.16,3.71
516,2014,2014-08-10,Santos,Corinthians,1539.040588874649,1547.0169495909533,-7.976360716304271,1.8,1.8,1.4,0.4,1.0,0.4,2.0,1.8,7.0,7.0,1.5384615384615385,1.8461538461538463,14,2.0,A,2.55,2.96,2.89
517,2014,2014-08-10,Atletico-MG,Palmeiras,1543.8633301691884,1445.695385731482,98.16794443770641,1.0,0.4,1.4,1.4,0.4,1.4,2.2,0.8,3.0,7.0,1.4615384615384615,1.0769230769230769,14,3.0,H,1.63,3.69,5.29
518,2014,2014-08-10,Chapecoense-SC,Figueirense,1488.7822678013745,1420.454203709454,68.3280640919204,2.0,1.2,1.0,1.0,1.2,1.8,2.0,1.4,3.0,7.0,1.1538461538461537,0.7692307692307693,14,,A,1.94,3.24,4.0
519,2014,2014-08-10,Sao Paulo,Vitoria,1525.6520125516254,1519.8651423550675,5.786870196557857,1.4,1.4,1.2,1.0,1.2,1.2,1.6,1.2,8.0,7.0,1.5384615384615385,1.0769230769230769,14,3.0,H,1.5,3.93,6.62
520,2014,2014-08-16,Goias,Internacional,1529.5913771707026,1543.847695971233,-14.25631880053038,1.0,2.4,0.4,0.8,1.8,0.4,1.8,1.2,7.0,6.0,1.4285714285714286,2.0,15,3.0,A,2.62,3.04,2.73
521,2014,2014-08-17,Corinthians,Bahia,1558.6436415548715,1462.0567295874648,96.58691196740665,2.2,1.0,1.0,0.2,0.6,1.0,2.2,0.6,7.0,8.0,1.9285714285714286,0.9285714285714286,15,2.0,D,1.44,3.86,8.2
522,2014,2014-08-17,Coritiba,Flamengo RJ,1468.5373201598509,1469.8966020689727,-1.359281909121819,1.0,1.2,0.8,1.2,0.6,1.4,1.0,0.2,7.0,7.0,0.8571428571428571,0.9285714285714286,15,1.5,A,1.88,3.28,4.19
523,2014,2014-08-17,Cruzeiro,Santos,1605.126128564956,1527.413896910731,77.71223165422498,2.2,1.2,2.2,0.6,1.0,0.6,3.0,1.4,8.0,7.0,2.142857142857143,1.4285714285714286,15,0.5,H,1.49,3.92,6.71
524,2014,2014-08-17,Gremio,Criciuma,1542.3933730206968,1479.7909507266622,62.60242229403457,0.8,1.0,0.8,1.4,1.0,1.6,1.6,0.4,7.0,8.0,1.3571428571428572,1.1428571428571428,15,0.0,H,1.54,3.71,6.43
525,2014,2014-08-17,Palmeiras,Sao Paulo,1440.0744300492556,1533.6423335208308,-93.56790347157516,0.2,1.4,0.6,1.8,1.4,1.0,1.4,1.4,7.0,7.0,1.0,1.6428571428571428,15,1.0,A,2.61,3.16,2.65
526,2014,2014-08-17,Vitoria,Chapecoense-SC,1511.874821385862,1475.1226794113345,36.7521419745276,1.4,1.4,1.4,1.6,0.6,1.0,0.8,0.8,7.0,7.0,1.0,1.0714285714285714,15,,D,1.8,3.35,4.54
527,2014,2014-08-17,Botafogo RJ,Fluminense,1495.3682443060864,1540.02880688507,-44.66056257898367,0.8,2.0,0.4,1.0,1.8,0.8,1.8,1.2,7.0,7.0,0.9285714285714286,1.8571428571428572,15,2.0,H,3.7,3.3,1.99
528,2014,2014-08-17,Figueirense,Atletico-MG,1434.113792099494,1549.4842858514148,-115.37049375192078,1.8,1.6,1.2,1.2,1.6,1.2,0.6,1.4,7.0,7.0,0.9285714285714286,1.5714285714285714,15,0.0,D,3.18,3.19,2.23
529,2014,2014-08-17,Sport Recife,Athletico-PR,1500.3617371834587,1543.3447968676608,-42.98305968420209,1.4,1.8,0.6,1.0,1.4,1.4,2.0,1.4,7.0,7.0,1.5,1.5714285714285714,15,,D,2.27,3.16,3.12
530,2014,2014-08-20,Figueirense,Botafogo RJ,1435.5534986828336,1504.7834960866642,-69.22999740383057,1.4,1.4,1.2,1.6,0.8,0.8,0.8,0.8,3.0,3.0,0.9333333333333333,1.0666666666666667,16,0.0,H,2.42,3.18,2.85
531,2014,2014-08-20,Santos,Athletico-PR,1521.3050648825738,1543.9776484544345,-22.67258357186074,0.6,1.4,0.6,1.2,1.2,1.4,2.0,1.6,3.0,3.0,1.3333333333333333,1.5333333333333334,16,3.0,H,1.69,3.49,5.05
532,2014,2014-08-20,Sport Recife,Palmeiras,1499.728885596685,1430.8948323390691,68.83405325761578,1.0,0.2,0.6,1.2,0.8,1.8,2.2,0.2,3.0,3.0,1.4666666666666666,0.9333333333333333,16,3.0,H,2.24,3.21,3.14
533,2014,2014-08-21,Bahia,Criciuma,1466.3989211501885,1473.3069595935472,-6.908038443358691,1.2,0.4,0.8,0.8,0.4,1.6,0.6,0.4,4.0,4.0,0.9333333333333333,1.0666666666666667,16,1.0,D,1.76,3.34,4.82
534,2014,2014-08-21,Coritiba,Vitoria,1456.7258079747057,1509.027114082706,-52.30130610800029,1.0,1.6,0.8,1.0,1.2,1.0,1.0,1.0,4.0,4.0,0.8,1.0,16,1.0,H,1.77,3.43,4.51
535,2014,2014-08-21,Chapecoense-SC,Fluminense,1477.9703867144906,1530.6135551044922,-52.64316839000162,1.0,2.0,0.4,1.0,1.4,0.6,2.0,1.2,4.0,4.0,1.0666666666666667,1.7333333333333334,16,,H,2.86,3.06,2.49
536,2014,2014-08-21,Flamengo RJ,Atletico-MG,1481.7081142541178,1548.0445792680753,-66.33646501395742,1.8,1.6,0.6,1.0,1.8,1.4,1.6,1.0,4.0,4.0,1.0666666666666667,1.5333333333333334,16,3.0,H,2.61,3.15,2.63
537,2014,2014-08-21,Internacional,Sao Paulo,1555.2979194836148,1542.8219312310173,12.475988252597517,3.0,1.4,1.8,0.0,1.4,1.2,2.4,1.4,5.0,4.0,2.066666666666667,1.7333333333333334,16,1.5,A,1.86,3.35,4.14
538,2014,2014-08-21,Corinthians,Goias,1554.3014499921478,1518.1411536583207,36.16029633382709,1.8,0.8,0.8,0.2,0.4,1.0,2.2,0.8,4.0,5.0,1.8666666666666667,1.3333333333333333,16,0.0,H,1.5,3.69,7.09
539,2014,2014-08-22,Cruzeiro,Gremio,1611.234960593113,1548.8773641538119,62.35759643930123,2.2,1.2,2.2,0.4,1.2,1.4,3.0,0.8,5.0,5.0,2.2,1.4666666666666666,16,1.5,H,1.58,3.67,5.89
540,2014,2014-08-23,Atletico-MG,Internacional,1538.0061129025703,1543.1042227480086,-5.09810984543833,1.6,2.4,1.8,1.4,1.0,0.2,2.2,1.6,2.0,2.0,1.4375,1.9375,17,3.0,H,2.08,3.23,3.45
541,2014,2014-08-23,Botafogo RJ,Chapecoense-SC,1494.6617529898006,1487.6148783960039,7.0468745937967014,0.8,1.6,0.6,1.0,0.6,0.4,2.2,0.8,3.0,2.0,1.0,1.1875,17,,H,1.81,3.3,4.52
542,2014,2014-08-24,Palmeiras,Coritiba,1424.5670271056672,1466.3604728515847,-41.79344574591755,0.2,1.6,0.8,1.8,1.2,0.8,0.8,0.8,4.0,3.0,0.875,0.9375,17,0.0,H,1.97,3.25,3.79
543,2014,2014-08-24,Criciuma,Flamengo RJ,1474.9635716323871,1491.7465806196228,-16.78300898723569,0.6,2.4,0.4,1.2,1.0,0.4,2.0,0.8,3.0,3.0,1.0625,1.1875,17,0.0,A,2.19,3.06,3.38
544,2014,2014-08-24,Fluminense,Sport Recife,1520.969063422979,1506.0566908300868,14.912372592892098,1.4,1.4,1.2,0.8,1.0,1.4,2.2,0.8,3.0,4.0,1.625,1.5625,17,3.0,H,1.51,3.86,6.31
545,2014,2014-08-24,Gremio,Corinthians,1542.3871959666105,1561.4694035405819,-19.082207573971345,0.6,2.2,1.0,1.6,1.8,0.6,1.6,1.8,2.0,3.0,1.375,1.9375,17,3.0,H,2.22,2.99,3.41
546,2014,2014-08-24,Sao Paulo,Santos,1555.0156279666235,1530.092775613908,24.92285235271538,2.0,1.2,1.6,1.0,1.0,1.0,2.0,0.8,3.0,4.0,1.8125,1.4375,17,1.5,H,1.86,3.29,4.21
547,2014,2014-08-24,Vitoria,Figueirense,1499.392449205827,1445.6752417796972,53.71720742612979,1.4,2.0,1.2,1.4,1.4,1.4,1.0,1.4,3.0,4.0,0.9375,1.0625,17,,A,1.86,3.4,4.04
548,2014,2014-08-24,Athletico-PR,Bahia,1535.1899377231002,1464.7423091113485,70.44762861175172,0.8,1.2,0.8,1.8,0.6,0.6,2.0,0.6,4.0,3.0,1.4375,0.9375,17,3.0,D,1.85,3.33,4.18
549,2014,2014-08-24,Goias,Cruzeiro,1510.9732001098866,1617.7251287803144,-106.75192867042779,0.6,2.2,0.8,2.0,2.0,0.2,1.2,1.6,3.0,2.0,1.25,2.25,17,0.0,A,3.91,3.27,1.94
550,2014,2014-08-30,Cruzeiro,Chapecoense-SC,1626.5291632135838,1479.6593330623214,146.86983015126248,2.2,1.0,1.2,0.2,0.4,0.6,3.0,0.8,6.0,7.0,2.2941176470588234,1.1176470588235294,18,,H,1.29,5.01,10.37
551,2014,2014-08-30,Palmeiras,Internacional,1433.9000803295744,1534.8114549298125,-100.9113746002381,0.8,1.8,1.0,1.4,0.8,0.4,0.8,1.4,6.0,7.0,1.0,1.8235294117647058,18,0.0,A,2.74,3.0,2.64
552,2014,2014-08-31,Botafogo RJ,Santos,1502.617298323483,1522.6246792214883,-20.007380898005295,1.4,0.6,0.8,0.8,0.6,1.4,2.2,0.6,8.0,7.0,1.1176470588235294,1.3529411764705883,18,1.5,H,2.47,3.08,2.89
553,2014,2014-08-31,Corinthians,Fluminense,1552.7833824022127,1528.7087201440404,24.07466225817234,1.6,1.4,1.6,1.0,1.4,0.8,2.2,0.6,7.0,7.0,1.8235294117647058,1.7058823529411764,18,1.5,D,1.78,3.38,4.6
554,2014,2014-08-31,Coritiba,Atletico-MG,1457.0274196276775,1546.2988807207664,-89.27146109308887,1.0,1.6,0.6,0.6,1.4,1.2,1.4,0.4,7.0,8.0,0.8823529411764706,1.5294117647058822,18,3.0,D,2.41,3.16,2.89
555,2014,2014-08-31,Figueirense,Sao Paulo,1458.965144838511,1562.4837243590432,-103.51857952053228,2.6,2.6,1.6,0.4,1.8,0.8,1.4,2.0,7.0,7.0,1.1764705882352942,1.8823529411764706,18,0.0,D,2.84,3.15,2.44
556,2014,2014-08-31,Sport Recife,Criciuma,1498.3170341090254,1463.5846165237429,34.73241758528252,0.8,0.6,0.6,2.0,0.2,1.0,2.6,0.4,7.0,7.0,1.4705882352941178,1.0,18,,H,1.76,3.41,4.59
557,2014,2014-08-31,Goias,Athletico-PR,1502.1691656766172,1531.477631989077,-29.308466312459814,0.0,1.0,0.4,2.0,0.8,1.2,1.0,1.4,7.0,7.0,1.1764705882352942,1.411764705882353,18,3.0,H,2.11,3.19,3.44
558,2014,2014-08-31,Gremio,Bahia,1551.0732171049797,1468.4546148453717,82.618602259608,1.2,1.4,1.0,1.2,0.6,0.4,1.6,0.8,7.0,7.0,1.4705882352941178,0.9411764705882353,18,2.0,H,1.55,3.61,6.4
559,2014,2014-08-31,Vitoria,Flamengo RJ,1486.1025461470133,1503.125535728267,-17.022989581253796,0.8,2.4,0.6,1.4,1.2,0.4,1.0,1.2,7.0,7.0,0.8823529411764706,1.2941176470588236,18,3.0,A,2.32,3.09,3.09
560,2014,2014-09-06,Flamengo RJ,Gremio,1514.4977143373503,1557.0628770909555,-42.56516275360514,3.0,1.8,1.6,0.4,1.0,0.8,2.0,0.8,6.0,6.0,1.3888888888888888,1.5555555555555556,19,0.5,A,2.36,2.98,3.17
561,2014,2014-09-06,Santos,Vitoria,1513.9124801107066,1474.73036753793,39.18211257277653,0.6,0.2,0.6,1.4,0.4,1.6,2.4,0.8,6.0,6.0,1.2777777777777777,0.8333333333333334,19,3.0,H,1.53,3.83,6.27
562,2014,2014-09-07,Chapecoense-SC,Goias,1475.099269204575,1511.145479264362,-36.04621005978697,0.8,0.6,0.6,1.2,1.0,1.8,2.0,0.2,8.0,7.0,1.0555555555555556,1.2777777777777777,19,,D,2.15,3.06,3.54
563,2014,2014-09-07,Atletico-MG,Botafogo RJ,1545.6014261328924,1511.3294974342648,34.27192869862756,1.6,1.8,1.2,1.0,0.8,0.6,2.6,0.2,7.0,7.0,1.5,1.2222222222222223,19,2.0,H,1.6,3.75,5.52
564,2014,2014-09-07,Criciuma,Corinthians,1456.3788177181361,1550.2743407577739,-93.89552303963774,0.4,1.6,0.0,1.2,1.8,1.2,1.4,1.6,7.0,7.0,0.9444444444444444,1.7777777777777777,19,0.0,D,3.35,3.07,2.22
565,2014,2014-09-07,Fluminense,Cruzeiro,1531.2177617884793,1631.0892270713302,-99.87146528285098,1.0,2.6,1.2,1.0,1.8,0.4,2.2,1.6,7.0,8.0,1.6666666666666667,2.3333333333333335,19,1.5,D,2.45,3.25,2.79
566,2014,2014-09-07,Sao Paulo,Sport Recife,1561.379590504506,1505.522832914632,55.85675758987395,2.6,1.4,1.8,0.8,1.0,1.4,2.0,0.8,7.0,7.0,1.8333333333333333,1.5555555555555556,19,3.0,H,1.42,4.3,7.23
567,2014,2014-09-07,Athletico-PR,Palmeiras,1522.5013184013324,1424.9300275572296,97.5712908441028,1.0,0.6,0.8,1.2,0.8,1.4,1.6,0.2,7.0,8.0,1.3333333333333333,0.9444444444444444,19,,D,2.06,3.31,3.49
568,2014,2014-09-07,Bahia,Coritiba,1462.464954859396,1457.7248742155516,4.740080643844294,1.2,1.0,0.4,0.4,0.6,0.6,0.8,0.8,7.0,7.0,0.8888888888888888,0.8888888888888888,19,1.0,D,2.4,2.94,3.14
569,2014,2014-09-07,Internacional,Figueirense,1543.7815077021573,1460.069278693048,83.71222900910925,1.8,2.2,0.8,0.4,1.2,0.6,2.4,2.0,8.0,7.0,1.8888888888888888,1.1666666666666667,19,0.0,A,1.46,3.98,7.22
570,2014,2014-09-10,Figueirense,Fluminense,1474.106000017064,1532.2180864819995,-58.1120864649356,2.2,1.0,1.6,1.0,1.6,1.4,1.6,0.8,3.0,3.0,1.263157894736842,1.631578947368421,20,1.0,D,2.85,3.25,2.41
571,2014,2014-09-10,Gremio,Athletico-PR,1567.7077076282155,1518.1361644735082,49.57154315470734,2.4,0.6,1.2,0.4,0.6,1.4,2.0,0.8,4.0,3.0,1.631578947368421,1.3157894736842106,20,3.0,H,1.47,3.98,7.06
572,2014,2014-09-10,Palmeiras,Criciuma,1429.2951814850537,1457.2085854626334,-27.91340397757972,0.8,0.4,0.8,1.2,0.0,1.2,0.8,0.4,3.0,3.0,0.9473684210526315,0.9473684210526315,20,,H,1.77,3.38,4.67
573,2014,2014-09-11,Coritiba,Chapecoense-SC,1459.705623645887,1474.2678359738366,-14.56221232794951,1.0,1.0,0.4,0.4,0.6,1.0,1.0,0.8,4.0,4.0,0.8947368421052632,1.0526315789473684,20,,H,1.7,3.37,5.29
574,2014,2014-09-11,Sport Recife,Santos,1498.8675402349518,1521.000633178202,-22.133092943250176,1.4,1.2,1.0,1.6,1.2,1.4,2.6,0.0,4.0,5.0,1.4736842105263157,1.368421052631579,20,3.0,H,2.53,3.12,2.77
575,2014,2014-09-11,Botafogo RJ,Sao Paulo,1504.111474982331,1568.0348831841864,-63.92340820185541,1.8,2.6,0.8,0.4,1.6,0.6,2.6,2.0,4.0,4.0,1.1578947368421053,1.894736842105263,20,2.0,A,5.13,3.69,1.65
576,2014,2014-09-11,Goias,Flamengo RJ,1511.9769124951004,1503.8528838000902,8.12402869501011,0.8,2.4,1.0,1.6,1.4,0.6,1.4,1.8,4.0,5.0,1.263157894736842,1.3157894736842106,20,1.0,H,2.99,3.07,2.42
577,2014,2014-09-11,Vitoria,Internacional,1467.6422144704347,1529.7447863781415,-62.10257190770676,0.2,1.2,0.4,1.6,0.8,1.0,1.0,1.8,5.0,4.0,0.7894736842105263,1.7894736842105263,20,1.0,H,3.0,3.17,2.34
578,2014,2014-09-11,Corinthians,Atletico-MG,1549.4445730132766,1552.8194485848262,-3.3748755715496372,1.2,1.6,1.6,1.2,1.0,0.8,2.2,0.6,4.0,4.0,1.736842105263158,1.5789473684210527,20,1.5,H,2.01,3.13,3.89
579,2014,2014-09-12,Cruzeiro,Bahia,1630.08890237781,1460.4842054290605,169.6046969487495,2.6,0.8,2.4,1.0,0.2,0.4,3.0,0.8,5.0,5.0,2.263157894736842,0.8947368421052632,20,1.5,H,1.29,5.09,9.88
580,2014,2014-09-13,Chapecoense-SC,Sport Recife,1465.7094392323113,1507.6399542729746,-41.930515040663295,0.8,1.8,0.6,1.6,1.4,1.6,1.6,0.2,2.0,2.0,1.0,1.55,21,,H,2.03,3.16,3.77
581,2014,2014-09-13,Fluminense,Palmeiras,1532.4163106011197,1438.231779267568,94.1845313335516,1.2,1.4,1.8,1.2,0.8,0.8,2.2,0.2,3.0,3.0,1.6,1.05,21,3.0,H,1.57,3.79,5.6
582,2014,2014-09-14,Santos,Coritiba,1512.2282191401791,1468.2640203874123,43.96419875276683,1.2,1.6,1.4,1.4,1.0,0.2,2.4,1.0,3.0,3.0,1.3,1.0,21,1.0,H,1.88,3.33,4.12
583,2014,2014-09-14,Bahia,Figueirense,1456.368410385558,1473.9077758979438,-17.539365512385757,0.6,2.2,0.2,0.6,1.4,0.8,1.0,2.4,2.0,4.0,0.85,1.25,21,3.0,H,2.14,3.11,3.51
584,2014,2014-09-14,Flamengo RJ,Corinthians,1495.9270266795825,1557.6892289195773,-61.76220223999485,1.8,1.6,1.2,0.8,1.6,1.0,1.8,1.2,3.0,3.0,1.25,1.8,21,1.5,H,2.96,2.91,2.53
585,2014,2014-09-14,Internacional,Botafogo RJ,1519.828179129086,1494.0804882786865,25.747690850399522,0.6,1.2,0.6,1.4,0.8,1.2,1.8,0.0,3.0,3.0,1.7,1.1,21,1.5,H,1.51,3.82,6.53
586,2014,2014-09-14,Sao Paulo,Cruzeiro,1578.0658698878308,1634.2046974213124,-56.13882753348162,2.6,2.6,2.0,0.8,2.2,1.2,2.0,1.8,3.0,2.0,1.95,2.3,21,1.5,H,2.17,3.26,3.25
587,2014,2014-09-14,Athletico-PR,Vitoria,1511.3192462085844,1477.5588217194902,33.76042448909425,0.4,0.6,0.4,1.4,0.8,1.6,1.6,0.6,4.0,3.0,1.25,0.9,21,0.0,H,1.81,3.42,4.35
588,2014,2014-09-14,Atletico-MG,Gremio,1544.5747926785255,1574.5246258931393,-29.949833214613818,1.4,2.4,0.6,0.6,1.0,0.4,2.6,1.2,3.0,4.0,1.5,1.7,21,2.0,D,1.99,3.19,3.86
589,2014,2014-09-14,Criciuma,Goias,1448.271987680119,1519.9027696156081,-71.63078193548904,0.4,1.4,0.0,1.0,1.2,1.4,1.0,0.4,4.0,3.0,0.9,1.35,21,1.0,H,2.29,3.02,3.25
590,2014,2014-09-17,Cruzeiro,Athletico-PR,1624.4596871804997,1518.5508570751267,105.908830105373,2.0,1.0,2.0,1.6,0.8,1.0,3.0,0.2,3.0,3.0,2.1904761904761907,1.3333333333333333,22,3.0,H,1.36,4.62,8.23
591,2014,2014-09-17,Vitoria,Fluminense,1470.327210852948,1538.1303959487966,-67.80318509584868,0.6,1.8,0.8,1.6,2.4,1.0,1.4,1.0,3.0,4.0,0.8571428571428571,1.6666666666666667,22,1.0,H,3.01,3.23,2.31
592,2014,2014-09-18,Figueirense,Criciuma,1465.2653688912146,1458.4628137577056,6.802555133509031,1.6,0.8,1.2,1.4,0.2,1.0,1.8,0.4,4.0,4.0,1.1904761904761905,1.0,22,,D,2.06,3.19,3.63
593,2014,2014-09-18,Sport Recife,Internacional,1498.302973323322,1527.2740700603747,-28.971096737052676,1.2,1.2,1.2,2.0,1.0,1.2,2.6,1.8,5.0,4.0,1.4761904761904763,1.7619047619047619,22,0.0,D,2.7,3.12,2.61
594,2014,2014-09-18,Botafogo RJ,Bahia,1486.6345973473979,1465.0108173922872,21.62377995511065,1.2,1.0,0.8,1.4,0.8,0.6,2.0,0.6,4.0,4.0,1.0476190476190477,0.9523809523809523,22,1.5,A,1.75,3.38,4.86
595,2014,2014-09-18,Coritiba,Sao Paulo,1461.3013258321093,1587.8108801286435,-126.50955429653413,1.0,2.6,0.8,0.6,2.2,0.8,1.6,2.0,4.0,4.0,0.9523809523809523,2.0,22,2.0,H,2.35,3.23,2.97
596,2014,2014-09-18,Palmeiras,Flamengo RJ,1432.5176939198911,1505.8338380665552,-73.3161441466641,1.4,1.8,0.6,1.0,1.0,0.6,1.4,1.8,5.0,4.0,1.0,1.3333333333333333,22,3.0,D,2.36,3.05,3.09
597,2014,2014-09-18,Corinthians,Chapecoense-SC,1547.7824175326045,1475.0464201819639,72.73599735064067,1.0,0.8,0.6,0.8,1.0,1.8,2.2,0.2,4.0,5.0,1.7142857142857142,1.0952380952380953,22,,D,1.47,3.9,7.32
598,2014,2014-09-18,Goias,Atletico-MG,1509.7119435380216,1543.5693762725639,-33.85743273454227,1.4,1.6,0.8,0.6,0.4,0.2,1.8,0.6,4.0,4.0,1.2857142857142858,1.4761904761904763,22,1.0,A,2.54,3.05,2.82
599,2014,2014-09-19,Gremio,Santos,1575.5300422991008,1519.190913695482,56.33912860361875,2.6,1.2,1.0,0.2,1.4,1.6,2.4,0.0,5.0,5.0,1.6666666666666667,1.380952380952381,22,1.0,D,1.86,3.25,4.37
600,2014,2014-09-20,Athletico-PR,Internacional,1513.1082085213043,1528.3073640342504,-15.199155512946163,0.8,1.4,0.8,1.4,1.0,1.0,1.6,1.4,3.0,2.0,1.2727272727272727,1.7272727272727273,23,3.0,A,2.58,3.13,2.71
601,2014,2014-09-21,Criciuma,Botafogo RJ,1460.5005293034187,1474.1917730403973,-13.69124373697855,1.0,0.6,0.4,0.8,1.0,2.0,1.0,0.0,3.0,3.0,1.0,1.0,23,0.0,D,1.87,3.37,4.15
602,2014,2014-09-21,Corinthians,Sao Paulo,1544.0134635153188,1576.0587601054788,-32.04529659015998,1.2,2.0,0.6,0.6,2.0,1.2,1.8,2.0,3.0,3.0,1.6818181818181819,1.9090909090909092,23,0.5,H,2.24,3.11,3.28
603,2014,2014-09-21,Cruzeiro,Atletico-MG,1629.9023357343222,1554.463338505871,75.43899722845117,2.0,1.6,2.2,1.6,0.8,0.6,3.0,1.0,4.0,3.0,2.227272727272727,1.5454545454545454,23,2.0,A,1.72,3.59,4.73
604,2014,2014-09-21,Flamengo RJ,Fluminense,1505.5945258979123,1528.0497155467663,-22.455189648854002,1.4,1.2,1.0,1.0,1.8,1.6,2.4,0.4,3.0,4.0,1.3181818181818181,1.5909090909090908,23,1.5,D,2.58,3.16,2.7
605,2014,2014-09-21,Sport Recife,Coritiba,1497.2696793494463,1473.053445855274,24.21623349417223,1.4,1.6,1.2,1.2,1.4,0.6,2.2,1.0,3.0,3.0,1.4545454545454546,1.0454545454545454,23,3.0,H,2.28,3.07,3.21
606,2014,2014-09-21,Vitoria,Bahia,1480.4078912549783,1477.4536416992878,2.954249555690467,1.2,1.4,1.4,1.6,1.4,1.0,1.4,1.0,4.0,3.0,0.9545454545454546,1.0454545454545454,23,1.0,H,2.69,3.08,2.64
607,2014,2014-09-21,Goias,Palmeiras,1498.8179813047145,1432.7570060885341,66.0609752161804,1.4,1.0,1.2,1.0,0.8,1.4,1.2,0.2,3.0,3.0,1.2272727272727273,1.0,23,,H,2.05,3.21,3.64
608,2014,2014-09-21,Gremio,Chapecoense-SC,1572.1730101410274,1478.8153741992496,93.35763594177774,2.2,1.0,0.6,0.0,1.2,1.8,2.6,0.4,2.0,3.0,1.6363636363636365,1.0909090909090908,23,,H,1.59,3.59,5.91
609,2014,2014-09-21,Santos,Figueirense,1522.5479458535556,1463.2276533455015,59.32029250805408,1.4,1.2,1.2,1.2,1.2,1.6,2.4,1.8,2.0,3.0,1.3636363636363635,1.1818181818181819,23,3.0,H,1.58,3.68,5.95
610,2014,2014-09-24,Coritiba,Cruzeiro,1465.5663053397122,1616.0668309101688,-150.5005255704566,1.4,1.4,1.4,0.8,1.8,1.8,2.0,1.2,3.0,3.0,1.0,2.130434782608696,24,3.0,A,2.79,3.21,2.47
611,2014,2014-09-24,Internacional,Criciuma,1539.731010862494,1459.034387451515,80.6966234109791,1.4,1.2,1.0,1.0,0.6,0.6,1.8,0.4,4.0,3.0,1.7826086956521738,1.0,24,3.0,H,1.44,4.09,7.39
612,2014,2014-09-25,Bahia,Sport Recife,1469.3849575105332,1504.756819865008,-35.37186235447484,1.4,1.4,1.6,1.2,1.0,1.2,1.6,0.0,4.0,4.0,1.0,1.5217391304347827,24,3.0,H,1.94,3.31,3.91
613,2014,2014-09-25,Chapecoense-SC,Athletico-PR,1473.0818409184192,1501.6845616930607,-28.60272077464151,1.0,0.8,0.8,1.2,0.6,1.0,1.6,0.2,4.0,5.0,1.0434782608695652,1.2173913043478262,24,,H,2.21,3.1,3.35
614,2014,2014-09-25,Figueirense,Corinthians,1456.6605998514146,1553.0677852196802,-96.40718536826557,1.0,1.6,1.2,2.0,1.0,0.8,1.4,1.0,4.0,4.0,1.1304347826086956,1.7391304347826086,24,3.0,H,3.3,3.09,2.24
615,2014,2014-09-25,Fluminense,Gremio,1529.268169489916,1577.9065434218578,-48.638373931941715,1.2,2.2,1.8,1.6,0.6,0.0,2.2,0.8,4.0,4.0,1.565217391304348,1.6956521739130435,24,1.0,D,2.32,3.07,3.17
616,2014,2014-09-25,Sao Paulo,Flamengo RJ,1567.0044384011173,1504.3760719547624,62.6283664463549,1.8,1.0,2.2,1.6,0.8,1.0,2.6,2.0,4.0,4.0,1.826086956521739,1.3043478260869565,24,3.0,D,1.69,3.6,4.9
617,2014,2014-09-25,Botafogo RJ,Goias,1475.657914892301,1505.2150405063783,-29.557125614077222,0.2,1.4,1.0,2.2,1.8,0.8,1.8,0.2,4.0,4.0,1.0,1.3043478260869565,24,1.0,H,1.98,3.31,3.72
618,2014,2014-09-25,Palmeiras,Vitoria,1426.3599468868704,1488.4765754437328,-62.11662855686245,1.0,1.8,0.8,2.4,1.6,1.4,1.4,0.6,4.0,4.0,0.9565217391304348,1.0434782608695652,24,,H,1.87,3.47,4.01
619,2014,2014-09-26,Atletico-MG,Santos,1568.2988433300243,1529.1149993476424,39.18384398238186,2.0,2.0,1.4,1.0,1.8,1.2,2.6,0.2,5.0,5.0,1.608695652173913,1.434782608695652,24,3.0,H,1.7,3.58,4.75
620,2014,2014-09-27,Chapecoense-SC,Criciuma,1482.038058589836,1452.9982025863117,29.039856003524392,1.4,1.0,1.4,1.2,0.6,1.2,2.0,0.4,2.0,3.0,1.125,0.9583333333333334,25,,D,1.81,3.28,4.6
621,2014,2014-09-27,Sport Recife,Cruzeiro,1495.6075250759404,1623.6544311362932,-128.04690606035274,1.4,1.8,1.0,1.0,1.6,1.4,2.6,1.6,2.0,3.0,1.4583333333333333,2.1666666666666665,25,3.0,D,3.65,3.41,1.97
622,2014,2014-09-28,Sao Paulo,Fluminense,1563.4877751321624,1528.7975918528805,34.69018327928188,1.4,1.2,2.2,2.0,1.2,1.0,2.6,0.6,3.0,3.0,1.7916666666666667,1.5416666666666667,25,2.0,A,1.76,3.56,4.48
623,2014,2014-09-28,Athletico-PR,Corinthians,1492.7283440216438,1542.1662680482298,-49.43792402658596,0.6,1.4,0.4,1.4,1.0,1.0,1.6,0.8,3.0,3.0,1.1666666666666667,1.6666666666666667,25,1.0,H,2.58,2.99,2.83
624,2014,2014-09-28,Atletico-MG,Vitoria,1575.3869507889606,1478.5595636397923,96.82738714916832,2.0,1.8,1.8,1.4,1.4,1.2,2.6,0.0,2.0,3.0,1.6666666666666667,1.0,25,1.0,H,1.44,4.19,7.16
625,2014,2014-09-28,Bahia,Flamengo RJ,1478.534252299601,1507.8927352237174,-29.358482924116515,1.8,1.2,1.8,1.2,1.2,1.2,2.2,1.6,3.0,3.0,1.0833333333333333,1.2916666666666667,25,1.5,H,2.29,3.06,3.22
626,2014,2014-09-28,Botafogo RJ,Gremio,1484.6413109872292,1578.3771210588934,-93.73581007166422,0.8,1.8,1.2,2.0,0.4,0.0,1.8,1.0,3.0,3.0,1.0833333333333333,1.6666666666666667,25,0.0,A,2.85,2.99,2.56
627,2014,2014-09-28,Figueirense,Palmeiras,1467.562117022865,1436.276958690811,31.285158332054152,1.0,1.4,0.8,1.6,1.0,2.2,1.8,0.2,3.0,3.0,1.2083333333333333,1.0416666666666667,25,0.0,H,2.11,3.23,3.43
628,2014,2014-09-28,Internacional,Coritiba,1545.7671957276973,1457.978705113588,87.78849061410938,2.0,1.2,1.2,0.4,1.6,1.2,1.8,0.4,4.0,4.0,1.8333333333333333,0.9583333333333334,25,2.0,H,1.59,3.67,5.77
629,2014,2014-09-28,Santos,Goias,1522.0268918887061,1496.2316444114501,25.795247477255998,1.4,1.2,1.6,1.6,1.8,1.0,2.4,0.2,2.0,3.0,1.375,1.25,25,3.0,H,1.74,3.51,4.65
630,2014,2014-10-02,Palmeiras,Chapecoense-SC,1428.979435168551,1479.3955912686388,-50.416156100087846,0.8,1.6,1.0,2.8,1.6,0.8,2.0,0.2,4.0,5.0,1.0,1.12,26,,H,1.88,3.36,4.09
631,2014,2014-10-04,Coritiba,Athletico-PR,1452.1131651727724,1502.2807307720457,-50.1675655992733,0.6,1.2,1.4,2.0,0.6,1.2,2.0,0.0,6.0,6.0,0.92,1.24,26,3.0,H,1.88,3.32,4.11
632,2014,2014-10-04,Flamengo RJ,Santos,1498.9149971071754,1529.4715033676136,-30.556506260438255,1.2,2.0,1.4,1.4,1.8,1.0,2.0,0.2,6.0,6.0,1.24,1.44,26,3.0,A,1.98,3.29,3.79
633,2014,2014-10-04,Fluminense,Bahia,1541.5906723169542,1487.511990416143,54.07868190081126,1.6,2.4,1.6,1.0,2.0,1.0,1.8,0.8,6.0,6.0,1.6,1.16,26,3.0,D,1.86,3.32,4.23
634,2014,2014-10-04,Gremio,Sao Paulo,1587.5519187465734,1550.6946946680887,36.857224078484705,1.8,0.8,0.6,0.0,1.6,2.2,2.6,1.4,6.0,6.0,1.72,1.72,26,2.0,A,1.79,3.33,4.7
635,2014,2014-10-04,Vitoria,Botafogo RJ,1472.90736993602,1475.4665132995492,-2.5591433635293015,1.2,0.8,1.0,1.6,0.8,1.6,1.8,0.2,6.0,6.0,0.96,1.04,26,3.0,H,1.67,3.6,5.05
636,2014,2014-10-04,Corinthians,Sport Recife,1532.613881297828,1497.4025017370377,35.21137956079019,0.8,1.0,0.8,1.2,0.4,0.8,2.2,0.0,6.0,7.0,1.6,1.44,26,3.0,H,1.44,3.91,8.0
637,2014,2014-10-04,Criciuma,Atletico-MG,1455.640669907509,1581.039144492733,-125.398474585224,1.2,2.6,0.8,1.2,2.2,1.2,1.2,1.4,7.0,6.0,0.96,1.72,26,1.0,H,2.97,3.16,2.36
638,2014,2014-10-04,Cruzeiro,Internacional,1621.859454475196,1551.6327356685129,70.22671880668304,1.4,2.6,1.2,1.2,2.0,0.4,2.4,1.4,7.0,6.0,2.12,1.88,26,1.0,H,1.63,3.64,5.33
639,2014,2014-10-05,Goias,Figueirense,1488.7870329325426,1474.859640545125,13.927392387417513,0.6,1.4,1.6,1.4,1.2,1.6,1.8,1.8,7.0,7.0,1.2,1.28,26,,H,1.76,3.4,4.72
640,2014,2014-10-08,Botafogo RJ,Palmeiras,1467.2446032052665,1438.5599247565826,28.684678448683826,0.8,1.4,1.0,1.6,1.8,2.6,1.2,0.2,4.0,6.0,1.0,1.0769230769230769,27,0.0,A,2.42,3.29,2.8
641,2014,2014-10-08,Coritiba,Criciuma,1461.6865125586644,1467.3617749582256,-5.675262399561234,1.2,1.2,1.4,1.6,1.2,1.4,2.0,0.4,4.0,4.0,1.0,1.0384615384615385,27,0.0,H,1.57,3.76,5.87
642,2014,2014-10-08,Sao Paulo,Athletico-PR,1563.5451809674728,1492.7073833861537,70.83779758131914,0.8,0.6,1.4,2.2,0.2,1.4,2.0,0.0,4.0,4.0,1.7692307692307692,1.1923076923076923,27,1.0,H,1.6,3.72,5.43
643,2014,2014-10-09,Vitoria,Goias,1481.1292800303027,1496.5536083954553,-15.424328365152633,1.8,1.2,1.4,1.4,1.8,1.2,2.4,0.2,5.0,4.0,1.0384615384615385,1.2692307692307692,27,3.0,D,2.07,3.31,3.46
644,2014,2014-10-09,Cruzeiro,Corinthians,1628.1526320797448,1539.8069756930636,88.34565638668118,2.0,1.4,1.6,1.0,1.4,1.0,2.4,0.2,5.0,5.0,2.1538461538461537,1.6538461538461537,27,3.0,A,1.64,3.51,5.51
645,2014,2014-10-09,Figueirense,Flamengo RJ,1467.0930650822124,1487.9268686613905,-20.83380357917804,1.4,0.6,1.2,1.2,1.2,1.6,1.8,1.0,4.0,5.0,1.2307692307692308,1.1923076923076923,27,0.0,A,2.68,3.06,2.67
646,2014,2014-10-09,Gremio,Sport Recife,1574.7014324471893,1490.209407341802,84.49202510538726,1.6,1.0,0.6,0.2,0.2,0.8,2.0,0.0,5.0,5.0,1.6538461538461537,1.3846153846153846,27,3.0,H,1.45,4.07,7.3
647,2014,2014-10-09,Fluminense,Atletico-MG,1538.2914944451568,1569.3180394420162,-31.026544996859457,1.2,2.4,1.2,1.2,2.4,1.8,1.8,1.4,5.0,5.0,1.5769230769230769,1.6538461538461537,27,1.0,D,2.04,3.37,3.46
648,2014,2014-10-09,Santos,Bahia,1540.4596318133986,1490.8111682879403,49.64846352545828,2.0,2.0,1.6,0.8,1.6,1.2,3.0,0.8,5.0,5.0,1.5,1.1538461538461537,27,1.5,H,1.58,3.66,5.95
649,2014,2014-10-10,Chapecoense-SC,Internacional,1469.815101680607,1545.339558063964,-75.52445638335689,1.0,2.0,1.4,1.4,1.8,0.8,2.2,1.4,8.0,6.0,1.0769230769230769,1.8076923076923077,27,,H,3.2,3.09,2.27
650,2014,2014-10-11,Botafogo RJ,Corinthians,1454.6116474590726,1553.9547222074114,-99.34307474833872,0.8,1.8,0.6,1.2,1.4,0.8,0.6,0.8,3.0,2.0,0.9629629629629629,1.7037037037037037,28,2.0,H,4.45,3.33,1.82
651,2014,2014-10-11,Goias,Coritiba,1497.970904997909,1469.9954125489364,27.975492448972545,1.4,1.2,1.8,1.0,1.0,1.4,2.4,0.2,2.0,3.0,1.2592592592592593,1.0740740740740742,28,1.0,H,2.29,3.1,3.17
652,2014,2014-10-12,Palmeiras,Gremio,1451.1928805027765,1580.6459411559765,-129.45306065320005,1.8,2.0,1.6,2.2,1.0,0.2,2.0,1.6,4.0,3.0,1.1481481481481481,1.7037037037037037,28,1.0,H,2.39,3.08,3.02
653,2014,2014-10-12,Atletico-MG,Sao Paulo,1570.2927693974261,1569.8231969322328,0.4695724651933233,2.0,1.4,1.8,1.4,1.4,1.6,2.6,1.4,3.0,4.0,1.6296296296296295,1.8148148148148149,28,2.0,H,1.97,3.31,3.75
654,2014,2014-10-12,Bahia,Chapecoense-SC,1483.9962395117798,1480.1179272673387,3.8783122444410765,1.4,1.4,1.0,1.0,2.2,1.2,2.2,0.2,3.0,2.0,1.1111111111111112,1.1481481481481481,28,,A,1.85,3.31,4.29
655,2014,2014-10-12,Flamengo RJ,Cruzeiro,1499.1912705506547,1614.004885565397,-114.81361501474225,1.0,1.4,1.2,1.4,1.2,1.2,1.4,1.6,3.0,3.0,1.2592592592592593,2.074074074074074,28,1.0,H,2.69,3.09,2.64
656,2014,2014-10-12,Internacional,Fluminense,1535.0367324772324,1537.316764489747,-2.280032012514539,1.8,1.4,1.8,1.8,1.0,0.6,1.8,1.2,2.0,3.0,1.7407407407407407,1.5555555555555556,28,1.5,H,1.92,3.37,3.84
657,2014,2014-10-12,Athletico-PR,Figueirense,1486.4293674213936,1455.8286631929482,30.600704228445466,0.6,1.2,0.2,1.2,1.2,1.4,1.6,1.2,4.0,3.0,1.1481481481481481,1.1851851851851851,28,,H,1.55,3.72,6.29
658,2014,2014-10-12,Criciuma,Santos,1459.0528749679536,1547.274560589559,-88.2216856216055,1.0,2.4,1.0,1.4,1.8,0.8,1.6,0.8,4.0,3.0,1.0,1.5555555555555556,28,3.0,H,2.39,3.18,2.92
659,2014,2014-10-12,Sport Recife,Vitoria,1484.2648986330148,1479.711983427849,4.552915205165846,0.8,1.4,0.2,1.2,1.2,1.6,2.2,0.0,3.0,3.0,1.3333333333333333,1.037037037037037,28,,A,1.95,3.36,3.81
660,2014,2014-10-18,Fluminense,Criciuma,1529.1026327666618,1469.7202553213003,59.3823774453615,1.2,1.4,1.0,0.8,1.4,1.2,1.4,0.4,6.0,6.0,1.5,1.0714285714285714,29,3.0,H,1.51,3.93,6.47
661,2014,2014-10-18,Goias,Gremio,1505.356956400521,1568.811824756247,-63.45486835572592,1.4,1.4,1.2,1.0,1.0,0.6,2.4,1.6,7.0,6.0,1.3214285714285714,1.6428571428571428,29,3.0,D,2.4,2.95,3.15
662,2014,2014-10-18,Sao Paulo,Bahia,1561.6855714299536,1472.0393322945313,89.64623913542232,1.4,1.4,1.0,1.2,0.8,0.8,2.0,0.8,6.0,6.0,1.75,1.0714285714285714,29,1.5,H,1.41,4.25,7.79
663,2014,2014-10-19,Atletico-MG,Chapecoense-SC,1578.4303948997053,1492.0748344845872,86.35556041511813,2.0,2.0,1.4,1.0,2.4,1.0,2.6,0.8,7.0,7.0,1.6785714285714286,1.2142857142857142,29,,H,1.48,3.97,6.77
664,2014,2014-10-19,Athletico-PR,Flamengo RJ,1493.745162041813,1510.6152774926422,-16.87011545082919,1.2,1.4,0.8,1.0,1.6,1.2,2.0,1.0,7.0,7.0,1.2142857142857142,1.3214285714285714,29,1.0,H,2.06,3.2,3.62
665,2014,2014-10-19,Figueirense,Coritiba,1448.5128685725288,1462.6093611463243,-14.096492573795558,1.2,1.2,1.0,1.4,1.0,1.8,1.6,0.2,7.0,8.0,1.1428571428571428,1.0357142857142858,29,3.0,H,2.95,3.11,2.41
666,2014,2014-10-19,Internacional,Corinthians,1543.2508642003174,1542.9694559134546,0.2814082868628702,1.8,1.2,2.0,2.0,0.8,0.6,2.4,0.6,7.0,8.0,1.7857142857142858,1.6428571428571428,29,1.5,A,1.9,3.21,4.24
667,2014,2014-10-19,Palmeiras,Santos,1463.026996902506,1536.6071802362123,-73.58018333370637,2.4,1.8,2.0,1.2,1.2,1.2,2.6,0.8,7.0,7.0,1.2142857142857142,1.5,29,0.0,A,2.32,3.22,3.0
668,2014,2014-10-19,Botafogo RJ,Sport Recife,1465.5969137530294,1472.289325454885,-6.69241170185569,1.2,0.2,0.6,1.0,0.2,1.6,1.2,0.0,8.0,7.0,1.0357142857142858,1.2857142857142858,29,3.0,D,2.04,3.26,3.58
669,2014,2014-10-19,Vitoria,Cruzeiro,1491.6875566059787,1602.5808786234095,-110.89332201743082,1.4,1.4,1.2,1.6,0.8,1.2,2.6,1.0,7.0,7.0,1.1071428571428572,2.0,29,0.0,A,3.5,3.3,2.05
670,2014,2014-10-22,Bahia,Atletico-MG,1466.2180243638986,1584.3301861098798,-118.11216174598121,0.8,2.0,0.8,1.2,1.0,0.6,2.0,1.4,4.0,3.0,1.0344827586206897,1.7241379310344827,30,1.0,D,2.82,3.11,2.51
671,2014,2014-10-22,Corinthians,Vitoria,1554.8266019276487,1483.0008433065123,71.8257586211364,1.8,1.4,1.2,0.6,1.2,1.4,2.2,0.6,3.0,3.0,1.6896551724137931,1.0689655172413792,30,3.0,H,1.85,3.29,4.32
672,2014,2014-10-22,Criciuma,Athletico-PR,1463.1547780846274,1502.3686664702823,-39.213888385654855,1.4,1.8,1.8,1.4,1.2,0.6,2.2,0.0,4.0,3.0,1.0344827586206897,1.2758620689655173,30,3.0,A,2.3,3.18,3.07
673,2014,2014-10-22,Cruzeiro,Palmeiras,1611.267591922876,1453.2739042379064,157.99368768496947,1.4,1.8,0.6,1.0,1.8,1.8,1.8,0.8,3.0,3.0,2.0344827586206895,1.1724137931034482,30,3.0,D,1.32,4.87,8.96
674,2014,2014-10-22,Flamengo RJ,Internacional,1501.991773064173,1531.3937181861234,-29.401945121950348,1.2,1.2,1.4,1.2,1.6,2.4,1.4,0.8,3.0,3.0,1.2758620689655173,1.7241379310344827,30,2.0,H,2.04,3.23,3.64
675,2014,2014-10-23,Coritiba,Botafogo RJ,1454.064087778198,1463.9342664206508,-9.870178642452856,1.2,0.8,0.8,2.2,0.6,1.2,2.4,0.2,4.0,4.0,1.0,1.0344827586206897,30,1.5,H,1.58,3.8,5.63
676,2014,2014-10-23,Gremio,Figueirense,1568.8562969266925,1457.058141940655,111.79815498603739,1.4,1.2,1.0,0.6,1.6,1.4,2.0,0.6,5.0,4.0,1.6206896551724137,1.206896551724138,30,3.0,H,1.45,4.01,7.43
677,2014,2014-10-23,Chapecoense-SC,Sao Paulo,1486.1750432744127,1567.5068793605863,-81.33183608617355,1.4,1.8,1.8,1.2,1.0,1.0,2.2,1.2,4.0,5.0,1.1724137931034482,1.793103448275862,30,,D,2.77,3.13,2.54
678,2014,2014-10-23,Santos,Fluminense,1546.3602729008119,1535.6681100033347,10.692162897477147,2.4,1.6,1.4,0.8,1.8,1.2,3.0,1.0,4.0,5.0,1.5517241379310345,1.5517241379310345,30,2.0,A,1.76,3.55,4.46
679,2014,2014-10-23,Sport Recife,Goias,1473.9519727872637,1505.3124842300756,-31.360511442811912,0.4,1.6,0.4,1.6,1.2,0.8,1.6,0.4,4.0,5.0,1.2758620689655173,1.3103448275862069,30,,A,1.95,3.21,3.98
680,2014,2014-10-25,Figueirense,Cruzeiro,1451.7487536068684,1605.606166503875,-153.85741289700672,0.6,1.4,1.0,1.4,0.8,1.2,2.0,1.4,2.0,3.0,1.1666666666666667,2.0,31,3.0,D,4.11,3.39,1.87
681,2014,2014-10-25,Fluminense,Athletico-PR,1547.81288020564,1513.109490677493,34.703389528147,1.6,1.8,1.4,1.0,1.2,0.6,1.8,0.6,2.0,3.0,1.6,1.3333333333333333,31,3.0,H,1.66,3.64,5.08
682,2014,2014-10-25,Palmeiras,Corinthians,1458.9353296569072,1561.0801473118745,-102.14481765496726,2.0,2.4,1.8,1.4,1.6,0.6,2.0,1.2,3.0,3.0,1.1666666666666667,1.7333333333333334,31,0.0,D,2.76,3.02,2.61
683,2014,2014-10-25,Atletico-MG,Sport Recife,1582.8132929149165,1462.9867647214942,119.82652819342229,1.6,0.2,0.8,0.8,0.4,1.8,2.6,0.2,3.0,2.0,1.7,1.2333333333333334,31,3.0,H,1.63,3.64,5.31
684,2014,2014-10-25,Chapecoense-SC,Santos,1486.6447653821053,1534.2155026985065,-47.570737316401164,1.4,1.8,1.6,1.0,1.0,1.0,2.2,1.4,2.0,2.0,1.1666666666666667,1.5,31,,D,2.05,3.2,3.64
685,2014,2014-10-25,Coritiba,Gremio,1462.49050848104,1574.1656852604792,-111.6751767794392,1.8,1.4,0.8,1.4,0.8,0.6,2.4,1.2,2.0,2.0,1.0666666666666667,1.6666666666666667,31,3.0,D,2.21,3.1,3.35
686,2014,2014-10-25,Vitoria,Criciuma,1476.7472979222864,1452.4139538774166,24.33334404486982,1.4,1.2,1.4,1.4,1.6,1.4,2.0,0.4,3.0,3.0,1.0333333333333334,1.0,31,0.0,H,1.98,3.27,3.8
687,2014,2014-10-26,Botafogo RJ,Flamengo RJ,1455.5078457178088,1510.9707490665567,-55.462903348747886,0.8,1.8,0.6,1.2,1.6,0.8,1.4,1.0,3.0,4.0,1.0,1.3333333333333333,31,2.0,H,2.73,3.13,2.57
688,2014,2014-10-26,Internacional,Bahia,1522.4147421837397,1467.734917558862,54.67982462487771,0.6,0.4,0.8,2.4,0.6,1.2,2.4,0.8,4.0,4.0,1.6666666666666667,1.0333333333333334,31,1.5,H,1.42,4.15,7.7
689,2014,2014-10-27,Sao Paulo,Goias,1567.0371572528936,1516.277692295845,50.75946495704852,2.0,2.2,0.8,0.4,1.4,0.4,2.0,0.8,4.0,4.0,1.7666666666666666,1.3666666666666667,31,0.0,H,1.57,3.72,5.97
690,2014,2014-11-01,Goias,Fluminense,1509.4914673953858,1555.0194492921246,-45.527981896738765,1.6,2.0,1.2,1.0,1.6,1.0,2.0,1.4,5.0,7.0,1.3225806451612903,1.6451612903225807,32,0.0,A,2.51,3.15,2.78
691,2014,2014-11-01,Gremio,Vitoria,1572.8302896665964,1484.2312808352106,88.59900883138585,1.6,1.4,1.0,0.6,1.6,1.4,2.0,0.6,7.0,7.0,1.6451612903225807,1.096774193548387,32,3.0,H,1.44,4.05,7.44
692,2014,2014-11-01,Corinthians,Coritiba,1560.015088320463,1463.8259040749228,96.18918424554022,2.0,1.4,1.2,0.8,0.8,1.6,2.6,0.0,7.0,7.0,1.7096774193548387,1.064516129032258,32,3.0,D,1.76,3.39,4.71
693,2014,2014-11-02,Criciuma,Sao Paulo,1444.9299709644924,1573.823382153353,-128.89341118886045,0.6,2.0,1.2,1.8,1.2,0.4,2.0,0.8,8.0,6.0,0.967741935483871,1.8064516129032258,32,3.0,A,2.89,3.22,2.39
694,2014,2014-11-02,Cruzeiro,Botafogo RJ,1603.1029850766731,1465.233414935048,137.86957014162522,1.0,1.4,0.6,1.2,0.8,1.0,1.4,0.2,8.0,7.0,1.967741935483871,1.064516129032258,32,1.5,H,1.3,5.03,9.64
695,2014,2014-11-02,Santos,Internacional,1534.7167368105133,1529.100154124932,5.616582685581307,1.4,1.2,1.0,1.2,1.0,2.0,2.4,0.8,8.0,7.0,1.4838709677419355,1.7096774193548387,32,1.0,A,2.35,3.25,2.94
696,2014,2014-11-02,Sport Recife,Figueirense,1457.8556467900535,1454.2519350340704,3.603711755983113,0.2,0.8,0.8,1.8,1.2,1.4,1.0,0.0,8.0,8.0,1.1935483870967742,1.1612903225806452,32,0.0,H,1.8,3.34,4.55
697,2014,2014-11-02,Athletico-PR,Atletico-MG,1505.9029215910086,1587.9444108463572,-82.04148925534855,1.8,2.2,1.4,0.8,1.2,0.6,2.4,1.6,8.0,8.0,1.2903225806451613,1.7419354838709677,32,3.0,H,2.09,3.3,3.41
698,2014,2014-11-02,Flamengo RJ,Chapecoense-SC,1501.2451798493175,1486.1435312700985,15.101648579219045,1.8,1.6,1.8,1.0,1.4,0.4,2.0,0.8,7.0,8.0,1.2903225806451613,1.1612903225806452,32,,H,1.89,3.22,4.29
699,2014,2014-11-02,Bahia,Palmeiras,1461.0495056176696,1460.0003886483187,1.0491169693509619,0.2,1.6,0.4,1.4,1.2,1.2,2.0,0.8,7.0,8.0,1.0,1.1612903225806452,32,0.0,A,2.2,3.17,3.26
700,2014,2014-11-08,Coritiba,Fluminense,1468.1588018860102,1565.579312962978,-97.42051107696784,1.0,2.4,1.0,2.0,2.0,1.0,2.0,2.0,7.0,7.0,1.0625,1.6875,33,1.5,H,2.1,3.29,3.37
701,2014,2014-11-08,Palmeiras,Atletico-MG,1471.8788602046677,1577.4543103285632,-105.57545012389551,1.6,2.0,1.2,1.2,1.2,0.8,2.0,1.0,6.0,6.0,1.21875,1.6875,33,0.0,A,1.76,3.54,4.45
702,2014,2014-11-08,Botafogo RJ,Athletico-PR,1460.4883976855738,1516.3930221088026,-55.904624423228825,1.4,2.4,1.0,1.2,1.6,0.6,1.4,0.6,6.0,6.0,1.03125,1.34375,33,3.0,A,2.24,3.14,3.24
703,2014,2014-11-09,Figueirense,Chapecoense-SC,1446.2012401083878,1478.409043376439,-32.20780326805129,0.8,1.0,1.0,1.2,0.4,1.0,2.0,0.6,7.0,7.0,1.125,1.125,33,,H,2.22,3.09,3.34
704,2014,2014-11-09,Gremio,Internacional,1578.6765074224754,1541.1051293771436,37.57137804533181,1.6,1.8,0.8,0.6,1.4,1.2,2.4,1.2,8.0,7.0,1.6875,1.75,33,1.0,H,2.07,3.15,3.67
705,2014,2014-11-09,Sport Recife,Flamengo RJ,1465.906341715736,1508.979667742977,-43.07332602724091,0.8,1.8,1.0,1.4,2.0,0.8,1.4,0.8,7.0,7.0,1.25,1.34375,33,1.0,D,2.13,3.16,3.45
706,2014,2014-11-09,Vitoria,Sao Paulo,1478.3850630793315,1582.0048364761954,-103.61977339686382,1.2,2.0,1.2,1.2,1.4,0.6,2.0,1.4,8.0,7.0,1.0625,1.84375,33,3.0,A,2.65,3.26,2.56
707,2014,2014-11-09,Corinthians,Santos,1555.6821905093757,1522.7117615583018,32.97042895107393,1.6,0.8,1.4,1.2,1.0,1.6,2.2,1.4,8.0,7.0,1.6875,1.4375,33,1.0,H,1.8,3.39,4.47
708,2014,2014-11-09,Cruzeiro,Criciuma,1607.8480023261473,1436.74851664165,171.09948568449727,1.6,0.6,1.0,1.2,1.4,2.0,1.4,0.2,7.0,7.0,2.0,0.9375,33,3.0,H,1.27,5.35,10.03
709,2014,2014-11-09,Goias,Bahia,1498.9316037245324,1449.1710340613206,49.760569663211754,1.4,0.2,0.8,1.0,0.4,1.4,2.0,0.2,8.0,7.0,1.28125,0.96875,33,3.0,H,1.97,3.24,3.88
710,2014,2014-11-13,Sao Paulo,Internacional,1590.8978256281405,1533.9744894449798,56.9233361831607,2.6,1.2,1.8,0.6,1.2,1.8,2.0,0.6,4.0,4.0,1.878787878787879,1.696969696969697,34,0.5,D,1.61,3.77,5.31
711,2014,2014-11-15,Criciuma,Gremio,1432.660777484994,1585.8071473546393,-153.14636986964524,0.0,2.2,1.0,2.6,1.4,0.4,1.4,1.2,6.0,6.0,0.9090909090909091,1.7272727272727273,34,3.0,A,3.27,3.18,2.2
712,2014,2014-11-15,Fluminense,Botafogo RJ,1554.6488746601444,1450.2266715187393,104.42220314140513,2.4,0.8,1.8,0.8,0.8,1.6,1.8,0.2,7.0,7.0,1.6363636363636365,1.0,34,2.0,H,1.65,3.72,5.01
713,2014,2014-11-16,Athletico-PR,Sport Recife,1526.654748275637,1465.276077840333,61.378670435304,2.4,1.0,1.4,0.6,1.2,1.4,2.4,0.2,8.0,7.0,1.393939393939394,1.2424242424242424,34,,A,1.68,3.56,5.0
714,2014,2014-11-16,Bahia,Corinthians,1442.359004325428,1562.9348098356545,-120.57580551022647,0.2,2.2,0.4,1.8,1.6,1.0,1.4,1.4,7.0,7.0,0.9393939393939394,1.7272727272727273,34,0.5,A,2.89,3.01,2.51
715,2014,2014-11-16,Flamengo RJ,Coritiba,1509.60993161838,1479.0892401888439,30.5206914295361,1.4,1.6,1.8,1.2,1.2,1.4,2.0,0.2,7.0,8.0,1.3333333333333333,1.121212121212121,34,2.0,H,2.03,3.26,3.6
716,2014,2014-11-16,Internacional,Goias,1537.3464330408165,1505.743633460425,31.602799580391547,1.4,1.4,1.2,1.6,0.8,1.0,2.4,0.8,3.0,7.0,1.6764705882352942,1.3333333333333333,35,1.0,H,1.47,4.06,6.93
717,2014,2014-11-16,Santos,Cruzeiro,1515.459142232023,1611.9357414828032,-96.47659925078028,0.8,2.2,1.0,1.2,1.6,0.8,1.8,1.6,7.0,7.0,1.393939393939394,2.0303030303030303,34,1.5,A,2.4,3.3,2.82
718,2014,2014-11-16,Atletico-MG,Figueirense,1586.291735594861,1455.2601975060297,131.0315380888312,2.0,1.4,1.4,0.8,1.2,0.6,3.0,0.0,8.0,7.0,1.7272727272727273,1.1818181818181819,34,3.0,D,1.52,3.84,6.32
719,2014,2014-11-16,Chapecoense-SC,Vitoria,1469.350085978797,1469.4920739273864,-0.14198794858930341,0.4,0.6,0.2,1.2,1.0,1.4,1.8,0.6,7.0,7.0,1.0909090909090908,1.0303030303030303,34,,A,1.9,3.28,4.11
720,2014,2014-11-16,Sao Paulo,Palmeiras,1587.5258820323038,1463.04143493837,124.4844470939338,2.2,1.0,1.6,0.6,0.8,1.4,2.0,1.4,3.0,8.0,1.8529411764705883,1.1818181818181819,35,3.0,H,1.63,3.65,5.35
721,2014,2014-11-19,Athletico-PR,Santos,1513.1696456593627,1506.3626410223615,6.807004637001228,1.8,0.2,1.0,0.6,0.4,1.2,2.4,1.4,3.0,3.0,1.3529411764705883,1.3529411764705883,35,3.0,D,2.11,3.28,3.37
722,2014,2014-11-19,Botafogo RJ,Figueirense,1444.7500553211394,1460.3712457907125,-15.621190469573094,0.6,1.0,0.6,1.6,0.6,0.8,1.4,0.2,4.0,3.0,0.9705882352941176,1.1764705882352942,35,3.0,A,1.99,3.28,3.74
723,2014,2014-11-19,Criciuma,Bahia,1425.1447659922596,1433.9450996932076,-8.800333700947931,0.0,0.2,0.6,2.4,0.4,1.8,1.2,0.2,4.0,3.0,0.8823529411764706,0.9117647058823529,35,3.0,A,2.07,3.38,3.4
724,2014,2014-11-19,Goias,Corinthians,1498.4545825847008,1571.348714467875,-72.89413188317417,1.2,2.2,0.8,1.2,1.6,1.0,2.0,2.0,3.0,3.0,1.2941176470588236,1.7647058823529411,35,1.0,A,3.97,3.26,1.94
725,2014,2014-11-19,Vitoria,Coritiba,1481.337451265924,1471.771308409719,9.566142856205033,1.2,1.6,1.2,1.2,1.6,1.2,1.4,0.2,3.0,3.0,1.088235294117647,1.088235294117647,35,3.0,D,2.32,3.18,3.03
726,2014,2014-11-20,Atletico-MG,Flamengo RJ,1581.1806873101782,1516.9278633975048,64.25282391267342,1.6,2.0,1.4,1.0,2.2,1.2,2.6,0.8,4.0,4.0,1.7058823529411764,1.3823529411764706,35,2.0,H,1.56,3.82,5.81
727,2014,2014-11-20,Palmeiras,Sport Recife,1458.011931684408,1478.7611804566075,-20.749248772199508,1.0,1.4,0.6,1.2,1.2,1.2,1.4,0.8,4.0,4.0,1.1470588235294117,1.2941176470588236,35,3.0,A,1.57,3.81,5.7
728,2014,2014-11-20,Fluminense,Chapecoense-SC,1560.1254908577444,1457.5047086402594,102.62078221748493,2.4,0.4,1.2,0.4,0.2,1.2,2.2,0.6,5.0,4.0,1.6764705882352942,1.0588235294117647,35,,A,1.46,4.04,7.02
729,2014,2014-11-20,Gremio,Cruzeiro,1593.3231588473736,1621.0322426924647,-27.709083845091072,2.6,2.2,2.0,0.4,1.6,0.8,2.4,1.6,5.0,4.0,1.7647058823529411,2.0588235294117645,35,3.0,A,2.05,3.21,3.61
730,2014,2014-11-22,Internacional,Atletico-MG,1544.6354839165406,1587.6231181873436,-42.98763427080303,2.0,2.0,1.4,1.2,2.0,0.8,2.4,1.0,6.0,2.0,1.7142857142857142,1.7428571428571429,36,2.0,H,1.66,3.71,4.95
731,2014,2014-11-22,Bahia,Athletico-PR,1445.5486944924435,1511.1318073646712,-65.58311287222773,0.6,1.4,0.4,1.6,1.0,0.8,0.8,1.2,3.0,3.0,0.9714285714285714,1.3428571428571427,36,1.0,A,1.71,3.52,4.85
732,2014,2014-11-23,Cruzeiro,Goias,1632.1014588502533,1488.681754873427,143.4197039768262,2.6,0.6,1.8,0.8,0.6,1.4,2.0,0.8,3.0,4.0,2.085714285714286,1.2571428571428571,36,3.0,H,1.31,4.89,9.45
733,2014,2014-11-23,Figueirense,Vitoria,1471.782989618573,1479.2236210760093,-7.440631457436211,1.6,1.4,0.8,0.6,1.2,1.0,2.0,1.2,4.0,4.0,1.2285714285714286,1.0857142857142856,36,,H,2.14,3.24,3.35
734,2014,2014-11-23,Flamengo RJ,Criciuma,1510.4854325203394,1413.5411711930237,96.94426132731564,1.4,0.0,1.8,2.0,0.6,2.4,2.4,0.2,3.0,4.0,1.3428571428571427,0.8571428571428571,36,3.0,D,1.5,4.05,6.33
735,2014,2014-11-23,Santos,Sao Paulo,1508.400479317053,1592.5553852862658,-84.1549059692129,0.4,2.6,0.6,1.2,2.0,0.6,1.2,2.0,4.0,7.0,1.3428571428571427,1.8857142857142857,36,2.0,A,2.43,3.25,2.82
736,2014,2014-11-23,Sport Recife,Fluminense,1490.0279770475267,1545.6434438584017,-55.61546681087498,2.0,1.8,1.6,1.0,1.2,1.2,1.0,1.8,3.0,3.0,1.3428571428571427,1.6285714285714286,36,1.0,D,2.36,3.27,2.9
737,2014,2014-11-23,Chapecoense-SC,Botafogo RJ,1471.986755639602,1433.3383114932788,38.6484441463233,0.8,0.6,1.0,1.4,0.6,1.4,1.2,0.2,3.0,4.0,1.1142857142857143,0.9428571428571428,36,,H,1.81,3.43,4.39
738,2014,2014-11-23,Corinthians,Gremio,1581.1215421791487,1582.253942689585,-1.132400510436355,2.2,2.0,1.4,0.8,2.0,0.8,2.6,1.6,4.0,3.0,1.8,1.7142857142857142,36,3.0,H,1.89,3.25,4.21
739,2014,2014-11-23,Coritiba,Palmeiras,1473.8851385996338,1446.7451350934887,27.14000350614515,1.2,0.8,1.4,1.4,0.4,1.4,2.6,1.4,4.0,3.0,1.0857142857142856,1.1142857142857143,36,1.0,H,1.76,3.5,4.56
740,2014,2014-11-29,Criciuma,Sport Recife,1417.891705105591,1489.7579341397222,-71.86622903413127,0.2,2.2,0.6,2.0,1.6,0.8,0.6,1.4,6.0,6.0,0.8611111111111112,1.3333333333333333,37,,D,2.71,3.17,2.56
741,2014,2014-11-29,Internacional,Palmeiras,1554.002763469734,1439.3366654242614,114.66609804547261,2.0,0.6,1.4,1.4,0.2,1.6,2.4,1.4,7.0,6.0,1.75,1.0833333333333333,37,3.0,H,1.52,3.94,6.2
742,2014,2014-11-29,Flamengo RJ,Vitoria,1506.1348986077721,1470.8653207709947,35.269577836777444,1.6,0.8,1.8,1.8,0.6,1.2,2.6,1.2,6.0,6.0,1.3333333333333333,1.0555555555555556,37,3.0,H,2.59,3.26,2.61
743,2014,2014-11-30,Chapecoense-SC,Cruzeiro,1479.0889728287484,1636.7318162082217,-157.64284337947333,1.2,3.0,1.2,1.2,2.0,0.8,1.6,2.0,7.0,7.0,1.1666666666666667,2.111111111111111,37,,D,2.32,3.25,2.97
744,2014,2014-11-30,Fluminense,Corinthians,1545.9134867662062,1589.3037148629369,-43.39022809673065,1.4,2.6,1.2,1.4,1.4,0.6,2.0,2.0,7.0,7.0,1.6111111111111112,1.8333333333333333,37,1.0,H,2.96,3.18,2.36
745,2014,2014-11-30,Santos,Botafogo RJ,1498.9512439135922,1426.2360943041324,72.71514960945979,0.2,0.0,0.4,1.2,0.2,1.6,0.6,0.0,7.0,7.0,1.3055555555555556,0.9166666666666666,37,0.5,H,1.6,3.83,5.31
746,2014,2014-11-30,Sao Paulo,Figueirense,1602.0046206897266,1480.1412899235877,121.86333076613892,2.6,2.0,1.6,0.6,1.0,0.4,2.6,0.8,7.0,7.0,1.9166666666666667,1.2777777777777777,37,3.0,D,1.46,3.99,7.37
747,2014,2014-11-30,Athletico-PR,Goias,1521.1150240428406,1484.0513975154586,37.063626527381984,2.0,0.6,1.2,0.6,0.8,1.2,2.0,0.8,8.0,7.0,1.3888888888888888,1.2222222222222223,37,3.0,H,1.77,3.42,4.57
748,2014,2014-11-30,Atletico-MG,Coritiba,1578.2558386341502,1481.2936082688611,96.96223036528909,1.4,1.6,1.6,0.8,1.6,1.2,2.6,0.4,8.0,7.0,1.6944444444444444,1.1388888888888888,37,3.0,A,1.73,3.53,4.69
749,2014,2014-11-30,Bahia,Gremio,1435.5654778142741,1574.071770005797,-138.5062921915228,0.6,1.8,0.6,1.6,1.8,0.8,0.2,1.0,8.0,7.0,0.9444444444444444,1.6666666666666667,37,0.5,H,3.07,3.16,2.31
750,2014,2014-12-06,Corinthians,Criciuma,1579.9248932760702,1418.0893053390707,161.83558793699945,2.4,0.4,1.4,1.2,0.8,2.0,2.6,0.2,6.0,7.0,1.7837837837837838,0.8648648648648649,38,3.0,H,1.21,5.84,13.28
751,2014,2014-12-06,Figueirense,Internacional,1485.0547706855732,1559.248017192299,-74.1932465067257,2.2,2.0,1.2,0.4,1.6,1.4,2.0,0.8,6.0,7.0,1.2702702702702702,1.7837837837837838,38,0.0,A,3.52,3.32,2.04
752,2014,2014-12-07,Botafogo RJ,Atletico-MG,1420.0045335002028,1563.9048854299256,-143.90035192972277,0.0,1.4,0.0,1.6,1.8,1.0,1.4,1.0,7.0,7.0,0.8918918918918919,1.6486486486486487,38,1.5,D,3.98,3.55,1.84
753,2014,2014-12-07,Coritiba,Bahia,1495.6445614730858,1447.6501473831192,47.99441408996654,2.0,1.2,1.6,1.0,0.8,1.4,2.6,0.6,7.0,7.0,1.1891891891891893,1.0,38,2.0,H,2.12,3.33,3.3
754,2014,2014-12-07,Cruzeiro,Fluminense,1634.126790057674,1555.292308353073,78.8344817046011,2.6,1.4,1.8,0.8,1.8,1.8,2.0,1.4,7.0,7.0,2.081081081081081,1.6486486486486487,38,2.0,H,1.62,3.75,5.23
755,2014,2014-12-07,Goias,Chapecoense-SC,1476.9073409288235,1481.693998979296,-4.786658050472624,0.6,1.4,0.8,1.0,1.4,0.8,1.4,1.2,7.0,7.0,1.1891891891891893,1.162162162162162,38,,H,2.04,3.23,3.61
756,2014,2014-12-07,Gremio,Flamengo RJ,1561.9871004369518,1513.3264499694674,48.6606504674844,1.2,1.6,1.6,1.0,2.0,1.8,2.4,0.8,7.0,8.0,1.6216216216216217,1.3783783783783783,38,3.0,D,1.46,4.04,7.08
757,2014,2014-12-07,Palmeiras,Athletico-PR,1434.0914117016964,1528.2590806294756,-94.16766892777923,0.0,2.0,0.2,2.2,1.2,0.6,0.8,1.8,8.0,7.0,1.054054054054054,1.4324324324324325,38,,D,1.4,4.41,7.35
758,2014,2014-12-07,Sport Recife,Sao Paulo,1489.5603339062425,1597.091139927741,-107.53080602149862,1.8,2.2,1.8,1.2,1.4,0.6,1.0,2.0,8.0,7.0,1.3243243243243243,1.8918918918918919,38,0.0,H,2.38,3.27,2.85
759,2014,2014-12-07,Vitoria,Santos,1463.6737694092994,1505.1828047175218,-41.50903530822234,0.8,0.8,0.6,1.8,0.6,0.8,1.0,1.0,8.0,7.0,1.027027027027027,1.3513513513513513,38,3.0,A,1.75,3.57,4.46
760,2015,2015-05-09,Chapecoense-SC,Coritiba,1480.057449639735,1501.8767494827766,-21.819299843041563,1.4,2.0,1.8,1.4,2.0,1.4,1.2,1.0,153.0,153.0,,,1,1.0,H,2.12,3.15,3.5
761,2015,2015-05-09,Palmeiras,Atletico-MG,1451.1967184970636,1546.254150277674,-95.05743178061039,0.2,1.0,0.4,2.0,1.4,1.0,0.4,1.0,153.0,153.0,,,1,0.0,D,1.65,3.52,5.35
762,2015,2015-05-10,Fluminense,Joinville,1536.9081390198764,1500.0,36.908139019876444,1.4,,2.0,2.0,,,2.4,,154.0,,,,1,,H,1.57,3.72,5.96
763,2015,2015-05-10,Gremio,Ponte Preta,1544.1206996671322,1471.291761980859,72.8289376862731,0.8,0.6,1.0,1.0,0.6,1.4,2.0,0.8,154.0,518.0,,,1,3.0,D,1.57,3.63,6.16
764,2015,2015-05-10,Athletico-PR,Internacional,1520.5661507513155,1551.7376070180878,-31.17145626677234,1.6,2.6,1.0,0.8,1.8,0.8,2.0,1.4,154.0,155.0,,,1,1.5,H,2.16,3.18,3.37
765,2015,2015-05-10,Cruzeiro,Corinthians,1605.1561847881837,1563.1416014817446,42.014583306439135,2.6,2.4,1.6,0.8,1.6,1.4,2.6,2.0,154.0,155.0,,,1,2.0,A,2.76,3.09,2.57
766,2015,2015-05-10,Sao Paulo,Flamengo RJ,1564.4048123095108,1512.3644631376822,52.040349171828666,1.6,1.6,1.0,0.6,1.8,1.6,2.2,0.4,154.0,154.0,,,1,2.3333333333333335,H,2.12,3.23,3.39
767,2015,2015-05-10,Sport Recife,Figueirense,1500.5837930659768,1481.4894838903163,19.094309175660555,2.2,1.6,1.6,0.8,1.2,0.8,1.6,1.0,154.0,155.0,,,1,1.5,H,1.71,3.46,4.97
768,2015,2015-05-10,Avai,Santos,1500.0,1511.8934254684127,-11.893425468412715,,1.4,,,0.8,0.6,,1.6,,154.0,,,1,,D,3.43,3.27,2.09
769,2015,2015-05-10,Vasco,Goias,1489.460160223949,1488.8935552913547,0.5666049325943732,1.4,0.6,1.0,1.4,1.0,1.4,2.0,0.6,518.0,154.0,,,1,0.0,D,1.65,3.53,5.44
770,2015,2015-05-16,Coritiba,Gremio,1493.1132300429747,1540.349450832892,-47.2362207899173,2.0,0.4,1.8,1.2,1.0,1.6,2.6,1.0,7.0,6.0,0.0,1.0,2,2.3333333333333335,H,2.54,3.02,2.87
771,2015,2015-05-16,Goias,Athletico-PR,1490.758625600487,1529.5955522177692,-38.83692661728219,0.8,2.2,1.0,1.2,1.6,0.6,1.4,2.0,6.0,6.0,1.0,3.0,2,3.0,H,2.23,3.1,3.3
772,2015,2015-05-17,Corinthians,Chapecoense-SC,1576.1278827380484,1488.820969079537,87.30691365851135,2.4,2.0,1.4,1.2,2.2,1.4,2.6,0.6,7.0,8.0,3.0,3.0,2,1.0,H,1.6,3.59,5.93
773,2015,2015-05-17,Figueirense,Vasco,1473.8637279196814,1487.5950899148168,-13.73136199513533,1.4,1.6,1.2,1.4,1.0,1.2,2.0,0.4,7.0,7.0,0.0,1.0,2,1.0,D,2.5,3.08,2.87
774,2015,2015-05-17,Atletico-MG,Fluminense,1545.3911797046533,1544.0563063987133,1.3348733059399365,1.0,1.4,1.6,1.2,2.0,2.0,2.0,1.4,8.0,7.0,1.0,3.0,2,2.3333333333333335,H,1.99,3.3,3.72
775,2015,2015-05-17,Flamengo RJ,Sport Recife,1505.611258043011,1508.2095490366116,-2.5982909936005854,1.0,2.2,1.4,1.6,2.2,1.0,2.6,1.6,7.0,7.0,0.0,3.0,2,2.0,D,1.62,3.66,5.47
776,2015,2015-05-17,Santos,Cruzeiro,1513.4101615502855,1592.16990353188,-78.75974198159452,1.6,2.0,1.0,0.6,1.4,1.0,0.6,2.2,7.0,7.0,1.0,0.0,2,1.0,H,1.82,3.4,4.3
777,2015,2015-05-17,Internacional,Avai,1542.7082055516341,1498.4832639181272,44.22494163350689,2.4,1.0,1.6,1.2,1.0,1.0,2.4,,7.0,7.0,0.0,1.0,2,,H,1.65,3.68,5.26
778,2015,2015-05-17,Joinville,Palmeiras,1492.851832621163,1452.0596890700842,40.79214355107888,0.0,0.4,0.0,1.0,0.8,2.0,,0.8,7.0,8.0,0.0,1.0,2,,D,3.09,3.11,2.33
779,2015,2015-05-17,Ponte Preta,Sao Paulo,1475.0630108150992,1571.158017404182,-96.09500658908269,0.8,2.0,1.2,1.6,1.2,0.6,1.4,2.0,7.0,7.0,1.0,3.0,2,0.5,H,2.99,3.14,2.37
780,2015,2015-05-23,Sao Paulo,Joinville,1560.2654131539225,1489.8976318614532,70.36778129246932,1.4,0.5,0.8,0.8,0.0,0.5,2.2,0.0,6.0,6.0,1.5,0.5,3,,H,1.43,4.0,8.07
781,2015,2015-05-23,Vasco,Internacional,1489.0601018723346,1549.6640892104392,-60.603987338104616,1.6,2.4,1.0,1.2,1.6,1.2,2.2,1.4,6.0,6.0,1.0,1.5,3,1.5,D,1.8,3.37,4.56
782,2015,2015-05-24,Gremio,Figueirense,1530.8602884486927,1472.3987159621636,58.46157248652912,0.4,1.0,0.8,1.6,1.0,1.4,1.6,1.0,8.0,7.0,0.5,0.5,3,3.0,H,1.5,3.79,7.08
783,2015,2015-05-24,Palmeiras,Goias,1455.0138898297942,1500.0070119789893,-44.99312214919519,0.6,1.4,0.8,1.6,1.4,1.0,0.6,0.2,7.0,8.0,1.0,2.0,3,3.0,A,1.53,3.76,6.54
784,2015,2015-05-24,Athletico-PR,Atletico-MG,1520.3471658392668,1553.5047748695933,-33.15760903032651,2.0,1.0,1.4,0.8,1.6,1.4,2.0,1.0,8.0,7.0,1.5,2.0,3,3.0,H,3.34,3.25,2.14
785,2015,2015-05-24,Avai,Flamengo RJ,1491.5273802593222,1503.834259294852,-12.306879035529846,0.5,1.2,0.5,1.0,1.8,1.2,1.0,0.4,7.0,7.0,0.5,0.5,3,,H,2.64,3.06,2.71
786,2015,2015-05-24,Chapecoense-SC,Santos,1482.9439310066277,1523.805991834258,-40.86206082763033,1.4,2.0,1.4,1.4,1.0,0.4,1.6,1.2,7.0,7.0,1.5,2.0,3,1.0,H,2.63,3.1,2.69
787,2015,2015-05-24,Fluminense,Corinthians,1535.9427112337735,1582.0049208109576,-46.06220957718415,1.4,2.4,2.0,2.0,1.4,1.2,2.4,2.0,7.0,7.0,1.5,3.0,3,1.6666666666666667,D,2.6,3.05,2.76
788,2015,2015-05-24,Cruzeiro,Ponte Preta,1581.7740732479074,1485.9556150653586,95.81845818254874,1.4,1.2,1.0,1.0,1.0,1.2,2.4,0.8,7.0,7.0,0.0,2.0,3,0.5,D,2.22,3.21,3.21
789,2015,2015-05-24,Sport Recife,Coritiba,1509.9865477847707,1502.602392427174,7.384155357596683,1.8,2.4,2.2,1.4,2.0,1.0,2.2,1.0,7.0,8.0,2.0,1.5,3,3.0,H,1.82,3.38,4.41
790,2015,2015-05-30,Coritiba,Avai,1494.6561472026992,1500.0222726595146,-5.366125456815325,1.8,1.3333333333333333,1.6,1.2,1.0,1.0,2.6,0.0,6.0,6.0,1.0,1.3333333333333333,4,,A,1.69,3.52,5.13
791,2015,2015-05-30,Ponte Preta,Chapecoense-SC,1490.279841769543,1492.250300896538,-1.9704591269949105,1.2,1.4,1.0,1.2,1.2,1.4,1.4,0.6,6.0,6.0,1.6666666666666667,2.0,4,,H,1.82,3.4,4.35
792,2015,2015-05-31,Joinville,Athletico-PR,1483.607955954417,1529.4332256578516,-45.825269703434515,0.3333333333333333,2.0,0.0,1.3333333333333333,1.2,0.6,1.0,1.4,8.0,7.0,0.3333333333333333,2.0,4,,A,2.33,3.08,3.11
793,2015,2015-05-31,Santos,Sport Recife,1514.4996219443478,1517.9327930092454,-3.4331710648975786,2.0,2.2,1.0,0.4,2.0,1.0,1.2,1.6,7.0,7.0,1.3333333333333333,2.3333333333333335,4,1.0,D,1.52,3.91,6.33
794,2015,2015-05-31,Atletico-MG,Vasco,1544.4187150510086,1488.933581208607,55.48513384240164,1.0,1.2,1.4,1.2,0.8,1.2,2.0,0.4,7.0,8.0,1.3333333333333333,1.0,4,3.0,H,1.41,4.24,7.79
795,2015,2015-05-31,Corinthians,Palmeiras,1582.5494550622013,1444.4386812462467,138.11077381595464,2.0,0.6,1.2,1.2,0.8,1.4,2.6,0.8,7.0,7.0,2.3333333333333335,0.6666666666666666,4,3.0,A,2.05,3.17,3.71
796,2015,2015-05-31,Goias,Gremio,1510.5822205625368,1537.4491635579998,-26.866942995462978,2.0,1.0,1.4,0.6,1.0,1.4,1.8,0.8,7.0,7.0,2.3333333333333335,1.3333333333333333,4,2.0,D,2.72,2.97,2.69
797,2015,2015-05-31,Internacional,Sao Paulo,1549.7906098741669,1566.5550890609586,-16.764479186791732,2.0,1.4,1.4,1.2,1.2,0.8,3.0,1.8,8.0,8.0,1.3333333333333333,2.0,4,1.0,D,2.35,3.17,3.03
798,2015,2015-05-31,Figueirense,Cruzeiro,1465.8098408528565,1577.449846543723,-111.64000569086647,0.4,1.0,0.6,1.6,0.8,1.0,1.6,1.6,7.0,7.0,0.3333333333333333,0.3333333333333333,4,2.0,H,2.91,3.08,2.47
799,2015,2015-05-31,Flamengo RJ,Fluminense,1495.3393668946596,1535.3981769825298,-40.05881008787014,1.0,1.4,1.8,1.4,1.6,1.6,2.2,0.8,7.0,7.0,0.3333333333333333,1.3333333333333333,4,1.3333333333333333,A,2.35,3.15,3.03
800,2015,2015-06-03,Athletico-PR,Figueirense,1539.9845591117735,1477.1442421802508,62.84031693152269,2.0,0.8,1.4,0.8,0.8,1.6,2.0,1.0,3.0,3.0,2.25,1.0,5,3.0,H,1.64,3.48,5.73
801,2015,2015-06-03,Chapecoense-SC,Joinville,1484.04479384662,1473.0566225004952,10.988171346124773,1.2,0.25,1.2,1.8,0.25,1.5,2.0,0.0,4.0,3.0,1.5,0.25,5,,H,1.65,3.52,5.46
802,2015,2015-06-03,Vasco,Ponte Preta,1482.268785531619,1498.485348819461,-16.216563287842064,0.6,1.8,0.4,1.8,1.6,1.0,1.8,0.8,3.0,4.0,0.75,2.0,5,2.0,A,2.41,3.11,2.98
803,2015,2015-06-04,Sao Paulo,Santos,1567.9345673549115,1512.7459040783397,55.18866327657179,1.4,1.6,1.0,0.6,1.0,0.8,2.2,1.0,4.0,4.0,1.75,1.25,5,2.0,H,1.86,3.38,4.16
804,2015,2015-06-04,Avai,Atletico-MG,1511.7220145856122,1551.0835107279966,-39.36149614238434,1.75,1.6,1.25,1.0,1.8,0.8,2.0,1.0,5.0,4.0,1.75,1.75,5,,A,3.73,3.35,1.97
805,2015,2015-06-04,Cruzeiro,Flamengo RJ,1566.1154452163287,1484.6227323326427,81.49271288368595,0.8,0.4,0.8,1.2,1.4,2.0,2.0,0.4,4.0,4.0,0.25,0.25,5,3.0,H,1.83,3.41,4.26
806,2015,2015-06-04,Gremio,Corinthians,1538.5423351194104,1567.2894488781874,-28.747113758777004,1.2,2.0,1.2,1.4,0.8,0.6,1.6,2.0,4.0,4.0,1.25,1.75,5,3.0,H,2.11,3.06,3.66
807,2015,2015-06-04,Fluminense,Coritiba,1546.1148115445467,1482.9564052766016,63.15840626794511,1.4,1.2,1.2,1.6,1.4,1.4,2.0,0.8,4.0,5.0,1.75,0.75,5,1.6666666666666667,H,1.74,3.43,4.85
808,2015,2015-06-05,Palmeiras,Internacional,1459.6986874302606,1548.411131580214,-88.7124441499534,1.2,1.6,1.0,0.8,0.8,1.0,0.4,1.0,5.0,5.0,1.25,1.25,5,0.0,D,1.87,3.38,4.1
809,2015,2015-06-05,Sport Recife,Goias,1519.6865108752536,1509.4890490011262,10.197461874127384,2.2,2.2,2.0,1.0,1.6,0.6,2.2,0.8,5.0,5.0,2.0,2.0,5,0.0,H,1.75,3.38,4.81
810,2015,2015-06-06,Atletico-MG,Cruzeiro,1561.820109626321,1572.132334441834,-10.312224815512991,2.0,0.8,2.6,1.0,0.6,1.0,2.0,1.4,2.0,2.0,2.0,0.8,6,3.0,A,1.63,3.7,5.22
811,2015,2015-06-06,Flamengo RJ,Chapecoense-SC,1478.6058431071374,1491.8918972377162,-13.286054130578805,0.2,1.8,1.2,2.0,1.2,1.0,1.6,0.6,2.0,3.0,0.2,1.8,6,3.0,H,1.74,3.43,4.79
812,2015,2015-06-06,Santos,Ponte Preta,1506.0735223232612,1509.880293920772,-3.8067715975107603,1.0,2.2,1.2,1.4,2.2,1.0,1.4,1.4,2.0,3.0,1.0,2.2,6,3.0,D,1.92,3.31,4.02
813,2015,2015-06-07,Athletico-PR,Vasco,1546.462550999529,1470.873840430308,75.5887105692209,2.4,0.6,1.4,0.6,0.2,1.4,2.6,0.4,4.0,4.0,2.4,0.6,6,3.0,H,1.64,3.57,5.51
814,2015,2015-06-07,Joinville,Corinthians,1465.209519109399,1558.3291203429837,-93.11960123358472,0.2,1.4,0.2,1.6,0.6,1.0,0.5,1.4,4.0,3.0,0.2,1.4,6,,A,3.84,3.09,2.04
815,2015,2015-06-07,Sao Paulo,Gremio,1574.60694910999,1547.502663654614,27.10428545537593,2.0,1.6,1.6,0.8,1.6,1.4,2.6,0.8,3.0,3.0,2.0,1.6,6,1.0,H,1.77,3.37,4.76
816,2015,2015-06-07,Internacional,Coritiba,1547.7296903088256,1476.4864304697435,71.24325983908216,1.2,0.6,0.6,1.0,0.8,1.4,2.6,0.8,2.0,3.0,1.2,0.6,6,2.3333333333333335,H,1.6,3.63,5.74
817,2015,2015-06-07,Figueirense,Palmeiras,1470.6662502924953,1460.380128701649,10.286121590846278,0.8,1.2,0.6,1.4,1.0,0.8,2.0,0.8,4.0,2.0,0.8,1.2,6,1.5,H,3.22,3.11,2.26
818,2015,2015-06-07,Fluminense,Sport Recife,1552.5847863514048,1527.5553284702878,25.02945788111697,2.0,2.2,1.4,1.2,2.0,1.0,2.0,1.8,3.0,2.0,2.0,2.2,6,3.0,D,1.68,3.53,5.11
819,2015,2015-06-07,Goias,Avai,1501.620231406092,1500.9854156872877,0.6348157188042478,1.6,1.4,0.8,0.4,1.2,1.6,2.0,1.5,2.0,3.0,1.6,1.4,6,,A,1.78,3.32,4.74
820,2015,2015-06-10,Atletico-MG,Santos,1550.2589408752087,1504.3302287927115,45.92871208249721,1.8,1.0,2.4,1.2,1.4,1.6,1.8,1.0,4.0,4.0,1.6666666666666667,1.0,7,3.0,D,1.5,4.23,6.04
821,2015,2015-06-13,Chapecoense-SC,Sao Paulo,1483.3694487384982,1582.0163778088893,-98.64692907039102,1.2,2.0,0.8,1.0,1.6,0.6,2.6,1.4,7.0,6.0,1.5,2.1666666666666665,7,1.0,A,2.62,3.01,2.76
822,2015,2015-06-13,Corinthians,Internacional,1567.5215357324362,1553.9976571852258,13.523878547210415,1.4,1.8,0.6,1.0,1.0,0.4,2.4,1.2,6.0,6.0,1.6666666666666667,1.5,7,2.3333333333333335,H,1.75,3.37,4.94
823,2015,2015-06-13,Coritiba,Flamengo RJ,1470.2184635933434,1487.1282916063553,-16.909828013011975,0.6,0.8,0.6,1.4,1.2,1.6,2.4,0.2,6.0,7.0,0.5,0.6666666666666666,7,1.0,A,2.6,3.04,2.75
824,2015,2015-06-14,Sport Recife,Joinville,1530.0901035105408,1456.0171037199466,74.07299979059417,1.8,0.2,1.2,0.8,0.2,1.6,2.6,0.0,7.0,7.0,2.0,0.16666666666666666,7,,H,1.58,3.66,5.92
825,2015,2015-06-14,Vasco,Cruzeiro,1464.7130198278976,1583.6935031929463,-118.98048336504871,0.4,1.4,0.2,1.8,1.2,1.0,1.6,1.4,7.0,8.0,0.5,1.1666666666666667,7,1.5,A,2.92,3.07,2.46
826,2015,2015-06-14,Ponte Preta,Goias,1511.6235874513216,1489.753266194021,21.870321257300475,2.2,1.4,2.0,0.8,0.8,0.6,1.4,0.8,8.0,7.0,2.0,1.3333333333333333,7,0.0,D,1.58,3.7,5.84
827,2015,2015-06-14,Avai,Figueirense,1512.8523808993586,1478.532632090904,34.31974880845473,1.8,1.4,1.2,1.4,0.8,0.8,1.3333333333333333,0.8,7.0,7.0,1.6666666666666667,1.1666666666666667,7,,D,2.06,3.17,3.65
828,2015,2015-06-14,Gremio,Athletico-PR,1540.0932349557147,1552.6233716019394,-12.530136646224719,1.4,2.4,1.0,1.2,1.2,0.6,1.6,2.0,7.0,7.0,1.3333333333333333,2.5,7,3.0,H,1.68,3.49,5.22
829,2015,2015-06-14,Palmeiras,Fluminense,1452.5137469032404,1550.0500113111518,-97.5362644079114,1.0,1.6,0.8,0.8,1.2,1.2,0.6,0.8,7.0,7.0,1.0,1.8333333333333333,7,0.0,H,1.78,3.37,4.63
830,2015,2015-06-19,Figueirense,Internacional,1481.3158794407111,1546.2200441332186,-64.90416469250749,1.4,1.2,1.0,1.0,1.0,0.8,2.0,1.0,5.0,6.0,1.1428571428571428,1.2857142857142858,8,0.0,D,2.82,3.04,2.56
831,2015,2015-06-20,Flamengo RJ,Atletico-MG,1498.5036657980734,1547.1703969748178,-48.666731176744406,1.2,1.4,1.0,1.2,2.0,1.4,1.6,1.0,7.0,10.0,1.0,1.5714285714285714,8,3.0,A,2.52,3.22,2.71
832,2015,2015-06-20,Santos,Corinthians,1507.4187726931025,1575.2991487844433,-67.88037609134085,0.6,1.4,1.6,2.0,0.8,1.2,1.6,1.4,10.0,7.0,1.0,1.8571428571428572,8,1.3333333333333333,H,2.28,3.13,3.19
833,2015,2015-06-20,Sport Recife,Vasco,1536.2881818246933,1456.2543209598462,80.03386086484716,2.2,0.2,1.2,0.6,0.4,2.4,3.0,0.4,6.0,6.0,2.142857142857143,0.42857142857142855,8,0.0,H,1.71,3.49,4.96
834,2015,2015-06-21,Gremio,Palmeiras,1548.5944082646995,1463.4474879096533,85.14692035504618,2.0,1.4,1.4,1.0,1.2,1.0,2.2,0.8,7.0,7.0,1.5714285714285714,1.2857142857142858,8,2.0,H,2.02,3.22,3.75
835,2015,2015-06-21,Cruzeiro,Chapecoense-SC,1592.1522020609978,1474.3348689638872,117.81733309711058,2.0,1.2,1.8,1.0,0.8,1.0,2.0,0.6,7.0,8.0,1.4285714285714286,1.2857142857142858,8,3.0,A,1.57,3.68,6.14
836,2015,2015-06-21,Athletico-PR,Coritiba,1544.1221982929546,1458.8430894016253,85.27910889132932,2.4,0.0,1.4,0.6,0.2,1.6,3.0,0.6,7.0,8.0,2.142857142857143,0.42857142857142855,8,3.0,D,1.9,3.24,4.19
837,2015,2015-06-21,Joinville,Goias,1449.819025405794,1492.2027619247717,-42.383736518977685,0.0,1.0,0.4,2.0,0.4,0.6,0.3333333333333333,1.0,7.0,7.0,0.14285714285714285,1.2857142857142858,8,,H,2.26,3.01,3.3
838,2015,2015-06-21,Sao Paulo,Avai,1591.0509575835003,1510.0691335495515,80.9818240339489,2.6,2.0,1.8,0.4,1.4,1.4,2.6,2.0,8.0,7.0,2.2857142857142856,1.5714285714285714,8,,D,1.47,4.1,6.64
839,2015,2015-06-24,Fluminense,Ponte Preta,1539.116270304739,1509.174091720571,29.942178584168005,1.6,1.8,1.2,0.8,1.8,0.8,2.2,1.4,10.0,10.0,1.5714285714285714,1.8571428571428572,8,2.0,H,2.05,3.22,3.67
840,2015,2015-06-27,Avai,Gremio,1514.0398654236872,1554.5231797844147,-40.48331436072749,1.6,2.0,1.2,1.4,1.4,1.0,1.25,0.2,6.0,6.0,1.5,1.75,9,,A,3.15,3.06,2.32
841,2015,2015-06-27,Chapecoense-SC,Sport Recife,1489.1595066832672,1542.3404575130842,-53.18095082981699,1.2,2.2,0.8,1.0,1.4,0.8,2.0,1.4,6.0,7.0,1.5,2.25,9,3.0,D,1.94,3.23,3.98
842,2015,2015-06-28,Corinthians,Figueirense,1565.2162467956075,1481.3131210789008,83.90312571670665,1.2,1.6,0.8,1.4,1.0,0.8,2.4,0.4,8.0,9.0,1.625,1.125,9,0.5,H,1.49,3.79,7.25
843,2015,2015-06-28,Atletico-MG,Joinville,1557.6401602290046,1459.1689948901671,98.47116533883741,2.0,0.6,2.4,1.2,0.8,1.6,1.4,0.0,8.0,7.0,1.75,0.5,9,,H,1.22,5.81,12.55
844,2015,2015-06-28,Coritiba,Cruzeiro,1462.9174914581604,1577.3275643416177,-114.41007288345736,0.2,1.8,0.6,1.8,1.6,1.0,1.8,1.4,7.0,7.0,0.5,1.25,9,2.0,H,2.74,3.11,2.57
845,2015,2015-06-28,Goias,Fluminense,1482.8527924403986,1546.4496621284802,-63.5968696880816,0.4,2.0,0.4,1.0,1.6,0.8,1.4,0.8,7.0,4.0,1.125,1.75,9,0.0,A,2.3,3.06,3.19
846,2015,2015-06-28,Palmeiras,Sao Paulo,1457.5187163899382,1587.0802257093646,-129.56150931942648,1.4,2.2,1.2,1.0,1.4,0.6,1.2,1.4,7.0,7.0,1.125,2.125,9,0.5,H,2.16,3.18,3.41
847,2015,2015-06-28,Ponte Preta,Athletico-PR,1501.8406998968296,1540.0477962364196,-38.20709633958995,1.6,2.0,1.6,1.0,1.6,1.0,1.6,1.4,4.0,7.0,1.625,2.0,9,0.0,H,1.84,3.43,4.23
848,2015,2015-06-28,Internacional,Santos,1546.2228024950289,1517.5016746819383,28.72112781309056,1.2,1.2,0.8,0.6,1.8,1.8,2.6,1.0,9.0,8.0,1.25,1.25,9,1.3333333333333333,H,2.04,3.25,3.65
849,2015,2015-06-28,Vasco,Flamengo RJ,1450.2020452714553,1488.0339025438866,-37.83185727243131,0.0,1.2,0.4,2.6,0.8,1.2,1.0,0.8,8.0,8.0,0.375,0.875,9,0.5,H,3.66,3.21,2.05
850,2015,2015-07-01,Sport Recife,Internacional,1542.6805059331664,1553.5888704069584,-10.908364473792062,2.2,1.6,1.2,0.6,1.0,0.6,3.0,0.6,4.0,3.0,2.111111111111111,1.4444444444444444,10,0.5,H,1.96,3.29,3.87
851,2015,2015-07-01,Vasco,Avai,1459.4216731841364,1503.33538738669,-43.91371420255359,0.6,1.0,0.6,2.0,1.0,1.6,1.0,1.75,3.0,4.0,0.6666666666666666,1.3333333333333333,10,,H,1.88,3.38,4.09
852,2015,2015-07-02,Atletico-MG,Coritiba,1563.2540647773062,1474.3301171726187,88.92394760468756,2.0,0.8,2.0,1.2,0.6,1.4,2.0,0.2,4.0,4.0,1.8888888888888888,0.7777777777777778,10,2.0,H,1.33,4.82,8.74
853,2015,2015-07-02,Palmeiras,Chapecoense-SC,1469.3558490169346,1488.819458263185,-19.46360924625037,1.4,1.4,1.6,1.0,0.8,0.6,1.6,0.6,4.0,5.0,1.3333333333333333,1.4444444444444444,10,3.0,H,1.55,3.77,6.16
854,2015,2015-07-02,Athletico-PR,Sao Paulo,1530.8174329460005,1575.2430930823682,-44.425660136367696,1.4,2.0,1.4,1.2,1.4,1.4,2.6,0.8,4.0,4.0,1.7777777777777777,1.8888888888888888,10,2.0,H,2.29,3.14,3.15
855,2015,2015-07-02,Gremio,Cruzeiro,1565.2276578214119,1565.9149386271595,-0.687280805747605,2.4,1.8,1.6,1.0,1.4,0.8,2.6,1.2,5.0,4.0,1.8888888888888888,1.1111111111111112,10,2.0,H,1.89,3.3,4.14
856,2015,2015-07-02,Joinville,Flamengo RJ,1453.5550903418655,1478.8142746312055,-25.259184289340055,0.6,1.2,0.6,1.4,0.4,0.8,1.0,0.6,4.0,4.0,0.4444444444444444,0.7777777777777778,10,,A,3.15,3.05,2.34
857,2015,2015-07-02,Corinthians,Ponte Preta,1571.1749273699695,1511.0710631872487,60.10386418272083,1.8,1.6,1.2,1.2,1.4,1.0,2.4,1.2,4.0,4.0,1.7777777777777777,1.7777777777777777,10,2.0,H,1.76,3.37,4.82
858,2015,2015-07-02,Figueirense,Goias,1475.3544405045388,1472.8124073232086,2.5420331813302255,1.0,0.2,0.8,1.0,0.4,1.2,1.6,1.0,4.0,4.0,1.0,1.0,10,0.0,H,2.14,3.05,3.6
859,2015,2015-07-03,Fluminense,Santos,1556.4900472456702,1510.1356067700087,46.35444047566148,2.0,1.0,1.4,0.6,1.4,1.6,2.2,0.4,5.0,5.0,1.8888888888888888,1.1111111111111112,10,2.0,H,2.17,3.26,3.31
860,2015,2015-07-04,Coritiba,Joinville,1468.4916352290866,1442.4162202061664,26.075415022920197,0.8,0.6,0.6,1.4,0.6,1.2,1.8,0.0,2.0,2.0,0.7,0.4,11,,D,1.64,3.49,5.67
861,2015,2015-07-05,Chapecoense-SC,Vasco,1480.1226474833438,1468.815505167354,11.307142315989722,0.8,1.2,0.4,1.0,0.8,1.4,2.0,0.2,3.0,4.0,1.3,0.9,11,,H,1.8,3.28,4.72
862,2015,2015-07-05,Cruzeiro,Athletico-PR,1557.745151269104,1540.225947076237,17.519204192867164,1.2,1.4,1.2,1.0,1.6,1.4,1.4,0.8,3.0,3.0,1.0,1.9,11,3.0,H,1.68,3.52,5.15
863,2015,2015-07-05,Avai,Sport Recife,1493.9415554034722,1551.136081739832,-57.194526336359786,1.0,2.2,0.8,1.0,1.6,0.6,1.0,1.0,4.0,4.0,1.2,2.2,11,,D,2.29,3.17,3.09
864,2015,2015-07-05,Goias,Corinthians,1464.7322985260726,1577.7221011827155,-112.98980265664295,0.2,2.4,0.6,1.6,1.4,0.6,1.4,1.4,3.0,3.0,0.9,1.9,11,0.5,D,3.02,2.92,2.5
865,2015,2015-07-05,Santos,Gremio,1503.2352310505048,1573.3974451794672,-70.16221412896243,1.0,2.4,1.2,1.4,1.2,0.8,2.2,0.8,2.0,3.0,1.0,2.0,11,1.6666666666666667,A,2.15,3.21,3.36
866,2015,2015-07-05,Sao Paulo,Fluminense,1565.8345789521318,1563.3904229651741,2.4441559869576395,1.4,2.0,1.0,1.4,1.4,0.8,2.6,1.2,3.0,2.0,1.7,2.0,11,1.3333333333333333,D,1.7,3.56,4.88
867,2015,2015-07-05,Flamengo RJ,Figueirense,1489.9531447669046,1483.434549301675,6.518595465229737,1.8,1.6,0.6,0.6,1.4,1.0,1.4,0.2,3.0,3.0,1.0,1.2,11,2.0,A,1.55,3.69,6.42
868,2015,2015-07-05,Internacional,Atletico-MG,1545.1332946002929,1569.0925467208383,-23.959252120545443,1.4,2.0,0.8,1.0,1.6,1.0,2.6,1.6,4.0,3.0,1.3,2.0,11,2.3333333333333335,A,2.41,3.29,2.83
869,2015,2015-07-05,Ponte Preta,Palmeiras,1504.5238893745027,1478.0526597967757,26.471229577726945,1.0,1.8,0.8,1.4,1.8,0.8,2.0,0.8,3.0,3.0,1.6,1.5,11,3.0,A,3.88,3.33,1.94
870,2015,2015-07-08,Chapecoense-SC,Gremio,1487.9609974076964,1583.2488756458674,-95.28787823817106,1.4,3.0,0.6,0.8,1.8,0.6,2.0,1.4,3.0,3.0,1.4545454545454546,2.090909090909091,12,0.0,H,2.73,2.93,2.74
871,2015,2015-07-08,Coritiba,Ponte Preta,1465.9287109638587,1491.9503240850286,-26.02161312116982,1.0,0.8,0.6,1.0,0.4,1.4,1.4,1.0,4.0,3.0,0.7272727272727273,1.4545454545454546,12,3.0,D,2.18,3.14,3.37
872,2015,2015-07-08,Goias,Santos,1466.1048383909758,1493.3838005841046,-27.27896219312879,0.4,0.8,0.6,1.4,1.0,1.6,1.0,0.2,3.0,3.0,0.9090909090909091,0.9090909090909091,12,0.5,H,2.48,3.02,2.93
873,2015,2015-07-09,Figueirense,Joinville,1495.464429894936,1444.9791444713942,50.48528542354188,1.6,0.8,1.4,1.0,0.6,1.0,2.2,0.2,4.0,5.0,1.3636363636363635,0.45454545454545453,12,,A,1.75,3.34,4.86
874,2015,2015-07-09,Palmeiras,Avai,1490.6262250862499,1493.716933601251,-3.090708515001097,2.4,0.6,2.0,0.4,1.0,1.4,2.0,1.4,4.0,4.0,1.6363636363636365,1.1818181818181819,12,,H,1.37,4.4,8.54
875,2015,2015-07-09,Atletico-MG,Sport Recife,1580.268330727688,1551.3607035420532,28.907627185634738,2.6,2.2,2.0,0.6,2.0,1.0,2.0,1.0,4.0,4.0,2.090909090909091,2.090909090909091,12,3.0,H,1.39,4.43,7.72
876,2015,2015-07-09,Internacional,Flamengo RJ,1533.9575105934432,1477.9232641736435,56.03424641979973,0.8,1.2,0.6,1.6,0.6,1.0,2.0,1.2,4.0,4.0,1.1818181818181819,0.9090909090909091,12,3.0,A,1.96,3.29,3.88
877,2015,2015-07-09,Vasco,Sao Paulo,1460.9771552430016,1563.9174011890748,-102.94024594607322,1.2,1.0,0.8,1.2,0.6,1.4,1.4,0.8,4.0,4.0,0.8181818181818182,1.6363636363636365,12,0.0,A,3.92,3.2,1.98
878,2015,2015-07-09,Corinthians,Athletico-PR,1576.3495613178122,1532.5573656964773,43.79219562133494,2.0,0.8,1.2,0.6,1.2,1.8,2.4,0.6,4.0,4.0,1.8181818181818181,1.7272727272727273,12,1.0,H,1.54,3.71,6.62
879,2015,2015-07-10,Fluminense,Cruzeiro,1565.3076007282311,1565.4137326488637,-0.10613192063260612,2.0,1.2,1.4,0.8,1.0,0.8,2.2,1.2,5.0,5.0,1.9090909090909092,1.1818181818181819,12,1.3333333333333333,H,2.59,3.12,2.73
880,2015,2015-07-11,Gremio,Vasco,1572.3793220639297,1452.0648432423848,120.31447882154498,2.4,1.2,1.4,0.6,0.6,1.4,3.0,0.2,3.0,2.0,1.9166666666666667,0.75,13,3.0,H,1.39,4.17,8.81
881,2015,2015-07-11,Santos,Figueirense,1484.465253482345,1482.2577330464405,2.207520435904371,0.6,1.4,0.8,2.0,1.2,1.2,1.6,0.8,3.0,2.0,0.8333333333333334,1.25,13,3.0,H,1.54,3.83,6.22
882,2015,2015-07-12,Ponte Preta,Atletico-MG,1493.0675290004203,1587.6294038650394,-94.56187486461909,0.8,3.0,0.4,1.4,2.0,0.4,2.0,2.0,4.0,3.0,1.4166666666666667,2.1666666666666665,13,1.5,A,2.81,3.25,2.44
883,2015,2015-07-12,Sao Paulo,Coritiba,1572.8297131896916,1464.811506048467,108.0182071412246,1.0,1.2,1.2,1.4,0.6,0.8,2.2,0.2,3.0,4.0,1.75,0.75,13,1.3333333333333333,H,1.51,3.82,6.69
884,2015,2015-07-12,Athletico-PR,Fluminense,1525.590176526016,1573.4612265338094,-47.87105000779343,0.8,2.6,1.0,1.8,1.4,0.4,2.6,1.4,3.0,2.0,1.5833333333333333,2.0,13,0.5,A,1.97,3.28,3.82
885,2015,2015-07-12,Cruzeiro,Goias,1557.2601068432855,1475.0233854927355,82.23672135054994,0.6,0.8,0.4,0.8,1.4,1.6,1.4,0.8,2.0,4.0,1.0833333333333333,1.0833333333333333,13,3.0,H,1.54,3.74,6.35
886,2015,2015-07-12,Flamengo RJ,Corinthians,1491.2725077619473,1583.3167504882736,-92.04424272632627,1.2,2.0,0.8,1.2,1.2,0.4,0.8,1.0,3.0,3.0,1.0833333333333333,1.9166666666666667,13,2.0,A,2.42,2.98,3.08
887,2015,2015-07-12,Joinville,Internacional,1458.1858413198897,1520.6082670051394,-62.422425685249664,1.4,0.8,0.8,0.6,0.6,1.6,0.8,0.6,3.0,3.0,0.6666666666666666,1.0833333333333333,13,,A,2.26,3.07,3.26
888,2015,2015-07-12,Avai,Chapecoense-SC,1485.4802035270438,1498.830550989634,-13.350347462590207,0.4,2.0,0.8,1.8,0.8,0.6,1.0,0.6,3.0,4.0,1.0833333333333333,1.5833333333333333,13,,H,2.54,2.95,2.91
889,2015,2015-07-12,Sport Recife,Palmeiras,1543.9996304047017,1498.862955160457,45.13667524424477,1.6,2.4,1.8,1.2,2.2,0.2,3.0,1.4,3.0,3.0,1.9166666666666667,1.75,13,3.0,D,2.42,3.21,2.87
890,2015,2015-07-18,Flamengo RJ,Gremio,1482.0493353391093,1577.4997323312236,-95.45039699211429,1.2,2.4,0.8,1.4,1.6,0.6,0.6,1.4,6.0,7.0,1.0,2.0,14,0.3333333333333333,H,2.28,3.02,3.29
891,2015,2015-07-18,Internacional,Goias,1530.6824541964866,1469.024497757281,61.65795643920546,1.2,0.8,1.0,1.6,1.2,1.4,1.4,0.2,6.0,6.0,1.2307692307692308,1.0,14,2.0,H,1.92,3.25,4.07
892,2015,2015-07-19,Corinthians,Atletico-MG,1592.5399229111115,1596.7805920785822,-4.240669167470742,2.6,3.0,1.8,0.2,2.0,0.4,2.4,2.4,7.0,7.0,2.0,2.230769230769231,14,2.0,H,2.38,3.15,2.97
893,2015,2015-07-19,Athletico-PR,Chapecoense-SC,1515.0975647634668,1490.3062923296782,24.791272433788663,0.6,1.4,0.8,1.8,0.8,1.0,2.0,0.6,7.0,7.0,1.4615384615384615,1.4615384615384615,14,1.0,H,2.01,3.18,3.82
894,2015,2015-07-19,Figueirense,Coritiba,1474.168349375205,1459.4168272237007,14.751522151504332,1.2,1.0,1.2,1.8,0.4,1.0,2.0,0.2,8.0,7.0,1.1538461538461537,0.6923076923076923,14,3.0,D,2.07,3.15,3.62
895,2015,2015-07-19,Fluminense,Vasco,1583.9538382963585,1446.9444329750909,137.00940532126765,2.6,1.2,1.4,0.6,0.4,1.4,2.6,0.0,7.0,8.0,2.076923076923077,0.6923076923076923,14,0.0,A,1.68,3.53,5.11
896,2015,2015-07-19,Palmeiras,Santos,1501.9308625102872,1492.5546371535804,9.376225356706755,2.6,0.6,2.6,0.4,1.2,2.0,2.6,0.2,7.0,8.0,1.6923076923076923,1.0,14,0.0,H,1.72,3.54,4.77
897,2015,2015-07-19,Sport Recife,Sao Paulo,1540.9317230548716,1578.2243920144579,-37.29266895958631,1.2,1.4,1.8,1.4,1.6,1.4,2.6,1.4,7.0,7.0,1.8461538461538463,1.8461538461538463,14,1.5,H,2.34,3.21,2.99
898,2015,2015-07-19,Cruzeiro,Avai,1563.25899457874,1494.0044621869997,69.25453239174021,1.2,0.8,0.6,0.6,1.0,1.8,2.0,1.4,7.0,7.0,1.2307692307692308,1.2307692307692308,14,,D,1.41,4.27,7.6
899,2015,2015-07-19,Joinville,Ponte Preta,1448.1116541285426,1483.9163407868775,-35.80468665833496,0.8,0.8,0.4,0.8,0.4,1.4,0.6,1.0,7.0,7.0,0.6153846153846154,1.3076923076923077,14,,D,2.7,3.04,2.66
900,2015,2015-07-25,Avai,Athletico-PR,1497.6871226543212,1522.5692058919317,-24.88208323761046,1.0,1.2,1.0,1.6,0.8,1.4,1.0,0.6,6.0,6.0,1.2142857142857142,1.5714285714285714,15,,A,2.26,3.19,3.14
901,2015,2015-07-25,Gremio,Sport Recife,1566.6255366416162,1550.1359282688109,16.489608372805378,1.8,1.6,1.2,0.6,2.0,1.2,3.0,0.8,7.0,6.0,1.8571428571428572,1.9285714285714286,15,3.0,D,1.56,3.82,6.07
902,2015,2015-07-26,Atletico-MG,Figueirense,1588.5117739394668,1471.9123996678447,116.59937427162208,2.4,1.4,1.8,0.6,1.0,1.4,2.0,0.8,7.0,7.0,2.0714285714285716,1.1428571428571428,15,2.0,H,1.27,5.21,10.87
903,2015,2015-07-26,Chapecoense-SC,Fluminense,1482.8346512012133,1568.7167996339379,-85.88214843272453,1.2,2.0,0.6,1.0,1.2,0.8,2.0,2.0,7.0,7.0,1.3571428571428572,1.9285714285714286,15,3.0,H,2.15,3.15,3.43
904,2015,2015-07-26,Santos,Joinville,1484.6632447234358,1447.2733177507273,37.38992697270851,0.6,1.0,1.2,2.0,0.6,0.8,1.6,0.8,7.0,7.0,0.9285714285714286,0.6428571428571429,15,,H,1.55,3.78,6.14
905,2015,2015-07-26,Coritiba,Corinthians,1461.672776931061,1600.808741050227,-139.13596411916592,0.6,2.6,0.2,1.0,1.6,0.0,1.0,1.4,7.0,7.0,0.7142857142857143,2.0714285714285716,15,0.3333333333333333,D,2.84,3.0,2.59
906,2015,2015-07-26,Goias,Flamengo RJ,1462.5166605404088,1492.9235310287168,-30.40687048830796,0.8,1.8,1.2,1.4,1.0,1.2,1.0,1.8,8.0,8.0,0.9285714285714286,1.1428571428571428,15,2.0,A,2.53,3.04,2.88
907,2015,2015-07-26,Ponte Preta,Internacional,1484.7546771646928,1537.1902914133589,-52.43561424866607,0.4,1.2,0.2,1.4,1.2,1.8,1.4,1.0,7.0,8.0,1.2857142857142858,1.3571428571428572,15,1.5,D,2.13,3.18,3.48
908,2015,2015-07-26,Sao Paulo,Cruzeiro,1569.0201868005186,1559.5763341114184,9.44385268910014,1.4,1.4,1.6,1.0,0.8,0.6,2.2,1.2,7.0,7.0,1.7142857142857142,1.2142857142857142,15,2.0,H,2.0,3.28,3.78
909,2015,2015-07-26,Vasco,Palmeiras,1462.1814716375115,1509.8222549404318,-47.64078330292023,1.2,2.6,0.6,1.6,2.0,0.4,1.2,1.4,7.0,7.0,0.8571428571428571,1.7857142857142858,15,3.0,A,2.96,3.12,2.4
910,2015,2015-07-30,Atletico-MG,Sao Paulo,1593.7140773942704,1576.9097193804298,16.804358013840556,2.4,2.0,1.6,0.6,1.6,0.6,2.6,1.2,4.0,4.0,2.1333333333333333,1.8,16,2.3333333333333335,H,1.65,3.65,5.17
911,2015,2015-07-30,Corinthians,Vasco,1598.7067422485661,1451.682248566229,147.02449368233715,2.2,0.6,1.4,0.2,0.6,2.4,3.0,0.6,4.0,4.0,2.0,0.8,16,2.0,H,1.38,4.32,8.67
912,2015,2015-08-01,Fluminense,Gremio,1558.1164857815584,1564.3221606956972,-6.205674914138854,1.4,1.4,1.0,1.0,1.2,0.8,2.0,1.2,6.0,7.0,1.8,1.8,16,1.0,H,2.15,3.11,3.49
913,2015,2015-08-02,Coritiba,Goias,1463.7747757327218,1451.524267464774,12.25050826794768,0.8,0.8,0.4,0.8,1.0,1.0,1.2,0.2,7.0,7.0,0.7333333333333333,0.8666666666666667,16,2.0,D,1.93,3.19,4.14
914,2015,2015-08-02,Palmeiras,Athletico-PR,1520.3214780117144,1533.7187877630395,-13.39730975132511,2.6,1.2,2.4,0.6,0.8,1.4,3.0,0.6,7.0,8.0,1.8666666666666667,1.6666666666666667,16,1.0,A,1.49,3.99,6.73
915,2015,2015-08-02,Figueirense,Ponte Preta,1466.7100962130412,1484.3932026353948,-17.683106422353603,0.8,0.6,0.4,1.4,0.2,1.0,1.6,0.6,7.0,7.0,1.0666666666666667,1.2666666666666666,16,1.0,H,2.19,3.13,3.37
916,2015,2015-08-02,Flamengo RJ,Santos,1503.9159241043515,1491.7986779681348,12.117246136216636,1.8,1.2,1.0,1.2,1.4,1.6,1.2,0.2,7.0,7.0,1.2666666666666666,1.0666666666666667,16,2.0,D,1.91,3.34,4.01
917,2015,2015-08-02,Internacional,Chapecoense-SC,1537.5517659426569,1493.4349650535928,44.11680088906405,1.4,1.8,1.2,1.2,1.0,0.8,1.8,0.6,7.0,7.0,1.3333333333333333,1.4666666666666666,16,3.0,D,1.64,3.49,5.65
918,2015,2015-08-02,Joinville,Avai,1440.1378845060283,1486.5375407832134,-46.39965627718516,1.0,1.0,0.6,1.0,1.2,1.8,0.8,1.0,7.0,8.0,0.6,1.1333333333333333,16,,H,2.39,3.09,3.02
919,2015,2015-08-02,Sport Recife,Cruzeiro,1552.4393042147299,1551.6868015315072,0.7525026832227013,1.2,1.4,1.6,1.4,0.8,0.6,2.6,0.6,8.0,7.0,1.8666666666666667,1.1333333333333333,16,2.0,D,2.18,3.2,3.3
920,2015,2015-08-08,Avai,Fluminense,1477.072390827819,1566.4402194950335,-89.36782866721455,0.8,1.8,0.8,1.8,1.2,1.0,1.0,1.4,6.0,7.0,1.0625,1.875,17,,H,2.44,3.16,2.87
921,2015,2015-08-09,Santos,Coritiba,1493.9825439434971,1461.5872574007847,32.39528654271248,1.4,0.8,1.6,1.4,0.6,1.0,2.0,0.4,7.0,7.0,1.0625,0.75,17,1.6666666666666667,H,1.51,3.93,6.35
922,2015,2015-08-09,Athletico-PR,Sport Recife,1545.1932068305196,1550.569069972845,-5.375863142325443,1.8,1.2,1.0,1.0,1.2,1.0,2.0,0.8,7.0,7.0,1.75,1.8125,17,0.0,D,1.79,3.41,4.52
923,2015,2015-08-09,Vasco,Joinville,1447.1253181735774,1449.6030344614228,-2.4777162878453964,0.6,1.4,0.6,2.8,1.0,1.0,1.2,0.8,10.0,7.0,0.75,0.75,17,,D,1.84,3.26,4.46
924,2015,2015-08-09,Cruzeiro,Palmeiras,1553.557035773392,1508.8470589442343,44.70997682915777,1.0,2.0,0.4,0.6,2.0,0.8,2.0,1.4,7.0,7.0,1.125,1.75,17,2.0,H,2.04,3.19,3.7
925,2015,2015-08-09,Goias,Atletico-MG,1453.7117857967112,1601.4021246582677,-147.69033886155648,0.8,2.4,1.2,1.2,1.6,0.6,0.8,2.4,7.0,10.0,0.875,2.1875,17,0.5,D,2.95,3.15,2.39
926,2015,2015-08-09,Ponte Preta,Flamengo RJ,1475.746734455791,1501.7320581289891,-25.98532367319808,0.6,2.0,0.4,1.2,1.2,1.2,1.0,2.4,7.0,7.0,1.1875,1.25,17,1.0,H,2.58,3.1,2.75
927,2015,2015-08-09,Sao Paulo,Corinthians,1569.2216721164325,1603.2636726412177,-34.04200052478518,1.8,2.6,1.8,1.2,2.0,0.2,2.2,1.6,10.0,10.0,1.6875,2.0625,17,1.6666666666666667,D,2.32,3.0,3.22
928,2015,2015-08-09,Chapecoense-SC,Figueirense,1496.4762570145315,1475.356564392645,21.119692621886543,1.4,0.8,0.8,0.8,0.6,1.4,2.0,0.8,7.0,7.0,1.4375,1.1875,17,0.0,D,1.86,3.2,4.45
929,2015,2015-08-09,Gremio,Internacional,1555.998426982222,1534.5104739817182,21.48795300050392,0.8,1.6,0.6,0.8,1.0,0.6,2.6,1.0,8.0,7.0,1.6875,1.3125,17,1.6666666666666667,H,1.81,3.36,4.47
930,2015,2015-08-12,Coritiba,Palmeiras,1454.319326702914,1501.903836667744,-47.58450996482998,0.6,1.4,0.6,1.6,1.6,1.2,1.4,1.4,3.0,3.0,0.7058823529411765,1.6470588235294117,18,2.0,H,2.91,3.11,2.45
931,2015,2015-08-12,Flamengo RJ,Athletico-PR,1492.850294489793,1543.4937370814032,-50.64344259161021,1.4,2.0,0.8,1.2,1.2,0.8,0.8,1.2,3.0,3.0,1.1764705882352942,1.7058823529411764,18,0.0,H,1.83,3.43,4.27
932,2015,2015-08-13,Goias,Chapecoense-SC,1456.0478617990168,1494.047080538067,-37.99921873905009,0.4,1.0,0.4,1.0,1.0,1.2,1.0,0.8,4.0,4.0,0.8823529411764706,1.411764705882353,18,3.0,D,1.8,3.25,4.78
933,2015,2015-08-13,Santos,Vasco,1501.2504746413679,1445.3449588000728,55.90551584129503,2.0,0.8,2.0,0.6,0.6,2.0,2.4,0.6,4.0,4.0,1.1764705882352942,0.7647058823529411,18,2.0,H,1.39,4.44,7.78
934,2015,2015-08-13,Corinthians,Sport Recife,1604.1523647908455,1552.2685397219614,51.88382506888411,2.2,1.4,1.8,0.4,1.2,0.8,3.0,0.8,4.0,4.0,2.0,1.7647058823529411,18,3.0,H,1.53,3.83,6.29
935,2015,2015-08-13,Figueirense,Sao Paulo,1477.7857408691095,1568.3329799668047,-90.54723909769518,1.0,1.4,1.0,1.4,1.2,1.4,1.6,0.6,4.0,4.0,1.1764705882352942,1.6470588235294117,18,0.5,A,2.93,3.14,2.41
936,2015,2015-08-13,Internacional,Fluminense,1526.9496218137951,1555.740004771258,-28.790382957462953,1.6,1.2,0.8,1.2,1.0,1.2,1.4,1.4,4.0,5.0,1.2352941176470589,1.7647058823529411,18,2.0,H,2.02,3.24,3.67
937,2015,2015-08-13,Ponte Preta,Avai,1484.6284980949872,1487.7726055515943,-3.1441074566071165,1.0,1.4,0.6,1.2,1.0,1.2,1.4,0.4,4.0,5.0,1.2941176470588236,1.1764705882352942,18,,H,1.63,3.62,5.43
938,2015,2015-08-14,Atletico-MG,Gremio,1599.066048655962,1563.5592791501451,35.50676950581692,2.0,1.4,1.2,0.4,1.6,0.6,3.0,1.2,5.0,5.0,2.1176470588235294,1.7647058823529411,18,1.6666666666666667,A,1.73,3.44,4.91
939,2015,2015-08-14,Joinville,Cruzeiro,1451.3833938349273,1560.5002580498824,-109.11686421495506,1.0,1.6,0.6,1.0,0.8,0.6,1.4,0.2,5.0,5.0,0.7647058823529411,1.2352941176470589,18,,H,3.32,3.02,2.26
940,2015,2015-08-15,Athletico-PR,Santos,1533.9067169968944,1507.9045210008055,26.002195996088858,2.0,2.0,1.4,1.0,1.6,0.6,1.6,0.2,3.0,2.0,1.6111111111111112,1.2777777777777777,19,2.0,D,2.35,3.18,2.99
941,2015,2015-08-15,Vasco,Coritiba,1438.6909124406352,1463.8184880044596,-25.127575563824394,0.8,1.2,0.6,1.8,0.8,1.2,1.4,0.4,2.0,3.0,0.7222222222222222,0.8333333333333334,19,2.0,A,2.18,3.15,3.37
942,2015,2015-08-16,Sao Paulo,Goias,1577.5989936774213,1455.272277606635,122.32671607078623,1.4,0.6,1.0,1.2,0.4,0.8,1.8,0.2,3.0,3.0,1.7222222222222223,0.8888888888888888,19,1.5,A,1.6,3.64,5.75
943,2015,2015-08-16,Palmeiras,Flamengo RJ,1492.4046753661983,1502.4373145743018,-10.032639208103546,1.2,2.0,1.4,1.2,1.4,1.0,2.4,1.8,4.0,4.0,1.5555555555555556,1.2777777777777777,19,2.0,H,1.96,3.3,3.8
944,2015,2015-08-16,Avai,Corinthians,1479.5343862774344,1610.9096006848442,-131.37521440740989,0.8,2.2,0.6,1.4,2.0,1.0,1.4,1.2,3.0,3.0,1.1111111111111112,2.0555555555555554,19,,A,3.1,3.09,2.34
945,2015,2015-08-16,Cruzeiro,Internacional,1549.2372533806822,1535.911182290988,13.326071089694096,1.0,1.6,0.6,1.2,0.6,1.2,2.0,1.0,2.0,3.0,1.1666666666666667,1.3333333333333333,19,1.6666666666666667,D,1.73,3.42,4.96
946,2015,2015-08-16,Fluminense,Figueirense,1546.7784442940651,1468.519727158493,78.25871713557217,0.6,1.0,0.6,1.2,1.0,1.2,2.4,0.8,3.0,3.0,1.6666666666666667,1.1111111111111112,19,2.0,H,1.66,3.53,5.36
947,2015,2015-08-16,Sport Recife,Ponte Preta,1545.5113038279626,1492.8667173691472,52.64458645881541,1.2,1.6,1.4,1.2,1.0,0.8,2.2,0.4,3.0,3.0,1.6666666666666667,1.3888888888888888,19,3.0,D,1.81,3.46,4.32
948,2015,2015-08-16,Chapecoense-SC,Atletico-MG,1494.8226647304487,1586.2513127648515,-91.42864803440284,1.2,1.4,0.8,0.8,0.8,0.8,2.2,2.0,3.0,2.0,1.3888888888888888,2.0,19,1.0,H,3.16,3.18,2.26
949,2015,2015-08-16,Gremio,Joinville,1576.3740150412557,1462.6463985041275,113.72761653712814,1.4,1.6,1.6,0.6,1.2,0.6,2.6,1.0,2.0,2.0,1.8333333333333333,0.8888888888888888,19,,H,1.39,4.28,8.39
950,2015,2015-08-22,Goias,Vasco,1470.195869107626,1427.548303594147,42.647565513479094,1.2,0.2,0.8,0.4,0.2,1.8,1.2,0.6,6.0,7.0,1.0,0.6842105263157895,20,1.0,H,1.66,3.56,5.28
951,2015,2015-08-22,Santos,Avai,1510.4654761738382,1471.4219108798218,39.04356529401639,2.2,0.6,1.6,0.4,0.6,1.6,2.4,0.2,7.0,6.0,1.263157894736842,1.0526315789473684,20,,H,1.4,4.38,7.95
952,2015,2015-08-23,Figueirense,Sport Recife,1462.4242344964264,1542.2489597108956,-79.82472521446925,0.8,0.8,1.2,1.6,1.2,1.4,1.4,0.6,7.0,7.0,1.0526315789473684,1.631578947368421,20,2.0,H,2.13,3.22,3.41
953,2015,2015-08-23,Coritiba,Chapecoense-SC,1474.9610968509478,1505.5818785848553,-30.620781733907506,1.6,1.8,1.0,1.2,1.2,0.8,1.4,0.4,8.0,7.0,0.9473684210526315,1.4736842105263157,20,3.0,H,1.92,3.21,4.19
954,2015,2015-08-23,Ponte Preta,Gremio,1496.1290614862141,1581.640200572136,-85.51113908592197,1.6,2.0,1.0,0.8,2.0,0.6,1.4,1.2,7.0,7.0,1.368421052631579,1.894736842105263,20,1.0,D,2.52,3.09,2.84
955,2015,2015-08-23,Corinthians,Cruzeiro,1619.0220760824568,1547.02027927819,72.00179680426686,2.2,1.0,2.2,1.2,0.4,1.0,3.0,0.2,7.0,7.0,2.1052631578947367,1.1578947368421053,20,2.3333333333333335,H,1.98,3.22,3.91
956,2015,2015-08-23,Flamengo RJ,Sao Paulo,1494.0063333299017,1562.6754021764302,-68.66906884652849,1.4,1.4,1.6,1.8,1.0,1.4,1.4,1.2,7.0,7.0,1.2105263157894737,1.631578947368421,20,1.3333333333333333,H,1.95,3.34,3.85
957,2015,2015-08-23,Internacional,Athletico-PR,1538.1281563934804,1531.3457618238617,6.782394569618646,1.2,1.6,0.2,1.0,1.2,1.0,1.4,1.2,7.0,8.0,1.3157894736842106,1.5789473684210527,20,2.0,H,1.88,3.3,4.22
958,2015,2015-08-23,Joinville,Fluminense,1457.3802129732471,1552.8739369561317,-95.4937239828846,1.4,1.2,1.2,0.8,0.8,1.0,1.4,0.8,7.0,7.0,0.8421052631578947,1.736842105263158,20,,H,2.55,3.06,2.82
959,2015,2015-08-23,Atletico-MG,Palmeiras,1575.4920989104448,1500.8356566105983,74.6564422998465,1.4,1.2,1.0,1.0,2.0,1.6,2.4,1.4,7.0,7.0,1.894736842105263,1.631578947368421,20,3.0,H,1.61,3.78,5.39
960,2015,2015-08-29,Vasco,Figueirense,1420.5511697809543,1472.8506656260163,-52.29949584506198,0.2,1.4,0.0,1.6,1.6,1.6,0.8,0.8,7.0,6.0,0.65,1.15,21,3.0,A,2.04,3.15,3.8
961,2015,2015-08-30,Sao Paulo,Ponte Preta,1552.5698018116225,1496.718734635984,55.85106717563849,0.8,1.6,1.0,1.8,1.0,0.8,1.6,0.6,7.0,7.0,1.55,1.35,21,3.0,H,1.75,3.47,4.74
962,2015,2015-08-30,Avai,Internacional,1464.3301077896153,1546.090997027651,-81.76088923803559,0.6,1.6,0.8,2.2,0.6,1.0,1.4,1.0,8.0,7.0,1.0,1.4,21,,H,2.84,3.13,2.49
963,2015,2015-08-30,Gremio,Coritiba,1581.0505274223663,1483.9748003721402,97.07572705022608,2.0,2.0,1.8,0.4,1.0,1.0,2.6,0.8,7.0,7.0,1.85,1.05,21,0.3333333333333333,D,1.52,3.8,6.72
964,2015,2015-08-30,Chapecoense-SC,Corinthians,1496.568175063663,1625.2712666776679,-128.70309161400496,1.2,2.6,0.8,0.8,2.6,1.0,2.6,1.8,7.0,7.0,1.4,2.15,21,0.0,A,2.5,2.95,2.99
965,2015,2015-08-30,Fluminense,Atletico-MG,1541.998503759173,1581.6758209157283,-39.67731715655532,1.2,1.4,0.8,1.0,1.2,1.2,2.4,1.4,7.0,7.0,1.65,1.95,21,1.0,A,2.73,3.23,2.51
966,2015,2015-08-30,Palmeiras,Joinville,1494.6519346053149,1468.2556461702059,26.396288435109,0.6,2.0,1.4,1.8,1.6,0.6,2.4,1.0,7.0,7.0,1.55,0.95,21,,H,1.42,4.16,7.67
967,2015,2015-08-30,Sport Recife,Flamengo RJ,1531.8225285813057,1504.1119336947095,27.710594886596255,0.6,1.4,1.2,1.6,1.8,2.0,1.8,1.8,7.0,7.0,1.55,1.3,21,1.0,A,2.16,3.3,3.26
968,2015,2015-08-30,Athletico-PR,Goias,1523.3829211896912,1477.1930029208188,46.18991826887236,1.0,1.8,0.8,1.2,1.4,0.2,1.6,0.8,7.0,8.0,1.5,1.1,21,3.0,H,1.97,3.23,3.92
969,2015,2015-08-30,Cruzeiro,Santos,1540.7710886829789,1517.5572792640446,23.21380941893426,1.0,2.2,0.4,1.4,2.2,0.8,2.2,0.4,7.0,8.0,1.1,1.35,21,1.3333333333333333,A,2.05,3.24,3.64
970,2015,2015-09-02,Internacional,Vasco,1535.6089537455439,1410.18578262383,125.42317112171395,1.4,0.2,0.6,1.6,0.0,1.2,2.0,0.6,3.0,4.0,1.3333333333333333,0.6190476190476191,22,2.0,H,1.51,3.84,6.64
971,2015,2015-09-02,Joinville,Sao Paulo,1460.8271972303164,1559.2252399528409,-98.39804272252445,1.4,1.4,1.6,1.2,1.4,1.2,2.0,1.2,3.0,3.0,0.9047619047619048,1.619047619047619,22,,D,2.85,3.18,2.44
972,2015,2015-09-02,Ponte Preta,Cruzeiro,1490.0632964947656,1528.2852789649355,-38.221982470169905,1.6,0.8,0.8,0.8,0.4,1.6,1.6,0.2,3.0,3.0,1.2857142857142858,1.0476190476190477,22,1.5,A,2.3,3.11,3.13
973,2015,2015-09-03,Atletico-MG,Athletico-PR,1592.4033784723258,1530.287577912101,62.1158005602249,1.4,1.0,1.0,1.2,1.2,1.2,2.4,1.2,4.0,4.0,2.0,1.5714285714285714,22,1.5,A,1.4,4.41,7.72
974,2015,2015-09-03,Flamengo RJ,Avai,1516.7187774648228,1474.8121510717224,41.906626393100396,1.8,1.2,1.6,1.6,1.4,1.8,2.0,0.2,4.0,4.0,1.380952380952381,1.0952380952380953,22,,H,1.59,3.72,5.79
975,2015,2015-09-03,Corinthians,Fluminense,1633.4580182073423,1531.2709462025755,102.18707200476683,2.6,0.6,2.6,1.2,0.8,1.4,3.0,0.6,4.0,4.0,2.1904761904761907,1.5714285714285714,22,1.3333333333333333,H,1.76,3.36,4.8
976,2015,2015-09-03,Coritiba,Sport Recife,1488.3284014853946,1519.2156848111924,-30.887283325797853,2.0,0.4,0.8,0.8,1.2,1.8,1.8,0.4,4.0,4.0,1.0476190476190477,1.4761904761904763,22,0.0,D,1.96,3.28,3.85
977,2015,2015-09-03,Goias,Palmeiras,1470.288346198409,1502.0803835452043,-31.79203734679527,1.6,1.2,1.2,0.6,2.0,2.0,1.6,0.8,4.0,4.0,1.0476190476190477,1.619047619047619,22,3.0,H,2.33,3.11,3.09
978,2015,2015-09-03,Santos,Chapecoense-SC,1530.043088982088,1488.3814235339885,41.661665448099484,2.6,1.0,2.0,0.4,1.0,1.4,3.0,0.4,4.0,4.0,1.4285714285714286,1.3333333333333333,22,3.0,H,1.48,3.96,6.98
979,2015,2015-09-04,Figueirense,Gremio,1483.2160527831406,1576.6969263091119,-93.48087352597122,1.4,2.2,1.2,1.4,1.8,0.2,1.4,0.8,6.0,5.0,1.2380952380952381,1.8095238095238095,22,0.0,A,2.54,2.99,2.91
980,2015,2015-09-05,Sao Paulo,Internacional,1558.2669169753544,1540.6181408670343,17.648776108320135,1.4,2.0,1.2,1.0,1.8,0.6,2.0,1.0,3.0,3.0,1.5909090909090908,1.4090909090909092,23,0.6666666666666666,H,2.2,3.26,3.24
981,2015,2015-09-05,Vasco,Atletico-MG,1405.1765955023395,1578.8996502658754,-173.72305476353586,0.0,1.2,0.0,2.4,1.0,1.4,0.2,1.4,3.0,2.0,0.5909090909090909,1.9090909090909092,23,2.0,A,4.76,3.65,1.7
982,2015,2015-09-06,Athletico-PR,Joinville,1543.7913061185513,1461.7855202078028,82.0057859107485,1.4,1.4,1.2,1.0,1.6,1.2,1.6,0.8,3.0,4.0,1.6363636363636365,0.9090909090909091,23,,D,1.53,3.77,6.53
983,2015,2015-09-06,Chapecoense-SC,Ponte Preta,1481.358450052958,1479.2940857059418,2.0643643470161805,0.8,1.0,0.8,1.6,0.8,1.2,2.0,0.6,3.0,4.0,1.2727272727272727,1.2272727272727273,23,,D,1.96,3.22,4.01
984,2015,2015-09-06,Cruzeiro,Figueirense,1539.0544897537593,1474.033966958316,65.02052279544341,0.8,1.2,0.4,1.6,0.8,1.4,1.6,0.8,4.0,2.0,1.1363636363636365,1.1818181818181819,23,3.0,H,1.51,3.82,6.89
985,2015,2015-09-06,Avai,Coritiba,1467.7956019164092,1487.3497014947504,-19.554099578341265,0.6,2.2,1.2,2.4,0.8,0.2,1.8,1.0,3.0,3.0,1.0454545454545454,1.0454545454545454,23,,A,2.13,3.15,3.52
986,2015,2015-09-06,Fluminense,Flamengo RJ,1525.7430121542193,1523.735326620136,2.0076855340832935,0.6,2.4,0.8,1.6,2.2,1.4,1.8,1.8,3.0,3.0,1.5,1.4545454545454546,23,2.0,A,3.27,3.15,2.22
987,2015,2015-09-06,Gremio,Goias,1585.8790121339366,1479.3354442045588,106.54356792937779,2.2,2.0,1.2,0.2,1.4,0.6,2.2,0.8,2.0,3.0,1.8636363636363635,1.1363636363636365,23,2.0,H,1.74,3.36,5.06
988,2015,2015-09-06,Palmeiras,Corinthians,1493.0332855390545,1638.9859522556985,-145.952666716644,1.2,3.0,1.8,1.8,2.8,1.0,2.4,2.2,3.0,3.0,1.5454545454545454,2.227272727272727,23,0.5,D,2.16,3.2,3.36
989,2015,2015-09-06,Sport Recife,Santos,1520.1943848018366,1537.0660624631184,-16.871677661281865,0.4,2.6,1.0,1.6,2.0,0.6,1.2,1.0,3.0,3.0,1.4545454545454546,1.5,23,3.0,D,2.18,3.28,3.24
990,2015,2015-09-09,Atletico-MG,Avai,1585.868646537084,1456.4949730715798,129.37367346550423,1.8,0.6,1.4,1.2,1.2,2.4,1.8,0.2,4.0,3.0,1.9565217391304348,1.0,24,,H,1.26,5.58,10.76
991,2015,2015-09-09,Internacional,Palmeiras,1532.9530858491153,1495.3220218028428,37.63106404627251,1.4,1.4,1.6,1.0,2.2,2.0,2.6,0.6,4.0,3.0,1.3478260869565217,1.5217391304347827,24,3.0,H,1.79,3.48,4.48
992,2015,2015-09-09,Ponte Preta,Vasco,1481.2007317709251,1398.2075992311309,82.99313253979426,0.6,0.0,0.4,1.2,0.2,2.6,1.6,0.6,3.0,4.0,1.2173913043478262,0.5652173913043478,24,2.0,A,1.71,3.48,5.02
993,2015,2015-09-10,Figueirense,Athletico-PR,1467.6108204860009,1539.7957781060397,-72.18495762003886,1.2,1.6,1.0,2.0,0.8,0.4,1.4,1.8,4.0,4.0,1.1304347826086956,1.608695652173913,24,0.0,D,2.51,3.06,2.89
994,2015,2015-09-10,Corinthians,Gremio,1636.6972159919103,1591.3071979398528,45.390018052057485,2.6,2.2,2.6,1.0,1.2,0.4,3.0,1.4,4.0,4.0,2.1739130434782608,1.9130434782608696,24,3.0,D,1.89,3.24,4.28
995,2015,2015-09-10,Coritiba,Fluminense,1498.6503303395798,1513.8379381811342,-15.187607841554382,2.2,0.6,0.8,0.0,1.0,2.0,1.8,0.0,4.0,4.0,1.1304347826086956,1.434782608695652,24,2.0,D,2.18,3.12,3.42
996,2015,2015-09-10,Santos,Sao Paulo,1538.442513922542,1565.9319719932735,-27.489458070731416,2.2,1.4,2.0,0.8,1.2,1.0,3.0,0.8,4.0,5.0,1.4782608695652173,1.6521739130434783,24,1.3333333333333333,H,2.11,3.23,3.48
997,2015,2015-09-10,Goias,Sport Recife,1473.9072583986426,1518.817933342413,-44.910674943770346,1.8,0.6,1.6,1.0,0.6,1.0,1.6,0.6,4.0,4.0,1.0869565217391304,1.434782608695652,24,1.0,H,1.89,3.25,4.23
998,2015,2015-09-11,Flamengo RJ,Cruzeiro,1535.640400593221,1545.4776362260743,-9.837235632853208,2.4,1.4,2.2,1.2,1.4,1.2,2.6,0.8,5.0,5.0,1.5217391304347827,1.2173913043478262,24,1.6666666666666667,H,2.0,3.21,3.84
999,2015,2015-09-11,Joinville,Chapecoense-SC,1465.7810482203145,1479.4518039879747,-13.67075576766024,1.0,0.8,1.0,1.2,0.8,1.6,2.2,0.4,5.0,5.0,0.9130434782608695,1.2608695652173914,24,,D,2.35,3.0,3.19
1000,2015,2015-09-12,Coritiba,Internacional,1497.2263578805273,1540.0821493965075,-42.85579151598017,1.8,1.8,0.8,0.2,1.8,1.0,1.8,0.4,2.0,3.0,1.125,1.4166666666666667,25,1.6666666666666667,A,2.35,3.08,3.11
1001,2015,2015-09-13,Palmeiras,Figueirense,1488.1929582554505,1467.8175907148461,20.37536754060443,0.8,1.4,1.4,1.8,1.0,1.8,2.0,0.8,4.0,3.0,1.4583333333333333,1.125,25,3.0,H,1.45,4.23,6.96
1002,2015,2015-09-13,Corinthians,Joinville,1633.6227046359695,1464.3143293580763,169.30837527789322,2.2,1.2,2.4,1.0,0.8,0.8,2.6,0.4,3.0,2.0,2.125,0.9166666666666666,25,,H,1.36,4.37,9.66
1003,2015,2015-09-13,Ponte Preta,Santos,1467.1813495257447,1547.3670491169994,-80.18569959125466,0.4,2.6,0.2,1.2,2.6,0.8,1.4,1.2,4.0,3.0,1.1666666666666667,1.5416666666666667,25,3.0,H,2.98,3.16,2.38
1004,2015,2015-09-13,Chapecoense-SC,Flamengo RJ,1480.9185228502129,1544.0658966121052,-63.14737376189237,0.4,3.0,0.4,1.4,2.2,0.4,1.6,1.8,2.0,2.0,1.25,1.5833333333333333,25,3.0,A,2.66,2.93,2.83
1005,2015,2015-09-13,Cruzeiro,Atletico-MG,1537.0521402071902,1590.7929362775242,-53.740796070334,1.2,2.4,1.4,1.6,1.6,0.8,1.6,1.4,2.0,4.0,1.1666666666666667,2.0,25,1.3333333333333333,D,2.59,3.12,2.73
1006,2015,2015-09-13,Gremio,Sao Paulo,1594.3817092957936,1557.0074367988161,37.37427249697748,1.8,1.4,1.0,0.4,1.2,1.0,2.2,0.8,3.0,3.0,1.875,1.5833333333333333,25,1.3333333333333333,A,1.88,3.37,4.1
1007,2015,2015-09-13,Vasco,Athletico-PR,1412.2269814763113,1539.5890078771945,-127.36202640088322,0.6,1.6,0.4,2.4,1.0,0.6,0.2,1.4,4.0,3.0,0.6666666666666666,1.5833333333333333,25,1.0,H,2.3,3.11,3.16
1008,2015,2015-09-13,Avai,Goias,1451.5706833311397,1483.329684677591,-31.75900134645144,0.6,1.8,1.0,2.4,1.2,1.0,1.2,0.8,4.0,3.0,0.9583333333333334,1.1666666666666667,25,,H,2.16,3.09,3.5
1009,2015,2015-09-13,Sport Recife,Fluminense,1509.3955070634645,1515.2619106401867,-5.866403576722178,0.4,0.2,0.4,1.0,0.8,2.0,1.2,0.2,3.0,3.0,1.375,1.4166666666666667,25,1.0,H,2.08,3.3,3.46
1010,2015,2015-09-16,Fluminense,Palmeiras,1506.9476660004318,1495.7839514696998,11.163714530732022,0.2,1.4,0.6,1.8,1.6,1.4,1.2,0.0,3.0,3.0,1.36,1.52,26,3.0,A,2.26,3.18,3.16
1011,2015,2015-09-16,Goias,Ponte Preta,1474.2835288814733,1477.6181509769303,-3.334622095457007,1.2,0.8,0.8,1.4,0.8,1.4,2.2,0.6,3.0,3.0,1.12,1.24,26,3.0,A,1.8,3.44,4.46
1012,2015,2015-09-16,Joinville,Sport Recife,1460.192955701515,1517.7097517032194,-57.51679600170428,0.6,1.0,0.4,1.2,0.4,0.6,2.2,0.4,3.0,3.0,0.88,1.44,26,,D,2.59,3.01,2.81
1013,2015,2015-09-17,Athletico-PR,Gremio,1527.8131152425012,1581.5175561450799,-53.70444090257865,1.6,1.6,1.0,0.6,1.2,0.8,1.8,1.6,4.0,4.0,1.52,1.8,26,2.0,A,2.61,3.08,2.73
1014,2015,2015-09-17,Figueirense,Avai,1460.2265975005969,1460.6168391272574,-0.3902416266605542,0.8,1.2,0.6,2.0,1.0,1.6,1.4,0.0,4.0,4.0,1.08,1.04,26,,A,2.12,3.13,3.55
1015,2015,2015-09-17,Cruzeiro,Vasco,1536.7281876637771,1424.0028741110045,112.7253135527726,1.4,1.2,1.6,1.2,0.8,1.8,1.6,0.6,4.0,4.0,1.16,0.76,26,2.0,D,1.39,4.39,8.12
1016,2015,2015-09-17,Internacional,Corinthians,1550.7186493002343,1637.7440782925307,-87.02542899229638,1.8,2.2,1.6,1.0,2.4,1.0,2.6,1.8,5.0,4.0,1.48,2.16,26,1.0,H,2.29,3.08,3.2
1017,2015,2015-09-17,Santos,Atletico-MG,1536.9302476658138,1591.1168888209372,-54.186641155123425,2.0,2.0,1.8,1.0,1.4,0.8,3.0,1.6,4.0,4.0,1.48,1.96,26,1.3333333333333333,H,2.13,3.39,3.25
1018,2015,2015-09-17,Sao Paulo,Chapecoense-SC,1569.8715899495298,1470.8652004861042,99.00638946342565,2.0,0.4,1.4,0.8,0.6,1.8,2.0,0.6,4.0,4.0,1.64,1.2,26,0.0,D,1.45,4.05,7.53
1019,2015,2015-09-18,Flamengo RJ,Coritiba,1554.119218976214,1486.5898579768004,67.52936099941348,3.0,1.2,2.4,0.4,0.6,0.4,2.6,1.6,5.0,6.0,1.64,1.08,26,2.3333333333333335,A,1.56,3.69,6.09
1020,2015,2015-09-19,Internacional,Figueirense,1561.3517442318619,1448.3881230585002,112.96362117336162,2.4,0.2,2.0,0.6,0.4,2.2,3.0,0.8,2.0,2.0,1.5384615384615385,1.0384615384615385,27,0.0,D,1.67,3.51,5.38
1021,2015,2015-09-19,Palmeiras,Gremio,1507.941665909776,1591.8425539726552,-83.90088806287918,1.4,2.0,1.8,1.2,1.6,1.0,2.0,2.2,3.0,2.0,1.5769230769230769,1.8461538461538463,27,2.0,H,1.94,3.31,3.93
1022,2015,2015-09-20,Ponte Preta,Fluminense,1489.3746179371635,1494.7899515603556,-5.415333623192055,1.4,0.2,1.2,1.0,0.6,2.2,1.4,0.2,4.0,4.0,1.3076923076923077,1.3076923076923077,27,0.5,H,2.43,3.13,2.91
1023,2015,2015-09-20,Corinthians,Santos,1627.1109833609032,1546.61911463431,80.49186872659311,1.6,2.0,2.0,1.2,2.4,1.0,2.6,1.2,3.0,3.0,2.076923076923077,1.5384615384615385,27,1.6666666666666667,H,2.16,3.23,3.32
1024,2015,2015-09-20,Goias,Joinville,1462.5270619212401,1459.97760507636,2.549456844880069,1.2,0.8,1.0,1.2,0.2,0.8,2.0,0.4,4.0,4.0,1.0769230769230769,0.8846153846153846,27,,H,1.58,3.66,6.01
1025,2015,2015-09-20,Atletico-MG,Flamengo RJ,1581.428021852441,1540.4795570798942,40.948464772546686,1.4,2.4,1.0,1.4,2.2,0.8,1.8,1.8,3.0,2.0,1.8846153846153846,1.5769230769230769,27,2.3333333333333335,H,1.7,3.63,4.72
1026,2015,2015-09-20,Avai,Sao Paulo,1472.455313569354,1565.473061505761,-93.01774793640698,1.2,1.6,0.6,1.6,0.8,0.8,1.8,1.4,3.0,3.0,1.1153846153846154,1.6153846153846154,27,,H,2.52,3.13,2.8
1027,2015,2015-09-20,Vasco,Sport Recife,1428.7142741157124,1517.9251023283744,-89.21082821266191,1.4,1.2,1.2,2.0,0.6,0.6,0.8,0.4,3.0,4.0,0.7692307692307693,1.4230769230769231,27,0.0,H,2.12,3.2,3.44
1028,2015,2015-09-20,Chapecoense-SC,Cruzeiro,1475.263728929873,1532.0167876590692,-56.753058729196255,0.6,1.6,0.4,1.2,2.0,1.4,1.0,0.8,3.0,3.0,1.1923076923076923,1.1538461538461537,27,1.0,A,2.65,2.95,2.8
1029,2015,2015-09-20,Coritiba,Athletico-PR,1500.2295198731201,1517.488117414926,-17.258597541805784,1.6,1.0,1.0,0.4,0.6,1.0,1.6,0.8,2.0,3.0,1.1538461538461537,1.4615384615384615,27,3.0,H,2.6,2.98,2.82
1030,2015,2015-09-26,Fluminense,Goias,1486.4883180478332,1470.6069649248536,15.88135312297959,0.2,1.2,0.8,2.4,1.4,1.2,1.2,0.8,6.0,6.0,1.2592592592592593,1.1481481481481481,28,3.0,H,1.87,3.34,4.17
1031,2015,2015-09-27,Gremio,Avai,1581.2990787134133,1483.2599856569989,98.03909305641446,1.4,1.8,1.6,1.6,1.0,1.2,2.0,0.6,8.0,7.0,1.7777777777777777,1.1851851851851851,28,,H,1.47,3.99,7.19
1032,2015,2015-09-27,Athletico-PR,Ponte Preta,1508.8536417477512,1497.6762514496859,11.177390298065347,0.4,2.0,0.4,1.4,1.6,0.8,1.2,1.0,7.0,7.0,1.4074074074074074,1.3703703703703705,28,3.0,A,1.91,3.31,4.06
1033,2015,2015-09-27,Santos,Internacional,1540.5779612429155,1556.6350094293239,-16.057048186408338,1.4,2.0,1.8,1.2,1.0,0.8,3.0,0.8,7.0,8.0,1.4814814814814814,1.5185185185185186,28,0.6666666666666666,H,1.72,3.51,4.83
1034,2015,2015-09-27,Figueirense,Corinthians,1453.1048578610382,1633.1521367522978,-180.04727889125957,0.4,1.6,0.6,2.0,2.0,1.2,0.8,1.6,8.0,7.0,1.037037037037037,2.111111111111111,28,3.0,A,3.12,3.13,2.31
1035,2015,2015-09-27,Flamengo RJ,Vasco,1533.4378639136642,1439.4099920170636,94.02787189660057,1.8,2.0,1.8,1.6,1.6,1.0,2.4,0.8,7.0,7.0,1.5185185185185186,0.8518518518518519,28,2.0,A,1.73,3.51,4.84
1036,2015,2015-09-27,Joinville,Atletico-MG,1451.8977020727466,1588.469715018671,-136.57201294592437,0.6,2.0,0.2,1.4,1.8,1.4,1.8,1.4,7.0,7.0,0.8518518518518519,1.9259259259259258,28,,D,4.38,3.47,1.8
1037,2015,2015-09-27,Sao Paulo,Palmeiras,1554.6683894181162,1518.4851411690179,36.18324824909837,1.4,2.0,1.0,1.2,2.4,1.4,1.6,0.6,7.0,8.0,1.5555555555555556,1.6296296296296295,28,3.0,D,2.13,3.31,3.32
1038,2015,2015-09-27,Cruzeiro,Coritiba,1542.254109140091,1508.8639955402948,33.39011359979622,1.6,2.0,2.0,1.2,1.4,0.4,1.2,2.0,7.0,7.0,1.2222222222222223,1.2222222222222223,28,3.0,H,1.46,3.99,7.47
1039,2015,2015-09-27,Sport Recife,Chapecoense-SC,1507.2293844270232,1465.0264074488512,42.202976978172046,1.0,0.6,0.8,1.0,0.2,1.0,1.2,0.6,7.0,7.0,1.3703703703703705,1.1481481481481481,28,3.0,H,1.8,3.31,4.68
1040,2015,2015-10-03,Coritiba,Atletico-MG,1501.6225402263417,1586.4383603432475,-84.8158201169058,1.4,1.6,1.0,0.8,1.8,1.6,1.6,1.6,6.0,6.0,1.1785714285714286,1.8928571428571428,29,2.3333333333333335,A,3.06,3.27,2.26
1041,2015,2015-10-03,Internacional,Sport Recife,1548.0344561165643,1514.2381651284675,33.79629098809687,2.0,1.4,1.2,1.0,1.2,0.8,2.6,0.4,6.0,6.0,1.4642857142857142,1.4285714285714286,29,2.0,H,1.68,3.6,5.0
1042,2015,2015-10-04,Sao Paulo,Athletico-PR,1551.835735352772,1496.6955520165388,55.14018333623312,1.0,0.2,0.8,1.4,0.6,1.8,1.6,0.8,7.0,7.0,1.5357142857142858,1.3571428571428572,29,2.0,H,1.75,3.46,4.73
1043,2015,2015-10-04,Avai,Vasco,1477.6360320172146,1453.692225202111,23.94380681510347,1.8,2.6,1.2,1.4,1.8,0.8,1.8,1.4,7.0,7.0,1.1428571428571428,0.9285714285714286,29,,D,2.02,3.25,3.71
1044,2015,2015-10-04,Flamengo RJ,Joinville,1519.1556307286166,1453.92905674817,65.22657398044657,1.2,0.6,1.4,1.8,0.6,1.8,1.8,0.2,7.0,7.0,1.4642857142857142,0.8571428571428571,29,,H,1.4,4.28,8.09
1045,2015,2015-10-04,Cruzeiro,Gremio,1549.4955644540441,1586.9230323531976,-37.4274678991535,1.6,1.4,1.4,1.0,1.8,1.6,1.6,1.6,7.0,7.0,1.2857142857142858,1.8214285714285714,29,2.0,D,2.06,3.19,3.67
1046,2015,2015-10-04,Goias,Figueirense,1462.8937560471359,1446.3002396493514,16.59351639778447,1.2,0.4,1.2,1.2,0.6,1.6,2.4,0.8,8.0,7.0,1.1071428571428572,1.0,29,3.0,A,1.63,3.53,5.7
1047,2015,2015-10-04,Ponte Preta,Corinthians,1509.8343411808983,1639.9567549639846,-130.12241378308636,2.4,2.0,2.0,1.0,2.0,0.8,1.4,2.0,7.0,7.0,1.4285714285714286,2.142857142857143,29,3.0,D,3.06,3.11,2.35
1048,2015,2015-10-04,Santos,Fluminense,1549.178514555675,1494.201526925551,54.976987630124086,1.8,0.8,2.2,1.2,1.0,1.8,3.0,0.2,7.0,8.0,1.5357142857142858,1.3214285714285714,29,1.3333333333333333,H,1.51,3.92,6.42
1049,2015,2015-10-04,Chapecoense-SC,Palmeiras,1458.017626747407,1521.3177952343622,-63.30016848695527,0.4,2.0,0.2,1.6,2.0,1.0,0.8,0.8,7.0,7.0,1.1071428571428572,1.6071428571428572,29,3.0,H,2.73,3.04,2.64
1050,2015,2015-10-14,Atletico-MG,Internacional,1595.8686328216065,1555.2651138063713,40.60351901523518,1.6,2.0,2.0,1.6,1.4,1.2,1.8,0.8,11.0,11.0,1.9310344827586208,1.5172413793103448,30,3.0,H,1.46,4.29,6.61
1051,2015,2015-10-14,Sport Recife,Avai,1507.0075074386605,1475.1305199276367,31.8769875110238,1.4,2.0,1.4,1.0,1.4,1.2,1.6,0.6,11.0,10.0,1.3793103448275863,1.1379310344827587,30,,H,1.77,3.49,4.56
1052,2015,2015-10-15,Figueirense,Flamengo RJ,1458.6064474399582,1525.5736064263099,-66.9671589863517,0.8,1.2,1.0,1.8,1.4,1.8,0.8,1.8,11.0,11.0,1.0689655172413792,1.5172413793103448,30,0.0,H,2.93,3.13,2.44
1053,2015,2015-10-15,Joinville,Coritiba,1447.5110810504768,1492.1922677479827,-44.68118669750584,0.4,1.2,0.6,2.2,0.8,1.2,1.4,2.0,11.0,12.0,0.8275862068965517,1.1379310344827587,30,,H,2.55,3.01,2.87
1054,2015,2015-10-15,Palmeiras,Ponte Preta,1511.3667199277802,1511.6870684239475,-0.32034849616729844,2.0,2.6,2.2,1.8,2.4,1.2,2.6,1.6,11.0,11.0,1.5517241379310345,1.4137931034482758,30,3.0,A,1.58,3.93,5.51
1055,2015,2015-10-15,Athletico-PR,Cruzeiro,1490.021929348353,1548.7036250416659,-58.681695693312804,0.0,1.8,0.4,1.8,1.4,0.6,1.0,1.2,11.0,11.0,1.3103448275862069,1.2758620689655173,30,0.5,D,2.31,3.12,3.14
1056,2015,2015-10-15,Fluminense,Sao Paulo,1487.5237261844711,1558.5093580209577,-70.98563183648662,0.6,1.6,1.0,2.2,1.0,0.8,1.2,0.8,11.0,11.0,1.2758620689655173,1.5862068965517242,30,3.0,H,2.33,3.2,3.02
1057,2015,2015-10-15,Corinthians,Goias,1638.1040277209354,1450.587548256529,187.5164794644063,2.0,0.6,2.2,1.0,1.4,1.8,2.6,0.6,11.0,11.0,2.103448275862069,1.0689655172413792,30,1.5,H,1.59,3.7,5.87
1058,2015,2015-10-15,Vasco,Chapecoense-SC,1456.197737291689,1467.9687020539889,-11.770964762299855,2.2,0.8,1.8,1.0,1.2,1.8,1.2,0.4,11.0,11.0,0.9310344827586207,1.1724137931034482,30,,D,2.12,3.16,3.52
1059,2015,2015-10-16,Gremio,Santos,1587.714971765576,1555.856315296755,31.858656468820982,1.4,1.8,1.6,1.4,2.2,1.4,2.0,1.0,12.0,12.0,1.793103448275862,1.5862068965517242,30,1.0,H,1.99,3.31,3.74
1060,2015,2015-10-17,Avai,Palmeiras,1467.8487792644464,1499.5263018663395,-31.677522601893088,1.4,1.4,1.0,1.6,1.8,2.0,2.0,0.8,3.0,2.0,1.1,1.5,31,,A,2.54,3.15,2.76
1061,2015,2015-10-18,Joinville,Figueirense,1456.9269244132229,1468.6630662219086,-11.736141808685716,1.0,1.4,1.2,1.8,1.6,1.4,1.4,1.4,3.0,3.0,0.9,1.1333333333333333,31,,H,2.36,3.09,3.08
1062,2015,2015-10-18,Cruzeiro,Fluminense,1548.8854604133144,1497.6959894749177,51.18947093839665,1.8,1.2,1.6,0.8,1.4,2.0,1.8,0.2,3.0,3.0,1.2666666666666666,1.3333333333333333,31,2.3333333333333335,H,1.71,3.49,4.97
1063,2015,2015-10-18,Ponte Preta,Coritiba,1523.5274864853882,1482.7764243852366,40.75106210015156,2.6,1.2,2.0,1.0,1.0,1.6,1.4,1.4,3.0,3.0,1.4666666666666666,1.1,31,3.0,H,1.77,3.39,4.72
1064,2015,2015-10-18,Athletico-PR,Corinthians,1489.8400939767046,1641.8929853043592,-152.0528913276546,0.2,2.0,0.8,1.8,2.2,1.0,1.0,1.6,3.0,3.0,1.3,2.1333333333333333,31,2.0,A,2.88,3.13,2.46
1065,2015,2015-10-18,Flamengo RJ,Internacional,1515.5169876443595,1548.2143585307838,-32.69737088642432,0.6,1.4,0.8,2.2,1.4,1.6,1.8,0.6,3.0,4.0,1.4666666666666666,1.4666666666666666,31,2.3333333333333335,A,1.79,3.46,4.43
1066,2015,2015-10-18,Sao Paulo,Vasco,1548.3370947305111,1454.6775577769608,93.65953695355029,1.0,1.8,0.6,1.0,1.6,1.2,2.2,1.6,3.0,3.0,1.5333333333333334,0.9333333333333333,31,1.5,D,1.49,3.97,6.8
1067,2015,2015-10-18,Gremio,Chapecoense-SC,1594.9972010608406,1469.488881568717,125.50831949212352,2.0,1.0,1.6,1.0,1.2,1.4,2.0,0.6,2.0,3.0,1.8333333333333333,1.1666666666666667,31,3.0,A,1.5,3.89,6.84
1068,2015,2015-10-18,Santos,Goias,1548.5740860014903,1446.7985906731053,101.77549532838498,1.8,0.6,2.0,1.0,1.2,2.0,3.0,0.0,2.0,3.0,1.5333333333333334,1.0333333333333334,31,3.0,H,1.5,3.93,6.7
1069,2015,2015-10-18,Sport Recife,Atletico-MG,1514.2892481018507,1602.919388097194,-88.63013999534337,1.4,2.0,1.8,1.0,2.2,1.6,2.0,1.6,4.0,4.0,1.4333333333333333,1.9666666666666666,31,1.5,H,3.0,3.28,2.3
1070,2015,2015-10-24,Fluminense,Athletico-PR,1490.9208584279804,1482.2945285714377,8.626329856542725,1.2,0.2,1.2,1.6,0.8,2.2,1.2,0.8,6.0,6.0,1.2903225806451613,1.2580645161290323,32,3.0,A,1.95,3.28,3.94
1071,2015,2015-10-24,Figueirense,Santos,1460.1842248446221,1554.111502046025,-93.92727720140283,1.4,1.8,1.6,1.4,1.8,1.2,0.8,0.8,6.0,6.0,1.096774193548387,1.5806451612903225,32,0.0,D,2.76,3.19,2.51
1072,2015,2015-10-24,Internacional,Joinville,1559.1414331849085,1465.4057657905093,93.73566739439912,1.4,1.4,1.2,1.4,1.2,1.6,2.6,0.2,6.0,6.0,1.5161290322580645,0.967741935483871,32,,H,1.44,4.15,7.42
1073,2015,2015-10-25,Palmeiras,Sport Recife,1510.482469828396,1524.9683314315207,-14.485861603124704,1.4,1.8,1.6,2.0,2.4,1.0,2.0,0.4,8.0,7.0,1.5483870967741935,1.4838709677419355,32,1.5,A,1.74,3.6,4.56
1074,2015,2015-10-25,Chapecoense-SC,Avai,1484.481534546931,1456.89261130239,27.588923244541093,1.4,0.8,1.8,1.8,1.0,2.2,0.8,0.6,7.0,8.0,1.2258064516129032,1.064516129032258,32,,D,1.88,3.3,4.21
1075,2015,2015-10-25,Corinthians,Flamengo RJ,1649.438550709626,1504.5899129902348,144.84863771939126,2.6,0.6,2.8,0.8,0.8,2.0,2.6,1.8,7.0,7.0,2.161290322580645,1.4193548387096775,32,3.0,H,1.68,3.6,5.12
1076,2015,2015-10-25,Coritiba,Sao Paulo,1475.7295458813421,1544.0635229480688,-68.33397706672667,0.6,1.0,0.6,2.2,1.0,1.4,1.0,0.8,7.0,7.0,1.064516129032258,1.5161290322580645,32,2.3333333333333335,A,2.52,3.14,2.79
1077,2015,2015-10-25,Vasco,Gremio,1458.9511295594032,1580.0045480826266,-121.0534185232234,1.8,1.4,1.6,1.2,1.6,1.4,1.4,1.6,7.0,7.0,0.9354838709677419,1.7741935483870968,32,1.5,D,2.47,3.14,2.88
1078,2015,2015-10-25,Goias,Cruzeiro,1441.2611746285706,1555.6605914602517,-114.39941683168104,0.6,2.2,1.2,2.2,1.6,0.4,1.8,1.4,7.0,7.0,1.0,1.3225806451612903,32,0.0,A,2.4,3.07,3.03
1079,2015,2015-10-25,Atletico-MG,Ponte Preta,1592.240304767524,1530.5743649892827,61.66593977824141,2.0,2.6,2.4,1.6,2.2,0.8,2.4,2.0,7.0,7.0,1.903225806451613,1.5161290322580645,32,2.0,H,1.37,4.67,7.92
1080,2015,2015-10-31,Sao Paulo,Sport Recife,1553.9675663196783,1536.4120865023685,17.555479817309788,1.6,2.4,1.2,1.2,2.6,0.6,1.8,0.8,6.0,6.0,1.5625,1.53125,33,3.0,H,1.46,4.12,7.15
1081,2015,2015-10-31,Avai,Cruzeiro,1459.4961907657994,1564.2482663325704,-104.75207556677105,0.4,2.2,0.6,2.0,1.4,0.4,1.4,2.0,6.0,6.0,1.0625,1.375,33,,D,2.76,3.06,2.61
1082,2015,2015-10-31,Ponte Preta,Joinville,1524.0667295277528,1459.6811284256155,64.38560110213734,2.0,1.4,1.8,1.0,1.2,1.2,2.0,0.2,6.0,7.0,1.46875,0.9375,33,,H,1.57,3.68,6.2
1083,2015,2015-10-31,Coritiba,Figueirense,1465.8255025097326,1461.0149002477422,4.810602261990425,0.0,1.4,0.4,2.6,1.4,1.2,0.8,0.8,6.0,7.0,1.03125,1.09375,33,1.5,D,2.07,3.12,3.73
1084,2015,2015-11-01,Atletico-MG,Corinthians,1598.747940229054,1654.0397031772811,-55.29176294822719,2.0,2.6,2.0,1.6,2.6,0.8,2.4,1.6,7.0,7.0,1.9375,2.1875,33,1.6666666666666667,A,1.82,3.54,4.18
1085,2015,2015-11-01,Chapecoense-SC,Athletico-PR,1481.8779550835216,1494.3825027165087,-12.504547632987169,1.6,0.8,1.8,1.4,1.0,1.8,1.0,0.8,7.0,8.0,1.21875,1.3125,33,3.0,D,1.92,3.2,4.18
1086,2015,2015-11-01,Gremio,Flamengo RJ,1578.405054665248,1499.9887605225797,78.41629414266822,1.6,0.6,1.2,0.8,0.6,1.4,1.8,1.2,7.0,7.0,1.75,1.375,33,2.3333333333333335,H,1.68,3.52,5.24
1087,2015,2015-11-01,Santos,Palmeiras,1553.2808266429047,1499.0387147575482,54.24211188535651,2.0,0.8,1.8,0.8,1.0,2.0,3.0,1.4,8.0,7.0,1.5625,1.5,33,3.0,H,1.76,3.63,4.34
1088,2015,2015-11-01,Vasco,Fluminense,1460.5506229767818,1478.8328842829094,-18.282261306127566,1.4,1.2,1.2,1.0,1.0,1.2,1.6,0.2,7.0,8.0,0.9375,1.25,33,1.5,A,2.28,3.12,3.18
1089,2015,2015-11-01,Goias,Internacional,1432.6734997562519,1564.8660705498023,-132.19257079355043,0.0,1.8,0.6,2.4,1.2,1.2,1.2,1.2,7.0,8.0,0.96875,1.5625,33,1.5,H,2.21,3.18,3.29
1090,2015,2015-11-07,Internacional,Ponte Preta,1552.9558688023712,1530.5058229016047,22.450045900766554,1.8,2.0,1.2,1.0,1.6,0.8,2.6,2.0,6.0,7.0,1.5151515151515151,1.5151515151515151,34,2.0,H,1.55,3.79,6.11
1091,2015,2015-11-07,Athletico-PR,Avai,1495.8820493649973,1460.6353807815678,35.24666858342948,1.0,0.6,0.8,1.4,0.6,1.6,0.4,0.8,6.0,7.0,1.303030303030303,1.0606060606060606,34,,H,1.84,3.38,4.29
1092,2015,2015-11-07,Corinthians,Coritiba,1664.3190560000523,1463.8428030180544,200.47625298199796,2.6,0.2,2.6,0.6,0.6,2.4,2.6,1.2,6.0,7.0,2.212121212121212,1.0303030303030303,34,2.3333333333333335,H,1.33,4.66,9.63
1093,2015,2015-11-07,Fluminense,Chapecoense-SC,1490.1694830417362,1480.378408435033,9.791074606703205,1.2,1.8,0.8,1.2,1.8,0.8,1.2,1.2,6.0,6.0,1.303030303030303,1.2121212121212122,34,0.0,A,1.98,3.17,3.96
1094,2015,2015-11-08,Cruzeiro,Sao Paulo,1563.109076316802,1561.6351603790674,1.4739159377345459,1.8,2.0,1.2,0.6,1.6,1.0,1.8,1.2,8.0,8.0,1.3636363636363635,1.606060606060606,34,0.3333333333333333,H,2.02,3.25,3.72
1095,2015,2015-11-08,Figueirense,Atletico-MG,1462.9975997394204,1588.4685874062827,-125.47098766686236,1.6,1.8,1.4,0.8,1.6,1.8,1.0,1.0,8.0,7.0,1.0909090909090908,1.878787878787879,34,0.5,A,2.93,3.22,2.38
1096,2015,2015-11-08,Flamengo RJ,Goias,1493.8971111760106,1444.583701503683,49.31340967232768,0.6,0.6,0.4,1.4,1.0,2.2,1.2,0.0,7.0,7.0,1.3333333333333333,1.0303030303030303,34,1.0,H,1.57,3.77,5.97
1097,2015,2015-11-08,Palmeiras,Vasco,1492.3420838729226,1449.214024217955,43.1280596549675,0.6,0.8,1.0,2.2,0.8,1.0,1.4,1.8,7.0,7.0,1.4545454545454546,0.9090909090909091,34,1.0,A,1.54,3.98,5.84
1098,2015,2015-11-08,Joinville,Santos,1453.2420350517637,1559.9774575275303,-106.73542247576665,1.2,2.0,0.8,1.0,1.6,0.8,1.8,0.4,8.0,7.0,0.9090909090909091,1.606060606060606,34,,D,4.01,3.42,1.89
1099,2015,2015-11-08,Sport Recife,Gremio,1528.7444924429794,1584.496704011817,-55.75221156883754,1.8,1.6,2.0,1.2,1.0,0.6,2.6,1.2,8.0,7.0,1.4848484848484849,1.7878787878787878,34,0.5,H,2.35,3.16,3.04
1100,2015,2015-11-15,Cruzeiro,Sport Recife,1571.2188122156388,1538.4783825371564,32.740429678482315,2.2,2.4,1.6,0.8,2.0,0.8,2.2,0.8,7.0,7.0,1.411764705882353,1.5294117647058822,35,3.0,H,1.48,4.08,6.73
1101,2015,2015-11-18,Goias,Coritiba,1437.760104757474,1460.2776711968647,-22.517566439390748,0.6,0.2,0.8,2.4,0.8,2.2,1.2,0.6,10.0,11.0,1.0,1.0,35,2.0,A,1.96,3.28,3.91
1102,2015,2015-11-18,Athletico-PR,Palmeiras,1503.0742081113203,1479.3266402397385,23.74756787158185,1.6,0.6,1.2,1.4,0.8,1.6,0.8,1.4,11.0,10.0,1.3529411764705883,1.411764705882353,35,1.0,D,2.29,3.26,3.06
1103,2015,2015-11-18,Avai,Joinville,1453.4432220352448,1454.4375323246832,-0.9943102894383173,0.4,1.4,0.6,1.8,0.8,0.6,1.6,0.0,11.0,10.0,1.0294117647058822,0.9117647058823529,35,,H,1.95,3.27,3.98
1104,2015,2015-11-18,Ponte Preta,Figueirense,1522.97099687246,1454.7207299876602,68.25026688479988,1.8,1.0,1.2,0.6,0.8,0.6,2.6,1.0,11.0,10.0,1.4705882352941178,1.0588235294117647,35,1.0,A,1.95,3.31,3.91
1105,2015,2015-11-19,Chapecoense-SC,Internacional,1492.4984225551716,1560.4906948315158,-67.99227227634424,1.8,1.8,1.4,1.0,1.0,0.8,1.0,1.2,12.0,12.0,1.2647058823529411,1.5588235294117647,35,3.0,H,2.43,3.03,3.03
1106,2015,2015-11-19,Gremio,Fluminense,1574.76281391764,1478.0494689215975,96.71334499604245,1.4,1.2,1.0,0.8,1.0,1.2,1.8,0.6,11.0,12.0,1.7352941176470589,1.2647058823529411,35,3.0,H,1.51,3.86,6.76
1107,2015,2015-11-20,Santos,Flamengo RJ,1558.7819602546108,1500.7207079222196,58.06125233239118,1.6,0.6,1.0,0.6,0.8,1.6,3.0,0.6,12.0,12.0,1.588235294117647,1.3823529411764706,35,1.6666666666666667,D,1.65,3.73,5.11
1108,2015,2015-11-20,Sao Paulo,Atletico-MG,1553.5254244802306,1596.7454571580429,-43.22003267781224,1.4,1.8,1.6,1.4,1.2,1.8,1.8,1.4,12.0,12.0,1.5588235294117647,1.911764705882353,35,3.0,H,2.01,3.48,3.51
1109,2015,2015-11-20,Vasco,Corinthians,1462.2294678511391,1667.884187821242,-205.65471997010286,1.2,3.0,1.0,0.8,2.6,0.4,1.6,2.0,12.0,13.0,0.9705882352941176,2.235294117647059,35,1.0,D,2.76,3.1,2.59
1110,2015,2015-11-21,Palmeiras,Cruzeiro,1481.8268579413752,1578.4775528879886,-96.65069494661338,0.8,2.6,1.4,2.0,1.8,0.4,1.2,1.6,3.0,6.0,1.4,1.457142857142857,36,1.5,D,3.15,3.3,2.22
1111,2015,2015-11-22,Atletico-MG,Goias,1587.3715151383005,1426.543419547067,160.82809559123348,1.2,0.6,1.2,2.4,1.0,2.4,2.4,0.0,2.0,4.0,1.8571428571428572,0.9714285714285714,36,1.5,D,1.48,4.33,6.23
1112,2015,2015-11-22,Corinthians,Sao Paulo,1664.0433886709516,1562.899366499973,101.14402217097859,2.6,2.0,2.2,0.6,2.4,1.4,3.0,1.2,2.0,2.0,2.2,1.6,36,1.3333333333333333,H,2.46,3.2,2.82
1113,2015,2015-11-22,Figueirense,Chapecoense-SC,1468.3783789198046,1502.5845449450464,-34.20616602524183,1.0,2.2,0.4,0.6,1.4,0.8,0.8,1.6,4.0,3.0,1.1142857142857143,1.3142857142857143,36,3.0,D,1.81,3.39,4.48
1114,2015,2015-11-22,Internacional,Gremio,1550.404572441641,1580.4176699129987,-30.013097471357696,1.8,1.4,0.8,0.6,1.0,0.8,2.6,1.0,3.0,3.0,1.5142857142857142,1.7714285714285714,36,1.3333333333333333,H,2.6,3.08,2.74
1115,2015,2015-11-22,Joinville,Vasco,1446.2592025800407,1466.0702670014296,-19.811064421388892,0.8,1.2,0.4,0.8,1.0,0.8,1.8,1.8,4.0,2.0,0.8857142857142857,0.9714285714285714,36,,A,2.67,3.26,2.56
1116,2015,2015-11-22,Flamengo RJ,Ponte Preta,1504.12164736403,1509.3133479403157,-5.191700576285712,0.8,1.2,0.8,1.0,1.0,0.8,1.2,1.8,2.0,4.0,1.3714285714285714,1.4285714285714286,36,0.0,D,1.74,3.54,4.67
1117,2015,2015-11-22,Coritiba,Santos,1471.4943564072717,1555.3810208128004,-83.88666440552879,0.8,1.8,1.2,1.8,1.0,0.4,0.8,0.4,4.0,2.0,1.0571428571428572,1.5714285714285714,36,1.3333333333333333,H,2.65,3.22,2.6
1118,2015,2015-11-22,Fluminense,Avai,1472.3946129262388,1461.6215517798873,10.773061146351438,0.6,1.0,0.6,1.4,1.0,1.4,1.2,0.8,3.0,4.0,1.2285714285714286,1.0857142857142856,36,,H,2.07,3.18,3.65
1119,2015,2015-11-22,Sport Recife,Athletico-PR,1531.2196418648066,1500.5739904096836,30.645651455123016,1.8,1.6,1.4,1.4,1.4,1.6,3.0,0.8,7.0,4.0,1.4857142857142858,1.3428571428571427,36,1.0,D,1.72,3.58,4.75
1120,2015,2015-11-28,Sao Paulo,Figueirense,1557.3473829376055,1467.4943747123011,89.8530082253044,1.8,1.2,2.2,2.2,0.4,0.4,2.2,1.6,6.0,6.0,1.5555555555555556,1.1111111111111112,37,2.0,H,1.49,4.01,6.63
1121,2015,2015-11-28,Fluminense,Internacional,1480.2476215052234,1559.4009585536355,-79.15333704841214,1.2,1.8,1.2,1.2,0.8,0.6,1.8,0.6,6.0,6.0,1.2777777777777777,1.5555555555555556,37,0.6666666666666666,D,3.27,3.26,2.18
1122,2015,2015-11-28,Avai,Ponte Preta,1453.7685432009027,1511.0179647575223,-57.24942155661961,1.0,0.8,1.0,1.4,0.6,1.0,1.6,1.4,6.0,6.0,1.0555555555555556,1.4166666666666667,37,,H,1.72,3.57,4.82
1123,2015,2015-11-29,Cruzeiro,Joinville,1577.5690843504303,1434.9658453620168,142.60323898841352,2.2,0.2,1.6,0.6,0.4,1.2,2.6,0.0,8.0,7.0,1.4444444444444444,0.8611111111111112,37,,H,1.28,5.15,10.35
1124,2015,2015-11-29,Gremio,Atletico-MG,1571.4212838010042,1581.6549130367152,-10.233629235711078,1.4,1.4,0.6,0.4,1.4,2.0,2.4,1.4,7.0,7.0,1.7222222222222223,1.8333333333333333,37,1.0,H,2.09,3.33,3.39
1125,2015,2015-11-29,Sport Recife,Corinthians,1528.5342360512218,1669.595372233319,-141.06113618209724,1.4,2.6,0.6,1.2,2.6,0.6,2.6,2.2,7.0,7.0,1.4722222222222223,2.2222222222222223,37,0.5,H,2.29,3.29,3.03
1126,2015,2015-11-29,Chapecoense-SC,Goias,1503.46854915255,1432.2600216486524,71.20852750389759,1.8,0.8,0.8,0.4,1.2,2.2,1.6,0.2,7.0,7.0,1.3055555555555556,0.9722222222222222,37,1.0,A,2.01,3.31,3.67
1127,2015,2015-11-29,Palmeiras,Coritiba,1482.7353264789335,1482.0374234850337,0.6979029938997883,0.4,1.4,1.0,2.0,1.4,1.2,0.8,0.6,8.0,7.0,1.3888888888888888,1.1111111111111112,37,1.5,A,2.75,3.2,2.54
1128,2015,2015-11-29,Vasco,Santos,1477.3636242194534,1544.8379537350384,-67.47432951558494,1.6,1.2,1.0,0.6,0.4,0.4,1.2,0.4,7.0,7.0,1.0277777777777777,1.5277777777777777,37,2.0,H,1.63,3.66,5.44
1129,2015,2015-11-29,Athletico-PR,Flamengo RJ,1503.2593962232684,1502.4170305468233,0.8423656764450698,1.8,1.0,1.2,0.8,1.0,1.0,1.0,0.2,7.0,7.0,1.3333333333333333,1.3611111111111112,37,2.0,H,2.38,3.26,2.91
1130,2015,2015-12-06,Atletico-MG,Chapecoense-SC,1573.2182887379686,1489.7373765022958,83.4809122356728,0.8,1.6,1.2,2.2,1.0,1.0,2.0,1.6,7.0,7.0,1.7837837837837838,1.2702702702702702,38,3.0,H,1.29,5.18,9.93
1131,2015,2015-12-06,Corinthians,Avai,1657.4404729569221,1463.5455006185273,193.89497233839484,2.0,1.4,2.4,1.0,1.2,1.4,3.0,0.2,7.0,8.0,2.1621621621621623,1.1081081081081081,38,,D,1.62,3.94,4.99
1132,2015,2015-12-06,Coritiba,Vasco,1493.9061411447135,1487.4348399436942,6.471301201019287,2.0,2.0,1.6,0.8,1.2,0.6,1.4,2.2,7.0,7.0,1.162162162162162,1.0810810810810811,38,0.0,D,2.39,3.18,2.95
1133,2015,2015-12-06,Figueirense,Fluminense,1461.6779776695664,1480.6547621040536,-18.976784434487172,1.0,1.4,0.8,1.0,1.4,1.2,1.0,0.6,8.0,8.0,1.0810810810810811,1.2702702702702702,38,1.0,H,1.33,4.74,9.18
1134,2015,2015-12-06,Flamengo RJ,Palmeiras,1494.289760664027,1470.8666088192538,23.4231518447732,1.0,0.4,1.0,1.4,1.0,2.0,1.4,1.0,7.0,7.0,1.3243243243243243,1.3513513513513513,38,2.0,A,1.54,4.02,5.8
1135,2015,2015-12-06,Goias,Sao Paulo,1445.9911942989065,1563.1637799803402,-117.1725856814337,1.4,1.8,1.8,2.2,2.4,2.4,1.2,0.6,7.0,8.0,1.027027027027027,1.5945945945945945,38,3.0,A,2.62,3.36,2.57
1136,2015,2015-12-06,Internacional,Cruzeiro,1558.9938179548053,1582.2161868609683,-23.222368906162956,1.4,2.2,0.8,0.8,2.0,0.6,2.6,1.8,8.0,7.0,1.5405405405405406,1.4864864864864864,38,1.0,H,1.77,3.56,4.42
1137,2015,2015-12-06,Joinville,Gremio,1430.3187428514789,1579.8579080997508,-149.53916524827196,0.2,1.8,0.4,1.6,1.0,0.6,1.6,0.4,7.0,7.0,0.8378378378378378,1.7567567567567568,38,,A,4.36,3.48,1.81
1138,2015,2015-12-06,Ponte Preta,Sport Recife,1501.2410073398978,1540.6891353276187,-39.44812798772091,0.8,1.4,0.4,0.8,0.6,1.2,2.0,0.6,8.0,7.0,1.3783783783783783,1.5135135135135136,38,1.0,A,2.47,3.28,2.75
1139,2015,2015-12-06,Santos,Athletico-PR,1534.7667380107976,1511.3866661060647,23.38007190473286,1.0,1.8,0.4,0.6,1.6,0.8,2.6,1.0,7.0,7.0,1.4864864864864864,1.3783783783783783,38,3.0,H,1.66,3.72,4.97
1140,2016,2016-05-14,Flamengo RJ,Sport Recife,1486.3487240669244,1538.5674406833677,-52.21871661644332,1.0,2.0,1.2,1.4,0.8,0.6,1.4,1.2,160.0,160.0,,,1,1.6666666666666667,H,1.58,3.8,5.7
1141,2016,2016-05-14,Palmeiras,Athletico-PR,1487.5185530455362,1502.907723754322,-15.389170708785741,1.0,1.6,1.2,1.8,1.8,1.8,0.2,1.0,160.0,160.0,,,1,0.5,H,1.74,3.52,4.72
1142,2016,2016-05-14,Atletico-MG,Santos,1559.3903563811937,1531.7073293333249,27.68302704786879,1.4,1.0,1.8,1.6,1.0,0.6,2.0,0.4,160.0,160.0,,,1,2.5,H,2.84,3.14,2.47
1143,2016,2016-05-15,Coritiba,Cruzeiro,1493.9081743028876,1555.0596612114036,-61.15148690851606,2.0,2.0,1.4,0.6,1.8,0.8,1.0,1.2,161.0,161.0,,,1,2.25,H,2.69,3.09,2.66
1144,2016,2016-05-15,Botafogo RJ,Sao Paulo,1456.2584354399416,1553.7549888620342,-97.49655342209257,0.2,1.8,0.0,1.2,2.0,2.4,1.0,1.2,525.0,161.0,,,1,1.3333333333333333,A,1.9,3.3,4.11
1145,2016,2016-05-15,Santa Cruz,Vitoria,1500.0,1473.5617538450274,26.438246154972603,,0.8,,,0.4,1.6,,0.6,,525.0,,,1,,H,1.9,3.31,4.05
1146,2016,2016-05-15,America MG,Fluminense,1500.0,1478.9787920848353,21.021207915164723,,0.8,,,1.2,1.4,,0.6,,161.0,,,1,,A,2.49,3.16,2.8
1147,2016,2016-05-15,Corinthians,Gremio,1613.338461914082,1565.6036891452604,47.734772768821585,1.6,1.8,2.0,1.2,1.0,0.6,2.6,1.0,161.0,161.0,,,1,2.5,D,1.8,3.3,4.67
1148,2016,2016-05-15,Figueirense,Ponte Preta,1477.7707627453797,1492.8801663172696,-15.10940357188997,1.4,0.2,0.8,0.8,0.2,1.0,1.6,0.8,161.0,161.0,,,1,2.0,D,2.3,3.08,3.21
1149,2016,2016-05-15,Internacional,Chapecoense-SC,1550.8478424004265,1487.8263925490046,63.02144985142195,2.0,1.4,1.0,0.4,1.0,1.6,3.0,1.6,161.0,161.0,,,1,2.0,D,1.63,3.53,5.78
1150,2016,2016-05-21,Ponte Preta,Palmeiras,1494.3063439639823,1496.1002648653248,-1.793920901342517,0.4,1.6,0.2,0.8,2.0,1.4,1.4,1.4,6.0,7.0,1.0,3.0,2,1.5,H,2.71,3.08,2.63
1151,2016,2016-05-21,Fluminense,Santa Cruz,1491.4053010278813,1507.427321194402,-16.02202016652086,1.4,3.0,1.0,0.8,4.0,1.0,1.4,,6.0,6.0,3.0,3.0,2,,D,1.62,3.66,5.53
1152,2016,2016-05-22,Cruzeiro,Figueirense,1545.1704257921776,1476.344585098667,68.8258406935106,1.4,1.6,1.4,0.8,0.8,0.6,2.6,1.4,7.0,7.0,0.0,1.0,2,3.0,D,1.4,4.12,8.77
1153,2016,2016-05-22,Athletico-PR,Atletico-MG,1494.3260119345334,1566.7842521714963,-72.45824023696287,1.0,1.4,1.4,2.4,1.8,1.6,1.6,1.2,8.0,8.0,0.0,3.0,2,3.0,D,2.23,3.17,3.24
1154,2016,2016-05-22,Santos,Coritiba,1524.3134335430223,1503.7974097221136,20.516023820908686,0.8,2.6,1.0,0.8,1.4,0.2,2.6,1.2,8.0,7.0,0.0,3.0,2,2.0,H,1.52,3.81,6.59
1155,2016,2016-05-22,Chapecoense-SC,America MG,1491.3529665455867,1487.573491056954,3.77947548863267,1.0,0.0,0.4,1.2,0.0,1.0,1.6,,7.0,7.0,1.0,0.0,2,,H,1.64,3.55,5.58
1156,2016,2016-05-22,Gremio,Flamengo RJ,1568.739181177985,1495.9810150205449,72.7581661574402,2.0,1.0,1.0,0.4,0.6,1.2,2.4,0.2,7.0,8.0,1.0,3.0,2,2.5,H,2.03,3.23,3.69
1157,2016,2016-05-22,Sao Paulo,Internacional,1562.8223808764844,1547.3212684038444,15.501112472639988,2.4,1.6,2.0,2.0,0.8,0.4,2.6,0.8,7.0,7.0,3.0,1.0,2,1.25,A,1.97,3.22,3.91
1158,2016,2016-05-22,Vitoria,Corinthians,1466.1344326506253,1610.2029698813574,-144.0685372307321,0.2,1.2,0.4,2.4,1.6,1.0,0.8,1.6,7.0,7.0,0.0,1.0,2,1.0,H,3.01,3.09,2.38
1159,2016,2016-05-22,Sport Recife,Botafogo RJ,1528.9351497297473,1447.1910434254914,81.74410630425587,1.4,0.2,0.6,0.8,0.0,1.2,2.6,0.0,8.0,7.0,0.0,0.0,2,3.0,D,1.83,3.42,4.28
1160,2016,2016-05-25,Botafogo RJ,Athletico-PR,1451.1802401754805,1494.540644376987,-43.360404201506526,0.4,1.0,0.2,1.2,1.0,2.0,0.8,1.0,3.0,3.0,0.5,0.5,3,1.5,H,2.17,3.19,3.34
1161,2016,2016-05-25,Figueirense,Santos,1480.016575362312,1531.9006136582962,-51.884038295984055,1.2,1.2,1.0,1.0,1.4,1.0,1.2,0.4,3.0,3.0,1.0,1.5,3,0.3333333333333333,D,2.41,3.09,2.97
1162,2016,2016-05-26,America MG,Vitoria,1479.527662310779,1478.37171666869,1.1559456420891365,0.0,0.6,0.5,2.0,0.8,2.6,0.0,0.6,4.0,4.0,0.0,1.5,3,,D,2.14,3.32,3.28
1163,2016,2016-05-26,Flamengo RJ,Chapecoense-SC,1489.7505164563447,1499.3987952917616,-9.648278835416932,0.8,1.0,0.6,1.4,0.8,1.4,1.4,1.6,4.0,4.0,1.5,2.0,3,3.0,D,1.65,3.55,5.41
1164,2016,2016-05-26,Coritiba,Sao Paulo,1496.2102296068397,1550.5459642343747,-54.335734627534976,2.0,1.8,1.0,0.4,1.4,2.0,1.6,1.8,4.0,4.0,1.5,1.5,3,1.75,D,2.2,3.11,3.36
1165,2016,2016-05-26,Palmeiras,Fluminense,1487.8996749208552,1490.0048659119923,-2.1051909911370785,1.4,1.6,1.6,1.2,1.4,1.0,0.8,1.2,5.0,5.0,1.5,2.0,3,1.0,H,1.91,3.4,3.94
1166,2016,2016-05-26,Santa Cruz,Cruzeiro,1508.827756310291,1541.4984355285326,-32.6706792182415,2.0,1.0,3.0,1.5,1.2,1.2,3.0,1.0,5.0,4.0,2.0,0.5,3,,H,2.39,3.21,2.91
1167,2016,2016-05-26,Corinthians,Ponte Preta,1597.9656858632927,1502.5069339084519,95.45875195484086,1.0,1.0,1.8,1.4,0.6,0.8,2.2,0.4,4.0,5.0,0.5,2.0,3,2.3333333333333335,H,1.52,3.9,6.17
1168,2016,2016-05-26,Internacional,Sport Recife,1559.5976850459542,1524.9459529797582,34.65173206619602,2.2,1.6,1.2,0.4,0.8,0.4,2.6,1.2,4.0,4.0,2.0,0.5,3,2.3333333333333335,H,1.54,3.74,6.45
1169,2016,2016-05-27,Atletico-MG,Gremio,1566.5696197290426,1574.9696797421852,-8.400060013142593,1.6,2.0,1.6,1.0,1.0,0.4,2.0,1.0,5.0,5.0,2.0,2.0,3,1.25,A,2.31,3.15,3.11
1170,2016,2016-05-28,Cruzeiro,America MG,1532.426271822356,1477.6462246477374,54.78004717461863,0.8,0.3333333333333333,1.2,1.8,0.6666666666666666,1.6666666666666667,2.6,0.0,2.0,2.0,0.3333333333333333,0.3333333333333333,4,,D,1.55,3.8,6.15
1171,2016,2016-05-28,Athletico-PR,Figueirense,1485.1626778740183,1479.6392468677657,5.523431006252622,0.8,1.2,1.2,2.4,1.4,1.4,1.6,1.0,3.0,3.0,0.3333333333333333,1.0,4,3.0,H,1.69,3.56,5.04
1172,2016,2016-05-29,Chapecoense-SC,Santa Cruz,1500.9786026053853,1517.8999200164676,-16.921317411082327,1.0,2.3333333333333335,1.2,1.8,3.3333333333333335,1.3333333333333333,1.6,1.0,3.0,3.0,1.6666666666666667,2.3333333333333335,4,,D,1.93,3.29,3.89
1173,2016,2016-05-29,Ponte Preta,Flamengo RJ,1496.8227396022203,1488.170709142721,8.652030459499201,0.8,0.8,0.4,1.2,0.8,1.6,1.8,0.2,3.0,3.0,1.3333333333333333,1.3333333333333333,4,1.6666666666666667,A,2.41,3.11,2.95
1174,2016,2016-05-29,Sport Recife,Corinthians,1517.7380130355489,1603.6498801695243,-85.91186713397542,1.4,1.0,0.8,0.6,1.2,1.2,2.2,1.4,3.0,3.0,0.3333333333333333,1.3333333333333333,4,1.3333333333333333,A,2.83,3.06,2.53
1175,2016,2016-05-29,Fluminense,Botafogo RJ,1481.7956055824625,1460.5582066784493,21.237398904013162,1.0,1.0,0.8,1.2,0.6,1.0,1.0,0.2,3.0,4.0,1.3333333333333333,1.3333333333333333,4,2.3333333333333335,H,2.0,3.33,3.64
1176,2016,2016-05-29,Sao Paulo,Palmeiras,1550.85281010791,1496.108935250385,54.74387485752504,2.0,1.8,1.4,1.0,1.8,1.0,2.0,1.4,3.0,3.0,1.3333333333333333,2.0,4,2.3333333333333335,H,2.19,3.15,3.32
1177,2016,2016-05-29,Vitoria,Atletico-MG,1480.2531543317316,1554.954802464576,-74.70164813284441,0.8,1.4,1.0,2.4,1.2,1.2,1.4,0.8,3.0,2.0,1.3333333333333333,1.3333333333333333,4,0.5,D,2.33,3.21,2.99
1178,2016,2016-05-29,Gremio,Coritiba,1586.5844970066519,1495.9033837333043,90.68111327334759,2.6,1.6,1.6,0.2,1.0,0.6,2.4,1.2,2.0,3.0,2.3333333333333335,1.3333333333333333,4,0.5,H,1.57,3.69,6.06
1179,2016,2016-05-29,Santos,Internacional,1532.2779421528426,1566.8056249901636,-34.52768283732098,1.4,2.2,1.8,1.2,1.2,0.4,2.6,1.4,4.0,3.0,1.3333333333333333,2.3333333333333335,4,1.25,A,2.18,3.14,3.38
1180,2016,2016-06-01,Internacional,Athletico-PR,1577.6804467679888,1493.1602761018694,84.52017066611938,2.6,0.8,1.2,0.2,1.0,2.6,2.6,0.4,3.0,4.0,2.5,1.0,5,2.3333333333333335,H,1.53,3.77,6.54
1181,2016,2016-06-02,Corinthians,Santos,1613.0487140311075,1521.4031203750174,91.64559365609011,1.6,1.4,1.6,0.8,1.8,1.2,2.2,0.4,4.0,4.0,1.75,1.0,5,2.0,H,1.58,3.64,6.11
1182,2016,2016-06-02,Coritiba,Chapecoense-SC,1490.1066301548105,1499.6035528510631,-9.496922696252568,1.0,1.2,0.6,1.0,1.2,1.4,1.8,1.2,4.0,4.0,1.0,1.5,5,3.0,A,2.31,2.99,3.26
1183,2016,2016-06-02,Santa Cruz,Sport Recife,1519.2749697707898,1508.3391791739657,10.935790596824063,2.0,0.8,2.75,1.25,0.4,1.0,3.0,0.6,4.0,4.0,2.0,0.25,5,,A,2.05,3.22,3.6
1184,2016,2016-06-02,Atletico-MG,Fluminense,1554.6756391382416,1489.3632414234482,65.3123977147934,1.6,1.4,1.2,1.0,0.8,1.0,1.4,1.2,4.0,4.0,1.25,1.75,5,2.5,D,1.91,3.38,3.95
1185,2016,2016-06-02,Botafogo RJ,Cruzeiro,1452.9905708374636,1529.1091162926984,-76.11854545523488,1.0,0.4,0.6,0.8,0.8,2.0,0.8,0.4,4.0,5.0,1.0,0.5,5,1.3333333333333333,A,4.36,3.37,1.82
1186,2016,2016-06-02,Figueirense,Sao Paulo,1471.6416486399146,1557.5365811730428,-85.89493253312821,1.2,2.0,1.2,1.2,1.0,0.6,1.2,1.4,5.0,4.0,0.75,1.75,5,0.3333333333333333,H,2.62,3.03,2.77
1187,2016,2016-06-02,America MG,Ponte Preta,1480.963380177395,1484.7340579944841,-3.7706778170891084,0.5,0.8,0.75,1.5,0.6,1.4,0.5,0.4,5.0,4.0,0.5,1.0,5,,A,2.33,3.1,3.12
1188,2016,2016-06-03,Flamengo RJ,Vitoria,1500.2593907504572,1480.532317658066,19.727073092391265,1.4,1.0,1.2,1.2,1.2,1.8,1.6,0.8,5.0,5.0,1.75,1.25,5,3.0,H,1.45,4.17,7.03
1189,2016,2016-06-03,Palmeiras,Gremio,1489.4251641852522,1592.3812505851456,-102.95608639989337,1.8,2.6,1.8,0.8,1.6,0.0,1.4,1.4,5.0,5.0,1.5,2.5,5,2.3333333333333335,H,2.01,3.27,3.75
1190,2016,2016-06-04,Athletico-PR,Santa Cruz,1487.2164442289047,1507.1235109691702,-19.907066740265464,0.8,1.6,0.8,1.8,2.2,1.2,2.2,1.0,3.0,2.0,0.8,1.6,6,,H,1.54,3.88,6.08
1191,2016,2016-06-05,Chapecoense-SC,Fluminense,1511.1876075258333,1492.9474187912735,18.24018873455975,1.8,1.6,2.0,1.4,1.0,1.0,1.6,0.8,3.0,3.0,1.8,1.6,6,3.0,D,2.52,3.09,2.82
1192,2016,2016-06-05,Corinthians,Coritiba,1618.8226387614864,1478.5225754800404,140.300063281446,2.0,0.8,1.6,0.6,1.2,1.8,2.2,1.2,3.0,3.0,2.0,0.8,6,2.5,H,1.42,4.1,7.87
1193,2016,2016-06-05,America MG,Figueirense,1469.219079374365,1482.242329121444,-13.023249747079035,0.4,1.2,0.8,1.6,1.2,1.2,0.3333333333333333,1.0,3.0,3.0,0.4,1.2,6,,H,2.18,3.16,3.36
1194,2016,2016-06-05,Santos,Botafogo RJ,1515.6291956446385,1443.3104791004096,72.31871654422889,0.8,0.8,0.8,1.2,0.6,1.0,2.0,0.2,3.0,3.0,0.8,0.8,6,1.3333333333333333,H,1.73,3.46,4.84
1195,2016,2016-06-05,Flamengo RJ,Palmeiras,1507.8679683984337,1500.5133027134225,7.354665685011241,2.0,1.8,1.2,0.8,2.2,1.2,1.6,0.8,2.0,2.0,2.0,1.8,6,1.3333333333333333,A,2.4,3.2,2.9
1196,2016,2016-06-05,Gremio,Ponte Preta,1581.2931120569754,1496.4783587975141,84.81475325946121,2.0,1.4,1.8,0.8,1.0,1.4,3.0,1.0,2.0,3.0,2.0,1.4,6,2.3333333333333335,H,1.49,3.88,6.85
1197,2016,2016-06-05,Sport Recife,Atletico-MG,1520.4906379755853,1551.0914617704163,-30.600823794831058,0.8,1.2,0.4,1.0,0.8,1.2,1.6,1.0,3.0,3.0,0.8,1.2,6,2.0,D,2.17,3.26,3.24
1198,2016,2016-06-05,Vitoria,Internacional,1472.9237400100894,1583.6242786409534,-110.700538630864,1.0,2.6,1.2,1.8,1.0,0.2,1.0,1.4,2.0,4.0,1.0,2.6,6,2.0,H,2.92,3.08,2.45
1199,2016,2016-06-05,Cruzeiro,Sao Paulo,1538.7892080297524,1546.9359006915133,-8.14669266176088,1.0,1.4,1.0,1.6,0.8,0.8,2.2,1.4,3.0,3.0,1.0,1.4,6,1.0,A,1.73,3.37,4.98
1200,2016,2016-06-11,Internacional,America MG,1572.316445388617,1477.734129720326,94.5823156682909,2.4,1.0,1.0,0.4,1.0,1.4,2.6,0.5,6.0,6.0,2.1666666666666665,0.8333333333333334,7,,H,1.46,4.01,7.2
1201,2016,2016-06-11,Ponte Preta,Chapecoense-SC,1490.5416082866868,1508.836574776017,-18.294966489330136,1.2,1.8,1.0,1.6,2.0,1.4,1.2,1.2,6.0,6.0,1.1666666666666667,1.6666666666666667,7,3.0,H,2.06,3.16,3.67
1202,2016,2016-06-11,Fluminense,Gremio,1495.29845154109,1587.2298625678027,-91.9314110267128,1.2,2.4,0.8,1.0,2.0,0.8,1.6,1.4,6.0,6.0,1.5,2.1666666666666665,7,1.5,D,2.16,3.06,3.54
1203,2016,2016-06-12,Sao Paulo,Athletico-PR,1558.5578194552936,1495.925804055227,62.63201540006662,1.4,1.4,0.8,0.8,1.0,1.0,2.4,0.2,7.0,8.0,1.6666666666666667,1.1666666666666667,7,2.3333333333333335,A,1.74,3.48,4.75
1204,2016,2016-06-12,Botafogo RJ,Vitoria,1437.0691242149833,1484.2315732624259,-47.16244904744258,0.8,1.6,0.6,1.4,1.2,1.0,0.8,0.2,7.0,7.0,0.6666666666666666,1.3333333333333333,7,2.0,D,1.9,3.38,4.04
1205,2016,2016-06-12,Coritiba,Sport Recife,1473.8280091356442,1519.5037726523383,-45.67576351669413,0.2,1.0,1.2,2.2,1.2,1.6,1.6,1.2,7.0,7.0,0.6666666666666666,0.8333333333333334,7,0.3333333333333333,H,1.92,3.28,4.11
1206,2016,2016-06-12,Atletico-MG,Cruzeiro,1552.0783270936633,1527.1672892659722,24.91103782769119,0.8,1.0,1.4,2.0,1.0,1.6,1.6,0.8,7.0,7.0,1.1666666666666667,0.8333333333333334,7,2.25,A,1.97,3.36,3.75
1207,2016,2016-06-12,Figueirense,Flamengo RJ,1473.727278775483,1495.815026617277,-22.087747841794,1.0,1.4,1.2,1.4,1.2,1.2,1.8,0.8,7.0,7.0,1.0,1.6666666666666667,7,1.0,H,2.74,3.07,2.61
1208,2016,2016-06-12,Palmeiras,Corinthians,1512.5662444945792,1623.5172051058826,-110.95096061130334,1.8,2.4,1.8,1.4,2.0,0.8,2.0,1.4,7.0,7.0,2.0,2.1666666666666665,7,0.6666666666666666,H,2.23,3.11,3.29
1209,2016,2016-06-12,Santa Cruz,Santos,1498.414151142848,1521.8705505300647,-23.456399387216834,1.0,1.4,1.4,1.2,1.4,1.0,2.0,0.2,8.0,7.0,1.3333333333333333,1.1666666666666667,7,,A,2.41,3.04,3.05
1210,2016,2016-06-15,Chapecoense-SC,Gremio,1500.1728143814614,1586.4562630315884,-86.28344865012696,1.2,2.0,1.6,1.6,2.0,1.0,1.6,1.6,4.0,4.0,1.4285714285714286,2.0,8,1.5,D,2.8,2.99,2.62
1211,2016,2016-06-15,Ponte Preta,Athletico-PR,1499.2053686812424,1509.442559360773,-10.237190679530613,1.2,1.8,1.0,1.6,1.2,1.0,1.2,0.6,4.0,3.0,1.4285714285714286,1.4285714285714286,8,1.5,H,1.98,3.27,3.81
1212,2016,2016-06-15,Sao Paulo,Vitoria,1545.0410641497476,1484.7445286357404,60.296535514007246,1.4,1.2,0.8,0.8,0.8,0.8,1.8,0.4,3.0,3.0,1.4285714285714286,1.2857142857142858,8,3.0,H,1.4,4.35,7.9
1213,2016,2016-06-16,Botafogo RJ,America MG,1436.5561688416688,1472.029385835816,-35.47321699414715,0.8,1.0,0.6,1.4,1.0,1.4,1.0,0.3333333333333333,4.0,5.0,0.7142857142857143,0.7142857142857143,8,,H,1.8,3.37,4.55
1214,2016,2016-06-16,Santa Cruz,Figueirense,1487.2240963976426,1482.4984073651617,4.7256890324808865,0.8,1.4,1.0,1.2,1.0,1.0,1.5,0.8,4.0,4.0,1.1428571428571428,1.2857142857142858,8,,H,1.86,3.33,4.31
1215,2016,2016-06-16,Santos,Sport Recife,1533.06060527527,1510.059396058004,23.001209217266023,1.4,0.8,1.4,0.8,1.4,2.0,2.0,1.2,4.0,4.0,1.4285714285714286,0.7142857142857143,8,1.0,H,1.52,3.97,6.18
1216,2016,2016-06-16,Coritiba,Palmeiras,1483.2723857299784,1523.88116151901,-40.6087757890316,0.8,2.4,1.6,2.2,1.8,1.0,1.6,1.4,4.0,4.0,1.0,2.142857142857143,8,2.3333333333333335,D,2.96,3.18,2.39
1217,2016,2016-06-16,Cruzeiro,Flamengo RJ,1539.6988746204338,1487.0438980275983,52.65497659283551,1.4,1.4,1.2,1.6,1.2,1.2,1.6,0.8,4.0,4.0,1.1428571428571428,1.4285714285714286,8,3.0,A,2.07,3.19,3.63
1218,2016,2016-06-16,Internacional,Atletico-MG,1578.0211892731272,1539.5467417392017,38.47444753392551,2.4,0.6,1.2,0.4,1.6,2.4,2.6,0.6,5.0,4.0,2.2857142857142856,1.0,8,1.75,H,1.85,3.47,4.17
1219,2016,2016-06-17,Fluminense,Corinthians,1496.0720510773042,1612.2022880814518,-116.1302370041476,1.2,2.4,0.6,0.8,1.6,0.4,1.8,0.8,6.0,5.0,1.4285714285714286,1.8571428571428572,8,1.5,H,3.32,3.11,2.23
1220,2016,2016-06-18,Palmeiras,Santa Cruz,1524.5820463159273,1495.2437449429165,29.338301373010836,2.0,0.8,1.8,1.4,0.4,1.0,2.4,0.6666666666666666,2.0,2.0,2.0,1.375,9,,H,1.38,4.53,7.93
1221,2016,2016-06-18,Athletico-PR,Santos,1501.0058350606812,1540.5805374395245,-39.57470237884331,1.8,1.8,1.4,1.2,1.4,0.4,2.2,0.8,3.0,2.0,1.25,1.625,9,1.6666666666666667,H,2.14,3.19,3.45
1222,2016,2016-06-19,America MG,Coritiba,1462.8771948658355,1482.571500933061,-19.694306067225625,0.8,0.8,1.0,1.8,1.8,2.4,1.0,1.2,3.0,3.0,0.625,1.0,9,,H,2.26,3.18,3.18
1223,2016,2016-06-19,Atletico-MG,Ponte Preta,1532.4399363906614,1507.6420929813341,24.797843409327243,0.6,1.8,1.6,2.2,1.6,1.4,1.4,0.8,3.0,4.0,0.875,1.625,9,2.3333333333333335,H,1.49,4.08,6.49
1224,2016,2016-06-19,Vitoria,Chapecoense-SC,1478.2022382759403,1500.7846361547452,-22.58239787880484,1.0,1.2,0.6,1.0,1.8,1.8,1.6,1.0,4.0,4.0,1.125,1.375,9,1.0,A,1.96,3.32,3.84
1225,2016,2016-06-19,Corinthians,Botafogo RJ,1600.7411743559474,1445.7083598116492,155.03281454429816,1.8,0.8,1.0,0.6,0.8,1.4,2.2,0.2,2.0,3.0,1.625,1.0,9,0.6666666666666666,H,1.45,4.09,7.15
1226,2016,2016-06-19,Figueirense,Internacional,1474.4787588198878,1585.1279946216675,-110.6492358017797,1.2,2.4,0.6,0.8,1.4,0.4,2.2,1.4,3.0,3.0,1.125,2.375,9,0.3333333333333333,H,3.3,3.03,2.28
1227,2016,2016-06-19,Flamengo RJ,Sao Paulo,1500.3065093663713,1551.5833545095477,-51.27684514317639,1.8,1.8,1.0,0.8,1.0,0.6,1.4,2.0,3.0,4.0,1.625,1.625,9,1.75,D,2.55,3.05,2.85
1228,2016,2016-06-19,Sport Recife,Fluminense,1502.5394638937496,1507.5331648028086,-4.993700909059044,0.8,1.8,1.4,2.2,0.8,0.4,1.2,1.0,3.0,2.0,0.625,1.625,9,1.6666666666666667,H,2.24,3.17,3.23
1229,2016,2016-06-19,Gremio,Cruzeiro,1585.8444412583046,1526.4362632816608,59.408177976643856,1.6,1.4,2.0,1.6,1.0,1.0,3.0,1.2,4.0,3.0,1.875,1.0,9,2.25,H,1.72,3.55,4.82
1230,2016,2016-06-22,Palmeiras,America MG,1531.9315906663094,1471.5805334307763,60.35105723553306,2.6,1.2,2.4,1.4,1.2,1.8,3.0,0.25,4.0,3.0,2.111111111111111,0.8888888888888888,10,,H,1.31,5.08,9.03
1231,2016,2016-06-22,Ponte Preta,Cruzeiro,1500.1706288897155,1519.871441030686,-19.700812140970356,1.8,1.2,1.4,1.6,0.8,1.2,1.8,1.2,3.0,3.0,1.4444444444444444,0.8888888888888888,10,1.0,A,2.61,3.08,2.75
1232,2016,2016-06-23,Botafogo RJ,Figueirense,1441.3115998730116,1485.7851406865063,-44.473540813494765,0.8,1.8,1.0,1.8,1.0,0.8,1.4,0.2,4.0,4.0,0.8888888888888888,1.3333333333333333,10,1.5,D,1.9,3.33,4.12
1233,2016,2016-06-23,Santa Cruz,Flamengo RJ,1487.8942005925344,1499.911730498924,-12.017529906389655,0.6,1.4,0.4,1.4,1.0,1.0,1.8,1.2,5.0,4.0,1.2222222222222223,1.5555555555555556,10,,A,2.88,3.16,2.46
1234,2016,2016-06-23,Atletico-MG,Corinthians,1539.91140048228,1605.137934294585,-65.22653381230498,1.0,1.8,2.0,2.0,1.2,0.8,1.4,0.6,4.0,4.0,1.1111111111111112,1.7777777777777777,10,1.25,H,1.87,3.42,4.12
1235,2016,2016-06-23,Fluminense,Santos,1499.2433143768105,1531.311032789619,-32.06771841280852,1.2,1.8,0.8,0.8,1.4,0.4,1.8,0.8,4.0,5.0,1.4444444444444444,1.4444444444444444,10,2.25,A,2.47,3.06,2.94
1236,2016,2016-06-23,Chapecoense-SC,Athletico-PR,1511.9994829474188,1510.2753397105866,1.7241432368321057,1.6,1.8,2.0,1.8,1.2,1.0,1.2,0.6,4.0,5.0,1.5555555555555556,1.4444444444444444,10,2.0,D,2.0,3.13,3.96
1237,2016,2016-06-23,Gremio,Vitoria,1592.4092635092795,1466.9873914832667,125.4218720260128,1.6,0.8,2.0,1.6,0.6,1.2,3.0,0.4,4.0,4.0,2.0,1.0,10,3.0,A,1.31,4.85,9.79
1238,2016,2016-06-24,Sao Paulo,Sport Recife,1551.978133376995,1510.8293143197477,41.14881905724724,1.4,1.4,1.2,1.0,1.8,2.0,1.8,0.6,5.0,5.0,1.5555555555555556,0.8888888888888888,10,3.0,D,1.38,4.49,8.07
1239,2016,2016-06-24,Coritiba,Internacional,1473.8681623681202,1573.821612755049,-99.95345038692881,0.8,1.8,2.0,2.4,1.6,1.0,1.6,1.4,5.0,5.0,0.8888888888888888,2.111111111111111,10,1.25,D,3.02,3.16,2.36
1240,2016,2016-06-25,Cruzeiro,Palmeiras,1531.1679183539006,1538.4724994568453,-7.304581102944667,1.2,2.6,1.4,1.2,2.0,0.8,1.0,1.4,3.0,3.0,1.1,2.2,11,2.3333333333333335,H,2.18,3.29,3.25
1241,2016,2016-06-26,Corinthians,Santa Cruz,1595.131414128268,1476.3809545387173,118.7504595895507,1.2,0.6,1.2,1.2,0.4,1.4,2.6,0.5,3.0,3.0,1.6,1.1,11,,H,1.42,4.32,7.5
1242,2016,2016-06-26,America MG,Atletico-MG,1465.0396246402404,1549.917920648597,-84.87829600835653,1.2,1.4,1.0,1.8,2.2,2.0,1.4,0.6,4.0,3.0,0.8,1.3,11,,A,5.98,3.99,1.54
1243,2016,2016-06-26,Athletico-PR,Gremio,1512.1725476469771,1577.4184787083773,-65.24593106140014,2.0,1.6,1.2,0.8,1.6,1.2,2.6,1.2,3.0,3.0,1.4,1.8,11,1.3333333333333333,H,2.4,3.09,3.03
1244,2016,2016-06-26,Flamengo RJ,Fluminense,1511.424976552741,1488.2982756655763,23.126700887164816,1.4,1.0,1.0,1.0,1.0,1.4,1.6,1.0,3.0,3.0,1.7,1.3,11,1.0,A,2.08,3.18,3.62
1245,2016,2016-06-26,Internacional,Botafogo RJ,1572.8189520082692,1440.7214873096837,132.09746469858555,1.4,1.0,1.6,1.2,1.0,1.6,2.6,0.2,2.0,3.0,2.0,0.9,11,2.0,A,1.65,3.69,5.17
1246,2016,2016-06-26,Santos,Sao Paulo,1542.2560715008533,1549.0145654552725,-6.758493954419237,2.4,1.6,2.2,0.6,1.2,0.8,2.4,1.6,3.0,2.0,1.6,1.5,11,1.75,H,2.13,3.22,3.45
1247,2016,2016-06-26,Vitoria,Ponte Preta,1481.978176284169,1488.8741515665008,-6.895975282331847,1.4,1.2,1.0,1.2,1.0,2.2,1.4,0.8,3.0,4.0,1.2,1.3,11,3.0,D,2.05,3.3,3.57
1248,2016,2016-06-26,Figueirense,Coritiba,1486.3752532498343,1474.8708231149,11.504430134934182,1.4,1.0,0.8,0.8,1.6,1.8,2.2,0.6,3.0,2.0,1.3,0.9,11,2.3333333333333335,D,2.23,3.12,3.33
1249,2016,2016-06-26,Sport Recife,Chapecoense-SC,1513.7928822414701,1510.1022750110283,3.690607230441856,1.0,1.2,1.6,2.0,1.2,1.2,1.6,1.6,2.0,3.0,0.9,1.5,11,3.0,H,1.75,3.5,4.66
1250,2016,2016-06-29,Flamengo RJ,Internacional,1498.9415192411104,1557.6852738816917,-58.7437546405813,1.4,1.4,1.0,1.0,2.0,1.6,1.0,1.4,3.0,3.0,1.5454545454545454,1.8181818181818181,12,1.75,H,2.15,3.23,3.39
1251,2016,2016-06-29,Gremio,Santos,1567.4114002446108,1550.5952736482423,16.816126596368576,1.0,2.4,1.4,1.6,2.2,0.6,2.4,1.4,3.0,3.0,1.6363636363636365,1.7272727272727273,12,1.5,H,2.15,3.15,3.48
1252,2016,2016-06-29,Vitoria,Sport Recife,1480.321226570173,1521.8411712664574,-41.51994469628448,1.0,1.4,1.0,1.4,1.8,1.4,1.6,0.8,3.0,3.0,1.1818181818181819,1.0909090909090908,12,0.0,H,2.37,3.2,2.96
1253,2016,2016-06-30,Chapecoense-SC,Cruzeiro,1502.053985986041,1539.5224085990292,-37.468422612988206,1.0,1.8,1.4,2.2,1.8,1.2,1.4,1.8,4.0,5.0,1.3636363636363635,1.2727272727272727,12,0.5,H,2.76,3.09,2.59
1254,2016,2016-06-30,Coritiba,Athletico-PR,1477.0378855891413,1522.1796261107436,-45.14174052160229,1.2,2.0,1.4,1.4,1.4,0.8,1.2,0.8,4.0,4.0,0.9090909090909091,1.5454545454545454,12,3.0,H,2.33,3.1,3.14
1255,2016,2016-06-30,America MG,Corinthians,1455.6111445074341,1600.286197249143,-144.6750527417089,0.6,1.2,0.8,2.0,1.2,1.2,1.4,0.6,4.0,4.0,0.7272727272727273,1.7272727272727273,12,,A,3.62,3.2,2.07
1256,2016,2016-06-30,Sao Paulo,Fluminense,1540.6753633078836,1500.781732977207,39.893630330676615,1.0,1.4,1.0,1.4,1.4,1.6,1.4,1.0,4.0,4.0,1.3636363636363635,1.4545454545454546,12,1.25,H,1.9,3.29,4.11
1257,2016,2016-06-30,Palmeiras,Figueirense,1530.1180092117168,1484.208190775593,45.909818436123714,2.0,1.6,1.8,1.0,0.8,0.6,3.0,0.4,5.0,4.0,2.0,1.2727272727272727,12,3.0,H,1.38,4.62,7.88
1258,2016,2016-06-30,Santa Cruz,Ponte Preta,1471.2261714178424,1490.5311012804968,-19.30492986265449,0.6,1.4,0.6,1.6,1.2,2.2,1.2,0.8,4.0,4.0,1.0,1.2727272727272727,12,,A,2.17,3.2,3.37
1259,2016,2016-07-01,Atletico-MG,Botafogo RJ,1559.3464007814032,1455.8551654362611,103.49123534514206,1.8,1.6,1.6,1.2,1.6,1.4,1.4,0.8,5.0,5.0,1.4545454545454546,1.0909090909090908,12,2.3333333333333335,H,1.59,3.91,5.41
1260,2016,2016-07-02,Fluminense,Coritiba,1493.7123114457966,1486.4669405378352,7.245370907961387,1.2,1.2,1.4,1.8,1.0,1.0,1.6,0.2,2.0,2.0,1.3333333333333333,1.0833333333333333,13,2.0,D,1.88,3.33,4.18
1261,2016,2016-07-02,Athletico-PR,America MG,1512.7505711620497,1447.8650051585523,64.88556600349739,1.4,0.6,1.0,0.8,0.6,1.8,2.6,0.2,2.0,2.0,1.4166666666666667,0.6666666666666666,13,,H,1.48,4.03,6.68
1262,2016,2016-07-03,Cruzeiro,Vitoria,1530.3131766219358,1489.6464432301786,40.666733391757134,1.2,1.4,1.6,1.4,1.4,1.6,1.0,1.0,3.0,4.0,1.1666666666666667,1.3333333333333333,13,3.0,D,1.47,4.15,6.67
1263,2016,2016-07-03,Internacional,Gremio,1547.8653236380649,1575.0991268894702,-27.233803251405334,0.8,1.4,1.4,1.6,1.8,1.8,2.4,1.0,4.0,4.0,1.6666666666666667,1.75,13,1.75,A,2.33,3.12,3.13
1264,2016,2016-07-03,Botafogo RJ,Santa Cruz,1450.3572106274771,1459.918492869577,-9.561282242099878,1.4,0.6,2.0,2.2,0.6,1.8,1.6,0.4,2.0,3.0,1.0,0.9166666666666666,13,,H,1.56,3.92,5.74
1265,2016,2016-07-03,Corinthians,Flamengo RJ,1608.0323365980248,1508.7614694847373,99.27086711328752,1.8,2.0,1.6,1.0,1.2,0.8,3.0,1.8,3.0,4.0,1.8333333333333333,1.6666666666666667,13,3.0,H,2.03,3.24,3.7
1266,2016,2016-07-03,Ponte Preta,Sao Paulo,1501.8387798287622,1547.744784839294,-45.90600501053177,1.4,1.6,1.4,2.0,1.2,1.2,1.8,1.0,3.0,3.0,1.4166666666666667,1.5,13,1.3333333333333333,H,2.14,3.23,3.47
1267,2016,2016-07-03,Santos,Chapecoense-SC,1542.907547003383,1511.2632179631344,31.644329040248522,1.8,1.6,2.2,1.2,1.8,2.2,2.4,1.4,4.0,3.0,1.5833333333333333,1.5,13,3.0,H,1.41,4.37,7.78
1268,2016,2016-07-03,Figueirense,Atletico-MG,1477.296242738783,1564.8443555901872,-87.54811285140431,1.0,2.4,0.6,1.4,2.2,1.2,2.2,1.2,3.0,2.0,1.1666666666666667,1.5833333333333333,13,0.3333333333333333,D,3.23,3.31,2.18
1269,2016,2016-07-05,Sport Recife,Palmeiras,1512.5159546064517,1537.029957248527,-24.514002642075184,1.4,2.0,1.8,1.4,2.4,1.0,1.6,0.8,6.0,5.0,1.0,2.0833333333333335,13,2.3333333333333335,A,2.81,3.3,2.42
1270,2016,2016-07-09,Chapecoense-SC,Corinthians,1503.9752745189076,1613.6276706833146,-109.65239616440704,1.4,2.4,1.2,2.2,2.4,0.8,1.4,1.2,6.0,6.0,1.3846153846153846,1.9230769230769231,14,0.0,A,3.0,3.17,2.36
1271,2016,2016-07-09,Coritiba,Botafogo RJ,1488.5168689480422,1458.7749619409362,29.741907007105965,1.2,1.4,0.6,0.6,1.8,2.2,1.6,0.6,7.0,6.0,1.0769230769230769,1.1538461538461537,14,2.0,D,1.89,3.41,4.03
1272,2016,2016-07-10,Ponte Preta,Sport Recife,1511.2897630899454,1501.3559198077305,9.933843282214866,1.4,1.4,1.0,1.6,2.0,1.6,1.8,0.8,7.0,5.0,1.5384615384615385,0.9230769230769231,14,0.5,H,1.85,3.46,4.19
1273,2016,2016-07-10,Flamengo RJ,Atletico-MG,1503.1661353994475,1564.1962783439842,-61.03014294453669,1.4,2.6,1.0,1.6,2.4,1.0,1.4,1.2,7.0,7.0,1.5384615384615385,1.5384615384615385,14,2.25,H,2.53,3.2,2.76
1274,2016,2016-07-10,Gremio,Figueirense,1586.1818643470342,1477.944319984986,108.23754436204831,1.8,1.2,1.4,1.2,0.8,1.4,2.4,0.2,7.0,7.0,1.8461538461538463,1.1538461538461537,14,3.0,H,1.33,4.69,9.7
1275,2016,2016-07-10,Santa Cruz,Internacional,1451.5007415561179,1536.7825861805009,-85.28184462438298,0.0,0.2,0.6,2.2,1.0,1.8,0.6,0.8,7.0,7.0,0.8461538461538461,1.5384615384615385,14,,H,2.7,3.1,2.64
1276,2016,2016-07-10,Sao Paulo,America MG,1538.2938015781108,1441.4384708085029,96.85533076960792,1.0,0.6,0.8,1.4,0.4,1.4,2.0,0.2,7.0,8.0,1.3846153846153846,0.6153846153846154,14,,H,1.55,3.82,6.05
1277,2016,2016-07-10,Vitoria,Fluminense,1492.5973490643576,1491.6623830355895,0.9349660287680308,1.6,0.8,1.8,1.6,1.2,1.8,1.6,1.0,7.0,8.0,1.3076923076923077,1.3076923076923077,14,2.0,D,2.07,3.37,3.45
1278,2016,2016-07-12,Cruzeiro,Athletico-PR,1527.3622707877569,1519.1771055120992,8.18516527565771,1.4,2.0,2.0,1.6,0.8,0.2,1.0,0.8,9.0,10.0,1.1538461538461537,1.5384615384615385,14,3.0,A,1.69,3.66,4.84
1279,2016,2016-07-13,Palmeiras,Santos,1548.189992047248,1550.1954904476097,-2.0054984003616028,2.4,1.8,2.6,0.8,2.4,1.2,3.0,1.2,8.0,10.0,2.1538461538461537,1.6923076923076923,14,1.0,D,2.13,3.3,3.34
1280,2016,2016-07-16,Botafogo RJ,Flamengo RJ,1461.436214901613,1513.0518787007875,-51.6156637991744,1.6,1.8,1.6,1.6,1.0,1.2,1.6,1.8,7.0,6.0,1.1428571428571428,1.6428571428571428,15,2.3333333333333335,D,3.17,3.22,2.25
1281,2016,2016-07-16,Santos,Ponte Preta,1551.9890073448069,1519.1658247860069,32.8231825588,2.0,2.0,2.6,1.2,1.4,1.2,2.4,1.4,3.0,6.0,1.6428571428571428,1.6428571428571428,15,2.3333333333333335,H,1.42,4.39,7.24
1282,2016,2016-07-17,America MG,Santa Cruz,1435.78692932716,1462.0838377736288,-26.296908446468933,0.0,0.6,0.0,1.8,0.6,1.6,1.2,0.2,7.0,7.0,0.5714285714285714,1.0,15,,A,2.16,3.16,3.45
1283,2016,2016-07-17,Athletico-PR,Vitoria,1531.2529322809085,1490.7220472967363,40.53088498417219,2.0,1.8,1.2,0.2,1.6,1.2,3.0,1.0,5.0,7.0,1.6428571428571428,1.2857142857142858,15,1.5,D,1.59,3.76,5.74
1284,2016,2016-07-17,Corinthians,Sao Paulo,1622.349501008618,1543.9453430594538,78.4041579491643,2.4,1.4,2.2,0.6,1.0,1.0,3.0,0.8,8.0,7.0,2.0,1.5,15,1.75,D,1.62,3.63,5.69
1285,2016,2016-07-17,Figueirense,Chapecoense-SC,1472.5546138164816,1495.253444193604,-22.698830377122476,0.6,0.8,0.4,1.4,0.8,2.4,2.2,1.2,7.0,8.0,1.0714285714285714,1.2857142857142858,15,2.0,D,2.22,3.12,3.34
1286,2016,2016-07-17,Fluminense,Cruzeiro,1493.5376848032108,1515.2864440189476,-21.748759215736754,1.0,1.4,1.0,1.4,2.0,1.8,1.6,1.8,7.0,5.0,1.2857142857142858,1.0714285714285714,15,1.75,H,2.37,3.14,3.03
1287,2016,2016-07-17,Internacional,Palmeiras,1526.19948996299,1546.396475150051,-20.196985187061046,0.2,2.0,0.6,1.4,2.2,0.8,1.8,1.4,7.0,4.0,1.4285714285714286,2.0714285714285716,15,3.0,A,2.3,3.22,3.08
1288,2016,2016-07-17,Sport Recife,Gremio,1493.479858111669,1591.5715705155385,-98.09171240386945,0.8,1.8,1.8,1.8,1.4,1.4,1.4,1.0,7.0,7.0,0.8571428571428571,1.9285714285714286,15,1.3333333333333333,H,2.69,3.14,2.62
1289,2016,2016-07-19,Atletico-MG,Coritiba,1554.3105350426442,1485.8556159873654,68.45491905527888,2.0,1.4,1.8,1.4,0.4,0.2,2.0,0.4,9.0,10.0,1.4285714285714286,1.0714285714285714,15,2.25,H,1.65,3.78,5.01
1290,2016,2016-07-23,Corinthians,Figueirense,1618.4414463094847,1471.3430688960693,147.0983774134154,2.6,0.6,2.2,0.4,0.6,1.6,2.6,0.2,6.0,6.0,1.9333333333333333,1.0666666666666667,16,1.3333333333333333,D,1.3,4.91,10.67
1291,2016,2016-07-23,Santa Cruz,Coritiba,1473.1932172601394,1479.518366146763,-6.325148886623538,1.2,1.2,1.2,1.4,0.4,0.4,1.2,0.4,6.0,4.0,1.1333333333333333,1.0,16,,A,2.28,3.14,3.21
1292,2016,2016-07-24,Palmeiras,Atletico-MG,1557.6789089172241,1560.6477848832467,-2.9688759660225514,2.0,2.0,2.0,0.8,1.8,1.4,2.6,1.0,7.0,5.0,2.1333333333333333,1.5333333333333334,16,0.3333333333333333,A,1.78,3.79,4.11
1293,2016,2016-07-24,Ponte Preta,Internacional,1511.909286807275,1514.9170561958167,-3.0077693885416465,2.0,0.0,1.6,1.0,0.4,1.4,2.4,0.2,8.0,7.0,1.5333333333333334,1.3333333333333333,16,1.3333333333333333,D,2.36,3.09,3.09
1294,2016,2016-07-24,Athletico-PR,Fluminense,1528.3055964104424,1502.2992050120479,26.0063913983945,2.0,1.6,1.4,0.4,1.0,0.6,2.6,1.0,7.0,7.0,1.6,1.4,16,0.3333333333333333,H,2.16,3.18,3.42
1295,2016,2016-07-24,Chapecoense-SC,Botafogo RJ,1496.4649891140164,1461.0511731922763,35.413815921740024,0.8,1.6,1.0,2.6,2.2,2.2,1.2,0.8,7.0,8.0,1.2666666666666666,1.1333333333333333,16,3.0,H,2.03,3.29,3.65
1296,2016,2016-07-24,Cruzeiro,Sport Recife,1506.5249238101105,1504.429444430767,2.0954793793434874,0.8,1.2,1.2,2.2,2.6,2.2,0.8,0.2,7.0,7.0,1.0,1.0,16,3.0,A,1.56,4.01,5.58
1297,2016,2016-07-24,Gremio,Sao Paulo,1580.6219841964405,1547.853397758587,32.7685864378534,1.8,1.4,1.6,1.8,1.2,1.2,2.4,1.0,7.0,7.0,1.8,1.4666666666666666,16,1.0,H,1.96,3.31,3.88
1298,2016,2016-07-24,Vitoria,Santos,1493.6693831672023,1559.2455453235386,-65.5761621563363,1.4,2.0,1.4,1.2,2.4,1.0,1.6,1.4,7.0,8.0,1.2666666666666666,1.7333333333333334,16,1.5,A,2.4,3.31,2.84
1299,2016,2016-07-26,Flamengo RJ,America MG,1513.4369204101242,1424.6775498406494,88.75937056947487,1.4,0.0,1.4,1.8,0.0,2.0,1.4,0.0,10.0,9.0,1.6,0.5333333333333333,16,,H,1.35,4.77,8.52
1300,2016,2016-07-30,Figueirense,Vitoria,1476.7876348433688,1483.6859664319047,-6.898331588535939,0.6,1.2,0.8,1.8,1.6,1.6,1.8,1.2,7.0,6.0,1.0625,1.1875,17,3.0,H,2.47,3.18,2.85
1301,2016,2016-07-30,Sport Recife,Athletico-PR,1516.3369534872513,1535.744528403974,-19.40757491672275,1.2,2.0,2.0,2.2,1.2,0.4,2.0,1.4,6.0,6.0,1.125,1.6875,17,1.0,H,1.64,3.65,5.35
1302,2016,2016-07-31,Atletico-MG,Santa Cruz,1572.4144521963399,1461.5202932794884,110.89415891685144,2.0,1.2,1.8,1.4,1.0,1.2,2.4,0.6,7.0,8.0,1.625,1.0625,17,,H,1.38,4.61,7.69
1303,2016,2016-07-31,Fluminense,Ponte Preta,1494.8602730185162,1510.1437040192366,-15.283431000720384,1.0,2.0,0.6,0.6,1.8,1.2,1.6,0.8,7.0,7.0,1.3125,1.5,17,2.3333333333333335,H,1.92,3.34,4.01
1304,2016,2016-07-31,Sao Paulo,Chapecoense-SC,1540.5954065874816,1503.6527168611283,36.942689726353365,1.4,1.4,1.2,0.8,1.2,1.8,2.0,0.8,7.0,7.0,1.375,1.375,17,0.5,D,1.56,3.65,6.48
1305,2016,2016-07-31,Coritiba,Flamengo RJ,1491.1912901274138,1519.279319684709,-28.088029557295158,1.6,2.0,0.6,0.4,1.6,1.6,1.8,1.4,8.0,5.0,1.125,1.6875,17,0.75,A,2.49,3.05,2.93
1306,2016,2016-07-31,Internacional,Corinthians,1516.6826389838552,1612.9968803621853,-96.31424137833005,0.2,2.2,0.4,1.2,2.0,0.4,1.2,1.2,7.0,8.0,1.3125,1.875,17,1.5,A,2.51,3.02,2.93
1307,2016,2016-07-31,Santos,Cruzeiro,1569.2289620588363,1494.6174147536262,74.61154730521002,2.0,0.2,2.4,1.4,1.0,2.4,3.0,1.2,7.0,7.0,1.8125,0.9375,17,1.5,H,1.88,3.41,4.08
1308,2016,2016-07-31,America MG,Gremio,1418.8351505660646,1587.879975367546,-169.04482480148135,0.0,2.4,0.2,2.2,1.8,1.4,1.2,1.0,5.0,7.0,0.5,1.875,17,,D,4.09,3.37,1.89
1309,2016,2016-07-31,Botafogo RJ,Palmeiras,1453.8634454451644,1545.912241604131,-92.04879615896652,1.0,2.0,1.8,2.2,1.8,0.6,1.8,2.0,7.0,7.0,1.0625,2.0,17,0.0,H,2.63,3.26,2.62
1310,2016,2016-08-03,Sport Recife,America MG,1525.032178892956,1421.7433806613487,103.28879823160719,1.8,0.2,2.0,1.6,0.2,1.8,2.4,0.0,4.0,3.0,1.2352941176470589,0.5294117647058824,18,,D,1.49,4.14,6.47
1311,2016,2016-08-03,Vitoria,Coritiba,1475.342850187867,1480.1328574666531,-4.790007278786106,0.6,1.0,1.0,1.4,0.4,0.8,1.0,1.0,4.0,3.0,1.1176470588235294,1.0588235294117647,18,2.0,H,2.04,3.25,3.68
1312,2016,2016-08-04,Athletico-PR,Corinthians,1527.0493029982695,1622.09801665596,-95.04871365769054,2.0,2.2,1.2,0.6,1.8,0.4,2.6,1.8,5.0,4.0,1.588235294117647,1.9411764705882353,18,1.3333333333333333,H,2.96,3.05,2.47
1313,2016,2016-08-04,Santos,Flamengo RJ,1575.4137881073027,1530.3377523454697,45.076035761833054,2.6,2.0,2.4,0.8,1.8,1.6,3.0,2.0,4.0,4.0,1.8823529411764706,1.7647058823529411,18,1.5,D,3.46,3.2,2.13
1314,2016,2016-08-04,Ponte Preta,Botafogo RJ,1501.564974284157,1464.6404032896344,36.92457099452258,1.4,1.6,1.2,1.8,1.8,1.4,2.0,0.8,4.0,4.0,1.411764705882353,1.1764705882352942,18,0.5,H,2.02,3.35,3.61
1315,2016,2016-08-04,Gremio,Santa Cruz,1584.9717452722618,1456.1905857743411,128.78115949792073,2.0,1.2,1.2,1.0,1.0,1.2,2.4,0.6,4.0,4.0,1.8235294117647058,1.0,18,,D,1.47,4.19,6.63
1316,2016,2016-08-04,Sao Paulo,Atletico-MG,1537.7426604210139,1577.7441597014872,-40.001499280473354,1.0,2.0,1.2,1.0,1.4,0.8,2.2,1.4,4.0,4.0,1.3529411764705883,1.7058823529411764,18,3.0,A,2.23,3.34,3.11
1317,2016,2016-08-05,Cruzeiro,Internacional,1488.4325887051598,1507.5815026900805,-19.148913984920682,0.2,0.2,0.6,2.2,0.4,1.2,0.8,0.4,5.0,5.0,0.8823529411764706,1.2352941176470589,18,1.5,H,1.69,3.6,4.99
1318,2016,2016-08-05,Chapecoense-SC,Palmeiras,1506.505463027596,1535.135283759661,-28.6298207320649,1.0,1.4,1.0,1.8,1.2,1.2,1.6,1.4,5.0,5.0,1.3529411764705883,1.8823529411764706,18,3.0,D,2.72,3.19,2.57
1319,2016,2016-08-06,Flamengo RJ,Athletico-PR,1533.4040785388518,1537.9120245117072,-4.507945972855396,2.2,2.0,1.8,0.8,1.4,0.6,2.0,0.8,2.0,2.0,1.7222222222222223,1.6666666666666667,19,1.0,H,1.72,3.44,5.05
1320,2016,2016-08-07,America MG,Santos,1426.2407789865943,1572.3474619139206,-146.10668292732635,0.4,2.2,0.4,1.8,1.8,0.8,0.8,1.4,4.0,3.0,0.5555555555555556,1.8333333333333333,19,,H,3.07,3.2,2.33
1321,2016,2016-08-07,Coritiba,Ponte Preta,1471.8486977800292,1508.71270718341,-36.864009403380805,0.8,1.4,0.6,1.4,1.4,1.8,1.2,0.8,4.0,3.0,1.0,1.5,19,2.3333333333333335,H,1.93,3.27,4.05
1322,2016,2016-08-07,Palmeiras,Vitoria,1536.17829458044,1483.627009874491,52.551284705949,1.0,1.0,0.8,1.2,1.2,1.2,2.0,1.0,2.0,4.0,1.8333333333333333,1.2222222222222223,19,3.0,H,1.41,4.51,7.08
1323,2016,2016-08-07,Internacional,Fluminense,1498.8935946882593,1503.4390027535958,-4.54540806533646,0.2,1.6,0.8,1.8,1.0,0.2,0.6,0.8,2.0,7.0,1.1666666666666667,1.411764705882353,19,2.25,D,2.15,3.22,3.4
1324,2016,2016-08-07,Santa Cruz,Sao Paulo,1461.2536247288886,1527.0243848122257,-65.77076008333711,1.4,1.0,0.8,0.8,1.4,1.2,1.2,0.4,3.0,3.0,1.0,1.2777777777777777,19,,A,2.48,3.1,2.89
1325,2016,2016-08-07,Figueirense,Sport Recife,1485.1307510874065,1520.5347805677104,-35.40402948030396,1.2,2.0,1.0,1.0,2.0,1.2,1.8,0.8,8.0,4.0,1.1764705882352942,1.2222222222222223,18,2.3333333333333335,D,2.31,3.15,3.11
1326,2016,2016-08-09,Atletico-MG,Chapecoense-SC,1588.4624353102754,1505.462452206817,82.99998310345836,2.4,1.2,1.6,0.8,1.2,1.4,3.0,1.0,5.0,4.0,1.7777777777777777,1.3333333333333333,19,3.0,H,1.43,4.26,7.25
1327,2016,2016-08-09,Corinthians,Cruzeiro,1611.2352951425223,1497.120496706981,114.11479843554139,1.6,0.6,1.0,0.8,1.0,2.2,2.2,0.6,5.0,4.0,1.8333333333333333,1.0,19,2.5,D,1.64,3.71,5.21
1328,2016,2016-08-13,Sport Recife,Flamengo RJ,1521.3845666274299,1541.6803599614411,-20.29579333401125,2.2,2.2,2.0,1.0,1.6,0.8,2.0,1.6,6.0,7.0,1.2105263157894737,1.7894736842105263,20,0.6666666666666666,H,2.78,3.2,2.5
1329,2016,2016-08-13,Ponte Preta,Figueirense,1499.5207604394104,1484.280965027687,15.239795411723435,0.8,1.2,1.2,2.2,1.0,1.0,2.0,0.4,6.0,6.0,1.4210526315789473,1.1666666666666667,20,0.5,H,1.6,3.72,5.71
1330,2016,2016-08-14,Fluminense,America MG,1505.161675102767,1438.5337155553823,66.62795954738476,1.6,1.0,1.4,0.6,0.6,1.2,2.0,0.2,7.0,7.0,1.3888888888888888,0.6842105263157895,19,,H,1.47,3.99,7.22
1331,2016,2016-08-14,Gremio,Corinthians,1579.9087063177144,1606.4928385020355,-26.584132184321106,1.6,1.2,1.0,1.0,0.8,1.0,2.0,1.8,10.0,5.0,1.7777777777777777,1.7894736842105263,19,3.0,H,2.15,3.14,3.49
1332,2016,2016-08-14,Cruzeiro,Coritiba,1501.8629533474677,1481.0406445240287,20.822308823439016,0.8,1.2,1.2,1.8,1.2,1.6,1.4,1.0,5.0,7.0,1.0,1.105263157894737,20,3.0,D,1.52,3.9,6.53
1333,2016,2016-08-14,Santos,Atletico-MG,1560.0545253451326,1594.442887745821,-34.38836240068849,2.0,3.0,1.6,0.8,2.2,0.6,2.6,2.0,7.0,5.0,1.736842105263158,1.8421052631578947,20,1.75,H,2.23,3.29,3.14
1334,2016,2016-08-14,Vitoria,Santa Cruz,1476.886954149489,1451.275808950973,25.611145198515942,0.8,0.8,1.4,1.6,0.8,1.2,1.6,0.8,7.0,7.0,1.1578947368421053,0.9473684210526315,20,,D,1.77,3.56,4.44
1335,2016,2016-08-14,Sao Paulo,Botafogo RJ,1537.0022005901412,1457.4926703903814,79.50953019975987,1.0,1.0,1.2,1.4,1.4,1.6,1.6,0.8,7.0,10.0,1.368421052631579,1.1111111111111112,20,2.3333333333333335,A,1.61,3.73,5.53
1336,2016,2016-08-14,Athletico-PR,Palmeiras,1529.6357430891178,1542.9183503054421,-13.282607216324323,1.4,1.4,0.8,0.8,1.0,1.2,2.6,1.4,8.0,7.0,1.5789473684210527,1.894736842105263,20,1.0,A,2.54,3.13,2.79
1337,2016,2016-08-16,Chapecoense-SC,Internacional,1499.4819997712714,1497.170922339088,2.3110774321833105,1.2,0.4,1.4,1.6,1.2,2.0,1.6,0.4,7.0,9.0,1.263157894736842,1.1578947368421053,20,3.0,H,2.33,3.06,3.18
1338,2016,2016-08-20,America MG,Chapecoense-SC,1432.1508487024869,1507.568511801995,-75.41766309950822,1.0,1.6,0.6,0.8,1.4,1.4,0.8,0.4,6.0,4.0,0.65,1.35,21,,A,2.18,3.09,3.46
1339,2016,2016-08-21,Botafogo RJ,Sport Recife,1471.4276475987597,1530.1049301170203,-58.677282518260654,1.4,2.2,1.6,1.6,1.4,0.6,2.2,1.0,7.0,8.0,1.2105263157894737,1.3,20,2.0,H,1.92,3.34,3.98
1340,2016,2016-08-21,Atletico-MG,Athletico-PR,1585.321688659566,1518.1580945442258,67.16359411534017,2.4,1.2,1.8,1.0,0.6,0.8,3.0,0.8,7.0,7.0,1.75,1.5,21,1.0,H,1.42,4.33,7.46
1341,2016,2016-08-21,Flamengo RJ,Gremio,1532.9599964718507,1588.807492798564,-55.847496326713326,2.0,1.6,1.0,0.4,1.2,0.8,2.4,1.0,8.0,7.0,1.7,1.8421052631578947,21,1.0,H,2.01,3.29,3.71
1342,2016,2016-08-21,Internacional,Sao Paulo,1489.0844103083643,1523.067223381763,-33.982813073398574,0.4,0.8,1.2,2.0,1.0,1.4,0.2,0.8,5.0,7.0,1.1,1.3,21,1.0,D,2.08,3.19,3.64
1343,2016,2016-08-21,Palmeiras,Ponte Preta,1554.395998850334,1507.2514765670808,47.14452228325331,1.4,1.4,1.0,1.2,1.4,1.6,2.0,0.8,7.0,8.0,1.95,1.5,21,1.5,D,1.63,3.74,5.35
1344,2016,2016-08-21,Santa Cruz,Fluminense,1453.8262439302937,1511.5445419556625,-57.71829802536877,0.4,2.0,0.6,1.6,1.6,0.6,0.6,1.0,7.0,7.0,0.95,1.4736842105263157,21,,A,2.46,3.15,2.88
1345,2016,2016-08-21,Coritiba,Santos,1483.4617650147986,1569.1757244313876,-85.71395941658898,1.4,2.0,1.4,1.6,1.6,0.6,1.6,1.4,7.0,7.0,1.1,1.8,21,1.75,H,2.44,3.1,2.97
1346,2016,2016-08-21,Figueirense,Cruzeiro,1476.5502489000166,1499.4418328566978,-22.89158395668119,1.2,1.0,0.8,1.0,1.6,1.8,1.4,0.8,8.0,7.0,1.105263157894737,1.0,20,2.3333333333333335,A,3.16,3.21,2.26
1347,2016,2016-08-23,Corinthians,Vitoria,1597.594052021186,1474.3365191701682,123.25753285101769,1.0,0.8,0.6,1.4,1.6,1.8,1.8,1.0,9.0,9.0,1.7,1.15,21,3.0,H,1.39,4.56,7.73
1348,2016,2016-08-27,Ponte Preta,Corinthians,1510.371641894827,1602.6501908682924,-92.27854897346538,1.4,1.4,1.4,1.6,0.8,1.4,2.6,1.8,6.0,4.0,1.4761904761904763,1.7619047619047619,22,2.3333333333333335,H,2.73,3.1,2.62
1349,2016,2016-08-28,Cruzeiro,Santa Cruz,1510.6479109504985,1443.616690381681,67.03122056881739,1.6,0.4,1.8,1.6,0.6,1.6,1.0,1.0,7.0,7.0,1.0952380952380953,0.9047619047619048,22,,H,1.4,4.55,7.57
1350,2016,2016-08-28,Santos,Figueirense,1558.580234142458,1465.344170806216,93.23606333624207,1.4,1.0,1.2,0.6,0.8,1.2,2.6,0.4,7.0,7.0,1.7142857142857142,1.05,22,3.0,A,1.38,4.56,8.12
1351,2016,2016-08-28,Chapecoense-SC,Flamengo RJ,1517.268757182806,1542.6966271596502,-25.42786997684425,1.6,2.0,1.4,1.4,1.0,0.4,2.0,1.0,8.0,7.0,1.4285714285714286,1.7619047619047619,22,1.5,A,2.82,3.08,2.56
1352,2016,2016-08-28,Fluminense,Palmeiras,1521.754095504275,1551.2758335225878,-29.521738018312817,2.0,1.6,1.4,0.6,1.4,1.4,2.0,2.0,7.0,7.0,1.55,1.9047619047619047,21,2.0,A,3.05,3.24,2.3
1353,2016,2016-08-28,Gremio,Atletico-MG,1579.0708621107644,1591.6911632698357,-12.620301159071232,1.6,2.4,1.0,0.4,1.8,1.0,2.6,1.4,7.0,7.0,1.75,1.8095238095238095,21,1.5,D,1.77,3.57,4.48
1354,2016,2016-08-28,Sao Paulo,Coritiba,1523.9576056033738,1494.0572553037282,29.900350299645652,1.0,1.4,1.2,1.4,1.6,1.8,1.4,1.0,7.0,7.0,1.2857142857142858,1.1904761904761905,22,1.75,D,1.72,3.54,4.87
1355,2016,2016-08-28,Sport Recife,Internacional,1520.2868924680297,1488.1940280867534,32.092864381276286,1.6,0.4,1.0,1.0,1.0,1.8,2.0,0.2,7.0,7.0,1.2380952380952381,1.0952380952380953,22,1.3333333333333333,D,2.4,3.1,2.98
1356,2016,2016-08-28,Vitoria,America MG,1469.2803803230618,1422.450603321676,46.829777001385764,0.8,1.0,1.4,1.6,0.6,0.8,1.6,0.2,5.0,8.0,1.0952380952380953,0.6190476190476191,22,,H,1.67,3.67,5.03
1357,2016,2016-08-30,Athletico-PR,Botafogo RJ,1511.7886199339562,1481.2456852477503,30.542934686205854,0.6,1.8,0.4,1.0,1.6,1.0,2.0,0.8,9.0,9.0,1.4285714285714286,1.3,22,3.0,H,2.19,3.21,3.32
1358,2016,2016-09-03,Fluminense,Figueirense,1510.7364835991734,1479.6077748967293,31.1287087024441,2.0,1.4,1.4,0.8,0.8,1.0,2.0,0.8,6.0,6.0,1.4761904761904763,1.1428571428571428,22,2.3333333333333335,H,1.42,4.17,7.98
1359,2016,2016-09-04,Botafogo RJ,Gremio,1473.928347617199,1577.5745723622483,-103.64622474504927,1.8,1.2,1.4,0.8,1.0,0.6,2.2,0.8,5.0,7.0,1.2380952380952381,1.7142857142857142,22,0.0,H,2.38,3.27,2.91
1360,2016,2016-09-07,Botafogo RJ,Fluminense,1485.036110460009,1518.0381817416114,-33.00207128160241,1.8,2.0,1.2,0.8,1.4,1.2,2.6,1.0,3.0,4.0,1.3181818181818181,1.5454545454545454,23,2.3333333333333335,H,2.38,3.07,3.08
1361,2016,2016-09-07,Figueirense,Athletico-PR,1472.3060767542913,1519.1059575645074,-46.79988081021611,0.8,1.2,1.0,1.6,0.6,0.6,1.2,0.6,4.0,8.0,1.0909090909090908,1.5,23,0.5,H,2.33,3.04,3.2
1362,2016,2016-09-07,Santa Cruz,Chapecoense-SC,1437.2439074844795,1506.1346795033878,-68.89077201890836,0.4,1.4,0.6,1.4,1.2,1.6,0.6,1.0,10.0,10.0,0.8636363636363636,1.3636363636363635,23,,D,2.1,3.18,3.58
1363,2016,2016-09-07,Atletico-MG,Vitoria,1593.1874530183518,1476.168394460262,117.01905855808968,2.0,1.4,1.4,1.2,1.8,1.6,3.0,0.4,10.0,10.0,1.7727272727272727,1.1818181818181819,23,2.0,H,1.4,4.63,7.16
1364,2016,2016-09-08,Coritiba,Gremio,1496.7227451372482,1566.4668095194384,-69.74406438219012,1.6,1.0,1.6,1.4,1.2,1.0,2.0,0.8,11.0,4.0,1.1818181818181819,1.6363636363636365,23,2.5,H,2.4,3.05,3.07
1365,2016,2016-09-08,Flamengo RJ,Ponte Preta,1553.8307048390684,1521.1551722990548,32.67553254001359,2.0,2.0,1.2,0.6,1.8,1.0,3.0,0.8,11.0,12.0,1.8181818181818181,1.5454545454545454,23,0.3333333333333333,H,1.66,3.61,5.18
1366,2016,2016-09-08,Palmeiras,Sao Paulo,1562.2934454276894,1521.2921157698538,41.00132965783564,2.2,1.0,1.6,0.8,0.8,1.0,1.6,1.0,11.0,11.0,1.9545454545454546,1.2727272727272727,23,1.3333333333333333,H,1.7,3.58,4.9
1367,2016,2016-09-08,Corinthians,Sport Recife,1591.8666604640646,1517.5628797745535,74.30378068951109,0.8,1.2,0.6,1.8,0.8,1.2,1.8,0.8,12.0,11.0,1.6818181818181819,1.2272727272727273,23,3.0,H,1.5,4.02,6.6
1368,2016,2016-09-09,America MG,Cruzeiro,1415.5625891844757,1517.0206938477002,-101.4581046632245,0.8,2.2,0.8,1.2,2.2,1.2,0.8,0.8,12.0,12.0,0.5909090909090909,1.1818181818181819,23,,A,4.24,3.45,1.84
1369,2016,2016-09-09,Internacional,Santos,1490.9180407802296,1544.3166300519447,-53.39858927171508,0.6,0.8,1.2,1.8,0.8,0.8,0.4,0.8,12.0,12.0,1.0909090909090908,1.6363636363636365,23,1.75,H,2.06,3.25,3.6
1370,2016,2016-09-10,Vitoria,Flamengo RJ,1470.9753846569197,1561.0911731270246,-90.11578847010492,0.8,2.4,1.4,1.8,1.6,0.8,1.6,1.6,3.0,2.0,1.1304347826086956,1.8695652173913044,24,1.5,A,3.0,3.38,2.27
1371,2016,2016-09-11,Chapecoense-SC,Coritiba,1506.0226987637805,1506.8592818008751,-0.8365830370946696,1.4,2.2,1.4,1.8,2.2,0.8,1.4,1.0,4.0,3.0,1.3478260869565217,1.2608695652173914,24,2.0,H,2.04,3.24,3.7
1372,2016,2016-09-11,Sao Paulo,Figueirense,1514.2518109530995,1481.7827138475013,32.469097105598166,1.0,1.2,0.8,1.0,1.0,1.4,1.0,0.8,3.0,4.0,1.2173913043478262,1.173913043478261,24,2.3333333333333335,H,1.45,4.1,7.38
1373,2016,2016-09-11,Athletico-PR,Internacional,1509.6293204712974,1500.5842493871041,9.045071084193296,0.6,1.2,0.2,0.8,1.2,1.2,2.0,0.4,4.0,2.0,1.434782608695652,1.173913043478261,24,2.0,H,2.48,3.02,2.98
1374,2016,2016-09-11,Cruzeiro,Botafogo RJ,1525.9751799274645,1494.1177311178278,31.857448809636708,2.2,2.4,1.8,0.8,1.4,0.4,1.4,0.8,2.0,4.0,1.2608695652173914,1.391304347826087,24,2.0,A,1.5,4.15,6.14
1375,2016,2016-09-11,Santos,Corinthians,1534.6504214450702,1598.0590579395705,-63.40863649450034,0.6,1.4,1.0,1.2,1.2,1.4,2.0,1.2,2.0,3.0,1.565217391304348,1.7391304347826086,24,1.75,H,2.3,3.15,3.16
1376,2016,2016-09-11,Sport Recife,Santa Cruz,1511.3704822990476,1437.3558882240868,74.01459407496077,1.0,0.4,0.6,1.6,1.0,1.8,2.2,1.0,3.0,4.0,1.173913043478261,0.8695652173913043,24,,H,2.03,3.29,3.65
1377,2016,2016-09-11,Gremio,Palmeiras,1556.3302728558115,1569.3337502444438,-13.003477388632291,0.8,2.6,1.2,1.8,1.8,0.8,2.2,2.0,3.0,3.0,1.565217391304348,2.0,24,2.3333333333333335,D,2.11,3.38,3.33
1378,2016,2016-09-11,Ponte Preta,America MG,1513.8947040110986,1406.6081031047113,107.28660090638732,1.4,0.6,1.6,1.4,0.6,1.4,2.6,0.2,3.0,2.0,1.4782608695652173,0.5652173913043478,24,,D,1.45,4.01,7.44
1379,2016,2016-09-13,Fluminense,Atletico-MG,1508.9565610837926,1598.3804628216942,-89.42390173790159,1.8,2.0,1.0,1.0,1.4,1.2,2.4,1.4,6.0,6.0,1.4782608695652173,1.826086956521739,24,0.75,H,2.19,3.41,3.12
1380,2016,2016-09-14,Botafogo RJ,Santos,1506.8354696307201,1544.6046186418064,-37.769149011086256,2.4,1.2,1.6,0.4,1.4,1.2,2.6,0.8,3.0,3.0,1.4583333333333333,1.625,25,2.0,A,2.58,3.22,2.68
1381,2016,2016-09-14,Figueirense,America MG,1474.5167489018636,1411.1968169227312,63.319931979132434,1.2,0.2,1.2,1.6,0.6,1.6,1.6,0.4,3.0,3.0,1.125,0.5833333333333334,25,,D,2.2,3.07,3.42
1382,2016,2016-09-15,Ponte Preta,Gremio,1509.3059901930787,1554.8447666612108,-45.53877646813203,1.6,0.4,1.6,1.0,0.6,1.8,2.2,0.2,4.0,4.0,1.4583333333333333,1.5416666666666667,25,1.0,H,2.34,3.07,3.14
1383,2016,2016-09-15,Santa Cruz,Athletico-PR,1431.1563717558365,1517.5298223286763,-86.37345057283983,0.4,1.2,1.4,2.4,0.6,0.8,0.8,0.6,4.0,4.0,0.8333333333333334,1.5,25,,H,1.95,3.29,3.93
1384,2016,2016-09-15,Coritiba,Corinthians,1498.6853407972508,1588.1048607428343,-89.41951994558349,1.6,1.2,1.6,0.8,1.2,1.6,2.0,0.6,4.0,4.0,1.2083333333333333,1.6666666666666667,25,0.5,D,2.44,3.09,2.96
1385,2016,2016-09-15,Palmeiras,Flamengo RJ,1570.8192564390445,1570.3695392034579,0.44971723558660415,2.2,2.4,1.4,0.6,1.8,1.0,1.6,2.0,4.0,5.0,1.9583333333333333,1.9166666666666667,25,2.3333333333333335,D,1.94,3.4,3.82
1386,2016,2016-09-15,Atletico-MG,Sport Recife,1587.678642116398,1517.5699987672979,70.10864334910002,1.4,1.4,1.2,1.8,1.4,2.0,3.0,0.8,2.0,4.0,1.75,1.25,25,3.0,H,1.45,4.4,6.69
1387,2016,2016-09-15,Fluminense,Chapecoense-SC,1519.658381789089,1514.1966397674048,5.461742021684131,1.8,2.0,1.6,1.4,1.4,1.2,2.4,1.2,2.0,4.0,1.5416666666666667,1.4166666666666667,25,0.0,A,1.66,3.54,5.4
1388,2016,2016-09-16,Internacional,Vitoria,1492.6837475297252,1461.6970185804864,30.986728949238795,1.0,0.8,1.0,1.2,1.4,1.8,1.0,0.2,5.0,6.0,1.125,1.0833333333333333,25,2.0,A,1.5,4.01,6.52
1389,2016,2016-09-16,Sao Paulo,Cruzeiro,1521.5177758987372,1513.2574414145722,8.260334484165014,1.0,2.0,1.0,1.0,1.6,1.0,1.0,1.4,5.0,5.0,1.2916666666666667,1.2083333333333333,25,2.25,H,1.93,3.34,3.96
1390,2016,2016-09-17,Corinthians,Palmeiras,1587.403165534572,1568.9574336052262,18.44573192934581,1.4,1.8,1.4,1.2,1.4,0.8,1.8,1.6,2.0,2.0,1.64,1.92,26,2.0,A,2.29,3.15,3.15
1391,2016,2016-09-18,Flamengo RJ,Figueirense,1572.231362037276,1470.9826546190627,101.24870741821337,2.6,1.4,2.0,1.0,1.4,1.6,3.0,0.8,3.0,4.0,1.88,1.12,26,1.3333333333333333,H,1.31,4.88,9.77
1392,2016,2016-09-18,Athletico-PR,Sao Paulo,1506.9154198295582,1529.4398789075278,-22.524459077969595,1.2,1.6,0.6,0.8,1.2,0.8,2.4,1.0,3.0,2.0,1.44,1.36,26,2.3333333333333335,H,2.78,2.94,2.69
1393,2016,2016-09-18,Chapecoense-SC,Ponte Preta,1526.1973371200193,1518.7464362416456,7.450900878373659,2.0,1.6,1.6,1.4,1.8,1.0,2.0,0.2,3.0,3.0,1.48,1.52,26,1.0,D,2.49,3.01,2.95
1394,2016,2016-09-18,Cruzeiro,Atletico-MG,1505.3353384057816,1593.974751605128,-88.63941319934634,1.8,2.0,1.2,0.8,1.4,1.2,1.4,1.4,2.0,3.0,1.16,1.8,26,1.25,D,1.93,3.49,3.74
1395,2016,2016-09-18,Gremio,Fluminense,1545.404320612644,1507.6576844364745,37.74663617616943,0.4,1.2,0.4,2.0,1.6,1.8,1.8,1.0,3.0,3.0,1.48,1.48,26,3.0,A,1.75,3.43,4.85
1396,2016,2016-09-18,Sport Recife,Coritiba,1511.2738892785678,1499.387036005513,11.88685327305484,0.8,1.6,1.2,2.2,1.4,0.6,2.2,1.0,3.0,3.0,1.2,1.2,26,3.0,A,1.85,3.38,4.25
1397,2016,2016-09-18,Santos,Santa Cruz,1555.3867846012638,1441.7707742549546,113.61601034630917,1.2,0.8,1.0,1.2,1.2,2.0,2.0,0.4,4.0,3.0,1.68,0.92,26,,H,1.49,4.11,6.4
1398,2016,2016-09-18,Vitoria,Botafogo RJ,1474.3915310462855,1496.0533036712627,-21.661772624977175,1.2,1.8,1.2,1.4,1.0,0.6,1.4,1.2,2.0,4.0,1.16,1.4,26,3.0,A,2.03,3.37,3.57
1399,2016,2016-09-20,America MG,Internacional,1414.730911205532,1479.9892350639261,-65.25832385839408,0.4,1.0,1.0,1.8,1.0,1.2,0.8,0.4,6.0,4.0,0.6,1.08,26,,H,2.98,3.07,2.45
1400,2016,2016-09-24,Palmeiras,Coritiba,1581.3140545870397,1511.5645860892603,69.74946849777939,2.2,1.6,1.4,0.4,1.2,0.4,1.6,1.0,7.0,6.0,1.9615384615384615,1.2692307692307692,27,1.0,H,1.39,4.41,8.1
1401,2016,2016-09-24,Sport Recife,Santos,1499.0963391948205,1560.655462954726,-61.55912375990556,0.8,1.8,1.2,1.8,1.4,1.2,1.6,1.2,6.0,6.0,1.1538461538461537,1.7307692307692308,27,2.3333333333333335,H,2.28,3.2,3.14
1402,2016,2016-09-25,America MG,Botafogo RJ,1424.7383463624808,1507.294248659096,-82.55590229661516,1.0,2.4,1.0,1.4,1.2,0.4,1.4,1.8,5.0,7.0,0.6923076923076923,1.4615384615384615,27,,H,2.5,3.09,2.86
1403,2016,2016-09-25,Athletico-PR,Ponte Preta,1515.698930068954,1520.8020310052234,-5.103100936269357,1.8,1.6,0.8,0.6,1.8,1.0,2.4,0.4,7.0,7.0,1.5,1.5,27,1.5,H,2.34,2.98,3.25
1404,2016,2016-09-25,Figueirense,Santa Cruz,1465.4330876822798,1436.5020959014923,28.930991780787508,0.8,0.8,1.2,2.0,1.6,2.4,1.6,0.4,7.0,7.0,1.0769230769230769,0.8846153846153846,27,,H,2.43,3.12,2.96
1405,2016,2016-09-25,Corinthians,Fluminense,1575.0465445527586,1520.531672856984,54.51487169577467,0.8,1.8,1.0,1.4,1.8,1.4,1.6,1.4,8.0,7.0,1.5769230769230769,1.5384615384615385,27,1.75,A,1.74,3.38,5.01
1406,2016,2016-09-25,Flamengo RJ,Cruzeiro,1577.780928974059,1506.0146874083962,71.76624156566277,2.6,1.4,2.0,0.8,1.0,0.8,3.0,1.4,7.0,7.0,1.9230769230769231,1.1538461538461537,27,2.0,H,1.84,3.53,4.1
1407,2016,2016-09-25,Gremio,Chapecoense-SC,1532.5303321921344,1524.1417423564415,8.388589835692983,0.2,1.6,0.2,2.0,1.6,1.6,1.2,1.6,7.0,7.0,1.4230769230769231,1.4615384615384615,27,1.5,H,1.59,3.69,5.9
1408,2016,2016-09-25,Vitoria,Sao Paulo,1463.1505860584523,1520.656368668132,-57.50578260967973,1.2,1.4,1.0,1.2,1.0,0.8,1.4,0.8,7.0,7.0,1.1153846153846154,1.3076923076923077,27,1.5,H,2.34,3.22,2.99
1409,2016,2016-09-25,Atletico-MG,Internacional,1593.2954026025134,1469.9817999069774,123.31360269553602,1.6,0.8,1.4,1.4,0.8,1.2,3.0,0.2,7.0,5.0,1.7692307692307692,1.0384615384615385,27,3.0,H,1.68,3.6,5.07
1410,2016,2016-10-01,Fluminense,Sport Recife,1533.8420341327414,1508.9973060533744,24.844728079367087,1.8,1.2,1.4,1.0,1.2,1.6,1.8,0.8,6.0,7.0,1.5925925925925926,1.2222222222222223,28,2.3333333333333335,H,1.68,3.6,5.04
1411,2016,2016-10-01,Chapecoense-SC,Vitoria,1516.2231711766842,1472.9349185896174,43.288252587066836,1.6,1.2,1.4,1.2,1.0,1.0,1.6,0.6,6.0,6.0,1.4074074074074074,1.1851851851851851,28,0.0,A,1.91,3.34,4.06
1412,2016,2016-10-01,Santos,Athletico-PR,1550.7544960961723,1523.9918373556013,26.76265874057094,1.8,1.8,1.4,1.2,1.2,0.6,2.0,0.0,7.0,6.0,1.6666666666666667,1.5555555555555556,28,3.0,H,1.56,3.69,6.43
1413,2016,2016-10-01,Sao Paulo,Flamengo RJ,1510.872036136967,1584.0359470505848,-73.16391091361788,1.2,2.6,1.0,1.2,1.8,0.8,1.4,1.6,6.0,6.0,1.2592592592592593,1.962962962962963,28,2.5,D,2.4,3.18,2.93
1414,2016,2016-10-01,Botafogo RJ,Corinthians,1496.7893787901023,1561.7361832770011,-64.94680448689883,1.8,0.8,0.8,0.4,1.0,1.2,2.4,0.2,6.0,6.0,1.4074074074074074,1.5185185185185186,28,2.3333333333333335,H,2.3,3.09,3.21
1415,2016,2016-10-01,Ponte Preta,Atletico-MG,1512.5091237185761,1598.3503221730837,-85.84119845450755,1.0,2.0,1.4,1.6,1.8,1.4,2.6,1.0,6.0,6.0,1.4444444444444444,1.8148148148148149,28,1.0,A,2.23,3.25,3.2
1416,2016,2016-10-01,Cruzeiro,Gremio,1499.7596693318703,1540.4489033718917,-40.68923404002135,0.8,0.8,0.8,1.2,0.2,1.6,1.6,0.2,6.0,6.0,1.1111111111111112,1.4814814814814814,28,1.75,H,1.64,3.69,5.22
1417,2016,2016-10-02,Internacional,Figueirense,1464.926880336407,1472.7935351751937,-7.866654838786644,0.6,1.4,0.8,1.6,1.4,1.6,1.0,0.6,7.0,7.0,1.0,1.1481481481481481,28,0.3333333333333333,H,1.44,4.11,7.64
1418,2016,2016-10-04,Santa Cruz,Palmeiras,1429.1416484085785,1587.6190871384636,-158.47743872988508,0.8,2.2,1.8,2.6,1.4,0.6,0.8,2.2,9.0,10.0,0.8518518518518519,2.0,28,,A,3.01,3.19,2.35
1419,2016,2016-10-04,Coritiba,America MG,1505.2595535378364,1435.2432162314744,70.01633730636195,1.4,1.6,1.4,0.8,1.0,1.0,2.0,0.6,10.0,9.0,1.2222222222222223,0.7777777777777778,28,,H,1.52,3.84,6.6
1420,2016,2016-10-05,Athletico-PR,Chapecoense-SC,1516.573233400785,1503.2035366517198,13.36969674906527,1.8,1.4,1.2,0.8,1.2,1.6,2.4,1.4,4.0,4.0,1.5,1.3571428571428572,29,2.0,H,1.95,3.14,4.2
1421,2016,2016-10-05,Vitoria,Gremio,1485.9545531145818,1531.14748373283,-45.19293061824828,1.8,0.8,1.6,0.8,0.2,1.0,1.4,0.0,4.0,4.0,1.25,1.4285714285714286,29,2.0,A,2.09,3.28,3.47
1422,2016,2016-10-06,Corinthians,Atletico-MG,1551.7377143669328,1607.751182716599,-56.013468349666255,0.2,2.0,0.4,1.6,1.8,1.4,1.4,1.0,5.0,5.0,1.4642857142857142,1.8571428571428572,29,2.25,D,1.91,3.49,3.88
1423,2016,2016-10-06,Santos,Fluminense,1558.1731000509885,1541.3122350951448,16.86086495584368,2.4,2.4,1.6,0.8,2.0,1.0,2.4,2.0,5.0,5.0,1.7142857142857142,1.6428571428571428,29,1.75,H,1.95,3.34,3.89
1424,2016,2016-10-06,Sport Recife,Sao Paulo,1501.527105090971,1511.106969144678,-9.57986405370707,1.2,1.4,1.4,1.6,0.8,0.8,2.0,0.8,5.0,5.0,1.1785714285714286,1.25,29,2.0,D,2.14,3.2,3.45
1425,2016,2016-10-06,Internacional,Coritiba,1473.2971144953076,1511.5579555549143,-38.26084105960672,0.6,1.4,0.6,1.4,1.2,0.8,1.6,1.0,4.0,2.0,1.0714285714285714,1.2857142857142858,29,2.5,H,1.77,3.31,4.95
1426,2016,2016-10-09,Cruzeiro,Ponte Preta,1509.061088970932,1503.1082631750608,5.952825795871149,0.8,1.0,0.6,1.2,1.4,1.6,1.6,0.4,8.0,8.0,1.1785714285714286,1.3928571428571428,29,0.6666666666666666,H,1.67,3.64,5.1
1427,2016,2016-10-09,America MG,Palmeiras,1428.9448142143965,1594.9916835923743,-166.04686937797783,1.6,2.2,1.0,1.2,1.6,0.8,1.8,2.6,5.0,5.0,0.75,2.0357142857142856,29,,A,7.37,4.24,1.43
1428,2016,2016-10-09,Figueirense,Botafogo RJ,1464.4233010162932,1506.7878477001707,-42.364546683877506,0.8,1.8,1.2,1.8,1.0,0.4,1.6,1.8,7.0,8.0,1.1071428571428572,1.4642857142857142,29,1.5,A,2.57,3.09,2.8
1429,2016,2016-10-09,Flamengo RJ,Santa Cruz,1583.8010140428737,1421.7690519546677,162.031962088206,2.2,0.6,1.4,0.6,1.8,2.8,3.0,0.2,8.0,5.0,1.9285714285714286,0.8214285714285714,29,,H,1.36,4.74,7.85
1430,2016,2016-10-12,Chapecoense-SC,Sport Recife,1495.4217046536364,1499.9453778469067,-4.52367319327027,0.8,0.8,1.2,2.2,0.6,1.2,1.4,0.2,7.0,6.0,1.3103448275862069,1.1724137931034482,30,2.0,H,1.94,3.36,3.91
1431,2016,2016-10-12,Coritiba,Figueirense,1502.326054511713,1453.7727205085928,48.5533340031202,1.4,0.8,1.2,0.8,1.0,1.4,2.6,0.6,6.0,3.0,1.2413793103448276,1.0689655172413792,30,1.3333333333333333,D,1.5,3.83,6.9
1432,2016,2016-10-13,Botafogo RJ,Internacional,1517.438428207871,1482.529015538509,34.909412669362155,1.8,1.2,0.8,0.4,0.6,1.0,2.4,0.2,4.0,7.0,1.5172413793103448,1.1379310344827587,30,1.0,H,1.95,3.21,4.07
1433,2016,2016-10-13,Santa Cruz,Corinthians,1417.5089344311991,1551.4791188597235,-133.97018442852436,0.6,0.4,1.2,2.4,0.2,1.2,0.8,0.2,4.0,7.0,0.7931034482758621,1.4482758620689655,30,,A,4.27,3.48,1.82
1434,2016,2016-10-13,Atletico-MG,America MG,1608.0097782238083,1421.773857542245,186.23592068156336,2.2,1.4,1.4,0.6,0.8,1.4,3.0,0.4,7.0,4.0,1.8275862068965518,0.7241379310344828,30,,H,1.32,4.95,8.83
1435,2016,2016-10-13,Palmeiras,Cruzeiro,1602.1626402645259,1517.0468267115634,85.11581355296244,2.6,1.4,2.0,0.8,1.0,0.8,2.2,1.4,4.0,4.0,2.0689655172413794,1.2413793103448276,30,1.3333333333333333,D,1.73,3.58,4.69
1436,2016,2016-10-13,Ponte Preta,Vitoria,1495.1225254344292,1475.385076642173,19.737448792256146,0.8,1.8,1.2,1.8,1.4,0.6,2.0,1.2,4.0,8.0,1.3448275862068966,1.206896551724138,30,0.0,H,1.67,3.64,5.04
1437,2016,2016-10-14,Fluminense,Flamengo RJ,1533.6257272406299,1588.0611315663423,-54.4354043257124,1.8,2.2,1.4,1.0,1.6,0.4,1.8,1.6,8.0,5.0,1.5862068965517242,1.9655172413793103,30,1.5,A,3.17,3.16,2.28
1438,2016,2016-10-14,Gremio,Athletico-PR,1541.7169602052388,1524.3550653988684,17.3618948063704,1.2,1.8,0.4,1.0,1.4,0.8,1.6,0.0,9.0,9.0,1.4827586206896552,1.5517241379310345,30,3.0,H,1.54,3.66,6.87
1439,2016,2016-10-14,Sao Paulo,Santos,1512.6886963887423,1565.8596079055035,-53.17091151676118,1.0,2.4,0.4,0.8,1.6,0.8,1.6,0.6,8.0,8.0,1.2413793103448276,1.7586206896551724,30,2.25,A,2.46,3.09,2.93
1440,2016,2016-10-16,Athletico-PR,Coritiba,1516.68220194452,1499.1693343789666,17.512867565553506,1.8,1.4,1.4,0.8,1.0,0.6,3.0,0.8,2.0,4.0,1.5,1.2333333333333334,31,2.3333333333333335,H,2.88,2.91,2.63
1441,2016,2016-10-16,Botafogo RJ,Atletico-MG,1524.6395310970345,1611.8214265794256,-87.18189548239116,2.4,2.2,1.0,0.2,1.8,0.6,2.4,1.2,3.0,3.0,1.5666666666666667,1.8666666666666667,31,1.3333333333333333,H,2.57,3.15,2.75
1442,2016,2016-10-16,Cruzeiro,Chapecoense-SC,1521.1173082382459,1503.6984252958118,17.41888294243404,1.6,0.8,1.0,0.6,1.4,2.0,2.0,1.4,3.0,4.0,1.2333333333333334,1.3666666666666667,31,1.5,D,1.45,4.09,7.42
1443,2016,2016-10-16,Figueirense,Palmeiras,1456.9294406413392,1598.0921587378434,-141.16271809650425,0.8,2.6,0.6,1.0,1.8,0.6,1.4,2.6,4.0,3.0,1.0666666666666667,2.033333333333333,31,2.0,A,4.65,3.46,1.77
1444,2016,2016-10-16,Internacional,Flamengo RJ,1475.3279126493455,1598.3651113912422,-123.03719874189665,1.2,2.6,0.6,1.0,1.8,0.4,2.0,2.2,3.0,2.0,1.1,2.0,31,2.25,H,2.57,3.06,2.81
1445,2016,2016-10-16,Corinthians,America MG,1559.5196687429664,1417.9622091866277,141.5574595563387,0.8,1.2,0.8,1.4,0.4,1.6,1.4,0.4,3.0,3.0,1.5,0.7,31,,H,1.33,4.82,8.85
1446,2016,2016-10-16,Ponte Preta,Santa Cruz,1502.7308215265025,1409.4683845479562,93.26243697854625,0.8,0.0,1.0,1.8,1.4,3.2,2.0,0.0,3.0,3.0,1.4,0.7666666666666667,31,,H,1.58,3.84,5.59
1447,2016,2016-10-16,Santos,Gremio,1576.1999449458326,1549.3898236595871,26.810121286245476,2.4,1.8,1.6,0.8,0.6,0.4,2.4,0.6,2.0,2.0,1.8,1.5333333333333334,31,1.25,D,1.61,3.71,5.5
1448,2016,2016-10-16,Sport Recife,Vitoria,1491.6686572047315,1467.7767805500998,23.891876654631687,0.8,1.2,0.6,1.6,1.2,1.0,1.6,1.2,4.0,3.0,1.1333333333333333,1.1666666666666667,31,0.0,H,1.81,3.55,4.16
1449,2016,2016-10-17,Fluminense,Sao Paulo,1523.32174741573,1502.3483593484132,20.97338806731682,1.8,0.4,1.4,1.0,0.2,1.0,1.8,0.4,3.0,3.0,1.5333333333333334,1.2,31,3.0,A,1.93,3.31,3.98
1450,2016,2016-10-20,Santa Cruz,Botafogo RJ,1403.7326097221962,1535.2771113177612,-131.54450159556495,0.0,2.4,1.0,3.2,1.4,0.6,0.8,1.8,4.0,4.0,0.7419354838709677,1.6129032258064515,32,,A,2.76,3.2,2.52
1451,2016,2016-10-22,Sao Paulo,Ponte Preta,1514.7735729220187,1508.4665963522625,6.306976569756216,1.0,1.2,0.6,1.0,1.2,1.4,1.6,0.4,5.0,6.0,1.2580645161290323,1.4516129032258065,32,3.0,H,1.9,3.34,4.09
1452,2016,2016-10-23,Flamengo RJ,Corinthians,1586.7100323362583,1564.1882811041585,22.52175123209986,2.0,1.4,1.6,0.8,1.2,1.0,3.0,0.8,7.0,7.0,1.935483870967742,1.5483870967741935,32,1.5,D,1.64,3.67,5.29
1453,2016,2016-10-23,Gremio,Internacional,1551.9724947113702,1486.9829917043294,64.98950300704087,2.0,1.8,0.8,0.4,1.0,1.0,1.6,0.2,7.0,7.0,1.5161290322580645,1.1612903225806452,32,2.0,D,2.14,3.07,3.6
1454,2016,2016-10-23,Palmeiras,Sport Recife,1605.9344716422174,1499.1645460084953,106.7699256337221,2.6,1.4,1.8,0.8,0.8,1.4,1.8,0.0,7.0,7.0,2.064516129032258,1.1935483870967742,32,1.0,H,1.36,4.72,8.32
1455,2016,2016-10-23,Vitoria,Cruzeiro,1460.280891746336,1518.7886203302367,-58.507728583900644,1.2,1.6,1.2,1.0,0.8,0.4,1.2,1.4,7.0,7.0,1.1290322580645162,1.2258064516129032,32,0.0,A,2.58,3.16,2.71
1456,2016,2016-10-23,Coritiba,Fluminense,1491.500580529119,1510.8965338421244,-19.39595331300552,0.8,1.2,0.8,1.0,1.4,1.4,2.2,1.8,7.0,6.0,1.1935483870967742,1.4838709677419355,32,1.75,D,2.21,3.18,3.29
1457,2016,2016-10-23,Atletico-MG,Figueirense,1601.183846358699,1449.0871277369652,152.09671862173377,2.0,0.8,2.0,1.0,0.8,1.0,3.0,0.2,7.0,7.0,1.8064516129032258,1.032258064516129,32,2.3333333333333335,H,1.27,5.2,10.91
1458,2016,2016-10-23,Chapecoense-SC,Santos,1506.027113203821,1573.6172738940495,-67.59016069022846,0.8,2.0,1.0,1.6,1.2,0.6,1.4,1.2,7.0,7.0,1.3548387096774193,1.7741935483870968,32,2.0,A,2.74,3.16,2.57
1459,2016,2016-10-24,America MG,Athletico-PR,1413.2935968254355,1524.3509557943678,-111.05735896893225,0.6,1.8,0.2,2.0,1.6,0.8,1.2,0.0,8.0,8.0,0.6774193548387096,1.5483870967741935,32,,H,2.6,2.96,2.87
1460,2016,2016-10-27,Sport Recife,Ponte Preta,1493.7415120134613,1500.490636312303,-6.749124298841707,0.8,1.2,0.8,1.8,1.2,1.2,2.0,0.2,4.0,5.0,1.15625,1.40625,33,2.0,H,1.91,3.35,4.04
1461,2016,2016-10-28,Fluminense,Vitoria,1512.2016372370342,1450.0940509003474,62.107586336686836,0.8,0.6,1.4,1.6,0.8,1.2,1.2,1.2,5.0,5.0,1.46875,1.09375,33,0.0,D,1.59,3.88,5.46
1462,2016,2016-10-29,Athletico-PR,Cruzeiro,1513.033029449254,1528.9754611762253,-15.942431726971336,1.2,2.2,1.0,1.0,0.8,0.0,3.0,1.4,5.0,6.0,1.5,1.28125,33,0.6666666666666666,H,2.13,3.07,3.63
1463,2016,2016-10-29,Atletico-MG,Flamengo RJ,1605.6388560973962,1584.2429200402978,21.395936057098424,2.0,1.6,2.0,0.8,1.6,1.0,3.0,1.6,6.0,6.0,1.84375,1.90625,33,2.5,D,2.23,3.36,3.09
1464,2016,2016-10-29,Corinthians,Chapecoense-SC,1566.655393400119,1496.1016626401395,70.55373075997954,1.6,0.8,1.6,1.2,1.0,1.6,1.4,1.0,6.0,6.0,1.53125,1.3125,33,2.0,D,1.53,3.86,6.46
1465,2016,2016-10-29,Botafogo RJ,Coritiba,1543.3848882650398,1490.195477134209,53.18941113083065,3.0,1.0,1.6,0.4,0.8,0.8,2.4,0.6,9.0,6.0,1.65625,1.1875,33,3.0,D,1.73,3.42,5.0
1466,2016,2016-10-29,Internacional,Santa Cruz,1490.5590666123653,1395.6248327749176,94.93423383744766,2.0,0.0,0.8,0.4,0.8,2.8,2.4,0.0,6.0,9.0,1.15625,0.71875,33,,D,1.33,4.66,9.56
1467,2016,2016-10-29,Figueirense,Gremio,1444.6321179982679,1548.3964198033343,-103.76430180506645,0.2,1.6,0.2,1.4,0.6,0.4,1.4,0.8,6.0,6.0,1.0,1.5,33,0.0,D,2.39,3.06,3.07
1468,2016,2016-10-29,Santos,Palmeiras,1583.542724457731,1611.3575056372515,-27.814781179520423,2.6,2.6,1.4,0.4,1.8,0.8,2.6,2.6,6.0,6.0,1.8125,2.09375,33,3.0,H,2.3,3.25,3.05
1469,2016,2016-10-31,America MG,Sao Paulo,1424.6115231705494,1522.7495329619783,-98.13800979142889,0.6,1.6,0.2,2.0,1.0,0.6,1.8,0.8,7.0,9.0,0.75,1.3125,33,,H,3.94,3.25,1.97
1470,2016,2016-11-05,Flamengo RJ,Botafogo RJ,1586.6795768196107,1540.108538954535,46.571037865075596,1.6,2.6,2.0,1.4,1.2,0.4,2.6,2.4,7.0,7.0,1.878787878787879,1.6363636363636365,34,1.6666666666666667,D,1.67,3.65,5.13
1471,2016,2016-11-05,Sao Paulo,Corinthians,1511.7986261294227,1562.9404549590436,-51.14182882962086,1.4,1.8,1.0,0.8,1.8,1.0,2.0,1.0,5.0,7.0,1.2727272727272727,1.5151515151515151,34,1.5,H,2.09,3.18,3.62
1472,2016,2016-11-06,Ponte Preta,Santos,1492.151696405648,1592.4765158322168,-100.32481942656887,1.2,2.6,1.0,1.0,1.2,0.4,2.0,1.8,10.0,8.0,1.3636363636363635,1.8484848484848484,34,3.0,A,2.34,3.2,3.0
1473,2016,2016-11-06,Cruzeiro,Fluminense,1520.378142033056,1508.6981164329427,11.680025600113368,1.6,0.4,0.6,0.2,1.2,1.8,1.6,1.4,8.0,9.0,1.2424242424242424,1.4545454545454546,34,2.5,H,1.81,3.41,4.45
1474,2016,2016-11-06,Palmeiras,Internacional,1602.4237142627658,1486.2555537983299,116.16816046443591,2.0,1.6,1.2,0.6,0.8,0.6,2.2,0.2,8.0,8.0,2.0303030303030303,1.1515151515151516,34,0.3333333333333333,H,1.59,3.66,5.98
1475,2016,2016-11-06,Santa Cruz,America MG,1399.928345588953,1435.562430003105,-35.63408441415186,0.2,1.2,0.6,2.4,0.4,1.4,0.8,0.4,8.0,6.0,0.7272727272727273,0.8181818181818182,34,,H,1.8,3.49,4.38
1476,2016,2016-11-06,Vitoria,Athletico-PR,1453.597571704439,1521.6303485924232,-68.03277688798426,0.2,1.8,0.4,1.4,1.2,0.6,0.6,0.0,9.0,8.0,1.0909090909090908,1.5454545454545454,34,2.0,H,1.79,3.39,4.63
1477,2016,2016-11-06,Chapecoense-SC,Figueirense,1499.816601081215,1445.7432375408719,54.07336354034305,1.0,0.4,1.0,1.0,0.2,1.2,1.4,0.2,8.0,8.0,1.303030303030303,1.0,34,0.5,H,1.81,3.34,4.58
1478,2016,2016-11-06,Coritiba,Atletico-MG,1493.4718264447138,1603.2021993180833,-109.73037287336956,0.6,1.6,0.2,0.8,2.0,1.0,1.8,1.0,8.0,8.0,1.1818181818181819,1.8181818181818181,34,1.75,H,2.45,3.19,2.87
1479,2016,2016-11-07,Gremio,Sport Recife,1547.2853002607303,1502.0804519201163,45.204848340614035,1.8,1.4,0.6,0.2,0.8,1.2,1.6,0.0,9.0,11.0,1.4848484848484849,1.2121212121212122,34,2.3333333333333335,A,1.77,3.41,4.75
1480,2016,2016-11-15,Fluminense,Athletico-PR,1500.8699950770733,1511.5430604737564,-10.673065396683114,0.4,1.2,1.4,2.2,1.0,1.0,0.8,0.0,9.0,9.0,1.411764705882353,1.5,35,2.0,D,1.62,3.55,5.79
1481,2016,2016-11-16,Botafogo RJ,Chapecoense-SC,1543.2137973606787,1506.5175596232937,36.69623773738499,2.2,1.6,1.0,0.4,1.0,0.4,2.0,1.0,11.0,10.0,1.6176470588235294,1.3529411764705883,35,3.0,A,1.6,3.65,5.87
1482,2016,2016-11-16,Coritiba,Santa Cruz,1504.7522037397948,1409.0851335950986,95.66707014469625,1.2,0.8,0.6,0.6,0.8,1.8,1.8,0.2,10.0,10.0,1.2352941176470589,0.7941176470588235,35,,H,1.41,4.43,7.39
1483,2016,2016-11-16,America MG,Flamengo RJ,1426.4056419969595,1583.5743184134672,-157.16867641650765,1.2,1.2,0.4,1.2,1.4,1.4,2.4,1.2,10.0,11.0,0.7941176470588235,1.8529411764705883,35,,A,6.78,4.12,1.47
1484,2016,2016-11-16,Figueirense,Corinthians,1439.042278998793,1553.3391137921853,-114.29683479339224,0.4,1.6,0.2,1.2,1.8,1.8,1.0,1.0,10.0,11.0,0.9705882352941176,1.4705882352941178,35,2.0,D,2.85,3.14,2.5
1485,2016,2016-11-16,Sport Recife,Cruzeiro,1515.1501366609532,1528.2062633889254,-13.056126727972241,1.8,1.6,1.2,1.0,1.0,0.6,2.0,0.8,9.0,10.0,1.2647058823529411,1.2941176470588236,35,1.6666666666666667,A,2.17,3.13,3.45
1486,2016,2016-11-17,Santos,Vitoria,1601.4632748213671,1463.6848598231056,137.7784149982615,2.6,0.8,1.2,0.4,1.0,1.6,2.6,1.4,11.0,11.0,1.8823529411764706,1.1470588235294117,35,3.0,H,1.4,4.59,7.12
1487,2016,2016-11-17,Sao Paulo,Gremio,1521.399967296281,1534.2156155198934,-12.81564822361247,1.8,1.2,1.6,0.6,0.4,0.8,2.0,1.0,12.0,10.0,1.3235294117647058,1.4411764705882353,35,1.5,D,1.94,3.18,4.16
1488,2016,2016-11-17,Atletico-MG,Palmeiras,1591.9218220230023,1607.635577909612,-15.71375588660976,1.4,2.0,2.0,1.4,1.0,0.6,2.6,2.4,11.0,11.0,1.7647058823529411,2.0588235294117645,35,3.0,D,2.2,3.3,3.2
1489,2016,2016-11-17,Internacional,Ponte Preta,1481.0436901514836,1483.1649374164977,-2.1212472650140626,1.0,1.2,0.6,0.8,1.2,1.0,2.0,0.2,11.0,11.0,1.1176470588235294,1.3235294117647058,35,2.3333333333333335,D,1.52,3.77,6.65
1490,2016,2016-11-20,Athletico-PR,Sport Recife,1513.0940948868808,1503.666112429401,9.427982457479857,1.4,1.8,1.2,1.0,1.2,0.6,3.0,0.6,5.0,4.0,1.4857142857142858,1.2285714285714286,36,0.5,H,1.81,3.4,4.49
1491,2016,2016-11-20,Cruzeiro,Santos,1539.6902876204776,1606.210191470117,-66.51990384963938,2.0,2.6,1.2,0.6,1.6,0.8,2.2,2.4,4.0,3.0,1.3428571428571427,1.9142857142857144,36,1.0,D,2.14,3.34,3.29
1492,2016,2016-11-20,Gremio,America MG,1535.7064081481378,1418.997942158408,116.7084659897298,0.8,1.2,0.4,1.0,0.4,0.8,1.4,0.2,3.0,4.0,1.4285714285714286,0.7714285714285715,36,,H,1.51,3.99,6.38
1493,2016,2016-11-20,Palmeiras,Botafogo RJ,1609.0447104914417,1530.3675686933902,78.67714179805148,2.0,1.6,1.2,0.8,0.8,0.8,2.2,2.0,3.0,4.0,2.0285714285714285,1.5714285714285714,36,0.5,H,1.52,3.91,6.48
1494,2016,2016-11-20,Ponte Preta,Fluminense,1484.9552297661178,1499.318960663949,-14.363730897831147,0.8,0.6,1.0,1.2,1.4,2.0,1.8,1.4,3.0,5.0,1.3142857142857143,1.4,36,1.3333333333333333,H,2.24,3.23,3.19
1495,2016,2016-11-20,Vitoria,Figueirense,1458.9379431743557,1440.4517103508558,18.486232823499904,0.8,0.4,1.4,1.8,0.4,1.4,1.2,0.2,3.0,4.0,1.1142857142857143,0.9714285714285714,36,0.0,H,1.56,3.96,5.74
1496,2016,2016-11-20,Chapecoense-SC,Sao Paulo,1519.363788290582,1519.9091746680365,-0.5453863774544061,1.6,2.0,0.8,0.4,1.8,0.6,1.4,0.8,4.0,3.0,1.4,1.3142857142857143,36,0.5,H,2.62,3.05,2.77
1497,2016,2016-11-20,Flamengo RJ,Coritiba,1590.9820182520186,1510.4315202325954,80.55049801942323,1.2,1.6,1.2,1.2,0.8,0.6,2.2,0.8,4.0,4.0,1.8857142857142857,1.2857142857142858,36,1.75,D,1.39,4.41,8.01
1498,2016,2016-11-20,Santa Cruz,Atletico-MG,1403.405817102298,1590.5126894411726,-187.1068723388746,0.8,1.0,0.4,1.2,1.6,1.6,1.2,1.0,4.0,3.0,0.7714285714285715,1.7428571428571429,36,,D,2.28,3.48,2.9
1499,2016,2016-11-21,Corinthians,Internacional,1551.9296824401226,1479.2533978018635,72.67628463825918,1.2,1.2,1.2,1.6,0.8,0.8,1.0,0.2,5.0,4.0,1.457142857142857,1.1142857142857143,36,2.5,H,2.08,3.15,3.68
1500,2016,2016-11-26,America MG,Sport Recife,1413.798055509929,1495.7761434087001,-81.97808789877104,1.2,1.2,0.4,1.0,1.0,1.0,1.8,0.6,6.0,6.0,0.75,1.1944444444444444,37,,D,3.33,3.23,2.18
1501,2016,2016-11-26,Botafogo RJ,Ponte Preta,1524.282278447023,1493.5080329377433,30.77424550927958,1.0,0.8,0.2,0.6,0.6,1.2,2.0,0.2,6.0,6.0,1.5277777777777777,1.3611111111111112,37,0.0,D,1.71,3.51,5.02
1502,2016,2016-11-26,Corinthians,Athletico-PR,1558.1622030510368,1520.9840639075817,37.178139143455155,1.2,1.4,1.0,1.6,1.2,1.0,1.6,0.2,5.0,6.0,1.5,1.5277777777777777,37,1.6666666666666667,D,1.71,3.45,5.11
1503,2016,2016-11-27,Atletico-MG,Sao Paulo,1587.1360647156662,1511.7433342621466,75.39273045351956,1.2,1.4,1.8,1.6,1.4,0.8,2.2,0.8,7.0,7.0,1.7222222222222223,1.2777777777777777,37,2.5,A,2.73,3.28,2.5
1504,2016,2016-11-27,Flamengo RJ,Santos,1587.0217487225757,1606.1664453998421,-19.144696677266438,1.4,2.6,1.4,1.2,1.8,1.0,1.8,2.0,7.0,7.0,1.8611111111111112,1.8888888888888888,37,1.75,H,1.84,3.48,4.13
1505,2016,2016-11-27,Internacional,Cruzeiro,1473.0208771909492,1539.7340336907525,-66.71315649980329,0.6,2.0,0.4,0.8,1.6,1.0,2.2,1.4,6.0,7.0,1.0833333333333333,1.3333333333333333,37,1.5,H,1.67,3.58,5.22
1506,2016,2016-11-27,Palmeiras,Chapecoense-SC,1615.130000737809,1527.5296286964722,87.60037204133687,2.0,2.0,1.0,0.6,1.2,0.4,2.6,1.0,7.0,7.0,2.0555555555555554,1.4444444444444444,37,3.0,H,1.43,4.22,7.58
1507,2016,2016-11-27,Figueirense,Fluminense,1432.8094322722918,1490.7661574923234,-57.95672522003156,0.4,0.6,0.2,1.8,1.2,1.8,1.0,0.8,7.0,7.0,0.9444444444444444,1.3611111111111112,37,1.6666666666666667,H,2.94,3.14,2.42
1508,2016,2016-11-27,Santa Cruz,Gremio,1406.7824418278044,1540.9062947966167,-134.12385296881234,1.0,1.2,1.0,1.2,0.8,0.8,0.8,1.2,7.0,7.0,0.7777777777777778,1.4722222222222223,37,,H,2.34,3.31,2.93
1509,2016,2016-11-28,Coritiba,Vitoria,1514.3917897620383,1466.5802212529197,47.811568509118615,1.8,1.4,1.2,0.6,2.2,1.6,2.2,0.8,8.0,8.0,1.2777777777777777,1.1666666666666667,37,2.0,A,2.26,3.26,3.12
1510,2016,2016-12-11,Athletico-PR,Flamengo RJ,1523.843034143645,1595.7095374304422,-71.8665032867973,1.6,1.8,1.2,0.8,1.4,0.8,3.0,1.6,15.0,14.0,1.5135135135135136,1.8918918918918919,38,2.3333333333333335,D,2.13,3.29,3.34
1511,2016,2016-12-11,Cruzeiro,Corinthians,1529.6847254826382,1555.3032328149736,-25.61850733233541,1.4,1.2,1.4,1.2,0.6,1.2,2.2,1.0,14.0,15.0,1.2972972972972974,1.4864864864864864,38,1.5,H,2.39,3.28,2.87
1512,2016,2016-12-11,Fluminense,Internacional,1480.968851470568,1483.0701853990636,-2.101333928495478,0.4,1.0,1.0,1.8,0.6,0.8,1.0,0.2,14.0,14.0,1.3243243243243243,1.135135135135135,38,0.75,D,3.9,3.47,1.9
1513,2016,2016-12-11,Gremio,Botafogo RJ,1528.9425919287653,1521.5934386514873,7.349153277277992,1.0,0.6,1.0,1.8,0.2,0.8,2.0,1.4,14.0,15.0,1.4324324324324325,1.5135135135135136,38,2.3333333333333335,A,3.52,3.3,2.05
1514,2016,2016-12-11,Ponte Preta,Coritiba,1496.196872733279,1501.2543048156413,-5.057432082362311,1.0,1.6,0.8,1.0,1.0,0.6,1.8,0.4,15.0,13.0,1.3513513513513513,1.2432432432432432,38,3.0,H,1.63,3.78,5.22
1515,2016,2016-12-11,Santos,America MG,1597.4786566919756,1414.2863355569634,183.1923211350122,2.0,0.8,1.6,1.4,0.6,1.4,2.6,0.0,14.0,15.0,1.837837837837838,0.7567567567567568,38,,H,1.19,6.42,14.32
1516,2016,2016-12-11,Sao Paulo,Santa Cruz,1525.5777032659732,1418.7461446956559,106.83155857031738,1.4,1.6,1.4,1.0,2.0,1.2,1.6,0.2,14.0,14.0,1.3243243243243243,0.8378378378378378,38,,H,1.26,5.77,10.12
1517,2016,2016-12-11,Sport Recife,Figueirense,1495.2878633616658,1442.606738294047,52.68112506761872,1.4,1.0,1.2,1.0,0.4,1.2,2.0,0.2,15.0,14.0,1.1891891891891893,1.0,38,2.0,H,1.24,5.55,11.75
1518,2016,2016-12-11,Vitoria,Palmeiras,1479.7177061993168,1621.00003063153,-141.28232443221327,2.0,2.0,2.4,1.4,0.8,0.4,1.8,2.0,13.0,14.0,1.2162162162162162,2.081081081081081,38,0.0,A,1.88,3.46,4.0
1519,2017,2017-05-13,Flamengo RJ,Atletico-MG,1571.6339469798138,1554.9762717838796,16.65767519593419,1.8,0.6,1.0,0.4,1.4,2.0,1.8,1.0,153.0,167.0,,,1,2.4,D,1.87,3.49,4.04
1520,2017,2017-05-13,Corinthians,Chapecoense-SC,1534.8239203076826,1516.2446991020634,18.579221205619206,1.0,2.0,0.8,1.6,1.2,0.4,1.8,1.0,153.0,167.0,,,1,1.6666666666666667,D,1.34,4.55,9.79
1521,2017,2017-05-14,Fluminense,Santos,1484.383503258827,1576.0084892879124,-91.62498602908545,0.4,2.0,0.8,1.6,1.6,1.4,0.6,2.0,154.0,154.0,,,1,1.8,H,1.92,3.43,3.9
1522,2017,2017-05-14,Avai,Vitoria,1483.0507637006287,1478.9090064948048,4.141757205823978,1.4,1.8,1.2,1.4,2.2,1.4,1.6,0.8,525.0,154.0,,,1,,D,2.32,3.11,3.15
1523,2017,2017-05-14,Bahia,Athletico-PR,1475.0217837146497,1518.0304817007516,-43.00869798610188,1.2,1.2,1.2,1.4,1.0,0.8,0.8,0.4,889.0,154.0,,,1,0.5,H,1.72,3.37,5.25
1524,2017,2017-05-14,Cruzeiro,Sao Paulo,1528.9170484155263,1523.249501288968,5.667547126558247,2.0,2.0,2.0,1.4,2.4,0.8,2.2,1.4,154.0,154.0,,,1,0.8,H,1.99,3.19,3.95
1525,2017,2017-05-14,Palmeiras,Vasco,1596.6292961283302,1494.0731711350636,102.55612499326662,2.6,2.2,1.2,0.4,1.2,0.4,2.6,1.8,154.0,525.0,,,1,0.5,H,1.4,4.41,7.88
1526,2017,2017-05-14,Ponte Preta,Sport Recife,1503.3663779240198,1501.5184346540684,1.847943269951429,1.6,1.4,1.2,0.8,1.4,1.0,2.4,0.8,154.0,154.0,,,1,1.3333333333333333,H,1.61,3.69,5.65
1527,2017,2017-05-14,Gremio,Botafogo RJ,1512.6673515908412,1525.2346713443483,-12.567319753507036,0.8,1.0,1.0,2.0,0.4,0.8,1.4,2.0,154.0,154.0,,,1,1.75,H,1.69,3.48,5.27
1528,2017,2017-05-16,Coritiba,Atletico GO,1494.7220052376704,1478.8811565389512,15.840848698719128,1.4,1.4,1.0,1.0,1.2,1.4,1.6,0.8,156.0,1626.0,,,1,3.0,H,1.6,3.6,5.99
1529,2017,2017-05-20,Santos,Coritiba,1565.243657186441,1502.4363189908008,62.807338195640114,1.4,1.4,1.6,1.8,1.4,1.2,2.6,0.4,6.0,4.0,0.0,3.0,2,2.2,H,1.58,3.88,5.56
1530,2017,2017-05-20,Atletico GO,Flamengo RJ,1471.1668427858208,1569.3259908402513,-98.15914805443049,1.4,1.8,1.4,1.8,1.2,0.6,1.2,1.6,4.0,7.0,0.0,1.0,2,0.0,A,4.02,3.32,1.92
1531,2017,2017-05-20,Chapecoense-SC,Palmeiras,1518.6049485064416,1602.148736389093,-83.54378788265149,2.0,2.6,1.2,0.4,1.8,0.4,1.8,2.0,7.0,6.0,1.0,3.0,2,2.3333333333333335,H,3.03,3.19,2.34
1532,2017,2017-05-21,Vasco,Bahia,1488.5537308743008,1484.3896671055375,4.164063768763299,1.6,1.8,0.8,1.2,2.2,1.4,1.2,0.6,7.0,7.0,0.0,3.0,2,0.5,H,1.82,3.46,4.31
1533,2017,2017-05-21,Athletico-PR,Gremio,1508.6625983098638,1521.1695710902598,-12.506972780395927,1.2,1.4,1.0,1.4,1.4,1.4,2.6,1.2,7.0,7.0,0.0,3.0,2,1.75,A,2.53,3.02,2.89
1534,2017,2017-05-21,Atletico-MG,Fluminense,1557.2842279234421,1495.1483353602985,62.13589256314367,0.6,1.0,1.2,1.8,1.0,1.2,1.6,0.2,8.0,7.0,1.0,3.0,2,2.2,A,1.64,3.92,4.91
1535,2017,2017-05-21,Vitoria,Corinthians,1480.873204811397,1532.4636709033043,-51.590466091907274,1.4,1.2,1.6,1.0,1.0,1.0,1.2,1.0,7.0,8.0,1.0,1.0,2,1.6666666666666667,A,3.13,3.12,2.32
1536,2017,2017-05-21,Botafogo RJ,Ponte Preta,1516.7324518449298,1511.4657352241854,5.266716620744319,0.8,2.2,0.4,1.2,1.8,0.4,1.6,0.4,7.0,7.0,0.0,3.0,2,0.3333333333333333,H,2.06,3.22,3.63
1537,2017,2017-05-21,Sport Recife,Cruzeiro,1493.4190773539028,1536.910665297472,-43.49158794356913,0.8,2.0,0.8,1.8,1.4,1.0,2.0,1.4,7.0,7.0,0.0,3.0,2,1.25,D,2.61,3.13,2.72
1538,2017,2017-05-23,Sao Paulo,Avai,1515.2558844070224,1481.0865653840365,34.169319022985974,1.4,1.6,1.6,1.0,1.0,1.0,2.0,0.4,9.0,9.0,0.0,1.0,2,1.0,H,1.32,4.82,9.71
1539,2017,2017-05-27,Vasco,Fluminense,1496.5889153011747,1508.652570858744,-12.063655557569291,2.0,1.4,1.0,1.2,1.2,1.2,1.6,0.8,6.0,6.0,1.5,3.0,3,1.0,H,2.63,3.23,2.62
1540,2017,2017-05-27,Sao Paulo,Palmeiras,1522.4766318555673,1591.6155095099543,-69.13887765438699,1.8,2.4,1.8,0.8,1.6,0.4,2.6,1.4,4.0,7.0,1.5,1.5,3,2.5,H,2.47,3.11,2.9
1541,2017,2017-05-28,Vitoria,Coritiba,1470.487438931002,1495.9574956153706,-25.4700566843685,1.4,0.8,1.2,0.6,1.2,1.4,1.2,0.4,7.0,8.0,0.5,1.5,3,2.3333333333333335,A,2.14,3.19,3.46
1542,2017,2017-05-28,Atletico-MG,Ponte Preta,1543.7799924249966,1503.4610433777664,40.31894904723026,0.6,2.0,1.4,1.8,1.6,0.6,1.0,0.4,7.0,7.0,0.5,1.5,3,2.5,D,1.51,4.1,6.09
1543,2017,2017-05-28,Athletico-PR,Flamengo RJ,1497.163119893219,1578.3744811044394,-81.21136121122049,1.0,1.8,0.8,1.6,1.6,0.6,2.0,1.6,7.0,8.0,0.0,2.0,3,2.0,D,2.87,3.13,2.48
1544,2017,2017-05-28,Atletico GO,Corinthians,1462.1183525216327,1542.8494367836993,-80.73108426206659,0.8,1.6,1.0,2.2,1.0,0.8,0.6,1.0,8.0,7.0,0.0,2.0,3,0.0,A,4.06,3.23,1.94
1545,2017,2017-05-28,Santos,Cruzeiro,1571.7224805618712,1537.5289375441614,34.19354301770977,1.4,1.6,1.2,1.4,1.4,1.2,2.6,1.4,8.0,7.0,1.5,2.0,3,1.8,A,1.97,3.31,3.86
1546,2017,2017-05-28,Sport Recife,Gremio,1492.8008051072134,1532.6690495069047,-39.86824439969132,1.0,1.8,1.0,1.8,1.6,1.2,2.0,1.2,7.0,7.0,0.5,3.0,3,1.75,H,1.89,3.29,4.23
1547,2017,2017-05-28,Botafogo RJ,Bahia,1524.7371436913488,1476.3544826786635,48.382661012685276,1.4,1.2,0.8,0.8,2.2,1.8,1.6,0.6,7.0,7.0,1.5,1.5,3,1.0,H,1.99,3.27,3.86
1548,2017,2017-05-30,Chapecoense-SC,Avai,1529.1381753855803,1473.8658179354916,55.27235745008875,2.0,1.0,1.2,0.4,0.6,1.2,2.4,0.4,10.0,7.0,2.0,0.5,3,1.0,H,1.58,3.62,6.19
1549,2017,2017-06-03,Coritiba,Athletico-PR,1507.090374663857,1497.6293820498088,9.46099261404811,1.2,0.6,1.0,1.0,0.6,1.8,2.0,0.4,6.0,6.0,2.0,0.3333333333333333,4,3.0,H,1.86,3.27,4.4
1550,2017,2017-06-03,Fluminense,Vitoria,1500.1645196845082,1459.3545598825158,40.80995980199236,1.4,0.8,1.6,1.6,0.4,0.8,1.2,1.0,7.0,6.0,2.0,0.3333333333333333,4,0.3333333333333333,H,1.53,4.05,5.92
1551,2017,2017-06-03,Corinthians,Santos,1552.3969689369076,1558.9425846554507,-6.545615718543104,1.6,1.2,1.0,0.8,0.8,1.2,1.8,1.4,6.0,6.0,2.3333333333333335,1.0,4,2.2,H,1.74,3.45,4.9
1552,2017,2017-06-04,Avai,Sport Recife,1467.1955781807633,1502.0787140074544,-34.88313582669116,1.0,1.6,0.4,1.0,1.8,2.0,1.6,0.8,5.0,7.0,0.3333333333333333,1.3333333333333333,4,1.0,H,2.4,3.08,3.04
1553,2017,2017-06-04,Flamengo RJ,Botafogo RJ,1577.9082189478495,1531.5848470965168,46.323371851332695,1.8,2.0,1.4,0.4,1.0,0.6,1.4,1.4,7.0,7.0,1.6666666666666667,2.0,4,1.5,D,1.65,3.62,5.37
1554,2017,2017-06-04,Gremio,Vasco,1523.3911406066636,1505.0769664754105,18.31417413125314,1.2,2.0,1.6,2.0,1.2,1.4,1.4,1.6,7.0,8.0,2.0,2.0,4,3.0,H,1.39,4.4,8.36
1555,2017,2017-06-04,Palmeiras,Atletico-MG,1581.4963886699013,1540.8382276673833,40.658161002518,1.8,0.6,1.4,0.8,1.6,2.0,3.0,0.6,8.0,7.0,1.0,0.6666666666666666,4,0.25,D,1.73,3.69,4.53
1556,2017,2017-06-04,Ponte Preta,Sao Paulo,1506.4028081353797,1532.5957526956204,-26.192944560240676,1.6,2.4,1.8,1.0,2.2,0.4,2.4,1.2,7.0,8.0,1.3333333333333333,2.0,4,1.75,H,2.44,3.12,2.94
1557,2017,2017-06-04,Cruzeiro,Chapecoense-SC,1550.308833450582,1535.8084151403086,14.50041831027329,2.0,2.0,1.2,0.8,1.2,0.4,2.2,1.2,7.0,5.0,2.3333333333333335,2.3333333333333335,4,1.3333333333333333,A,1.53,3.73,6.59
1558,2017,2017-06-06,Bahia,Atletico GO,1469.5067792734956,1452.5708203684244,16.935958905071175,1.2,0.6,2.0,1.6,0.6,2.0,1.2,0.8,9.0,9.0,1.0,0.0,4,1.0,H,1.45,4.27,6.92
1559,2017,2017-06-07,Fluminense,Athletico-PR,1507.2098508919544,1489.740320818556,17.469530073398346,2.0,0.4,2.0,1.6,0.6,2.0,1.8,0.4,4.0,4.0,2.25,0.25,5,1.75,D,1.63,3.67,5.43
1560,2017,2017-06-07,Atletico-MG,Avai,1543.7889082518714,1476.330909770217,67.45799848165439,0.6,1.0,1.0,1.4,0.4,1.0,0.6,0.2,3.0,3.0,0.75,1.0,5,3.0,H,1.31,5.03,9.66
1561,2017,2017-06-07,Coritiba,Palmeiras,1514.9794358951096,1578.5457080854133,-63.56627219030361,1.8,1.4,1.2,0.8,1.2,0.8,2.4,0.8,4.0,3.0,2.25,1.0,5,2.0,H,2.44,3.09,2.95
1562,2017,2017-06-08,Santos,Botafogo RJ,1550.6093400277584,1534.6836630420942,15.925676985664268,1.2,2.0,0.8,1.2,0.8,0.4,2.4,1.0,5.0,4.0,0.75,1.75,5,1.75,H,1.7,3.57,4.91
1563,2017,2017-06-08,Sport Recife,Flamengo RJ,1492.9433824180007,1574.8094030022721,-81.86602058427138,1.4,1.4,1.4,1.8,1.0,0.4,2.0,1.8,4.0,4.0,1.0,1.5,5,1.25,H,3.05,3.15,2.35
1564,2017,2017-06-08,Vasco,Corinthians,1497.4300108919615,1560.7302135645998,-63.30020267263831,1.4,2.0,1.0,1.8,1.4,0.8,2.0,1.4,4.0,5.0,1.5,2.5,5,1.0,A,2.51,3.11,2.84
1565,2017,2017-06-08,Atletico GO,Ponte Preta,1444.886358106948,1515.2904732530628,-70.40411514611492,0.0,2.0,0.2,2.4,1.8,0.8,0.6,0.6,2.0,4.0,0.0,1.75,5,1.0,H,3.02,3.22,2.33
1566,2017,2017-06-08,Sao Paulo,Vitoria,1523.7080875779372,1452.3092286750696,71.39885890286769,1.8,0.2,1.8,0.4,0.4,1.2,2.6,1.0,4.0,5.0,1.5,0.25,5,3.0,H,1.4,4.33,8.02
1567,2017,2017-06-09,Chapecoense-SC,Gremio,1548.0575042029025,1531.0380961901126,17.01940801278988,2.0,1.8,1.2,0.4,1.8,1.0,2.4,1.0,5.0,5.0,2.5,2.25,5,1.3333333333333333,A,2.5,3.07,2.89
1568,2017,2017-06-09,Bahia,Cruzeiro,1477.191241534972,1538.059744387988,-60.868502853016025,1.2,2.0,2.4,1.6,1.2,1.0,1.8,1.4,3.0,5.0,1.5,1.75,5,0.0,H,2.31,3.12,3.14
1569,2017,2017-06-10,Palmeiras,Fluminense,1568.5869738547028,1504.8797843393731,63.707189515329674,0.8,2.0,0.8,0.8,2.0,1.6,2.6,0.6,3.0,3.0,0.8,2.0,6,1.5,H,1.55,3.81,6.11
1570,2017,2017-06-10,Vasco,Sport Recife,1487.3810871824628,1503.4284445481562,-16.047357365693415,1.2,1.4,1.4,2.8,1.4,1.8,2.0,0.8,2.0,2.0,1.2,1.4,6,1.5,H,1.75,3.61,4.54
1571,2017,2017-06-11,Botafogo RJ,Coritiba,1526.9716631585227,1524.93817012582,2.0334930327026086,1.4,2.4,0.6,0.6,1.4,0.4,1.6,1.0,3.0,4.0,1.4,2.4,6,2.5,D,2.01,3.15,3.91
1572,2017,2017-06-11,Avai,Flamengo RJ,1469.9687896483358,1564.3243408721166,-94.35555122378082,0.8,1.2,0.2,1.0,1.0,0.8,2.2,1.6,4.0,3.0,0.8,1.2,6,3.0,D,3.52,3.2,2.1
1573,2017,2017-06-11,Corinthians,Sao Paulo,1570.7791372740985,1529.9722003665224,40.80693690757607,2.6,1.8,2.0,0.6,1.2,0.4,1.8,0.6,3.0,3.0,2.6,1.8,6,1.6,H,1.95,3.18,4.15
1574,2017,2017-06-11,Ponte Preta,Chapecoense-SC,1505.1349428584604,1535.739693513244,-30.60475065478363,1.4,2.0,1.4,1.4,1.8,1.4,2.4,1.6,3.0,2.0,1.4,2.0,6,3.0,H,1.85,3.36,4.33
1575,2017,2017-06-11,Vitoria,Atletico-MG,1446.0451158864844,1550.1510283737525,-104.10591248726814,0.2,1.2,0.2,1.2,1.0,1.0,1.2,0.6,3.0,4.0,0.2,1.2,6,0.6666666666666666,H,2.59,3.28,2.64
1576,2017,2017-06-11,Cruzeiro,Atletico GO,1528.1786528300513,1455.0418885015504,73.13676432850093,1.4,0.6,0.6,0.8,0.8,2.2,2.0,0.8,2.0,3.0,1.4,0.6,6,1.0,H,1.36,4.68,8.48
1577,2017,2017-06-11,Athletico-PR,Santos,1492.0703873711373,1558.32133991133,-66.25095254019266,0.4,1.2,0.8,2.2,0.8,1.2,1.6,0.8,4.0,3.0,0.4,1.2,6,2.0,A,2.04,3.18,3.77
1578,2017,2017-06-13,Gremio,Bahia,1543.355906879771,1487.0723330929088,56.283573786862235,2.4,1.8,3.0,1.4,2.2,1.0,1.8,0.6,4.0,4.0,2.4,1.8,6,2.3333333333333335,H,1.53,3.89,6.45
1579,2017,2017-06-14,Atletico GO,Avai,1448.8207346661793,1470.8117054521313,-21.99097078595196,0.6,0.8,0.6,1.8,0.4,1.2,1.2,0.2,3.0,3.0,0.5,0.8333333333333334,7,,H,1.92,3.26,4.12
1580,2017,2017-06-14,Atletico-MG,Athletico-PR,1539.0301989380969,1482.106392523938,56.92380641415889,1.0,0.4,0.8,1.2,0.4,1.4,1.0,0.6,3.0,3.0,1.0,0.3333333333333333,7,1.5,A,1.57,3.85,5.82
1581,2017,2017-06-14,Sport Recife,Sao Paulo,1494.8281646959758,1522.9267897486504,-28.098625052674606,1.4,1.8,1.6,1.4,1.6,0.8,2.0,0.6,4.0,3.0,1.1666666666666667,1.5,7,1.75,D,2.38,3.19,2.96
1582,2017,2017-06-14,Vitoria,Botafogo RJ,1457.16594532214,1525.0658733545222,-67.89992803238215,0.6,1.6,0.6,1.2,1.0,0.6,1.2,0.8,3.0,3.0,0.6666666666666666,1.3333333333333333,7,2.0,D,2.25,3.11,3.31
1583,2017,2017-06-15,Flamengo RJ,Ponte Preta,1563.4814250683212,1514.1481894587075,49.333235609613666,1.2,1.4,1.0,0.8,1.2,1.8,1.4,0.6,4.0,4.0,1.1666666666666667,1.6666666666666667,7,1.0,H,1.55,3.92,5.96
1584,2017,2017-06-15,Chapecoense-SC,Vasco,1526.7264469129968,1495.9813670346432,30.745079878353636,1.8,1.8,2.0,1.8,1.8,2.2,2.4,1.4,4.0,5.0,1.6666666666666667,1.5,7,3.0,H,1.74,3.51,4.75
1585,2017,2017-06-15,Corinthians,Cruzeiro,1577.8245478919705,1534.3998066654224,43.42474122654812,3.0,1.4,2.4,0.8,0.8,0.8,2.2,1.4,4.0,4.0,2.6666666666666665,1.6666666666666667,7,2.2,H,1.82,3.33,4.59
1586,2017,2017-06-15,Santos,Palmeiras,1568.2853347585292,1575.043129385392,-6.757794626862733,1.8,0.8,0.8,0.6,0.6,1.0,2.4,0.8,4.0,5.0,1.5,1.1666666666666667,7,3.0,H,2.23,3.23,3.2
1587,2017,2017-06-15,Coritiba,Bahia,1526.8439599298206,1480.427946380179,46.41601354964155,2.0,1.2,1.0,0.6,1.0,0.8,2.4,0.6,4.0,2.0,2.1666666666666665,1.5,7,2.3333333333333335,D,1.83,3.31,4.56
1588,2017,2017-06-16,Fluminense,Gremio,1498.423628808684,1550.0002935925008,-51.576664783816796,1.4,2.4,1.6,1.8,2.8,1.4,1.8,1.4,6.0,3.0,1.6666666666666667,2.5,7,1.4,A,2.45,3.15,2.89
1589,2017,2017-06-17,Atletico GO,Athletico-PR,1457.589119946296,1495.4783481152506,-37.88922816895456,1.2,1.0,1.2,1.4,0.6,1.0,1.2,1.0,3.0,3.0,0.8571428571428571,0.7142857142857143,8,,A,2.28,3.15,3.17
1590,2017,2017-06-17,Vasco,Avai,1488.6694280496336,1462.0433201720145,26.626107877619006,1.2,0.8,1.6,2.4,0.6,1.4,2.4,0.2,2.0,3.0,1.2857142857142858,0.7142857142857143,8,3.0,H,1.46,4.08,7.16
1591,2017,2017-06-18,Santos,Ponte Preta,1576.6245173328473,1507.3251057649754,69.29941156787186,1.8,1.4,0.8,0.6,1.2,1.8,2.4,0.4,3.0,3.0,1.7142857142857142,1.4285714285714286,8,2.5,D,1.68,3.53,5.29
1592,2017,2017-06-18,Coritiba,Corinthians,1523.7427337904378,1584.8013435362736,-61.05860974583584,2.2,3.0,1.0,0.4,2.4,0.8,2.0,2.0,3.0,3.0,2.0,2.7142857142857144,8,0.6,D,2.71,2.99,2.73
1593,2017,2017-06-18,Bahia,Palmeiras,1483.5291725195618,1566.7039468110738,-83.174774291512,1.4,0.8,0.8,0.4,0.6,1.0,2.4,0.6,3.0,3.0,1.4285714285714286,1.0,8,0.0,A,2.38,3.08,3.07
1594,2017,2017-06-18,Chapecoense-SC,Botafogo RJ,1534.0383858980065,1524.9824086545261,9.055977243480356,1.8,1.2,2.2,2.0,1.0,1.0,2.4,1.0,3.0,4.0,1.8571428571428572,1.2857142857142858,8,3.0,A,1.81,3.39,4.49
1595,2017,2017-06-18,Fluminense,Flamengo RJ,1488.037466286463,1570.3045087620533,-82.26704247559019,0.8,1.2,1.2,2.0,0.8,0.8,1.6,1.2,2.0,3.0,1.4285714285714286,1.4285714285714286,8,1.2,D,3.53,3.3,2.08
1596,2017,2017-06-18,Sao Paulo,Atletico-MG,1523.9849208620035,1525.6582433467843,-1.6733224847807833,1.4,1.0,1.2,0.8,0.6,1.0,2.6,0.6,4.0,4.0,1.4285714285714286,0.8571428571428571,8,2.4,A,1.67,3.73,5.01
1597,2017,2017-06-18,Sport Recife,Vitoria,1493.7700335826228,1457.249410022136,36.52062356048668,1.4,0.8,1.4,1.2,1.0,1.4,2.2,0.8,4.0,4.0,1.1428571428571428,0.7142857142857143,8,1.5,A,1.68,3.6,5.13
1598,2017,2017-06-20,Cruzeiro,Gremio,1527.4230110211192,1560.3864561147218,-32.96344509360256,1.2,2.4,0.6,0.8,2.8,1.4,2.0,1.8,5.0,4.0,1.4285714285714286,2.5714285714285716,8,2.0,D,2.24,3.12,3.27
1599,2017,2017-06-21,Vitoria,Santos,1470.0909929117374,1572.9407403759167,-102.84974746417925,1.4,2.0,1.6,1.4,0.8,0.4,0.8,0.8,3.0,3.0,1.0,1.625,9,1.0,A,2.4,3.14,2.99
1600,2017,2017-06-22,Botafogo RJ,Vasco,1537.0822068630944,1496.0917007298997,40.990506133194685,1.2,1.2,1.2,1.0,1.2,2.0,1.6,0.8,4.0,5.0,1.5,1.5,9,2.0,H,2.03,3.32,3.63
1601,2017,2017-06-22,Palmeiras,Atletico GO,1576.1813113937492,1446.8103890913535,129.37092230239568,1.4,1.2,1.4,1.0,1.2,1.4,2.6,0.8,4.0,5.0,1.25,0.75,9,0.0,H,1.24,5.56,11.9
1602,2017,2017-06-22,Athletico-PR,Sao Paulo,1506.257078970193,1512.182152304905,-5.925073334711897,1.4,0.8,0.6,0.8,1.0,1.2,1.0,0.8,5.0,4.0,1.0,1.25,9,2.5,H,2.44,3.02,3.04
1603,2017,2017-06-22,Atletico-MG,Sport Recife,1537.4610119038828,1480.9284506930214,56.53256121086133,1.4,0.8,0.6,0.8,0.8,1.2,0.8,0.2,4.0,4.0,1.125,1.0,9,3.0,D,1.44,4.35,6.88
1604,2017,2017-06-22,Avai,Fluminense,1454.6210474917484,1488.5340429472758,-33.91299545552738,0.8,1.0,0.6,1.2,1.2,1.8,2.2,0.6,5.0,4.0,0.625,1.375,9,3.0,A,2.9,3.12,2.46
1605,2017,2017-06-22,Corinthians,Bahia,1584.9147810007262,1474.0518079368865,110.86297306383972,2.6,1.4,2.2,0.8,1.2,1.0,2.2,0.2,4.0,4.0,2.5,1.25,9,1.6666666666666667,H,1.49,3.92,6.99
1606,2017,2017-06-22,Ponte Preta,Cruzeiro,1511.008882721906,1526.503529315877,-15.494646593970856,1.4,0.8,0.8,1.4,1.0,1.4,3.0,0.8,4.0,2.0,1.375,1.375,9,0.75,H,2.17,3.19,3.35
1607,2017,2017-06-23,Flamengo RJ,Chapecoense-SC,1569.8079321012406,1521.9385876894382,47.86934441180233,1.2,1.2,1.0,1.0,1.8,2.4,1.8,1.4,5.0,5.0,1.375,1.625,9,2.3333333333333335,H,1.48,4.13,6.73
1608,2017,2017-06-23,Gremio,Coritiba,1561.3059378199641,1523.6292963259853,37.67664149397888,2.6,1.8,2.8,1.2,0.8,0.4,2.4,1.0,3.0,5.0,2.375,1.875,9,1.0,H,1.53,3.88,6.29
1609,2017,2017-06-24,Santos,Sport Recife,1581.8556263891353,1484.290421933837,97.56520445529827,2.6,1.0,1.2,0.0,1.2,1.4,2.0,0.4,3.0,2.0,1.7777777777777777,1.0,10,1.5,A,1.45,4.16,7.28
1610,2017,2017-06-25,Vasco,Atletico GO,1489.0511116734915,1441.8860405660969,47.165071107394624,1.2,1.2,1.4,2.2,1.2,1.0,2.4,0.6,3.0,3.0,1.3333333333333333,0.6666666666666666,10,3.0,H,1.54,3.94,6.1
1611,2017,2017-06-25,Athletico-PR,Vitoria,1514.5729643204072,1461.1761068985188,53.3968574218884,2.0,1.4,0.8,0.6,1.4,1.4,1.0,1.4,3.0,4.0,1.2222222222222223,0.8888888888888888,10,1.3333333333333333,H,1.78,3.43,4.65
1612,2017,2017-06-25,Cruzeiro,Coritiba,1517.918842595256,1516.5014364334613,1.4174061617945881,0.8,1.2,1.0,1.2,0.6,0.8,2.0,0.8,3.0,2.0,1.2222222222222223,1.6666666666666667,10,2.6,H,1.56,3.71,6.32
1613,2017,2017-06-25,Gremio,Corinthians,1568.433797712488,1590.2451903548692,-21.81139264238118,2.6,2.6,2.8,1.2,2.4,0.8,2.4,2.0,2.0,3.0,2.4444444444444446,2.5555555555555554,10,3.0,A,1.84,3.38,4.37
1614,2017,2017-06-25,Ponte Preta,Palmeiras,1519.593569442527,1581.1056599190058,-61.51209047647876,1.4,1.8,0.8,1.4,1.6,1.0,3.0,0.6,3.0,3.0,1.5555555555555556,1.4444444444444444,10,2.0,A,2.74,3.15,2.58
1615,2017,2017-06-25,Sao Paulo,Fluminense,1503.866266954691,1499.4264187147435,4.439848239947423,0.8,1.0,1.0,1.2,1.4,1.6,2.4,1.2,3.0,3.0,1.1111111111111112,1.5555555555555556,10,1.6,D,1.68,3.74,4.85
1616,2017,2017-06-25,Bahia,Flamengo RJ,1468.7213985827434,1576.6689480040448,-107.94754942130135,0.8,1.6,0.6,1.6,2.0,1.2,2.4,1.2,3.0,2.0,1.1111111111111112,1.5555555555555556,10,2.0,A,2.6,3.28,2.62
1617,2017,2017-06-25,Chapecoense-SC,Atletico-MG,1515.077571786634,1534.0990406630672,-19.02146887643312,0.6,1.4,1.6,3.4,1.0,1.2,1.8,1.2,2.0,3.0,1.4444444444444444,1.1111111111111112,10,2.0,A,1.72,3.7,4.61
1618,2017,2017-06-27,Botafogo RJ,Avai,1544.1227959195026,1443.7286717242807,100.39412419522182,1.6,0.2,1.8,1.2,0.4,1.8,2.2,0.0,5.0,5.0,1.6666666666666667,0.5555555555555556,10,,A,1.42,4.12,8.31
1619,2017,2017-07-01,Palmeiras,Gremio,1591.2060466525777,1557.1970930449409,34.00895360763684,2.4,2.0,2.0,1.0,1.6,0.8,2.6,2.0,6.0,6.0,1.6,2.2,11,2.5,H,1.9,3.38,4.1
1620,2017,2017-07-01,Atletico GO,Santos,1435.0067397471926,1567.4906142628863,-132.48387451569374,0.6,2.0,0.6,1.2,1.0,0.2,1.2,1.2,6.0,7.0,0.6,1.6,11,3.0,D,2.63,3.14,2.7
1621,2017,2017-07-02,Atletico-MG,Cruzeiro,1545.4147375020766,1526.0301469085903,19.384590593486337,1.4,1.4,1.0,1.2,1.4,1.0,1.0,0.8,7.0,7.0,1.3,1.4,11,1.8,H,2.38,3.2,2.98
1622,2017,2017-07-02,Corinthians,Botafogo RJ,1601.4818950224164,1529.692109569221,71.78978545319546,2.6,1.6,1.6,0.4,1.8,1.4,2.6,1.0,7.0,5.0,2.6,1.5,11,1.25,H,1.53,3.9,6.28
1623,2017,2017-07-02,Flamengo RJ,Sao Paulo,1585.4390760112374,1501.8938212935263,83.54525471771103,2.2,0.4,2.2,0.8,0.8,1.4,2.2,0.2,7.0,7.0,1.7,1.1,11,1.6,H,1.59,3.81,5.7
1624,2017,2017-07-02,Sport Recife,Athletico-PR,1498.655434060086,1521.2912862004905,-22.635852140404495,1.0,2.4,1.0,1.4,1.4,0.6,1.6,1.4,8.0,7.0,1.2,1.4,11,1.6666666666666667,H,1.64,3.62,5.49
1625,2017,2017-07-02,Vitoria,Bahia,1454.4577850184355,1459.9512705755508,-5.493485557115264,1.4,0.2,1.6,1.8,0.4,1.8,0.8,0.2,7.0,7.0,0.8,1.0,11,2.0,D,2.47,3.1,2.92
1626,2017,2017-07-02,Avai,Ponte Preta,1458.1593580745623,1509.4931827089551,-51.33382463439284,0.8,1.4,0.8,1.6,1.0,1.2,1.6,0.4,5.0,7.0,0.8,1.4,11,3.0,D,2.81,2.91,2.7
1627,2017,2017-07-02,Coritiba,Vasco,1508.390132120127,1495.9304124923958,12.459719627731147,0.6,1.8,0.4,1.2,1.2,1.2,2.2,0.2,7.0,7.0,1.5,1.5,11,0.3333333333333333,D,1.88,3.31,4.23
1628,2017,2017-07-04,Fluminense,Chapecoense-SC,1501.398864375908,1503.7618749476246,-2.363010571716586,1.0,0.6,1.4,1.6,1.0,2.4,1.6,0.8,9.0,9.0,1.5,1.3,11,0.0,D,1.7,3.65,4.9
1629,2017,2017-07-08,Atletico GO,Vitoria,1436.9250186584657,1452.761603125253,-15.836584466787372,0.8,1.0,0.8,1.0,1.2,1.8,1.4,0.8,7.0,6.0,0.6363636363636364,0.8181818181818182,12,,A,2.15,3.18,3.45
1630,2017,2017-07-08,Vasco,Flamengo RJ,1498.1236635083158,1591.406378245741,-93.2827147374253,1.4,2.6,1.2,1.4,2.4,0.6,2.4,1.2,6.0,6.0,1.4545454545454546,1.8181818181818181,12,1.3333333333333333,A,3.64,3.33,2.01
1631,2017,2017-07-08,Corinthians,Ponte Preta,1607.736330505494,1509.8863241201755,97.85000638531847,2.6,1.0,1.2,0.0,0.4,0.8,3.0,0.6,6.0,6.0,2.6363636363636362,1.3636363636363635,12,2.5,H,1.66,3.52,5.51
1632,2017,2017-07-09,Chapecoense-SC,Athletico-PR,1505.54543098218,1512.5046171340643,-6.959186151884296,0.8,2.4,1.2,2.4,1.4,0.4,1.2,1.4,5.0,7.0,1.2727272727272727,1.2727272727272727,12,1.6666666666666667,D,1.82,3.36,4.53
1633,2017,2017-07-09,Bahia,Fluminense,1461.6474524687333,1499.6153083413526,-37.96785587261934,0.4,1.2,0.4,1.6,1.8,1.6,1.8,1.4,7.0,5.0,1.0,1.4545454545454546,12,0.0,D,2.12,3.39,3.31
1634,2017,2017-07-09,Cruzeiro,Palmeiras,1518.4122733707168,1598.431053807934,-80.01878043721717,0.8,2.4,1.2,1.6,1.6,0.8,2.0,1.2,7.0,8.0,1.2727272727272727,1.7272727272727273,12,2.5,H,2.08,3.22,3.61
1635,2017,2017-07-09,Gremio,Avai,1549.9720858895846,1457.766216663342,92.20586922624261,1.4,0.8,1.4,1.0,0.6,1.4,2.4,0.6,8.0,7.0,2.0,0.8181818181818182,12,3.0,A,1.22,5.77,13.25
1636,2017,2017-07-09,Botafogo RJ,Atletico-MG,1523.4376740861435,1553.03261103995,-29.59493695380661,1.4,2.0,1.4,1.2,1.6,1.0,2.0,1.6,7.0,7.0,1.3636363636363635,1.4545454545454546,12,1.75,D,2.02,3.3,3.69
1637,2017,2017-07-09,Santos,Sao Paulo,1565.5723353516132,1495.9265190590227,69.64581629259055,1.6,0.4,0.8,0.4,0.4,1.2,1.4,0.2,8.0,7.0,1.5454545454545454,1.0,12,2.0,H,2.21,3.2,3.3
1638,2017,2017-07-11,Coritiba,Sport Recife,1506.196881104207,1507.4421031265122,-1.2452220223051427,0.6,1.6,0.4,1.2,1.0,1.0,1.8,0.8,9.0,9.0,1.4545454545454546,1.3636363636363635,12,1.0,A,1.77,3.38,4.83
1639,2017,2017-07-12,Atletico-MG,Santos,1554.0481378826485,1571.8799442268569,-17.831806344208417,2.2,1.6,1.8,1.0,1.2,0.8,1.6,1.4,3.0,3.0,1.4166666666666667,1.6666666666666667,13,2.6,A,1.61,3.76,5.53
1640,2017,2017-07-12,Ponte Preta,Bahia,1504.2579692792658,1460.8709710167707,43.386998262495126,1.0,0.4,0.4,0.8,0.6,1.8,2.4,0.4,4.0,3.0,1.25,1.0,13,0.5,A,1.87,3.31,4.29
1641,2017,2017-07-13,Fluminense,Botafogo RJ,1500.3917897933152,1522.4221472434451,-22.03035745012994,1.4,1.4,2.0,1.4,1.2,1.0,1.2,1.0,4.0,4.0,1.4166666666666667,1.3333333333333333,13,2.5,A,2.07,3.23,3.61
1642,2017,2017-07-13,Athletico-PR,Cruzeiro,1514.1597973897365,1528.8442795686192,-14.684482178882718,2.0,1.4,1.4,0.6,1.8,1.6,1.4,0.6,4.0,4.0,1.25,1.4166666666666667,13,1.25,A,2.62,3.1,2.74
1643,2017,2017-07-13,Palmeiras,Corinthians,1587.9990476100315,1613.3646853464036,-25.365637736372037,2.4,2.6,1.8,1.2,1.4,0.0,2.6,2.6,4.0,5.0,1.5833333333333333,2.6666666666666665,13,1.25,A,2.13,3.23,3.43
1644,2017,2017-07-13,Vitoria,Vasco,1464.167270442541,1488.9359121066705,-24.768641664129518,1.4,1.4,1.2,1.6,1.0,1.2,1.0,0.2,5.0,5.0,1.0,1.3333333333333333,13,3.0,A,1.85,3.5,4.1
1645,2017,2017-07-13,Flamengo RJ,Gremio,1600.5941296473864,1535.7327736872282,64.86135596015811,2.6,0.8,2.2,0.6,1.0,1.4,2.2,1.4,5.0,4.0,1.9166666666666667,1.8333333333333333,13,1.4,A,1.83,3.44,4.3
1646,2017,2017-07-13,Sao Paulo,Atletico GO,1489.618910183779,1425.5193513411778,64.09955884260125,0.2,0.2,0.8,1.8,0.4,1.2,2.0,0.0,4.0,5.0,0.9166666666666666,0.5833333333333334,13,3.0,D,1.36,4.65,8.56
1647,2017,2017-07-13,Sport Recife,Chapecoense-SC,1519.2567902990488,1503.890250726508,15.366539572540887,2.0,0.4,1.6,1.0,1.0,2.4,2.0,1.0,2.0,4.0,1.5,1.25,13,3.0,H,1.91,3.48,3.85
1648,2017,2017-07-14,Avai,Coritiba,1472.0055288656984,1494.3821939316704,-22.37666506597202,1.4,0.4,0.8,0.8,0.4,1.8,1.2,0.8,5.0,3.0,1.0,1.3333333333333333,13,0.0,A,2.61,3.0,2.81
1649,2017,2017-07-15,Corinthians,Athletico-PR,1624.5005311407078,1502.721640378251,121.77889076245674,3.0,1.4,1.8,0.0,1.2,1.0,3.0,1.6,2.0,2.0,2.6923076923076925,1.1538461538461537,14,1.5,D,1.45,4.1,7.43
1650,2017,2017-07-16,Palmeiras,Vitoria,1576.8632018157273,1453.014466731227,123.84873508450028,1.8,0.8,1.0,1.2,0.8,2.2,2.0,1.2,3.0,3.0,1.4615384615384615,0.9230769230769231,14,3.0,H,1.26,5.46,10.8
1651,2017,2017-07-16,Atletico GO,Atletico-MG,1429.0730668463991,1542.6988078228487,-113.6257409764496,0.4,1.6,0.8,1.4,1.4,1.0,1.4,1.6,3.0,4.0,0.6153846153846154,1.3076923076923077,14,1.0,A,3.19,3.31,2.2
1652,2017,2017-07-16,Chapecoense-SC,Sao Paulo,1496.1629944437573,1486.0651946785576,10.097799765199625,0.4,0.4,1.0,2.6,1.0,1.8,0.8,0.2,3.0,3.0,1.1538461538461537,0.9230769230769231,14,1.3333333333333333,H,2.68,3.2,2.6
1653,2017,2017-07-16,Cruzeiro,Flamengo RJ,1540.2824365801046,1587.0212718519742,-46.738835271869675,1.8,2.4,1.6,1.0,1.8,0.4,2.0,1.6,3.0,3.0,1.5384615384615385,1.7692307692307692,14,2.4,D,2.38,3.23,2.94
1654,2017,2017-07-16,Gremio,Ponte Preta,1549.3056314826404,1491.2357519978234,58.069879484816965,1.2,0.8,0.6,0.8,0.4,1.4,1.8,0.4,3.0,4.0,1.9230769230769231,1.1538461538461537,14,2.5,H,1.5,3.93,6.77
1655,2017,2017-07-16,Vasco,Santos,1500.0887158179844,1583.2292742866566,-83.14055846867222,1.4,2.0,1.6,1.4,1.4,0.8,1.8,2.0,3.0,4.0,1.4615384615384615,1.7692307692307692,14,2.3333333333333335,D,2.46,3.24,2.83
1656,2017,2017-07-16,Bahia,Avai,1473.893188298213,1460.7848484191338,13.108339879079267,1.0,1.4,0.8,1.0,1.0,1.4,1.4,1.2,4.0,2.0,1.1538461538461537,0.9230769230769231,14,,D,1.46,4.01,7.48
1657,2017,2017-07-16,Coritiba,Fluminense,1505.602874378235,1489.1612915324483,16.44158284578657,0.8,1.2,1.2,2.0,1.6,1.2,1.2,1.0,2.0,3.0,1.4615384615384615,1.3076923076923077,14,1.6,A,2.04,3.36,3.54
1658,2017,2017-07-18,Botafogo RJ,Sport Recife,1533.652645504312,1526.9840465817995,6.668598922512501,1.4,2.6,1.0,1.0,2.0,0.4,1.6,1.4,5.0,5.0,1.4615384615384615,1.6153846153846154,14,2.3333333333333335,H,1.92,3.33,4.01
1659,2017,2017-07-19,Santos,Chapecoense-SC,1582.7076209949407,1504.0345504264217,78.67307056851905,1.6,1.0,1.0,0.8,1.2,1.6,2.0,0.8,3.0,3.0,1.7142857142857142,1.2857142857142858,15,3.0,H,1.69,3.67,4.91
1660,2017,2017-07-19,Vitoria,Gremio,1447.9711741813217,1555.9044724537093,-107.93329827238767,0.8,1.2,1.2,2.6,0.8,1.0,1.0,2.0,3.0,3.0,0.8571428571428571,2.0,15,1.3333333333333333,A,3.09,3.25,2.28
1661,2017,2017-07-20,Avai,Corinthians,1462.9958628984114,1619.5888942283984,-156.59303132998707,1.6,2.6,1.2,1.0,1.6,0.4,1.0,2.6,4.0,5.0,0.9285714285714286,2.5714285714285716,15,0.0,D,3.97,3.19,1.98
1662,2017,2017-07-20,Ponte Preta,Coritiba,1484.6369110267544,1493.3008074220318,-8.663896395277334,0.2,0.8,0.4,2.0,1.4,2.0,1.8,1.4,4.0,4.0,1.0714285714285714,1.3571428571428572,15,3.0,H,1.9,3.28,4.21
1663,2017,2017-07-20,Atletico-MG,Bahia,1551.3083135309935,1471.6821738189356,79.62613971205792,2.0,1.2,1.4,0.8,1.0,0.6,1.4,1.0,4.0,4.0,1.4285714285714286,1.1428571428571428,15,1.6666666666666667,A,1.72,3.57,4.79
1664,2017,2017-07-20,Flamengo RJ,Palmeiras,1587.5463869618025,1581.9064943656326,5.63989259616983,2.0,1.8,1.0,0.4,1.6,1.6,2.0,1.2,4.0,4.0,1.7142857142857142,1.5714285714285714,15,1.0,D,1.76,3.52,4.59
1665,2017,2017-07-20,Sao Paulo,Vasco,1478.1936386958932,1500.6103691097003,-22.416730413807045,0.4,1.6,1.0,2.0,1.4,0.8,1.6,0.8,4.0,4.0,0.8571428571428571,1.4285714285714286,15,1.3333333333333333,H,1.54,3.95,5.99
1666,2017,2017-07-20,Fluminense,Cruzeiro,1501.4633584886515,1539.7573214702763,-38.29396298162487,1.2,2.0,1.4,1.4,1.8,1.0,0.6,0.6,4.0,4.0,1.4285714285714286,1.5,15,2.0,D,2.44,3.2,2.85
1667,2017,2017-07-21,Sport Recife,Atletico GO,1519.018066361882,1420.4635611382544,98.55450522362753,2.4,0.4,1.8,0.4,1.0,1.6,2.0,0.2,3.0,5.0,1.5,0.5714285714285714,15,1.0,H,1.47,4.16,6.8
1668,2017,2017-07-21,Athletico-PR,Botafogo RJ,1507.6332772905605,1541.6186257242296,-33.98534843366906,1.0,1.4,1.4,1.4,0.8,1.0,1.4,1.4,6.0,3.0,1.1428571428571428,1.5714285714285714,15,3.0,D,2.21,3.08,3.42
1669,2017,2017-07-22,Vitoria,Chapecoense-SC,1439.2006421953906,1497.949160957882,-58.74851876249136,0.8,1.0,1.2,2.4,1.2,1.6,0.4,0.2,3.0,3.0,0.8,1.2,16,0.5,A,2.14,3.33,3.32
1670,2017,2017-07-22,Flamengo RJ,Coritiba,1585.5407677753067,1484.908227978515,100.63253979679166,1.6,0.8,1.2,0.8,1.4,2.4,2.0,0.8,2.0,2.0,1.6666666666666667,1.2666666666666666,16,1.6,H,1.38,4.55,8.1
1671,2017,2017-07-23,Santos,Bahia,1588.7930104634804,1485.6199872544714,103.17302320900899,2.2,1.8,1.2,0.6,1.4,0.4,2.0,1.6,4.0,3.0,1.8,1.2666666666666666,16,2.0,H,1.95,3.28,3.94
1672,2017,2017-07-23,Avai,Cruzeiro,1465.5727014354043,1540.5244727189815,-74.95177128357727,1.2,1.6,0.8,1.0,1.6,1.2,0.6,0.8,3.0,3.0,0.9333333333333333,1.4666666666666666,16,1.0,H,3.92,3.2,1.98
1673,2017,2017-07-23,Fluminense,Corinthians,1500.6962072399463,1617.0120556914055,-116.31584845145926,1.2,2.2,1.4,1.4,1.4,0.4,0.6,2.2,3.0,3.0,1.4,2.466666666666667,16,1.8,A,2.74,3.16,2.57
1674,2017,2017-07-23,Sport Recife,Palmeiras,1524.6300338600495,1583.9121135521284,-59.28207969207892,2.4,1.4,2.4,0.4,1.6,1.8,2.0,1.4,2.0,3.0,1.6,1.5333333333333334,16,1.75,A,2.08,3.37,3.43
1675,2017,2017-07-23,Athletico-PR,Ponte Preta,1506.7429674640111,1493.0294904702712,13.71347699373996,0.6,0.8,0.6,1.2,1.0,1.6,1.4,0.4,2.0,3.0,1.1333333333333333,1.2,16,2.0,A,2.18,3.09,3.43
1676,2017,2017-07-23,Atletico GO,Botafogo RJ,1414.8515936400868,1542.508935550779,-127.65734191069214,0.4,1.6,1.0,2.2,0.8,0.6,0.8,1.6,2.0,2.0,0.5333333333333333,1.5333333333333334,16,0.0,D,2.39,3.02,3.12
1677,2017,2017-07-23,Atletico-MG,Vasco,1537.3705000954576,1491.8299135498548,45.540586545602764,1.4,1.0,1.2,1.2,1.2,1.0,0.8,0.8,3.0,3.0,1.3333333333333333,1.3333333333333333,16,3.0,A,1.75,3.61,4.52
1678,2017,2017-07-25,Sao Paulo,Gremio,1486.9740942557387,1564.6750044396404,-77.70091018390167,0.8,1.8,1.0,1.8,1.4,1.0,1.6,2.0,5.0,6.0,1.0,2.066666666666667,16,1.4,D,2.3,3.12,3.15
1679,2017,2017-07-29,Botafogo RJ,Sao Paulo,1540.7248123650684,1487.3394930837133,53.38531928135512,1.8,1.0,1.0,0.6,1.2,1.6,1.6,0.2,6.0,4.0,1.5,1.0,17,1.0,A,2.41,3.12,2.97
1680,2017,2017-07-29,Palmeiras,Avai,1594.0766736712023,1475.859058128475,118.21761554272734,1.4,1.6,1.8,1.8,1.0,1.0,2.4,1.4,6.0,6.0,1.625,1.0625,17,3.0,H,1.31,4.84,10.02
1681,2017,2017-07-30,Chapecoense-SC,Atletico GO,1508.1290736362223,1416.6357168257973,91.49335681042498,1.4,0.4,1.0,1.2,1.0,2.2,1.4,0.2,8.0,7.0,1.3125,0.5625,17,,A,1.53,4.03,6.01
1682,2017,2017-07-30,Bahia,Sport Recife,1480.114726913615,1514.4654737409755,-34.35074682736058,1.6,1.8,1.4,1.0,2.2,0.8,1.0,1.4,7.0,7.0,1.1875,1.5,17,3.0,A,1.62,3.67,5.5
1683,2017,2017-07-30,Corinthians,Flamengo RJ,1625.5457140984197,1591.104568057466,34.441146040953754,2.2,1.6,1.4,0.4,1.2,1.0,2.6,1.8,7.0,8.0,2.5,1.75,17,3.0,D,2.43,3.11,2.96
1684,2017,2017-07-30,Coritiba,Atletico-MG,1479.3444276963558,1524.2920652020318,-44.947637505676084,0.6,0.8,1.2,2.4,0.8,1.4,0.6,2.0,8.0,7.0,1.1875,1.25,17,2.0,A,2.34,3.2,3.02
1685,2017,2017-07-30,Cruzeiro,Vitoria,1530.2381160259108,1429.0207295170503,101.2173865088605,1.6,0.6,1.4,0.8,1.4,2.8,2.2,1.2,7.0,8.0,1.375,0.75,17,2.3333333333333335,D,1.41,4.4,7.5
1686,2017,2017-07-30,Gremio,Santos,1564.3096056116658,1594.2982708043369,-29.98866519267108,2.0,2.6,1.6,1.0,1.6,0.4,1.8,2.2,5.0,7.0,2.0,1.875,17,1.8,D,1.65,3.56,5.48
1687,2017,2017-08-01,Vasco,Athletico-PR,1504.9083484432806,1494.515393589115,10.39295485416551,1.4,0.6,1.2,0.8,0.6,1.4,2.0,1.6,9.0,9.0,1.4375,1.0625,17,2.0,A,2.38,2.96,3.14
1688,2017,2017-08-02,Chapecoense-SC,Bahia,1493.9065981974886,1469.2348517081766,24.671746489312,1.2,1.4,1.0,1.4,1.4,1.4,0.8,1.4,3.0,3.0,1.2352941176470589,1.1176470588235294,18,3.0,D,1.95,3.3,3.94
1689,2017,2017-08-02,Sport Recife,Fluminense,1525.3453489464139,1492.162548832932,33.18280011348179,1.8,1.0,2.2,1.0,0.8,1.0,1.8,1.6,3.0,10.0,1.588235294117647,1.3125,18,2.0,D,1.81,3.54,4.25
1690,2017,2017-08-03,Atletico-MG,Corinthians,1534.868578597494,1622.7592436377024,-87.89066504020843,1.2,1.8,1.0,1.2,1.2,0.6,0.8,2.2,4.0,4.0,1.3529411764705883,2.411764705882353,18,1.6,A,2.17,3.21,3.32
1691,2017,2017-08-03,Vitoria,Ponte Preta,1433.4704396149823,1505.2570643451672,-71.78662473018494,0.2,1.2,1.0,2.6,1.4,1.6,0.2,1.0,4.0,11.0,0.7647058823529411,1.3125,18,2.0,H,2.27,3.22,3.12
1692,2017,2017-08-03,Atletico GO,Gremio,1430.858192264531,1563.3052955941598,-132.44710332962882,1.0,2.2,1.2,2.0,1.8,0.8,0.4,1.6,4.0,4.0,0.7058823529411765,1.9411764705882353,18,0.0,A,3.56,3.29,2.04
1693,2017,2017-08-03,Botafogo RJ,Palmeiras,1527.4434305781515,1599.243201582231,-71.7997710040795,1.6,2.0,1.4,1.2,2.0,1.2,1.4,2.0,5.0,5.0,1.411764705882353,1.7058823529411764,18,1.0,A,2.71,3.09,2.64
1694,2017,2017-08-03,Santos,Flamengo RJ,1595.3025808218429,1593.8910385181832,1.411542303659644,2.2,1.2,1.2,0.2,1.2,1.2,2.0,1.8,4.0,4.0,1.8235294117647058,1.7058823529411764,18,1.4,H,2.72,3.23,2.53
1695,2017,2017-08-03,Athletico-PR,Avai,1506.6519465266915,1470.6925302174463,35.95941630924517,1.0,1.0,0.6,1.2,0.6,1.4,1.4,1.4,2.0,5.0,1.1764705882352942,1.0,18,3.0,H,1.69,3.39,5.42
1696,2017,2017-08-03,Sao Paulo,Coritiba,1500.6208748706301,1468.7679143008936,31.852960569736524,1.6,0.6,1.6,1.6,1.2,2.2,1.2,0.6,5.0,4.0,1.1176470588235294,1.1176470588235294,18,1.6,A,1.4,4.3,8.17
1697,2017,2017-08-04,Vasco,Cruzeiro,1492.7717955057042,1525.7884059279788,-33.01661042227465,1.4,1.2,1.2,0.8,0.8,0.6,1.4,0.8,3.0,5.0,1.3529411764705883,1.3529411764705883,18,1.0,A,3.1,3.05,2.38
1698,2017,2017-08-05,Corinthians,Sport Recife,1632.1013489875104,1522.5923180690204,109.50903091849,1.8,1.4,1.2,0.6,2.0,1.4,2.2,2.0,2.0,3.0,2.4444444444444446,1.5555555555555556,19,3.0,H,1.5,3.96,6.67
1699,2017,2017-08-05,Fluminense,Atletico GO,1494.9155797103256,1422.7754517407607,72.1401279695649,1.0,0.8,1.0,1.2,0.8,1.8,0.6,0.8,3.0,2.0,1.2941176470588236,0.6666666666666666,18,0.0,H,1.59,3.88,5.42
1700,2017,2017-08-06,Flamengo RJ,Vitoria,1585.779571449434,1443.665749536705,142.11382191272878,1.2,0.8,1.6,1.6,1.4,2.0,2.0,1.4,3.0,3.0,1.6111111111111112,0.8888888888888888,19,3.0,A,1.3,5.2,9.45
1701,2017,2017-08-06,Bahia,Sao Paulo,1471.7599899867826,1487.9032559985767,-16.14326601179414,1.0,1.4,1.0,1.6,1.4,1.6,0.4,0.6,4.0,3.0,1.1111111111111112,1.0555555555555556,19,1.0,H,2.6,3.24,2.65
1702,2017,2017-08-06,Coritiba,Chapecoense-SC,1481.485533172947,1491.3814599188827,-9.89592674593564,0.6,1.4,0.8,2.2,1.2,1.0,0.4,0.8,3.0,4.0,1.2222222222222223,1.2222222222222223,19,2.0,H,1.82,3.44,4.33
1703,2017,2017-08-06,Cruzeiro,Botafogo RJ,1536.7063703279216,1517.6391187354363,19.067251592485263,1.2,1.0,1.0,0.6,1.4,1.6,1.8,1.6,2.0,3.0,1.4444444444444444,1.3333333333333333,19,1.5,D,1.46,3.97,7.37
1704,2017,2017-08-06,Gremio,Atletico-MG,1571.3880361179301,1525.526473247686,45.86156287024414,2.2,1.2,1.8,0.8,1.0,1.4,1.4,2.6,3.0,3.0,2.0,1.2777777777777777,19,1.4,H,1.63,3.75,5.25
1705,2017,2017-08-06,Palmeiras,Athletico-PR,1609.0475134249461,1513.8252190094754,95.22229441547074,2.6,1.6,2.4,1.0,1.6,0.8,2.4,1.6,3.0,3.0,1.7777777777777777,1.2777777777777777,19,1.3333333333333333,A,1.6,3.65,5.81
1706,2017,2017-08-06,Avai,Santos,1463.5192577346625,1603.4140478905922,-139.89479015592974,1.0,2.2,0.4,1.6,1.6,0.6,1.0,1.8,3.0,3.0,0.9444444444444444,1.8888888888888888,19,1.0,D,3.34,3.16,2.19
1707,2017,2017-08-06,Ponte Preta,Vasco,1495.0617544234444,1481.8538311057614,13.207923317683026,1.2,0.8,1.6,1.8,0.4,1.2,1.8,1.4,3.0,2.0,1.2352941176470589,1.2777777777777777,18,1.3333333333333333,D,1.65,3.6,5.32
1708,2017,2017-08-10,Ponte Preta,Fluminense,1492.8480139938936,1501.1613494644848,-8.313335470591255,1.4,1.6,1.6,1.2,1.6,1.2,1.4,1.8,4.0,5.0,1.2222222222222223,1.3888888888888888,19,1.75,D,2.17,3.27,3.29
1709,2017,2017-08-12,Atletico GO,Coritiba,1416.5296819866014,1489.9126766236936,-73.38299463709222,0.8,1.2,0.8,2.0,1.0,1.8,0.4,1.2,7.0,6.0,0.631578947368421,1.3157894736842106,20,0.0,H,2.33,3.11,3.12
1710,2017,2017-08-12,Vitoria,Avai,1459.0085891859192,1465.6421226803445,-6.6335334944253646,1.4,1.0,1.4,1.2,0.2,1.4,0.8,1.4,6.0,6.0,1.0,0.9473684210526315,20,,A,1.62,3.72,5.45
1711,2017,2017-08-13,Sao Paulo,Cruzeiro,1479.3002696527913,1534.3328611918987,-55.03259153910744,1.4,1.2,1.6,1.6,0.8,0.4,1.2,1.4,7.0,7.0,1.0,1.4210526315789473,20,2.4,H,1.89,3.3,4.21
1712,2017,2017-08-13,Atletico-MG,Flamengo RJ,1518.6132686972162,1570.4367318002198,-51.82346310300363,0.6,1.0,0.6,1.6,1.4,1.8,0.6,1.6,7.0,7.0,1.2105263157894737,1.5263157894736843,20,2.2,H,2.46,3.21,2.83
1713,2017,2017-08-13,Sport Recife,Ponte Preta,1517.2313810786309,1491.2307657845101,26.000615294120735,1.4,1.6,2.0,1.6,1.4,0.6,2.0,0.8,8.0,3.0,1.4736842105263157,1.2105263157894737,20,2.3333333333333335,D,1.67,3.6,5.19
1714,2017,2017-08-13,Vasco,Palmeiras,1484.0675715353123,1594.7372474929975,-110.66967595768529,0.8,2.0,0.4,1.2,1.6,0.8,0.8,2.0,7.0,7.0,1.263157894736842,1.6842105263157894,20,1.5,D,3.36,3.19,2.18
1715,2017,2017-08-13,Athletico-PR,Bahia,1528.135484941424,1480.362976332568,47.772508608856015,2.0,1.4,1.4,0.4,1.2,1.6,1.4,1.6,7.0,7.0,1.368421052631579,1.2105263157894737,20,2.0,H,1.96,3.21,4.01
1716,2017,2017-08-13,Botafogo RJ,Gremio,1520.0126278714592,1578.3012406684,-58.2886127969407,0.6,2.2,1.0,1.4,1.6,0.6,0.8,2.0,7.0,7.0,1.3157894736842106,2.0526315789473686,20,0.75,H,2.46,3.08,2.94
1717,2017,2017-08-15,Santos,Fluminense,1601.2911829449101,1502.7785976738683,98.51258527104187,2.2,1.2,1.6,0.6,1.2,1.0,2.4,1.4,9.0,5.0,1.8421052631578947,1.368421052631579,20,2.0,D,1.99,3.28,3.67
1718,2017,2017-08-19,Corinthians,Vitoria,1637.4622859779,1447.3442940958175,190.11799188208238,2.2,1.4,1.4,0.4,1.2,0.8,2.2,1.4,14.0,7.0,2.473684210526316,0.95,20,3.0,A,1.42,4.36,7.48
1719,2017,2017-08-19,Flamengo RJ,Atletico GO,1560.8158012951683,1426.770917156205,134.0448841389632,0.8,1.4,1.0,1.8,1.0,1.2,1.4,0.8,6.0,7.0,1.45,0.75,21,3.0,H,1.39,4.58,7.56
1720,2017,2017-08-20,Gremio,Athletico-PR,1568.494385896951,1534.9990135975675,33.49537229938346,1.6,2.4,1.0,0.6,2.2,0.6,1.4,1.6,7.0,7.0,1.95,1.45,21,3.0,D,1.92,3.22,4.23
1721,2017,2017-08-20,Avai,Sao Paulo,1477.3064177704462,1489.0134632552197,-11.707045484773516,1.4,1.4,0.4,1.4,2.0,2.0,1.2,0.6,8.0,7.0,1.05,1.1,21,3.0,D,3.71,3.24,2.04
1722,2017,2017-08-20,Bahia,Vasco,1473.4994476764246,1485.3745316720833,-11.87508399565877,0.8,1.0,1.0,2.4,0.6,1.2,1.0,1.6,7.0,7.0,1.15,1.25,21,0.5,H,1.87,3.4,4.17
1723,2017,2017-08-20,Cruzeiro,Sport Recife,1524.6196675894703,1514.6704684180395,9.949199171430791,1.0,1.0,1.0,0.8,1.2,1.6,1.8,1.8,7.0,7.0,1.35,1.45,21,2.25,H,1.7,3.58,5.02
1724,2017,2017-08-20,Ponte Preta,Botafogo RJ,1493.7916784451015,1529.8194826429083,-36.027804197806745,1.2,1.0,0.6,0.6,1.2,1.4,1.0,1.2,7.0,7.0,1.2,1.4,21,1.3333333333333333,H,1.7,3.42,5.35
1725,2017,2017-08-20,Coritiba,Santos,1479.67144145409,1596.9041247281166,-117.23268327402661,1.2,1.8,1.0,1.2,1.4,0.6,0.8,1.4,8.0,5.0,1.25,1.8,21,2.0,D,2.46,3.13,2.9
1726,2017,2017-08-20,Palmeiras,Chapecoense-SC,1593.4302873562265,1482.954316468136,110.47597088809039,2.0,0.8,1.4,0.6,0.8,1.4,1.8,0.8,7.0,14.0,1.65,1.1578947368421053,21,3.0,A,1.5,3.95,6.71
1727,2017,2017-08-22,Fluminense,Atletico-MG,1507.1656558906618,1528.2341992022677,-21.068543311605936,1.2,1.2,1.0,0.8,1.0,1.2,1.0,2.0,7.0,9.0,1.35,1.3,21,1.2,H,2.23,3.24,3.19
1728,2017,2017-08-23,Chapecoense-SC,Corinthians,1497.6151925946629,1621.205465317191,-123.5902727225282,1.4,2.0,1.2,1.2,1.4,0.6,1.0,2.6,3.0,4.0,1.25,2.35,21,0.0,A,2.78,3.03,2.61
1729,2017,2017-08-26,Fluminense,Vasco,1515.9079029063635,1476.891783515339,39.016119391024404,1.8,0.4,1.4,0.8,0.2,1.6,1.4,1.4,4.0,6.0,1.4285714285714286,1.1904761904761905,22,0.0,A,2.04,3.22,3.74
1730,2017,2017-08-26,Corinthians,Atletico GO,1629.534907664771,1421.9457555426625,207.58915212210854,2.0,1.2,1.4,0.6,0.8,1.4,1.6,0.8,3.0,7.0,2.380952380952381,0.7142857142857143,22,1.0,A,1.37,4.53,8.75
1731,2017,2017-08-27,Bahia,Botafogo RJ,1481.9821958331688,1520.6514419724676,-38.66924613929882,1.4,0.8,1.6,1.8,1.2,1.6,1.6,1.2,7.0,7.0,1.2380952380952381,1.3333333333333333,22,3.0,A,2.0,3.27,3.78
1732,2017,2017-08-27,Flamengo RJ,Athletico-PR,1565.640962908711,1537.76035709988,27.88060580883098,0.8,2.6,1.0,1.6,2.2,0.2,1.4,1.8,8.0,7.0,1.5238095238095237,1.4285714285714286,22,1.5,H,1.51,3.96,6.5
1733,2017,2017-08-27,Palmeiras,Sao Paulo,1578.7694112296997,1490.535439948858,88.23397128084162,1.4,1.4,1.0,1.0,2.0,2.0,1.2,0.8,7.0,7.0,1.5714285714285714,1.0952380952380953,22,1.75,H,2.01,3.29,3.73
1734,2017,2017-08-27,Ponte Preta,Atletico-MG,1502.9597191155422,1519.491952186566,-16.53223307102394,1.2,1.2,0.6,0.8,1.0,1.2,1.6,1.4,7.0,5.0,1.2857142857142858,1.2380952380952381,22,0.75,A,2.47,3.1,2.9
1735,2017,2017-08-27,Avai,Chapecoense-SC,1475.7844410768078,1489.285750247083,-13.501309170275135,1.0,0.8,0.4,1.6,0.8,1.2,1.2,1.2,7.0,4.0,1.0476190476190477,1.1904761904761905,22,3.0,H,2.6,2.92,2.9
1736,2017,2017-08-27,Cruzeiro,Santos,1532.495307249606,1595.4119719522707,-62.916664702664775,1.6,1.4,1.4,0.6,0.8,0.6,1.8,1.4,7.0,7.0,1.4285714285714286,1.7619047619047619,22,1.0,D,1.77,3.44,4.75
1737,2017,2017-08-29,Coritiba,Vitoria,1481.1635942299358,1463.6011147565264,17.56247947340944,1.4,2.0,0.8,0.8,1.2,0.4,0.8,2.0,9.0,10.0,1.2380952380952381,1.0476190476190477,22,1.3333333333333333,A,2.07,3.27,3.58
1738,2017,2017-09-02,Gremio,Sport Recife,1565.7330423946385,1506.7948287579038,58.938213636734645,1.6,1.0,0.8,0.4,1.2,1.6,1.6,1.2,13.0,13.0,1.9047619047619047,1.380952380952381,22,1.75,H,1.7,3.45,5.23
1739,2017,2017-09-09,Atletico-MG,Palmeiras,1530.87798725056,1584.6243266001427,-53.74633934958274,1.2,1.4,1.0,1.4,1.4,1.4,0.6,1.6,13.0,13.0,1.3181818181818181,1.6363636363636365,23,2.5,D,2.07,3.3,3.54
1740,2017,2017-09-09,Vasco,Gremio,1489.7992572633736,1572.3098006392572,-82.51054337588357,1.0,2.0,0.4,1.4,1.6,0.2,0.4,2.0,14.0,7.0,1.2727272727272727,1.9545454545454546,23,1.3333333333333333,H,2.97,3.01,2.5
1741,2017,2017-09-09,Sao Paulo,Ponte Preta,1484.680524578415,1491.5736840515483,-6.89315947313321,0.8,1.2,1.6,2.2,0.6,0.6,1.6,0.8,13.0,13.0,1.0454545454545454,1.2272727272727273,23,3.0,D,1.68,3.63,5.06
1742,2017,2017-09-10,Athletico-PR,Coritiba,1530.371761064314,1468.830997783926,61.540763280387864,2.0,1.4,2.0,0.6,0.8,0.6,1.4,1.2,14.0,12.0,1.3636363636363635,1.1818181818181819,23,2.5,D,1.76,3.38,4.9
1743,2017,2017-09-10,Santos,Corinthians,1595.4719344435966,1612.9816616689616,-17.50972722536494,1.4,1.8,0.8,0.6,1.2,0.6,2.6,2.6,14.0,15.0,1.7272727272727273,2.272727272727273,23,2.0,H,2.4,3.08,3.04
1744,2017,2017-09-10,Sport Recife,Avai,1500.218070513285,1484.3129504097305,15.90512010355451,0.4,1.6,0.6,2.4,0.6,1.2,1.6,1.4,8.0,14.0,1.3181818181818181,1.1363636363636365,23,3.0,A,1.46,4.0,7.42
1745,2017,2017-09-10,Vitoria,Fluminense,1475.9337112025362,1503.0004291583289,-27.066717955792683,2.4,1.6,1.4,0.4,1.0,0.6,0.6,1.4,12.0,15.0,1.1363636363636365,1.3636363636363635,23,1.6666666666666667,D,2.2,3.29,3.23
1746,2017,2017-09-10,Botafogo RJ,Flamengo RJ,1531.4078543871337,1573.029558944277,-41.621704557143175,1.4,1.2,1.0,1.0,1.2,1.4,1.4,1.0,14.0,14.0,1.4090909090909092,1.5909090909090908,23,2.0,H,3.27,3.16,2.24
1747,2017,2017-09-10,Chapecoense-SC,Cruzeiro,1480.75724091416,1532.43534475828,-51.67810384411996,0.8,1.6,0.6,1.0,1.6,0.8,1.0,1.4,14.0,14.0,1.1363636363636365,1.4090909090909092,23,1.3333333333333333,A,2.98,3.04,2.48
1748,2017,2017-09-12,Atletico GO,Bahia,1438.499001538472,1471.2257834185027,-32.726781880030785,1.2,1.4,0.6,1.2,1.6,1.6,0.8,1.4,17.0,16.0,0.8181818181818182,1.1818181818181819,23,0.0,D,2.5,3.07,2.92
1749,2017,2017-09-16,Botafogo RJ,Santos,1540.735986652749,1604.1135041239202,-63.37751747117113,2.0,1.4,1.2,0.6,0.6,0.2,1.8,1.0,6.0,6.0,1.4782608695652173,1.7826086956521738,24,1.5,H,1.99,3.2,3.96
1750,2017,2017-09-17,Ponte Preta,Atletico GO,1493.2307125858522,1437.5727661318417,55.65794645401047,1.2,1.4,1.0,1.0,0.8,1.2,1.6,1.2,8.0,5.0,1.2173913043478262,0.8260869565217391,24,3.0,A,1.62,3.62,5.74
1751,2017,2017-09-17,Avai,Atletico-MG,1496.600389817779,1530.5541940881928,-33.95380427041391,2.2,1.4,0.8,0.2,1.2,1.2,1.8,1.8,7.0,8.0,1.2173913043478262,1.3043478260869565,24,0.0,D,3.64,3.18,2.09
1752,2017,2017-09-17,Athletico-PR,Fluminense,1526.8825603651117,1504.0879190913754,22.79464127373626,1.6,1.2,1.2,0.8,0.8,0.8,1.6,1.4,7.0,7.0,1.3478260869565217,1.3478260869565217,24,1.0,H,1.77,3.46,4.77
1753,2017,2017-09-17,Corinthians,Vasco,1604.340091988638,1500.3028249168317,104.03726707180635,1.2,1.6,0.8,1.0,0.6,0.8,1.0,1.4,7.0,8.0,2.1739130434782608,1.3478260869565217,24,2.3333333333333335,H,1.55,3.73,6.53
1754,2017,2017-09-17,Flamengo RJ,Sport Recife,1563.7014266786616,1487.9306311052367,75.77079557342495,1.2,0.2,0.8,1.2,0.2,2.2,2.0,0.6,7.0,7.0,1.5217391304347827,1.2608695652173914,24,2.0,H,1.47,4.19,6.73
1755,2017,2017-09-17,Gremio,Chapecoense-SC,1561.8062329857992,1470.3739937217497,91.43223926404949,1.4,0.6,1.4,0.4,0.6,1.2,2.2,1.2,8.0,7.0,1.8695652173913044,1.0869565217391304,24,2.0,A,1.64,3.61,5.61
1756,2017,2017-09-17,Vitoria,Sao Paulo,1474.8462212694897,1483.0234960441112,-8.177274774621537,2.0,1.0,1.2,0.6,1.8,2.2,0.8,0.8,7.0,8.0,1.1304347826086956,1.0434782608695652,24,2.0,A,2.48,3.25,2.79
1757,2017,2017-09-17,Cruzeiro,Bahia,1542.8185919506905,1472.152018825133,70.66657312555753,1.6,1.4,1.4,1.0,1.6,1.6,1.4,1.0,7.0,5.0,1.4782608695652173,1.173913043478261,24,2.0,H,1.51,3.9,6.79
1758,2017,2017-09-19,Palmeiras,Coritiba,1584.9481197625098,1472.3201984831283,112.62792127938155,1.0,1.0,1.2,1.4,0.6,0.6,1.8,0.8,10.0,9.0,1.608695652173913,1.173913043478261,24,1.5,H,1.42,4.3,7.72
1759,2017,2017-09-23,Flamengo RJ,Avai,1569.857779813889,1495.7091792811066,74.14860053278244,1.8,2.2,1.2,0.8,1.0,0.4,2.4,1.4,6.0,6.0,1.5833333333333333,1.2083333333333333,25,3.0,D,1.4,4.37,7.98
1760,2017,2017-09-24,Santos,Athletico-PR,1594.1602025855138,1534.4080731626877,59.7521294228261,1.2,1.6,0.6,0.6,1.6,1.0,2.6,1.6,8.0,7.0,1.7083333333333333,1.4166666666666667,25,3.0,H,1.97,3.22,3.98
1761,2017,2017-09-24,Sao Paulo,Corinthians,1494.6445577270447,1609.8255250059174,-115.18096727887269,1.6,1.2,2.0,2.0,0.4,0.8,1.6,2.0,7.0,7.0,1.125,2.2083333333333335,25,1.8,D,2.16,3.22,3.39
1762,2017,2017-09-24,Atletico GO,Cruzeiro,1450.9123903867107,1549.1008542133184,-98.18846382660763,2.0,2.0,1.2,0.8,1.6,1.0,1.0,1.4,7.0,7.0,0.9166666666666666,1.5416666666666667,25,0.0,A,2.76,3.1,2.6
1763,2017,2017-09-24,Chapecoense-SC,Ponte Preta,1484.5950235847124,1479.8910883309832,4.703935253729242,1.2,1.0,0.8,0.8,1.2,1.6,0.8,1.0,7.0,7.0,1.1666666666666667,1.1666666666666667,25,1.0,H,1.92,3.25,4.16
1764,2017,2017-09-24,Coritiba,Botafogo RJ,1467.029417253735,1550.6892881911554,-83.65987093742046,0.4,2.4,0.2,0.8,1.6,0.6,0.8,1.2,5.0,8.0,1.125,1.5416666666666667,25,1.75,A,2.34,3.0,3.23
1765,2017,2017-09-24,Fluminense,Palmeiras,1496.5624062937993,1590.2389009919032,-93.67649469810385,1.0,1.6,1.0,1.4,1.4,1.2,1.4,1.8,7.0,5.0,1.2916666666666667,1.6666666666666667,25,1.5,A,3.05,3.23,2.32
1766,2017,2017-09-24,Atletico-MG,Vitoria,1531.4454046248652,1463.2251595865562,68.22024503830903,1.6,1.4,1.4,1.0,1.0,1.0,0.8,2.0,7.0,7.0,1.2916666666666667,1.0833333333333333,25,2.3333333333333335,A,1.5,4.25,5.99
1767,2017,2017-09-24,Bahia,Gremio,1465.869756562505,1547.5852031228364,-81.71544656033143,0.8,0.8,1.2,1.6,1.0,0.6,1.4,1.4,7.0,7.0,1.125,1.7916666666666667,25,1.3333333333333333,H,2.33,3.09,3.15
1768,2017,2017-09-26,Sport Recife,Vasco,1481.7742779700093,1494.8173918995524,-13.043113929543097,0.2,1.4,0.0,2.0,0.6,1.0,1.0,1.4,9.0,9.0,1.2083333333333333,1.2916666666666667,25,1.5,D,1.81,3.44,4.44
1769,2017,2017-09-30,Bahia,Coritiba,1476.3504949302057,1457.5659757123976,18.78451921780811,1.4,0.4,1.2,0.8,0.6,1.2,1.8,0.8,6.0,6.0,1.2,1.08,26,1.0,D,1.86,3.36,4.32
1770,2017,2017-09-30,Vasco,Chapecoense-SC,1496.3017824189496,1492.6152737062446,3.686508712705063,1.4,1.2,0.6,1.0,0.6,0.8,1.0,1.8,4.0,6.0,1.28,1.24,26,1.0,D,2.02,3.19,3.89
1771,2017,2017-09-30,Palmeiras,Santos,1599.4153943115828,1600.716296300212,-1.3009019886292208,2.0,1.6,1.4,1.0,0.8,0.6,1.8,0.8,6.0,6.0,1.72,1.76,26,1.0,A,1.62,3.66,5.71
1772,2017,2017-10-01,Avai,Atletico GO,1499.5129622501013,1441.8647362522586,57.6482259978427,1.8,1.4,1.0,0.6,1.2,1.2,1.8,1.8,8.0,7.0,1.2,0.88,26,,A,2.14,3.19,3.5
1773,2017,2017-10-01,Botafogo RJ,Vitoria,1560.1527297324926,1476.8820599993194,83.27066973317324,2.4,2.0,2.0,1.0,1.6,1.0,1.8,2.6,7.0,7.0,1.6,1.16,26,1.6666666666666667,A,1.72,3.6,4.83
1774,2017,2017-10-01,Cruzeiro,Corinthians,1558.1485083477705,1608.3911607830078,-50.24265243523723,2.6,1.4,1.6,0.6,0.6,0.8,1.8,2.0,7.0,7.0,1.6,2.16,26,1.8,D,2.17,3.07,3.6
1775,2017,2017-10-01,Gremio,Fluminense,1537.1044647551357,1487.3859129741197,49.718551781016004,0.8,0.8,1.0,0.6,1.0,1.6,1.6,0.8,7.0,7.0,1.72,1.24,26,2.4,H,1.62,3.73,5.56
1776,2017,2017-10-01,Sao Paulo,Sport Recife,1496.0789219499543,1480.289887450612,15.789034499342279,1.2,0.2,1.6,1.8,0.2,2.2,1.2,0.6,7.0,5.0,1.12,1.2,26,2.5,H,1.56,3.99,5.84
1777,2017,2017-10-01,Athletico-PR,Atletico-MG,1527.8519794479896,1517.788504212102,10.063475235887609,1.0,1.0,0.8,1.0,1.2,1.6,2.0,1.4,7.0,7.0,1.36,1.24,26,2.5,A,2.19,3.24,3.33
1778,2017,2017-10-03,Ponte Preta,Flamengo RJ,1471.870838209451,1566.0539968448943,-94.1831586354433,0.8,2.0,1.2,1.8,1.4,0.6,1.0,0.4,9.0,10.0,1.12,1.56,26,1.25,H,3.36,3.13,2.22
1779,2017,2017-10-07,Cruzeiro,Ponte Preta,1557.7240129923491,1482.7088272043877,75.0151857879614,2.2,0.8,1.4,0.8,1.0,1.6,1.8,1.0,6.0,4.0,1.5769230769230769,1.1923076923076923,27,1.25,H,1.58,3.7,6.17
1780,2017,2017-10-11,Athletico-PR,Atletico GO,1515.7244786334934,1455.2551585888507,60.4693200446427,0.8,2.0,0.8,1.4,1.6,0.8,2.0,1.8,10.0,10.0,1.3076923076923077,0.9615384615384616,27,,D,1.57,3.88,5.71
1781,2017,2017-10-11,Botafogo RJ,Chapecoense-SC,1546.126651998236,1494.5668712096603,51.55978078857561,2.4,1.4,2.2,1.2,0.8,0.8,1.8,1.4,10.0,11.0,1.5384615384615385,1.2307692307692308,27,1.5,H,1.73,3.42,5.07
1782,2017,2017-10-12,Corinthians,Coritiba,1608.8156561384292,1459.9318041152856,148.88385202314362,1.0,0.4,0.6,1.0,0.8,1.4,1.4,1.0,11.0,12.0,2.1153846153846154,1.0769230769230769,27,2.6,H,1.53,3.86,6.46
1783,2017,2017-10-12,Atletico-MG,Sao Paulo,1529.9160050265982,1503.7946491711891,26.121355855409092,1.6,1.6,1.4,1.2,1.6,1.6,0.8,1.4,11.0,11.0,1.3076923076923077,1.1923076923076923,27,2.0,H,2.11,3.38,3.37
1784,2017,2017-10-12,Avai,Vasco,1486.1225399135092,1494.3501849155339,-8.227645002024701,1.6,1.6,0.8,0.8,0.8,0.6,1.2,1.0,11.0,12.0,1.1538461538461537,1.2692307692307692,27,1.0,A,2.55,2.99,2.93
1785,2017,2017-10-12,Gremio,Cruzeiro,1543.9175809944475,1563.8989168067644,-19.981335812316956,1.2,2.6,1.2,0.6,1.6,0.8,2.0,1.8,11.0,5.0,1.7692307692307692,1.6296296296296295,27,2.4,A,1.96,3.15,4.14
1786,2017,2017-10-12,Flamengo RJ,Fluminense,1555.2160078499576,1480.572796734808,74.6432111151496,1.4,0.2,1.0,0.8,0.6,1.6,2.0,0.6,9.0,11.0,1.5,1.1923076923076923,27,0.8,D,1.6,3.85,5.46
1787,2017,2017-10-12,Ponte Preta,Santos,1476.5339233899724,1612.5294336044285,-135.9955102144561,0.8,2.0,1.0,1.6,1.0,0.6,1.4,1.2,5.0,12.0,1.1481481481481481,1.8076923076923077,28,2.25,D,2.33,3.08,3.2
1788,2017,2017-10-12,Vitoria,Sport Recife,1490.908137733576,1472.5741602293772,18.333977504198856,2.0,0.2,2.0,1.4,0.2,2.0,0.8,0.0,11.0,11.0,1.2307692307692308,1.1538461538461537,27,1.5,A,2.23,3.33,3.13
1789,2017,2017-10-13,Palmeiras,Bahia,1587.6022570073662,1473.9846665273178,113.61759048004842,2.0,1.0,1.4,0.8,0.8,1.0,1.2,0.4,13.0,13.0,1.6538461538461537,1.1923076923076923,27,0.5,D,1.54,3.9,6.25
1790,2017,2017-10-14,Vasco,Botafogo RJ,1505.9698348913098,1552.892236403336,-46.92240151202623,1.6,2.4,1.0,0.8,2.2,1.2,1.0,1.6,2.0,3.0,1.3333333333333333,1.5925925925925926,28,1.5,H,2.67,3.01,2.76
1791,2017,2017-10-15,Sao Paulo,Athletico-PR,1496.3588088227375,1512.2623911842004,-15.903582361462895,1.6,1.0,1.2,1.0,1.2,1.4,1.6,1.4,3.0,4.0,1.1481481481481481,1.2962962962962963,28,1.75,H,1.79,3.46,4.55
1792,2017,2017-10-15,Atletico GO,Palmeiras,1458.7172460381437,1582.87090006186,-124.1536540237164,1.6,1.6,1.8,1.2,1.0,0.8,1.0,2.2,4.0,2.0,0.9629629629629629,1.6296296296296295,28,3.0,A,3.72,3.31,2.01
1793,2017,2017-10-15,Chapecoense-SC,Flamengo RJ,1487.8012868045603,1551.4000552209393,-63.598768416379016,1.4,1.0,1.0,1.0,0.8,1.0,0.8,0.2,4.0,3.0,1.1851851851851851,1.4814814814814814,28,1.0,A,3.47,3.19,2.15
1794,2017,2017-10-15,Fluminense,Avai,1484.3887493638263,1474.5028899377332,9.88585942609302,0.4,1.0,0.8,1.6,0.8,1.2,1.2,1.4,3.0,3.0,1.1851851851851851,1.1111111111111112,28,3.0,H,1.64,3.61,5.6
1795,2017,2017-10-15,Sport Recife,Atletico-MG,1484.927743066461,1537.3518453750498,-52.42410230858877,0.8,1.6,0.6,1.2,1.2,1.0,0.6,1.4,3.0,3.0,1.2222222222222223,1.3703703703703705,28,1.75,D,2.23,3.32,3.14
1796,2017,2017-10-15,Bahia,Corinthians,1478.716023472824,1613.3350350172523,-134.6190115444283,1.2,1.6,1.0,1.0,1.2,1.0,2.0,1.6,2.0,3.0,1.1851851851851851,2.1481481481481484,28,0.3333333333333333,H,2.56,3.03,2.87
1797,2017,2017-10-15,Coritiba,Gremio,1455.4124252364625,1532.6290429067487,-77.21661767028627,0.4,0.6,1.0,1.8,0.2,0.8,0.8,0.8,3.0,3.0,1.037037037037037,1.7037037037037037,28,2.6,A,3.16,3.0,2.39
1798,2017,2017-10-16,Santos,Vitoria,1610.5139926635413,1478.5545548964922,131.95943776704917,2.0,1.4,1.0,0.6,2.0,1.8,2.6,3.0,4.0,4.0,1.7777777777777777,1.1851851851851851,28,3.0,D,1.63,3.82,5.22
1799,2017,2017-10-18,Atletico GO,Vasco,1450.4035622914141,1515.4499888193527,-65.04642652793859,1.4,1.6,1.8,1.6,1.0,0.8,0.8,1.4,3.0,4.0,0.9285714285714286,1.3928571428571428,29,0.0,A,2.48,3.12,2.88
1800,2017,2017-10-18,Coritiba,Cruzeiro,1445.7639029162901,1575.1874548944631,-129.423551978173,0.2,2.6,0.8,1.8,1.4,0.6,0.8,2.4,3.0,6.0,1.0,1.6785714285714286,29,2.4,H,3.19,3.12,2.31
1801,2017,2017-10-19,Atletico-MG,Chapecoense-SC,1537.7136508112796,1477.7609563362735,59.95269447500618,1.6,1.4,1.2,1.0,0.8,0.8,1.4,1.4,4.0,4.0,1.3571428571428572,1.1428571428571428,29,3.0,A,1.48,4.25,6.46
1802,2017,2017-10-19,Avai,Botafogo RJ,1466.6255094189776,1543.4120824752931,-76.78657305631555,0.4,1.8,0.6,1.4,1.8,1.4,1.0,1.4,4.0,5.0,1.0714285714285714,1.5357142857142858,29,,D,2.77,2.98,2.68
1803,2017,2017-10-19,Corinthians,Gremio,1601.3576337510667,1542.277565226921,59.080068524145645,1.6,1.2,1.2,1.0,0.4,0.6,1.8,1.2,4.0,4.0,2.0714285714285716,1.75,29,2.2,D,2.1,3.03,3.84
1804,2017,2017-10-19,Fluminense,Sao Paulo,1492.266129882582,1504.9550318087179,-12.68890192613594,0.8,2.0,0.6,1.2,1.2,0.8,1.8,0.8,4.0,4.0,1.25,1.2142857142857142,29,2.4,H,2.64,3.23,2.64
1805,2017,2017-10-19,Palmeiras,Ponte Preta,1591.1845838085897,1478.5493643308596,112.63521947773006,2.0,0.8,1.4,0.8,0.8,1.4,1.4,0.4,4.0,7.0,1.6785714285714286,1.1428571428571428,29,1.3333333333333333,H,1.47,4.05,7.27
1806,2017,2017-10-19,Vitoria,Athletico-PR,1483.685306692269,1503.66616819822,-19.980861505950998,1.4,0.8,2.0,1.8,1.2,1.6,0.8,0.8,3.0,4.0,1.1785714285714286,1.25,29,2.3333333333333335,A,2.2,3.24,3.3
1807,2017,2017-10-20,Flamengo RJ,Bahia,1561.440385689226,1490.6934247390095,70.74696095021659,1.6,1.6,1.0,0.6,1.2,0.8,2.2,0.6,5.0,5.0,1.5357142857142858,1.25,29,1.6666666666666667,H,1.45,4.13,7.31
1808,2017,2017-10-20,Sport Recife,Santos,1484.5659376302312,1605.3832408677645,-120.81730323753322,1.0,1.6,0.8,1.2,1.0,1.0,0.8,1.2,5.0,4.0,1.2142857142857142,1.75,29,2.5,D,1.95,3.49,3.75
1809,2017,2017-10-21,Vasco,Coritiba,1525.4486525564712,1457.5971985465428,67.85145400992837,2.2,0.8,1.2,0.6,1.0,1.6,1.6,0.4,3.0,3.0,1.4482758620689655,1.0689655172413792,30,1.3333333333333333,D,2.01,3.2,3.87
1810,2017,2017-10-22,Athletico-PR,Sport Recife,1514.9547197108889,1486.1588082505364,28.7959114603525,0.8,1.2,1.2,1.8,1.0,1.0,1.6,0.6,3.0,2.0,1.3103448275862069,1.206896551724138,30,1.3333333333333333,H,1.85,3.44,4.27
1811,2017,2017-10-22,Bahia,Vitoria,1484.4131562560951,1472.3967551796002,12.016401076494958,1.6,1.4,1.4,1.4,2.2,2.0,2.0,2.6,2.0,3.0,1.206896551724138,1.1379310344827587,30,2.0,H,2.06,3.29,3.59
1812,2017,2017-10-22,Cruzeiro,Atletico-MG,1563.3541592642105,1524.2646574852897,39.08950177892075,2.0,1.4,1.2,0.8,1.4,1.4,2.2,1.6,4.0,3.0,1.6206896551724137,1.3103448275862069,30,1.2,A,1.95,3.33,3.95
1813,2017,2017-10-22,Gremio,Palmeiras,1545.7044109307883,1596.475201564815,-50.77079063402675,1.4,2.0,0.4,0.4,1.6,0.8,1.4,2.2,3.0,3.0,1.7241379310344827,1.7241379310344827,30,2.0,A,2.83,2.99,2.63
1814,2017,2017-10-22,Santos,Atletico GO,1603.7903702474594,1440.4048985542956,163.3854716931637,1.8,0.8,1.2,0.8,1.2,1.6,2.2,2.0,2.0,4.0,1.7241379310344827,0.896551724137931,30,1.0,H,1.5,4.07,6.6
1815,2017,2017-10-22,Sao Paulo,Flamengo RJ,1496.449391217928,1567.7206541721405,-71.27126295421249,1.4,1.6,1.0,1.2,1.4,0.8,2.2,0.6,3.0,2.0,1.1724137931034482,1.5862068965517242,30,2.2,H,2.33,3.2,3.07
1816,2017,2017-10-22,Chapecoense-SC,Fluminense,1491.2099496622634,1500.7717704733718,-9.561820811108419,1.4,1.4,1.2,1.2,1.0,0.8,0.8,0.6,3.0,3.0,1.206896551724138,1.3103448275862069,30,2.3333333333333335,H,1.98,3.38,3.78
1817,2017,2017-10-22,Ponte Preta,Avai,1473.2587465746342,1466.9646241792634,6.294122395370778,0.8,0.4,0.6,1.2,0.6,1.4,1.4,1.4,3.0,3.0,1.103448275862069,1.0689655172413792,30,3.0,A,1.67,3.46,5.55
1818,2017,2017-10-23,Botafogo RJ,Corinthians,1543.0729677150073,1597.9307880471995,-54.857820332192205,1.4,1.2,1.6,1.6,1.0,1.0,2.4,1.0,4.0,4.0,1.5172413793103448,2.0344827586206895,30,2.5,H,2.64,2.96,2.83
1819,2017,2017-10-28,Sao Paulo,Santos,1506.6298730749647,1608.0244239623162,-101.39455088735144,1.8,1.8,1.2,1.0,1.2,0.8,2.2,1.2,6.0,6.0,1.2333333333333334,1.7666666666666666,31,1.8,H,1.93,3.32,4.03
1820,2017,2017-10-28,Flamengo RJ,Vasco,1557.5401723151037,1521.800950880028,35.739221435075706,1.4,2.2,1.2,1.0,1.2,0.6,2.2,2.0,6.0,7.0,1.5333333333333334,1.4333333333333333,31,1.3333333333333333,D,1.68,3.52,5.3
1821,2017,2017-10-29,Athletico-PR,Chapecoense-SC,1522.3187846180986,1499.6277160889126,22.69106852918594,1.4,1.4,1.6,1.8,1.4,1.2,1.6,1.4,7.0,7.0,1.3666666666666667,1.2666666666666666,31,2.3333333333333335,D,1.78,3.47,4.6
1822,2017,2017-10-29,Atletico-MG,Botafogo RJ,1537.1740646838723,1552.781135208512,-15.607070524639767,2.0,1.4,1.8,1.0,1.4,1.4,1.4,1.4,7.0,6.0,1.3666666666666667,1.5666666666666667,31,2.5,D,1.65,3.71,5.23
1823,2017,2017-10-29,Fluminense,Bahia,1492.3540040467226,1492.2320545793573,0.12194946736531165,1.4,1.6,1.0,1.0,1.6,1.6,1.8,0.4,7.0,7.0,1.2666666666666666,1.2666666666666666,31,2.3333333333333335,D,2.04,3.3,3.64
1824,2017,2017-10-29,Ponte Preta,Corinthians,1461.2350614333109,1588.2226205536947,-126.98755912038382,0.8,1.0,0.8,1.4,1.0,1.2,0.8,0.4,7.0,6.0,1.0666666666666667,1.9666666666666666,31,2.5,H,3.22,3.09,2.3
1825,2017,2017-10-29,Sport Recife,Coritiba,1478.7947433433267,1461.244900222986,17.54984312034071,1.0,1.0,1.0,1.2,0.8,1.2,0.8,0.6,7.0,8.0,1.1666666666666667,1.0666666666666667,31,2.25,A,1.85,3.41,4.3
1826,2017,2017-10-29,Vitoria,Atletico GO,1464.577856856338,1436.1708448394388,28.407012016899216,0.8,0.8,1.8,2.2,1.0,1.4,0.2,2.0,7.0,7.0,1.1,0.8666666666666667,31,,D,1.57,4.02,5.46
1827,2017,2017-10-29,Avai,Gremio,1478.9883093205867,1535.295090190445,-56.30678086985836,0.8,1.4,0.8,1.4,0.6,0.8,1.0,0.8,7.0,7.0,1.1333333333333333,1.6666666666666667,31,0.0,D,2.38,2.95,3.23
1828,2017,2017-10-30,Palmeiras,Cruzeiro,1606.8845223051583,1550.4447520656279,56.43977023953039,2.0,1.4,2.0,1.0,1.0,1.2,2.0,1.8,8.0,8.0,1.7666666666666666,1.5666666666666667,31,1.25,D,1.69,3.58,5.05
1829,2017,2017-11-04,Santos,Atletico-MG,1596.9807193061301,1535.7619225533424,61.21879675278774,1.2,1.6,1.2,1.2,1.4,1.0,2.2,2.2,7.0,6.0,1.7096774193548387,1.3548387096774193,32,2.0,H,2.21,3.3,3.2
1830,2017,2017-11-04,Atletico GO,Sao Paulo,1438.796361173185,1517.6735777311508,-78.87721655796577,0.4,1.8,0.8,1.6,1.4,1.2,0.8,0.8,6.0,7.0,0.8709677419354839,1.2903225806451613,32,3.0,A,3.64,3.37,2.02
1831,2017,2017-11-04,Botafogo RJ,Fluminense,1554.193277339042,1490.501289709022,63.69198763001987,1.6,1.6,1.0,0.8,1.2,1.0,2.4,0.4,6.0,6.0,1.5483870967741935,1.2580645161290323,32,2.5,A,1.99,3.27,3.87
1832,2017,2017-11-04,Coritiba,Avai,1473.5771527517293,1478.7381505630688,-5.1609978113394845,1.4,1.0,1.4,1.6,1.2,1.4,0.8,2.0,6.0,6.0,1.1290322580645162,1.1290322580645162,32,0.0,H,1.74,3.5,4.91
1833,2017,2017-11-05,Corinthians,Palmeiras,1576.4571680309034,1603.524920146225,-27.067752115321582,0.8,2.2,0.8,1.2,2.4,1.2,1.4,2.2,7.0,6.0,1.903225806451613,1.7419354838709677,32,1.5,H,2.33,3.06,3.21
1834,2017,2017-11-05,Cruzeiro,Athletico-PR,1553.8043542245612,1519.847096152172,33.957258072389095,1.4,1.6,1.2,1.4,1.6,1.4,1.6,0.8,6.0,7.0,1.5483870967741935,1.3548387096774193,32,2.25,H,1.8,3.34,4.71
1835,2017,2017-11-05,Gremio,Flamengo RJ,1535.545248947963,1554.719277151626,-19.174028203663056,1.0,1.6,0.8,1.2,1.2,0.8,1.2,0.6,7.0,8.0,1.6451612903225807,1.5161290322580645,32,2.6,H,2.28,3.01,3.37
1836,2017,2017-11-05,Bahia,Ponte Preta,1494.0847689170578,1473.0005139561022,21.084254960955604,1.6,0.8,1.6,1.6,0.8,1.4,2.0,0.4,7.0,7.0,1.2580645161290323,1.1290322580645162,32,2.0,H,1.7,3.48,5.2
1837,2017,2017-11-05,Chapecoense-SC,Sport Recife,1502.099404554839,1466.4624908145834,35.63691374025575,1.4,1.0,1.2,1.0,1.6,1.8,1.2,0.6,7.0,7.0,1.2580645161290323,1.1290322580645162,32,2.3333333333333335,D,2.22,3.23,3.25
1838,2017,2017-11-05,Vasco,Vitoria,1524.6218460435057,1461.9523405225918,62.669505520913845,2.2,0.4,1.0,0.4,1.4,2.0,1.8,2.0,8.0,7.0,1.4193548387096775,1.096774193548387,32,0.0,D,2.09,3.3,3.5
1839,2017,2017-11-08,Avai,Bahia,1470.4436253862236,1501.656552254386,-31.212926868162413,1.0,2.0,1.0,1.8,1.6,1.2,0.6,0.6,4.0,3.0,1.09375,1.3125,33,,A,2.74,3.04,2.67
1840,2017,2017-11-08,Ponte Preta,Gremio,1465.428730618774,1544.2338673574425,-78.80513673866858,0.8,1.6,0.6,1.4,1.4,1.2,1.4,1.0,3.0,3.0,1.09375,1.6875,33,1.5,A,2.25,3.05,3.39
1841,2017,2017-11-08,Athletico-PR,Corinthians,1512.6207156013347,1585.3697075113535,-72.74899191001873,1.4,0.8,1.2,1.2,0.8,1.4,1.6,0.4,3.0,3.0,1.3125,1.9375,33,1.75,A,2.51,3.0,2.97
1842,2017,2017-11-08,Sport Recife,Botafogo RJ,1469.2806754200326,1540.6498154704918,-71.36914005045924,0.6,1.0,1.4,1.8,0.8,1.0,0.6,1.6,3.0,4.0,1.125,1.5,33,2.3333333333333335,A,2.0,3.37,3.69
1843,2017,2017-11-08,Flamengo RJ,Cruzeiro,1546.0306587421467,1561.0307347753985,-15.000076033251844,1.4,1.4,1.2,1.2,1.0,1.2,1.8,2.0,3.0,3.0,1.46875,1.59375,33,2.2,H,1.73,3.52,4.9
1844,2017,2017-11-08,Santos,Vasco,1603.4996599728331,1521.104145173968,82.39551479886518,1.6,1.8,1.6,1.2,0.8,0.4,2.6,1.6,4.0,3.0,1.75,1.40625,33,2.3333333333333335,A,1.55,3.95,5.88
1845,2017,2017-11-08,Vitoria,Palmeiras,1465.4700413921296,1594.612380665775,-129.14233927364535,0.6,2.0,1.4,1.8,2.4,1.4,0.4,2.0,3.0,3.0,1.09375,1.6875,33,0.0,H,2.8,3.28,2.45
1846,2017,2017-11-09,Atletico-MG,Atletico GO,1529.2429818866394,1429.1955673042487,100.04741458239073,1.0,0.2,1.4,1.6,0.4,1.4,1.0,1.6,5.0,5.0,1.3125,0.84375,33,1.0,H,1.3,5.26,9.64
1847,2017,2017-11-09,Sao Paulo,Chapecoense-SC,1527.274371600087,1499.2812199493899,27.9931516506972,2.4,1.6,1.6,1.0,1.2,0.8,2.6,1.6,5.0,4.0,1.34375,1.25,33,0.6666666666666666,D,1.57,3.82,5.95
1848,2017,2017-11-09,Fluminense,Coritiba,1504.0447515775722,1481.8716779285742,22.17307364899807,2.0,2.0,1.4,1.0,2.0,1.0,1.4,1.0,5.0,5.0,1.3125,1.1875,33,1.8,D,1.93,3.37,3.98
1849,2017,2017-11-11,Botafogo RJ,Athletico-PR,1550.466517416207,1502.8437125423218,47.622804873885116,1.6,1.4,1.2,1.0,1.0,1.0,1.8,0.6,3.0,3.0,1.5454545454545454,1.2727272727272727,34,2.0,A,2.04,3.21,3.76
1850,2017,2017-11-11,Corinthians,Avai,1595.1467105703664,1459.4742092415936,135.6725013287728,1.4,1.0,1.0,1.0,1.2,2.0,2.0,1.4,3.0,3.0,1.9696969696969697,1.0606060606060606,34,1.0,H,1.41,4.36,7.83
1851,2017,2017-11-12,Atletico GO,Sport Recife,1423.6182300009923,1459.4639734743175,-35.84574347332523,0.2,0.4,0.6,1.4,1.4,2.0,0.2,0.8,3.0,4.0,0.8181818181818182,1.0909090909090908,34,0.0,H,3.04,3.3,2.3
1852,2017,2017-11-12,Gremio,Vitoria,1553.8367325612362,1477.295513946527,76.54121861470912,1.6,1.0,1.4,1.2,1.6,1.6,1.2,1.6,4.0,4.0,1.7272727272727273,1.1515151515151516,34,2.0,D,1.85,3.52,4.17
1853,2017,2017-11-12,Palmeiras,Flamengo RJ,1582.7869081113774,1554.6013985376874,28.18550957369007,1.4,1.4,2.0,1.8,1.4,1.2,1.6,0.6,4.0,4.0,1.6363636363636365,1.5151515151515151,34,2.0,H,1.97,3.41,3.76
1854,2017,2017-11-12,Vasco,Sao Paulo,1535.1090955016284,1524.6599494651941,10.449146036434286,1.8,2.0,1.0,0.6,1.6,1.2,1.8,1.2,4.0,3.0,1.4545454545454546,1.3333333333333333,34,0.0,D,2.86,3.1,2.53
1855,2017,2017-11-12,Bahia,Atletico-MG,1512.625968399016,1534.8203191898958,-22.194350790879753,2.0,1.4,1.6,1.4,1.8,1.8,2.6,1.6,4.0,3.0,1.3636363636363635,1.3636363636363635,34,1.0,D,2.07,3.39,3.47
1856,2017,2017-11-12,Coritiba,Ponte Preta,1484.3293629861507,1455.8258654149802,28.503497571170556,2.2,0.6,2.4,1.2,0.4,1.4,1.2,0.2,3.0,4.0,1.1818181818181819,1.0606060606060606,34,2.5,D,1.82,3.45,4.39
1857,2017,2017-11-12,Cruzeiro,Fluminense,1552.4599949798578,1501.5870665199957,50.87292845986212,0.8,1.6,0.8,1.6,1.6,1.4,2.0,0.8,4.0,3.0,1.5454545454545454,1.303030303030303,34,2.6,H,1.68,3.59,5.18
1858,2017,2017-11-13,Chapecoense-SC,Santos,1501.8956420842828,1589.4947096451726,-87.59906756088981,1.8,1.4,1.6,1.0,1.4,1.2,1.4,1.0,4.0,5.0,1.2424242424242424,1.696969696969697,34,1.3333333333333333,H,2.31,3.11,3.19
1859,2017,2017-11-15,Ponte Preta,Athletico-PR,1458.453967204352,1515.9762984195677,-57.52233121521567,0.8,1.4,0.6,1.2,0.6,0.6,1.4,1.2,3.0,4.0,1.0588235294117647,1.3235294117647058,35,2.0,H,2.08,3.23,3.61
1860,2017,2017-11-15,Cruzeiro,Avai,1559.2432917429023,1454.6832659872641,104.56002575563821,1.4,0.8,1.4,1.6,1.0,2.0,2.0,0.8,3.0,4.0,1.588235294117647,1.0294117647058822,35,1.0,D,1.49,4.03,6.83
1861,2017,2017-11-15,Gremio,Sao Paulo,1549.9742032486677,1526.7980458336433,23.176157415024363,1.6,2.2,1.6,1.4,1.6,0.8,1.4,1.4,3.0,3.0,1.7058823529411764,1.3235294117647058,35,1.4,H,1.98,3.21,4.01
1862,2017,2017-11-15,Corinthians,Fluminense,1599.9376538246959,1494.8037697569512,105.1338840677447,1.8,1.0,1.2,1.0,1.2,1.8,2.6,0.8,4.0,3.0,2.0,1.2647058823529411,35,1.4,H,1.55,3.86,6.13
1863,2017,2017-11-15,Vasco,Atletico-MG,1532.9709991331792,1536.046168541701,-3.0751694085217878,1.4,1.6,1.0,0.8,1.8,1.6,1.4,1.6,3.0,3.0,1.4411764705882353,1.3529411764705883,35,1.3333333333333333,D,2.64,3.16,2.69
1864,2017,2017-11-16,Botafogo RJ,Atletico GO,1537.333931538961,1432.7810670397714,104.55286449918958,1.4,0.8,1.0,1.0,1.0,1.2,1.2,1.0,5.0,4.0,1.5,0.8823529411764706,35,3.0,A,1.49,4.09,6.68
1865,2017,2017-11-16,Chapecoense-SC,Vitoria,1512.5451797512685,1481.1580432590956,31.387136492172885,1.8,1.2,1.4,0.6,1.4,1.2,2.0,1.2,3.0,4.0,1.2941176470588236,1.1470588235294117,35,0.0,H,2.43,3.19,2.92
1866,2017,2017-11-16,Palmeiras,Sport Recife,1590.1673286488822,1450.3011364355384,139.86619221334377,1.4,0.2,2.0,1.8,1.2,2.2,1.6,0.8,4.0,4.0,1.6764705882352942,1.0588235294117647,35,1.5,H,1.54,4.2,5.61
1867,2017,2017-11-16,Bahia,Santos,1511.4001190472109,1578.845171978187,-67.44505293097609,2.2,1.2,1.8,1.0,1.2,1.4,2.2,1.0,4.0,3.0,1.3529411764705883,1.6470588235294117,35,0.6666666666666666,H,1.9,3.44,4.01
1868,2017,2017-11-16,Coritiba,Flamengo RJ,1481.701261196779,1547.2209780001826,-65.51971680340375,1.8,0.8,2.4,1.4,0.6,1.4,1.4,0.6,4.0,4.0,1.1764705882352942,1.4705882352941178,35,0.6,H,2.92,3.11,2.48
1869,2017,2017-11-19,Atletico GO,Chapecoense-SC,1447.307441585182,1519.8399826884204,-72.53254110323837,1.4,1.8,1.4,1.2,1.4,0.8,0.6,1.2,3.0,3.0,0.9428571428571428,1.3428571428571427,36,,D,2.45,3.24,2.85
1870,2017,2017-11-19,Flamengo RJ,Corinthians,1537.2060193592886,1605.397992498913,-68.19197313962445,0.8,2.4,0.6,1.2,1.6,0.8,1.8,0.8,3.0,4.0,1.4285714285714286,2.0285714285714285,36,1.4,H,1.64,3.68,5.44
1871,2017,2017-11-19,Sao Paulo,Botafogo RJ,1519.2828387777731,1522.8075569935504,-3.524718215777284,1.6,0.8,1.2,1.0,0.8,1.2,2.6,1.6,4.0,3.0,1.2857142857142858,1.457142857142857,36,1.75,D,2.1,3.27,3.52
1872,2017,2017-11-19,Sport Recife,Bahia,1445.597591356915,1521.470492165843,-75.87290080892808,0.2,2.2,1.2,2.8,2.0,1.0,0.6,1.0,3.0,3.0,1.0285714285714285,1.4,36,2.0,H,1.96,3.57,3.66
1873,2017,2017-11-19,Vitoria,Cruzeiro,1473.8632403219437,1554.716753310988,-80.85351298904425,1.2,1.6,1.4,1.2,1.6,1.4,0.8,1.4,3.0,4.0,1.1142857142857143,1.5714285714285714,36,0.0,D,1.97,3.46,3.73
1874,2017,2017-11-19,Athletico-PR,Vasco,1506.191489802301,1531.2072958649549,-25.015806062653837,0.8,1.4,0.4,0.8,1.0,0.8,1.0,2.2,4.0,4.0,1.2857142857142858,1.4285714285714286,36,3.0,H,2.02,3.26,3.79
1875,2017,2017-11-19,Atletico-MG,Coritiba,1537.8098718099254,1491.716219837673,46.093651972252474,1.2,2.2,1.4,1.6,2.4,1.2,1.4,1.2,4.0,3.0,1.3428571428571427,1.2285714285714286,36,2.4,H,1.55,4.08,5.76
1876,2017,2017-11-19,Santos,Gremio,1568.7747988595547,1557.4894103045378,11.28538855501688,0.6,2.2,1.2,2.0,1.6,0.8,2.0,1.6,3.0,4.0,1.6,1.7428571428571429,36,1.2,H,1.49,4.07,6.79
1877,2017,2017-11-20,Fluminense,Ponte Preta,1489.343431082734,1468.2387758216187,21.10465526111534,1.0,1.4,1.4,2.0,0.8,1.0,1.6,0.2,5.0,5.0,1.2285714285714286,1.1142857142857143,36,2.5,H,1.82,3.42,4.46
1878,2017,2017-11-20,Avai,Palmeiras,1459.2098044191785,1594.8708737275056,-135.66106930832711,0.4,1.4,1.0,2.2,2.4,1.8,0.4,1.8,5.0,4.0,1.0285714285714285,1.7142857142857142,36,0.0,H,3.68,3.48,1.97
1879,2017,2017-11-25,Fluminense,Sport Recife,1496.9146618809052,1455.9104364757786,41.00422540512659,1.4,0.8,1.6,1.8,0.8,2.0,2.2,0.8,5.0,6.0,1.2777777777777777,1.0833333333333333,37,2.5,A,2.16,3.37,3.25
1880,2017,2017-11-26,Avai,Athletico-PR,1471.2160085955113,1515.045706087288,-43.82969749177664,0.8,1.2,1.0,2.0,1.0,1.0,1.0,1.2,6.0,7.0,1.0833333333333333,1.3333333333333333,37,0.0,H,2.58,3.2,2.72
1881,2017,2017-11-26,Corinthians,Atletico-MG,1595.3061227115584,1544.7170340425819,50.5890886689765,2.4,1.6,1.6,1.2,2.0,1.6,2.6,1.2,7.0,7.0,1.9722222222222223,1.3888888888888888,37,2.0,D,2.16,3.35,3.27
1882,2017,2017-11-26,Coritiba,Sao Paulo,1484.8090576050165,1517.5316749302995,-32.722617325282954,1.6,1.2,1.6,1.2,0.8,0.8,2.0,0.8,7.0,7.0,1.1944444444444444,1.2777777777777777,37,1.6,A,1.95,3.37,3.92
1883,2017,2017-11-26,Cruzeiro,Vasco,1554.2607689525264,1522.353079579968,31.90768937255848,1.6,1.2,1.4,1.2,1.2,1.4,2.0,2.0,7.0,7.0,1.5555555555555556,1.3888888888888888,37,1.6666666666666667,A,1.91,3.47,3.95
1884,2017,2017-11-26,Gremio,Atletico GO,1549.6504635056065,1447.5242115834621,102.12625192214432,2.0,1.4,1.2,0.6,1.4,1.2,1.4,1.0,7.0,7.0,1.6944444444444444,0.9444444444444444,37,3.0,D,1.73,3.5,4.94
1885,2017,2017-11-26,Ponte Preta,Vitoria,1460.6675450234475,1474.3192246804053,-13.651679656957867,0.8,1.2,0.6,1.4,1.4,1.2,1.4,0.6,6.0,7.0,1.0833333333333333,1.1111111111111112,37,1.5,A,2.12,3.34,3.38
1886,2017,2017-11-26,Bahia,Chapecoense-SC,1511.1576470469795,1519.6232126901402,-8.465565643160744,2.0,1.8,1.8,1.0,1.6,1.0,2.6,1.2,7.0,7.0,1.3611111111111112,1.3333333333333333,37,0.0,A,1.69,3.77,4.82
1887,2017,2017-11-26,Flamengo RJ,Santos,1547.2978891466432,1576.613745658486,-29.315856511842867,1.2,1.2,1.2,1.2,1.2,1.6,2.2,0.4,7.0,7.0,1.4722222222222223,1.6388888888888888,37,2.0,A,1.62,3.68,5.7
1888,2017,2017-11-27,Palmeiras,Botafogo RJ,1582.8646695511727,1524.558720841024,58.30594871014864,1.2,0.8,2.2,1.8,0.8,1.2,2.2,1.2,7.0,8.0,1.6666666666666667,1.4444444444444444,37,1.3333333333333333,H,1.73,3.68,4.61
1889,2017,2017-12-03,Athletico-PR,Palmeiras,1505.654283378621,1589.457503286423,-83.80321990780203,1.2,1.8,1.0,1.0,2.2,1.2,1.6,1.2,7.0,6.0,1.2972972972972974,1.7027027027027026,38,0.6666666666666666,H,2.8,3.38,2.41
1890,2017,2017-12-03,Atletico GO,Fluminense,1451.9948769803607,1483.9548906525065,-31.960013672145806,1.6,0.8,1.6,1.2,1.4,2.0,0.8,0.8,7.0,8.0,0.9459459459459459,1.2432432432432432,38,0.0,D,2.34,3.39,2.91
1891,2017,2017-12-03,Atletico-MG,Gremio,1547.9264111096916,1545.179798108708,2.7466130009836434,1.8,1.6,2.2,1.4,0.8,0.6,2.0,1.6,7.0,7.0,1.3783783783783783,1.6756756756756757,38,1.0,H,1.24,5.83,11.71
1892,2017,2017-12-03,Botafogo RJ,Cruzeiro,1517.9658871057738,1541.541691258604,-23.575804152830187,0.8,1.0,0.6,1.2,1.2,1.4,1.2,1.0,6.0,7.0,1.4054054054054055,1.5135135135135136,38,1.0,D,1.75,3.47,4.83
1893,2017,2017-12-03,Chapecoense-SC,Coritiba,1531.2361936595714,1473.882703361338,57.35349029823351,2.2,1.0,1.6,0.8,1.0,1.6,2.0,1.0,7.0,7.0,1.3783783783783783,1.162162162162162,38,2.3333333333333335,H,2.11,3.39,3.35
1894,2017,2017-12-03,Santos,Avai,1587.6372215922754,1480.6074313041784,107.02979028809705,1.2,1.4,1.0,1.6,1.2,1.2,2.0,0.8,7.0,7.0,1.6756756756756757,1.135135135135135,38,3.0,D,1.98,3.58,3.54
1895,2017,2017-12-03,Sao Paulo,Bahia,1528.458029173978,1499.5446660775483,28.913363096429748,1.2,1.4,1.0,1.0,1.4,1.2,2.2,1.0,7.0,7.0,1.3243243243243243,1.3243243243243243,38,2.0,D,1.67,3.8,4.89
1896,2017,2017-12-03,Sport Recife,Corinthians,1468.8702077041773,1592.0967456444487,-123.22653794027133,1.2,2.0,1.0,2.0,1.4,1.2,1.0,0.6,8.0,7.0,1.135135135135135,1.945945945945946,38,1.0,H,1.37,4.78,7.73
1897,2017,2017-12-03,Vasco,Ponte Preta,1535.0721572738903,1449.2002889225498,85.87186835134048,1.6,0.8,1.2,1.2,1.0,1.6,1.4,0.2,7.0,7.0,1.4324324324324325,1.054054054054054,38,1.3333333333333333,H,1.33,4.81,9.27
1898,2017,2017-12-03,Vitoria,Flamengo RJ,1485.786480781303,1536.274413212854,-50.48793243155092,1.6,1.2,1.8,1.4,1.2,1.0,1.0,0.6,7.0,7.0,1.162162162162162,1.4324324324324325,38,1.0,A,2.16,3.42,3.24
1899,2018,2018-04-14,Cruzeiro,Gremio,1532.0462683441358,1527.8290199320704,4.2172484120653735,1.2,1.0,1.6,1.4,1.2,1.4,1.4,1.0,132.0,132.0,,,1,2.2,A,1.98,3.16,4.15
1900,2018,2018-04-14,Vitoria,Flamengo RJ,1481.5267744802454,1535.0188960153723,-53.4921215351269,1.0,1.2,1.4,1.6,1.2,1.2,1.0,0.6,132.0,132.0,,,1,0.75,D,3.4,3.31,2.14
1901,2018,2018-04-15,Santos,Ceara,1562.290758719217,1500.0,62.29075871921691,1.4,,1.0,1.4,,,2.0,,133.0,,,,1,,H,1.55,3.88,6.12
1902,2018,2018-04-15,America MG,Sport Recife,1449.611441174094,1485.3979399650666,-35.7864987909727,0.2,1.8,0.4,1.6,1.0,1.6,1.4,0.8,490.0,133.0,,,1,1.0,H,1.96,3.27,4.01
1903,2018,2018-04-15,Corinthians,Fluminense,1560.327275046403,1488.677251184474,71.65002386192896,1.4,0.8,1.2,1.4,1.2,1.8,2.2,0.8,133.0,133.0,,,1,2.0,H,1.62,3.55,6.03
1904,2018,2018-04-15,Internacional,Bahia,1491.4843307950475,1501.637809901518,-10.153479106470513,1.0,1.0,0.6,0.8,1.2,1.2,2.2,1.0,490.0,133.0,,,1,2.0,H,1.74,3.42,5.05
1905,2018,2018-04-15,Vasco,Atletico-MG,1530.7376522841587,1542.0006369817293,-11.262984697570573,1.6,1.8,1.2,1.2,2.4,1.6,1.4,1.2,133.0,133.0,,,1,1.25,H,2.79,3.15,2.57
1906,2018,2018-04-15,Athletico-PR,Chapecoense-SC,1512.1462168370267,1528.3899611389943,-16.24374430196758,1.8,2.6,1.6,0.8,1.6,0.6,2.0,1.8,133.0,133.0,,,1,2.0,H,2.08,3.17,3.72
1907,2018,2018-04-17,Botafogo RJ,Palmeiras,1512.5844154291476,1559.1876231617562,-46.60320773260855,0.4,1.8,0.6,1.4,2.0,1.2,0.8,0.6,135.0,135.0,,,1,0.75,D,3.61,3.23,2.08
1908,2018,2018-04-17,Sao Paulo,Parana,1519.3642115371267,1500.0,19.36421153712672,1.2,,0.8,0.8,,,1.8,,135.0,,,,1,,H,1.42,4.19,8.2
1909,2018,2018-04-21,Bahia,Santos,1493.203436043629,1568.78261378002,-75.5791777363911,0.8,2.0,0.8,1.2,1.4,1.0,2.0,0.8,6.0,6.0,0.0,3.0,2,1.25,H,2.26,3.12,3.34
1910,2018,2018-04-21,Flamengo RJ,America MG,1535.3499983088764,1458.7725849887784,76.577413320098,1.4,0.8,1.6,1.2,1.0,1.4,2.0,0.0,7.0,6.0,1.0,3.0,2,3.0,H,1.41,4.43,8.0
1911,2018,2018-04-22,Parana,Corinthians,1492.381573182302,1566.5851693629534,-74.2035961806514,0.0,1.4,0.0,1.0,1.4,1.6,,0.6,5.0,7.0,0.0,3.0,2,,A,3.79,2.96,2.16
1912,2018,2018-04-22,Atletico-MG,Vitoria,1533.5350962742552,1481.1956721867414,52.33942408751386,1.6,1.0,2.2,1.6,1.6,1.8,2.0,1.0,7.0,8.0,0.0,1.0,2,1.75,H,1.54,4.02,6.14
1913,2018,2018-04-22,Ceara,Sao Paulo,1493.5081449391969,1526.9826383548248,-33.474493415627876,0.0,1.6,0.0,2.0,0.8,0.6,,1.4,7.0,5.0,0.0,3.0,2,,D,2.94,3.11,2.47
1914,2018,2018-04-22,Chapecoense-SC,Vasco,1519.7841391226482,1539.2031929916327,-19.41905386898452,2.0,2.0,1.4,1.6,1.4,1.2,2.6,2.0,7.0,7.0,0.0,3.0,2,3.0,D,1.84,3.4,4.43
1915,2018,2018-04-22,Fluminense,Cruzeiro,1482.4193568679236,1520.0799811338509,-37.660624265927254,0.8,0.6,1.2,1.6,1.0,1.4,1.6,0.6,7.0,8.0,0.0,0.0,2,2.2,H,2.61,3.11,2.79
1916,2018,2018-04-22,Palmeiras,Internacional,1559.7166311017434,1499.9187046529366,59.79792644880672,1.4,1.6,1.8,1.4,1.0,0.6,2.6,0.4,5.0,7.0,1.0,3.0,2,1.0,H,1.6,3.63,6.11
1917,2018,2018-04-22,Gremio,Athletico-PR,1539.7953071423553,1520.7520388533728,19.043268288982517,1.4,1.8,1.2,1.2,2.4,1.0,1.6,1.2,8.0,7.0,3.0,3.0,2,2.6,D,1.61,3.61,6.08
1918,2018,2018-04-24,Sport Recife,Botafogo RJ,1476.2367961503821,1512.0554074891604,-35.81861133877828,1.8,0.6,1.0,1.8,0.8,1.4,1.4,1.2,9.0,7.0,0.0,1.0,2,1.75,D,2.21,3.16,3.38
1919,2018,2018-04-28,Botafogo RJ,Gremio,1512.8933458978638,1537.4224494238867,-24.529103526022936,0.8,1.0,0.8,1.2,1.0,1.2,0.4,1.4,4.0,6.0,1.0,2.0,3,1.2,H,2.51,3.02,2.97
1920,2018,2018-04-29,Atletico-MG,Corinthians,1540.280602889157,1576.320330515913,-36.03972762675585,2.0,1.4,2.4,1.6,1.6,1.4,2.6,1.2,7.0,7.0,1.5,3.0,3,1.0,H,1.97,3.28,3.96
1921,2018,2018-04-29,Bahia,Athletico-PR,1503.5078351856553,1523.1248965718414,-19.61706138618615,0.8,2.0,0.4,1.0,2.2,0.6,2.0,0.8,8.0,7.0,1.5,2.0,3,1.3333333333333333,D,1.99,3.26,3.93
1922,2018,2018-04-29,Ceara,Flamengo RJ,1492.6032499913294,1541.4865826872667,-48.88333269593727,0.5,2.0,0.0,1.0,2.0,1.0,1.0,0.8,7.0,8.0,0.5,2.0,3,,A,3.21,3.12,2.31
1923,2018,2018-04-29,Fluminense,Sao Paulo,1491.6340865007885,1527.8875333026922,-36.25344680190369,1.4,1.8,1.2,1.0,0.8,0.4,1.6,1.6,7.0,7.0,1.5,2.0,3,2.4,D,2.44,3.12,2.99
1924,2018,2018-04-29,Palmeiras,Chapecoense-SC,1566.2715630632076,1518.4796892958627,47.791873767344896,1.4,1.6,1.0,1.2,1.2,1.6,2.6,1.2,7.0,7.0,2.0,0.5,3,2.25,D,1.31,4.84,10.64
1925,2018,2018-04-29,Parana,Sport Recife,1482.6464120293424,1475.3988577416787,7.247554287663661,0.0,2.0,0.0,2.5,1.0,1.0,0.0,0.8,7.0,5.0,0.0,0.5,3,,A,2.21,3.17,3.35
1926,2018,2018-04-29,Internacional,Cruzeiro,1493.3637726914724,1510.865251500986,-17.501478809513628,1.4,0.4,0.8,0.6,0.6,1.2,2.2,0.6,7.0,7.0,1.5,0.0,3,1.8,D,1.88,3.22,4.47
1927,2018,2018-05-01,America MG,Vitoria,1452.636000610388,1474.4501655718395,-21.814164961451525,0.8,1.0,1.0,1.6,1.6,1.8,2.0,1.0,10.0,9.0,1.5,0.5,3,1.0,H,2.01,3.23,3.88
1928,2018,2018-05-05,Sao Paulo,Atletico-MG,1528.7130427206564,1549.4489843690737,-20.735941648417338,1.8,2.0,1.0,0.6,2.0,1.6,1.8,0.6,6.0,6.0,1.6666666666666667,2.0,4,1.8,D,2.04,3.27,3.71
1929,2018,2018-05-05,Vasco,America MG,1540.5076428184182,1461.3993745162788,79.10826830213932,2.0,1.4,1.4,1.2,1.4,1.2,1.8,0.0,13.0,4.0,2.0,2.0,3,,H,2.03,3.17,3.9
1930,2018,2018-05-06,Corinthians,Ceara,1567.1519490359963,1482.139707453702,85.01224158229434,1.4,0.3333333333333333,1.6,1.0,0.0,1.6666666666666667,2.6,0.0,7.0,7.0,2.0,0.3333333333333333,4,,D,1.65,3.45,5.81
1931,2018,2018-05-06,Athletico-PR,Palmeiras,1524.423743843785,1563.13458918548,-38.710845341695176,1.6,1.6,1.6,0.4,0.8,0.8,2.0,0.2,7.0,7.0,1.6666666666666667,1.6666666666666667,4,1.25,A,2.86,3.09,2.52
1932,2018,2018-05-06,Cruzeiro,Botafogo RJ,1512.2239148474262,1521.7337398908378,-9.509825043411638,0.4,1.2,0.4,1.0,1.2,1.4,1.4,1.2,7.0,8.0,0.3333333333333333,1.6666666666666667,4,1.4,H,1.45,4.13,7.51
1933,2018,2018-05-06,Flamengo RJ,Internacional,1551.9501252248942,1492.0051093450322,59.94501587986201,2.0,1.6,2.0,1.0,0.8,0.4,2.0,0.4,7.0,7.0,2.3333333333333335,1.3333333333333333,4,2.0,H,1.77,3.41,4.84
1934,2018,2018-05-06,Vitoria,Fluminense,1465.6867916659487,1490.8085770828243,-25.121785416875582,0.8,1.0,1.6,2.0,1.0,1.2,1.2,0.8,5.0,7.0,0.3333333333333333,1.3333333333333333,4,1.5,A,2.05,3.36,3.54
1935,2018,2018-05-06,Gremio,Santos,1528.5820554309128,1558.4782146379937,-29.896159207080927,1.0,2.0,1.2,1.4,1.2,0.6,1.8,0.6,8.0,15.0,1.3333333333333333,1.5,4,1.8,H,1.59,3.72,5.91
1936,2018,2018-05-06,Sport Recife,Bahia,1487.4488463537468,1502.2089879137118,-14.76014155996495,2.0,1.0,1.2,1.2,0.4,0.8,1.4,1.0,7.0,7.0,1.3333333333333333,1.3333333333333333,4,2.3333333333333335,H,2.23,3.21,3.25
1937,2018,2018-05-08,Chapecoense-SC,Parana,1521.6166631735903,1470.5964234172743,51.02023975631596,1.6,0.0,1.0,1.4,0.3333333333333333,2.3333333333333335,2.2,0.0,9.0,9.0,0.6666666666666666,0.0,4,,D,1.74,3.34,5.27
1938,2018,2018-05-12,Gremio,Internacional,1537.5751098030216,1485.4539079519006,52.121201851120986,1.4,1.0,2.0,1.4,0.6,0.8,1.8,0.2,6.0,6.0,1.75,1.0,5,1.8,D,1.84,3.14,4.91
1939,2018,2018-05-13,Cruzeiro,Sport Recife,1520.6402222159297,1496.012822020776,24.62740019515377,1.0,2.0,0.6,0.8,1.2,1.0,1.4,1.2,7.0,7.0,1.0,1.75,5,2.4,H,1.39,4.49,8.25
1940,2018,2018-05-13,Athletico-PR,Atletico-MG,1513.668521910596,1550.7161578215346,-37.04763591093865,1.6,2.0,1.8,0.8,2.0,1.6,1.8,0.8,7.0,8.0,1.25,1.75,5,2.0,A,2.38,3.18,3.0
1941,2018,2018-05-13,Bahia,Sao Paulo,1493.6450122466827,1527.4458692681956,-33.80085702151291,1.0,1.4,0.4,1.0,1.0,0.8,1.6,1.2,7.0,8.0,1.0,1.5,5,1.5,D,2.3,3.06,3.27
1942,2018,2018-05-13,Chapecoense-SC,Flamengo RJ,1518.3961592115659,1558.5013266180258,-40.10516740645994,1.2,2.6,1.0,1.6,2.2,0.6,2.2,1.4,5.0,7.0,0.75,2.5,5,0.75,H,3.07,3.06,2.41
1943,2018,2018-05-13,Corinthians,Palmeiras,1563.0839549287125,1573.889811118669,-10.805856189956558,1.4,1.6,1.4,0.8,1.0,1.0,2.2,0.8,7.0,7.0,1.75,2.0,5,1.8,H,2.87,2.97,2.62
1944,2018,2018-05-13,Vasco,Vitoria,1546.582430998987,1454.5440183417054,92.0384126572817,2.6,0.2,2.0,0.8,1.2,2.0,2.2,0.8,8.0,7.0,2.3333333333333335,0.25,4,0.5,A,1.85,3.46,4.23
1945,2018,2018-05-13,Santos,Parana,1549.4851602658848,1473.8169273792987,75.66823288658611,1.4,0.25,1.2,1.6,0.5,2.0,2.0,0.5,7.0,5.0,1.0,0.25,4,,H,1.53,3.83,6.69
1946,2018,2018-05-15,Botafogo RJ,Fluminense,1513.3174325223342,1501.9513504070676,11.366082115266636,1.2,1.6,1.2,1.2,1.2,1.0,1.0,0.8,9.0,9.0,1.25,1.75,5,2.0,H,2.43,3.12,2.99
1947,2018,2018-05-15,Ceara,America MG,1486.2077015609857,1455.32458633571,30.883115225275787,0.5,1.2,0.25,1.5,1.2,1.6,0.5,0.0,9.0,10.0,0.5,1.5,5,,D,1.95,3.25,4.04
1948,2018,2018-05-19,Atletico-MG,Cruzeiro,1561.518960167724,1528.116278978096,33.402681189627856,2.0,1.4,1.6,1.2,0.6,0.4,3.0,0.6,6.0,6.0,2.0,1.4,6,1.8,H,1.98,3.29,3.89
1949,2018,2018-05-19,Flamengo RJ,Vasco,1549.2166337488231,1532.3470731907782,16.869560558044896,2.0,2.0,2.2,1.0,2.2,1.4,2.4,1.6,6.0,6.0,2.0,1.75,6,1.25,D,1.59,3.86,5.62
1950,2018,2018-05-20,Palmeiras,Bahia,1565.437115231358,1492.7494346704855,72.68768056087242,1.6,1.0,1.0,0.6,0.6,1.2,2.6,0.8,7.0,7.0,1.6,1.0,6,0.6666666666666666,H,1.39,4.41,8.44
1951,2018,2018-05-20,Vitoria,Ceara,1468.7793761499142,1483.5159550373976,-14.736578887483347,0.8,0.6,1.6,2.0,0.6,1.6,1.0,0.5,7.0,5.0,0.8,0.6,6,,H,1.9,3.43,4.06
1952,2018,2018-05-20,America MG,Botafogo RJ,1458.016332859298,1521.1541653515335,-63.137832492235475,1.4,1.6,1.6,1.8,1.2,1.0,2.0,1.0,5.0,5.0,1.4,1.6,6,3.0,H,2.24,3.19,3.25
1953,2018,2018-05-20,Parana,Gremio,1467.658058083259,1534.3262332460718,-66.66817516281276,0.2,1.6,0.6,2.2,1.4,0.6,0.0,1.2,7.0,8.0,0.2,1.6,6,,D,4.65,3.32,1.82
1954,2018,2018-05-20,Sao Paulo,Santos,1528.3414468443927,1555.6440295619245,-27.302582717531777,1.4,1.4,1.2,1.0,1.4,1.6,1.4,0.6,7.0,7.0,1.4,1.5,6,1.8,H,2.04,3.24,3.77
1955,2018,2018-05-20,Sport Recife,Corinthians,1488.5367652586096,1571.5366508160237,-82.99988555741402,1.4,2.0,1.0,1.4,1.6,0.6,2.0,1.2,7.0,7.0,1.4,2.0,6,1.4,D,1.97,3.19,4.08
1956,2018,2018-05-20,Fluminense,Athletico-PR,1494.1146175778683,1502.8657195644066,-8.751101986538288,1.4,1.0,1.2,1.2,1.4,1.2,1.6,1.0,5.0,7.0,1.4,1.0,6,1.6,H,1.91,3.41,4.03
1957,2018,2018-05-22,Internacional,Chapecoense-SC,1488.7027845088505,1527.6808520807685,-38.97806757191802,1.0,1.2,0.4,0.6,1.2,1.8,1.8,1.2,10.0,9.0,1.0,1.2,6,1.6666666666666667,H,1.63,3.52,5.98
1958,2018,2018-05-26,Fluminense,Chapecoense-SC,1502.5096422458191,1518.428426165147,-15.91878391932778,2.0,1.2,1.4,0.8,1.0,1.4,2.0,1.0,6.0,4.0,1.6666666666666667,1.0,7,0.25,H,1.88,3.21,4.49
1959,2018,2018-05-26,Palmeiras,Sport Recife,1571.6693544008708,1489.054380591336,82.61497380953483,2.0,1.6,1.4,0.4,1.2,1.0,2.6,1.2,6.0,6.0,1.8333333333333333,1.3333333333333333,7,1.8,A,1.34,4.73,9.22
1960,2018,2018-05-27,Atletico-MG,Flamengo RJ,1568.7600812863595,1546.9029047207366,21.85717656562292,2.6,2.0,1.6,0.8,2.0,0.8,3.0,1.4,8.0,8.0,2.1666666666666665,1.8333333333333333,7,2.6,A,1.89,3.39,4.13
1961,2018,2018-05-27,Parana,Athletico-PR,1467.7060716550811,1494.4706948964558,-26.764623241374693,0.4,0.4,0.6,2.0,0.4,1.4,0.3333333333333333,0.4,7.0,7.0,0.3333333333333333,0.8333333333333334,7,,D,2.56,3.02,2.91
1962,2018,2018-05-27,Bahia,Vasco,1486.5171955009725,1534.6608022188648,-48.143606717892226,1.0,1.6,0.6,1.4,2.0,1.4,1.6,1.6,7.0,8.0,0.8333333333333334,1.6,7,1.3333333333333333,H,1.69,3.68,4.99
1963,2018,2018-05-27,Botafogo RJ,Vitoria,1511.2077623276098,1477.3426876205492,33.86507470706056,1.4,1.2,1.0,1.0,1.6,1.8,1.6,1.2,7.0,7.0,1.3333333333333333,1.1666666666666667,7,1.25,D,1.84,3.62,4.07
1964,2018,2018-05-27,Internacional,Corinthians,1497.9552104244722,1571.0190354832973,-73.06382505882516,1.0,1.6,0.6,0.6,1.4,0.6,2.2,0.8,5.0,7.0,1.3333333333333333,1.8333333333333333,7,1.2,H,1.81,3.28,4.82
1965,2018,2018-05-27,Santos,Cruzeiro,1546.724810553043,1520.8751578594604,25.849652693582584,1.2,1.4,1.2,1.6,0.6,0.4,2.0,0.6,7.0,8.0,1.2,1.1666666666666667,6,1.2,A,2.77,3.05,2.66
1966,2018,2018-05-27,America MG,Sao Paulo,1467.9627358832217,1537.2606658532743,-69.29792997005256,1.4,1.4,1.2,1.8,1.2,1.0,2.0,1.2,7.0,7.0,1.6666666666666667,1.6666666666666667,7,3.0,A,2.98,2.96,2.55
1967,2018,2018-05-27,Ceara,Gremio,1474.9526435667626,1534.2782196742496,-59.325576107486995,0.6,1.2,0.8,1.6,1.2,0.6,0.6666666666666666,0.8,7.0,7.0,0.5,1.5,7,,A,3.61,3.03,2.18
1968,2018,2018-05-30,Sport Recife,Atletico-MG,1503.0646329659357,1556.3109411933542,-53.24630822741847,2.0,2.0,1.6,1.2,1.2,0.8,2.2,1.2,4.0,3.0,1.5714285714285714,1.8571428571428572,8,1.6,H,2.67,3.17,2.65
1969,2018,2018-05-30,Vasco,Parana,1525.1455879045843,1466.6099903816234,58.53559752296087,1.0,0.6,1.6,1.8,0.6,1.2,2.0,0.3333333333333333,3.0,3.0,1.3333333333333333,0.42857142857142855,7,,H,1.94,3.14,4.29
1970,2018,2018-05-30,Vitoria,Internacional,1480.1138577526172,1508.187264300273,-28.07340654765585,1.4,1.6,1.6,1.6,1.0,0.6,1.0,0.4,3.0,3.0,1.1428571428571428,1.5714285714285714,8,2.3333333333333335,A,3.27,3.13,2.27
1971,2018,2018-05-31,Chapecoense-SC,Ceara,1509.8317742625663,1464.7893350387096,45.04243922385672,1.0,0.4,1.0,1.8,0.8,1.8,2.2,0.3333333333333333,5.0,4.0,0.8571428571428571,0.42857142857142855,8,,H,1.9,3.25,4.34
1972,2018,2018-05-31,Sao Paulo,Botafogo RJ,1547.1369677944563,1508.4365921955418,38.700375598914434,1.8,1.4,1.8,1.2,1.0,1.0,1.8,0.4,4.0,4.0,1.8571428571428572,1.2857142857142858,8,1.6,H,1.6,3.66,6.0
1973,2018,2018-05-31,Cruzeiro,Palmeiras,1533.4320099760193,1557.659102026271,-24.227092050251713,2.0,1.4,0.8,0.2,1.6,1.0,1.4,0.8,4.0,5.0,1.4285714285714286,1.5714285714285714,8,2.6,H,2.05,3.29,3.64
1974,2018,2018-05-31,Gremio,Fluminense,1544.4415282023026,1511.1062941483997,33.33523405390292,1.6,2.0,1.4,0.6,1.8,1.0,1.8,0.8,4.0,5.0,1.7142857142857142,1.8571428571428572,8,2.4,D,1.38,4.49,8.32
1975,2018,2018-05-31,Flamengo RJ,Bahia,1559.352044813742,1496.032409815253,63.31963499848894,2.0,1.0,1.8,0.8,1.0,1.4,2.0,0.2,4.0,4.0,2.0,1.1428571428571428,8,2.0,H,1.41,4.15,8.6
1976,2018,2018-05-31,Corinthians,America MG,1560.7869816074965,1458.0864339420398,102.70054766545672,1.0,1.4,0.8,1.0,1.4,2.0,2.2,0.2,4.0,4.0,1.5714285714285714,1.4285714285714286,8,3.0,H,1.52,3.8,7.0
1977,2018,2018-06-01,Athletico-PR,Santos,1495.5667761699135,1534.167958436484,-38.601182266570504,0.4,0.6,0.4,1.4,0.8,1.8,1.8,0.6,5.0,5.0,0.8571428571428571,1.0,8,1.6,H,2.28,3.24,3.14
1978,2018,2018-06-02,Atletico-MG,Chapecoense-SC,1546.6491106395351,1516.7663241617745,29.882786477760646,1.4,1.4,1.4,1.4,1.4,1.8,2.4,0.8,3.0,2.0,1.625,1.125,9,2.25,D,1.54,3.82,6.48
1979,2018,2018-06-02,Internacional,Sport Recife,1519.246113128151,1512.7264635197548,6.519649608396094,2.0,2.0,1.6,1.0,1.8,1.4,2.6,1.8,3.0,3.0,1.75,1.75,9,2.5,D,1.41,4.31,8.06
1980,2018,2018-06-02,Vasco,Botafogo RJ,1531.7325804520779,1501.3357441416936,30.396836310384288,1.4,0.8,1.6,1.6,1.0,1.4,2.4,0.2,3.0,2.0,1.5714285714285714,1.125,8,2.0,A,2.41,3.2,2.95
1981,2018,2018-06-03,Palmeiras,Sao Paulo,1548.8272828677855,1554.2378158483045,-5.410532980519065,1.2,2.2,1.6,1.2,2.2,1.4,2.0,1.8,3.0,3.0,1.375,2.0,9,2.0,H,2.02,3.26,3.8
1982,2018,2018-06-03,America MG,Athletico-PR,1452.570315382455,1504.8084159572154,-52.23810057476044,0.8,0.8,1.0,2.0,0.8,1.4,2.0,0.6,3.0,2.0,1.25,1.125,9,3.0,H,2.3,3.22,3.11
1983,2018,2018-06-03,Bahia,Gremio,1489.5664966178654,1541.6844429424107,-52.1179463245453,0.8,1.8,1.0,1.8,1.2,0.2,1.6,1.4,3.0,3.0,1.0,1.625,9,1.75,A,2.98,2.94,2.55
1984,2018,2018-06-03,Flamengo RJ,Corinthians,1565.8179580111296,1566.3031001670813,-0.4851421559517348,2.0,1.6,1.6,0.8,1.0,0.8,2.0,0.8,3.0,3.0,2.125,1.75,9,2.0,H,1.74,3.42,5.09
1985,2018,2018-06-03,Santos,Vitoria,1524.9263186491821,1469.0550089247392,55.87130972444288,0.6,1.4,0.8,2.0,1.8,1.8,2.0,1.4,2.0,4.0,0.8571428571428571,1.0,8,2.5,H,1.56,4.0,5.79
1986,2018,2018-06-03,Ceara,Cruzeiro,1457.8547851395015,1542.263829134505,-84.40904399500346,0.4,2.4,0.8,1.6,1.0,0.2,0.5,1.0,3.0,3.0,0.375,1.625,9,,A,4.36,3.24,1.89
1987,2018,2018-06-05,Parana,Fluminense,1460.02299783413,1513.8633794082916,-53.84038157416171,0.6,2.0,0.4,1.0,1.6,0.8,0.5,1.0,6.0,5.0,0.375,1.75,9,,H,2.51,3.05,2.94
1988,2018,2018-06-06,Sao Paulo,Internacional,1545.9363165235238,1517.2162034443904,28.720113079133398,2.0,2.2,2.0,1.6,1.6,0.6,2.2,1.0,3.0,4.0,1.7777777777777777,1.6666666666666667,10,1.0,D,2.21,2.99,3.56
1989,2018,2018-06-06,Botafogo RJ,Ceara,1514.014503645653,1448.4128419328624,65.60166171279047,1.4,0.2,1.4,1.4,0.6,1.6,1.8,0.25,4.0,3.0,1.3333333333333333,0.3333333333333333,10,,D,1.59,3.67,6.14
1990,2018,2018-06-06,Vitoria,Chapecoense-SC,1462.4000882275786,1519.4313443784315,-57.03125615085287,1.4,1.4,2.0,2.4,1.8,2.2,0.8,0.4,3.0,4.0,0.8888888888888888,1.1111111111111112,10,0.3333333333333333,H,1.99,3.46,3.68
1991,2018,2018-06-07,Corinthians,Santos,1558.138935342826,1531.5812393463427,26.55769599648329,1.4,1.2,0.8,0.8,1.6,1.4,2.2,0.6,4.0,4.0,1.5555555555555556,1.125,10,2.6,D,2.03,3.13,3.9
1992,2018,2018-06-07,Sport Recife,Athletico-PR,1514.7563732035153,1495.1755678416412,19.580805361874127,1.6,0.8,1.4,1.4,0.8,1.4,2.2,0.6,5.0,4.0,1.6666666666666667,1.0,10,2.0,H,2.03,3.38,3.61
1993,2018,2018-06-07,Cruzeiro,Vasco,1551.705772341144,1519.0538209481185,32.651951393025456,2.4,0.8,1.0,0.2,1.0,1.8,1.8,1.0,4.0,5.0,1.7777777777777777,1.375,10,1.25,D,1.34,4.53,10.44
1994,2018,2018-06-07,Gremio,Palmeiras,1552.0550484383355,1557.1287821925662,-5.073733754230716,1.8,1.2,0.6,0.0,1.6,1.2,1.4,0.8,4.0,4.0,1.7777777777777777,1.5555555555555556,10,1.6,A,2.0,3.12,4.03
1995,2018,2018-06-08,Fluminense,Flamengo RJ,1504.1844686320353,1573.9821228353849,-69.79765420334957,1.4,2.0,1.4,1.0,1.4,0.8,2.0,2.0,3.0,5.0,1.5555555555555556,2.2222222222222223,10,0.8,A,4.45,3.2,1.89
1996,2018,2018-06-08,Parana,Bahia,1469.7019086103862,1479.1958911219406,-9.49398251155435,1.0,0.8,0.6,1.0,1.0,1.8,1.0,0.2,3.0,5.0,0.6666666666666666,0.8888888888888888,10,,H,2.47,2.93,3.13
1997,2018,2018-06-08,America MG,Atletico-MG,1462.2031634980292,1543.9840904228781,-81.78092692484893,1.4,1.4,1.4,1.4,1.6,1.6,2.4,1.0,5.0,6.0,1.4444444444444444,1.5555555555555556,10,0.0,A,4.27,3.41,1.86
1998,2018,2018-06-09,Athletico-PR,Sao Paulo,1487.5630206319197,1543.3024116156432,-55.739390983723524,0.8,2.0,0.6,1.2,1.6,1.2,1.8,1.2,2.0,3.0,0.9,1.7,11,2.6,A,2.76,3.08,2.65
1999,2018,2018-06-09,Chapecoense-SC,Cruzeiro,1509.660663053393,1548.966868422577,-39.306205369184,0.8,2.0,1.2,2.0,0.8,0.4,2.2,1.4,3.0,2.0,1.0,1.7,11,1.0,H,3.49,3.01,2.23
2000,2018,2018-06-09,Vasco,Sport Recife,1521.7927248666856,1522.3689204132368,-0.5761955465511619,1.0,2.2,0.8,1.4,1.6,1.0,1.8,1.4,2.0,2.0,1.3333333333333333,1.8,10,2.0,H,1.91,3.28,4.21
2001,2018,2018-06-10,Corinthians,Vitoria,1555.5630463314137,1472.1707695526172,83.39227677879649,1.0,1.4,0.8,1.0,1.6,2.0,2.2,0.8,3.0,4.0,1.5,1.1,11,2.25,D,1.8,3.38,4.69
2002,2018,2018-06-10,Atletico-MG,Fluminense,1553.5014717515096,1494.3225474438984,59.17892430761117,1.4,1.4,1.8,1.6,1.2,1.0,2.0,0.8,2.0,2.0,1.7,1.4,11,1.6,H,1.56,3.89,5.93
2003,2018,2018-06-10,Bahia,Botafogo RJ,1470.7800282984751,1510.4230723020485,-39.64304400357332,0.6,1.0,0.6,1.6,1.0,1.2,1.6,0.8,2.0,4.0,0.8,1.3,11,2.25,D,1.83,3.44,4.41
2004,2018,2018-06-10,Ceara,Palmeiras,1452.0042732764668,1568.8366955173783,-116.83242224091146,0.2,1.8,0.2,1.2,2.0,1.0,0.4,1.4,4.0,3.0,0.4,1.7,11,,D,5.33,3.49,1.69
2005,2018,2018-06-10,Gremio,America MG,1540.3471351135236,1452.6857821693977,87.66135294412584,1.6,1.2,0.6,0.4,1.2,1.6,1.2,0.2,3.0,2.0,1.6,1.3,11,3.0,H,1.33,4.62,10.59
2006,2018,2018-06-10,Flamengo RJ,Parana,1583.8440440235217,1478.1177714338517,105.72627258967009,2.6,1.6,1.4,0.2,0.6,0.4,2.6,0.25,2.0,2.0,2.3,0.9,11,,H,1.29,4.77,12.3
2007,2018,2018-06-10,Santos,Internacional,1534.157128357755,1519.850108352271,14.307020005483992,0.8,2.2,1.2,1.4,1.6,0.6,2.0,1.0,3.0,4.0,1.1111111111111112,1.6,10,1.0,A,2.28,3.1,3.29
2008,2018,2018-06-13,Sao Paulo,Vitoria,1553.5688902658962,1476.199779658676,77.36911060722014,2.0,1.0,1.6,1.2,1.2,1.8,2.2,1.0,4.0,3.0,1.8181818181818181,1.0909090909090908,12,3.0,H,1.4,4.56,7.64
2009,2018,2018-06-13,America MG,Chapecoense-SC,1446.817207968104,1518.9224814118236,-72.10527344371962,0.6,1.4,1.0,1.8,1.6,1.4,1.8,0.4,3.0,4.0,1.1818181818181819,1.1818181818181819,12,0.0,D,2.12,3.16,3.6
2010,2018,2018-06-13,Fluminense,Santos,1487.751904069952,1521.9133248335752,-34.161420763623255,0.8,0.8,1.2,2.0,1.4,1.6,2.0,0.2,3.0,3.0,1.2727272727272727,1.0,12,1.8,A,2.57,3.16,2.77
2011,2018,2018-06-13,Parana,Cruzeiro,1472.6709587714306,1539.7050500641462,-67.03409129271563,1.4,2.0,0.6,0.8,0.8,0.6,1.6,1.4,3.0,4.0,0.8181818181818182,1.5454545454545454,12,,D,3.74,2.96,2.17
2012,2018,2018-06-13,Sport Recife,Gremio,1514.202223066075,1546.2157093148173,-32.01348624874231,2.0,2.0,1.8,1.4,0.8,0.4,2.2,2.0,4.0,3.0,1.6363636363636365,1.7272727272727273,12,2.0,D,3.11,2.98,2.44
2013,2018,2018-06-14,Botafogo RJ,Athletico-PR,1511.151611090509,1477.2965419816667,33.85506910884237,1.2,0.8,1.6,1.6,0.6,1.0,1.8,0.4,4.0,5.0,1.2727272727272727,0.8181818181818182,12,1.5,H,2.01,3.22,3.86
2014,2018,2018-06-14,Palmeiras,Flamengo RJ,1567.3558086069224,1589.2908566859428,-21.935048079020362,1.4,3.0,1.8,1.4,1.6,0.0,2.0,2.0,4.0,4.0,1.6363636363636365,2.3636363636363638,12,2.2,D,2.05,3.23,3.72
2015,2018,2018-06-14,Atletico-MG,Ceara,1560.072115125456,1453.4851601869227,106.58695493853338,1.4,0.4,2.6,2.0,0.4,1.2,2.0,0.4,4.0,4.0,1.8181818181818181,0.45454545454545453,12,,H,1.29,5.32,10.03
2016,2018,2018-06-14,Bahia,Corinthians,1470.0514895100146,1551.534036225355,-81.4825467153405,0.8,1.0,1.2,1.6,0.6,0.8,1.2,0.8,4.0,4.0,0.8181818181818182,1.4545454545454546,12,1.0,H,1.85,3.36,4.36
2017,2018,2018-06-14,Internacional,Vasco,1532.0939118764509,1529.9594222138473,2.134489662603528,2.2,1.4,1.4,0.8,1.2,1.6,2.2,1.2,4.0,5.0,1.7272727272727273,1.5,12,2.3333333333333335,H,1.46,4.1,7.29
2018,2018,2018-07-18,Ceara,Sport Recife,1448.057962089865,1513.2556373911282,-65.19767530126319,0.4,1.6,0.6,1.4,1.2,1.0,0.4,1.4,34.0,35.0,0.4166666666666667,1.5833333333333333,13,,H,2.45,3.07,3.01
2019,2018,2018-07-19,Vitoria,Parana,1470.0825639100378,1472.7295039561354,-2.6469400460975976,0.8,1.4,1.0,2.2,0.8,1.0,1.4,0.2,36.0,36.0,1.0,0.8333333333333334,13,,H,1.88,3.33,4.3
2020,2018,2018-07-19,Corinthians,Botafogo RJ,1541.0599859763952,1518.3807068294118,22.67927914698339,1.0,1.6,0.4,0.6,1.8,1.4,1.8,0.8,35.0,35.0,1.3333333333333333,1.4166666666666667,13,1.6,H,1.92,3.28,4.18
2021,2018,2018-07-19,Flamengo RJ,Sao Paulo,1590.5240565438926,1559.6861060145345,30.837950529358068,2.6,2.0,1.6,0.2,1.6,1.0,2.6,1.6,35.0,36.0,2.25,1.9166666666666667,13,1.6,A,2.01,3.25,3.85
2022,2018,2018-07-19,Gremio,Atletico-MG,1547.1622949897642,1565.4993132225138,-18.337018232749642,1.6,2.0,0.6,0.4,3.0,2.0,1.6,1.4,36.0,35.0,1.6666666666666667,1.9166666666666667,13,2.0,H,1.6,3.7,5.91
2023,2018,2018-07-19,Chapecoense-SC,Bahia,1518.7180037082076,1480.5255397589744,38.192463949233115,1.6,0.8,1.4,0.8,0.8,1.6,2.2,0.0,36.0,35.0,1.1666666666666667,1.0,13,2.0,D,2.02,3.03,4.16
2024,2018,2018-07-19,Cruzeiro,America MG,1539.6465048794414,1447.02168567172,92.62481920772143,1.6,0.8,0.8,0.8,0.8,1.2,2.0,0.2,36.0,36.0,1.5,1.1666666666666667,13,1.0,H,1.48,4.0,7.32
2025,2018,2018-07-20,Santos,Palmeiras,1532.798606834429,1566.1226087489727,-33.324001914543715,1.4,1.6,1.6,1.4,1.6,1.0,1.8,1.4,37.0,36.0,1.1818181818181819,1.5833333333333333,12,3.0,D,2.57,3.13,2.8
2026,2018,2018-07-20,Vasco,Fluminense,1521.8680131990402,1476.8666220690982,45.00139112994202,1.4,0.2,1.4,1.6,0.6,2.0,1.8,0.8,36.0,37.0,1.3636363636363635,1.1666666666666667,12,1.5,D,2.25,3.18,3.25
2027,2018,2018-07-20,Athletico-PR,Internacional,1470.067446242764,1540.185320891258,-70.11787464849408,0.6,2.2,0.6,1.4,1.6,0.8,1.2,1.6,36.0,36.0,0.75,1.8333333333333333,13,2.25,D,2.61,2.95,2.89
2028,2018,2018-07-21,Flamengo RJ,Botafogo RJ,1577.8335158194682,1510.8520766972042,66.98143912226396,2.0,1.6,1.2,0.4,1.4,1.2,2.0,0.8,2.0,2.0,2.076923076923077,1.3076923076923077,14,1.4,H,1.67,3.51,5.49
2029,2018,2018-07-22,Sao Paulo,Corinthians,1572.376646738959,1548.5886161086028,23.78803063035616,2.0,1.0,1.2,0.6,0.6,0.6,2.2,0.2,3.0,3.0,2.0,1.4615384615384615,14,1.4,H,2.05,3.08,3.95
2030,2018,2018-07-22,Bahia,Vitoria,1483.4112958930123,1478.306921212421,5.104374680591263,1.0,1.4,1.0,1.4,0.8,1.6,1.6,1.0,3.0,3.0,1.0,1.1538461538461537,14,2.3333333333333335,H,1.84,3.49,4.28
2031,2018,2018-07-22,Palmeiras,Atletico-MG,1567.0317995540013,1556.8343640734445,10.197435480556805,1.8,2.0,1.8,1.0,2.6,1.8,1.6,1.4,2.0,3.0,1.5384615384615385,1.7692307692307692,14,0.4,H,1.55,4.02,5.85
2032,2018,2018-07-22,Parana,America MG,1464.5051466537523,1441.2708840666867,23.234262587065587,1.4,0.8,0.8,1.0,1.0,1.6,1.8,0.2,3.0,3.0,0.7692307692307693,1.0769230769230769,14,,H,2.29,2.99,3.4
2033,2018,2018-07-22,Sport Recife,Fluminense,1503.2499478392178,1479.931001693539,23.318946145678865,1.0,0.2,0.6,0.8,0.8,2.2,2.2,0.4,4.0,2.0,1.4615384615384615,1.1538461538461537,14,1.8,A,2.1,3.25,3.57
2034,2018,2018-07-22,Vasco,Gremio,1518.8036335745994,1555.8272441388335,-37.023610564234104,1.0,2.0,1.4,1.8,1.0,0.4,1.4,1.6,2.0,3.0,1.3333333333333333,1.7692307692307692,13,1.75,H,3.64,3.02,2.17
2035,2018,2018-07-22,Chapecoense-SC,Santos,1515.8322475741697,1531.8894160294003,-16.057168455230567,1.2,1.6,1.2,1.0,1.8,1.2,2.2,0.8,3.0,2.0,1.1538461538461537,1.1666666666666667,14,1.75,D,2.78,3.05,2.64
2036,2018,2018-07-22,Cruzeiro,Athletico-PR,1545.3973064844747,1470.21473986281,75.18256662166482,1.6,0.2,1.2,1.0,0.6,1.8,2.6,0.2,3.0,2.0,1.6153846153846154,0.7692307692307693,14,2.4,H,1.44,4.11,7.92
2037,2018,2018-07-24,Internacional,Ceara,1540.038027271212,1458.0636516417753,81.97437562943674,1.8,1.0,1.4,0.8,0.8,1.0,2.2,0.4,4.0,6.0,1.7692307692307692,0.6153846153846154,14,,H,1.47,3.97,7.58
2038,2018,2018-07-25,Fluminense,Palmeiras,1492.419650287256,1574.9006178742,-82.48096758694396,0.8,1.8,1.0,2.0,1.8,1.2,1.4,1.0,3.0,3.0,1.2857142857142858,1.6428571428571428,15,1.2,H,3.27,3.27,2.2
2039,2018,2018-07-26,Atletico-MG,Parana,1548.9655457532458,1472.018784630887,76.9467611223588,1.8,1.4,2.4,1.8,0.6,0.8,2.0,0.2,4.0,4.0,1.6428571428571428,0.9285714285714286,15,,H,1.47,4.17,6.94
2040,2018,2018-07-26,Corinthians,Cruzeiro,1541.0899255893432,1551.5680983308566,-10.47817274151339,1.0,1.6,0.8,1.0,1.4,1.2,2.2,1.4,4.0,4.0,1.3571428571428572,1.7142857142857142,15,2.2,H,3.31,2.93,2.36
2041,2018,2018-07-26,Santos,Flamengo RJ,1533.2888593228197,1584.2075430939726,-50.91868377115293,1.2,2.0,0.8,0.8,1.4,0.4,1.4,2.0,4.0,5.0,1.1538461538461537,2.142857142857143,14,1.4,D,2.75,3.03,2.69
2042,2018,2018-07-26,Botafogo RJ,Chapecoense-SC,1504.4780494226998,1514.4328042807504,-9.954754858050592,1.0,1.2,1.0,1.4,0.6,0.4,2.2,0.4,5.0,4.0,1.2142857142857142,1.1428571428571428,15,2.0,H,1.83,3.29,4.67
2043,2018,2018-07-26,Gremio,Sao Paulo,1546.6307335295803,1579.8753372582185,-33.24460372863814,1.4,2.6,0.6,0.6,1.6,0.2,1.6,2.0,4.0,4.0,1.6428571428571428,2.0714285714285716,15,1.4,H,1.9,3.17,4.49
2044,2018,2018-07-26,Vitoria,Sport Recife,1470.2977423985299,1490.7612992455008,-20.46355684697096,1.4,0.8,0.6,1.4,0.8,1.2,1.8,0.8,4.0,4.0,1.0714285714285714,1.3571428571428572,15,1.0,H,2.19,3.31,3.24
2045,2018,2018-07-27,America MG,Internacional,1433.757246089552,1546.0432590202754,-112.28601293072347,0.2,2.2,0.4,1.6,1.6,0.8,1.4,1.8,5.0,3.0,1.0,1.8571428571428572,15,3.0,H,2.97,3.03,2.5
2046,2018,2018-07-28,Ceara,Fluminense,1452.058419892712,1502.9223688360696,-50.86394894335763,1.0,1.4,0.8,1.0,1.2,1.6,1.0,1.0,4.0,3.0,0.5714285714285714,1.4,15,,H,2.61,3.09,2.77
2047,2018,2018-07-29,Palmeiras,Parana,1564.3978993253863,1465.8912404866542,98.50665883873216,1.2,0.8,1.4,1.4,0.4,1.2,2.0,0.0,4.0,3.0,1.5333333333333334,0.8666666666666667,16,,H,1.31,4.85,10.39
2048,2018,2018-07-29,Vasco,Corinthians,1528.0001441838526,1549.5334171387792,-21.533272954926588,1.6,1.4,1.4,1.4,1.0,0.8,2.0,0.2,7.0,3.0,1.4615384615384615,1.4666666666666666,14,0.75,A,2.81,2.99,2.66
2049,2018,2018-07-29,Athletico-PR,Vitoria,1464.043948016428,1479.0228557360715,-14.97890771964353,0.2,1.4,0.6,1.6,0.6,1.4,0.8,0.4,7.0,3.0,0.7142857142857143,1.2,15,1.75,H,1.66,3.92,4.85
2050,2018,2018-07-29,Cruzeiro,Sao Paulo,1543.1246067814207,1570.7867943889842,-27.66218760756351,1.4,2.4,1.2,1.4,1.8,0.6,2.6,1.8,3.0,3.0,1.6,1.9333333333333333,16,1.4,A,1.69,3.55,5.23
2051,2018,2018-07-29,Flamengo RJ,Sport Recife,1584.6126141857012,1482.0361859079592,102.57642827774202,1.6,0.2,1.2,0.6,0.6,1.4,2.4,0.8,3.0,3.0,2.066666666666667,1.2666666666666666,16,2.2,H,1.38,4.39,8.8
2052,2018,2018-07-29,Internacional,Botafogo RJ,1534.690599743292,1512.90684423866,21.783755504632154,2.0,1.4,1.8,1.2,1.2,1.4,2.6,0.8,2.0,3.0,1.7333333333333334,1.3333333333333333,16,1.5,H,1.56,3.79,6.29
2053,2018,2018-07-29,Chapecoense-SC,Gremio,1506.0040094647902,1555.7192763988146,-49.715266934024385,1.2,2.0,0.6,0.4,1.0,0.4,2.2,1.6,3.0,3.0,1.0666666666666667,1.7333333333333334,16,1.0,D,2.38,2.88,3.33
2054,2018,2018-07-29,Santos,America MG,1532.883788231091,1445.1099053665353,87.77388286455584,1.2,0.8,0.8,0.8,0.6,1.2,1.0,0.2,3.0,2.0,1.1428571428571428,1.1333333333333333,15,3.0,A,1.45,4.07,7.57
2055,2018,2018-07-31,Bahia,Atletico-MG,1491.4204747069034,1555.0930898974786,-63.67261519057524,1.6,1.8,1.8,1.2,2.2,1.6,2.0,1.2,9.0,5.0,1.1428571428571428,1.7333333333333334,15,1.0,D,2.22,3.33,3.19
2056,2018,2018-08-04,Botafogo RJ,Santos,1505.3539977583562,1518.7496767529656,-13.395678994609398,1.2,1.2,0.6,1.4,0.6,0.6,2.2,1.0,6.0,6.0,1.25,1.0666666666666667,17,1.8,D,2.71,3.07,2.7
2057,2018,2018-08-04,Gremio,Flamengo RJ,1556.1589227885752,1590.1315873990018,-33.97266461042659,1.6,1.6,1.0,0.6,1.6,0.8,2.0,1.6,6.0,6.0,1.6875,2.125,17,2.6,H,3.1,2.8,2.59
2058,2018,2018-08-05,Corinthians,Athletico-PR,1560.7780035220076,1472.6140909902613,88.16391253174629,1.8,0.8,1.8,1.0,1.4,1.4,2.2,0.2,7.0,7.0,1.5625,0.8666666666666667,17,1.4,D,2.26,3.03,3.41
2059,2018,2018-08-05,America MG,Palmeiras,1459.2440168446608,1570.0109788564396,-110.76696201177879,1.4,1.6,0.8,1.0,1.6,1.0,1.4,1.0,7.0,7.0,1.25,1.625,17,0.0,D,3.23,3.13,2.29
2060,2018,2018-08-05,Parana,Ceara,1460.278160955601,1461.6517760010004,-1.373615045399447,0.8,1.4,0.4,1.4,1.0,1.0,2.2,0.2,7.0,8.0,0.8125,0.7333333333333333,17,,A,2.07,3.03,3.97
2061,2018,2018-08-05,Sao Paulo,Vasco,1581.8573448787022,1516.7555578006243,65.1017870780779,2.4,1.4,2.0,0.6,1.4,2.0,2.6,0.6,7.0,7.0,2.0,1.3571428571428572,17,1.75,H,1.41,4.2,8.23
2062,2018,2018-08-05,Vitoria,Cruzeiro,1470.4527127622382,1532.0540562917026,-61.60134352946443,1.2,1.4,0.6,2.2,1.2,1.4,2.4,1.4,7.0,7.0,1.125,1.5,17,0.25,D,2.56,3.16,2.77
2063,2018,2018-08-05,Fluminense,Bahia,1493.3290127277812,1491.3822696868526,1.9467430409285953,1.4,1.8,0.8,0.8,2.2,1.4,1.8,0.2,8.0,5.0,1.3125,1.1333333333333333,17,2.0,D,2.03,3.23,3.82
2064,2018,2018-08-05,Sport Recife,Chapecoense-SC,1476.5172126946586,1505.5643630750296,-29.047150380371022,0.2,0.8,0.4,1.6,0.4,0.6,1.6,0.4,7.0,7.0,1.1875,1.0625,17,3.0,D,2.0,3.08,4.12
2065,2018,2018-08-07,Atletico-MG,Internacional,1555.1312949175294,1542.2434462235958,12.88784869393362,1.4,2.0,1.6,1.6,2.0,1.0,2.0,1.6,7.0,9.0,1.6875,1.8125,17,3.0,A,2.21,3.28,3.23
2066,2018,2018-08-08,Ceara,Santos,1473.4628891801822,1520.2241417369974,-46.76125255681518,1.8,0.8,0.8,0.6,0.4,0.6,1.4,1.2,3.0,4.0,0.875,1.0625,17,,D,3.06,3.0,2.46
2067,2018,2018-08-11,Ceara,Athletico-PR,1472.9384175146888,1476.7575054887764,-3.8190879740875516,2.0,1.0,0.8,0.4,1.4,1.2,1.6,0.2,3.0,6.0,0.8823529411764706,0.875,18,,D,2.26,3.1,3.34
2068,2018,2018-08-11,Bahia,America MG,1493.2856531979485,1460.5537291682983,32.731924029650145,1.8,1.4,1.8,1.0,0.8,1.0,1.6,0.6,6.0,6.0,1.125,1.2352941176470589,17,,H,1.62,3.69,5.68
2069,2018,2018-08-12,Atletico-MG,Santos,1542.9263172893077,1520.7486134024907,22.17770388681697,0.8,0.8,1.2,1.6,0.4,0.6,2.0,1.4,5.0,4.0,1.588235294117647,1.0588235294117647,18,2.0,H,1.96,3.41,3.85
2070,2018,2018-08-12,Parana,Botafogo RJ,1448.4670477764191,1503.8795327743244,-55.41248499790527,0.6,0.8,0.2,1.4,0.2,1.4,2.0,0.8,7.0,8.0,0.7647058823529411,1.2352941176470589,18,,D,2.69,2.94,2.84
2071,2018,2018-08-12,Chapecoense-SC,Corinthians,1506.5954913720109,1556.6345890234925,-50.0390976514816,0.8,2.0,0.6,0.8,1.8,0.8,1.8,0.6,7.0,7.0,1.0588235294117647,1.5294117647058822,18,0.0,H,1.89,3.21,4.55
2072,2018,2018-08-12,Flamengo RJ,Cruzeiro,1581.0222594004213,1532.1518743682223,48.87038503219901,1.4,1.4,1.4,1.0,1.2,1.4,2.4,1.0,8.0,7.0,2.0,1.4705882352941178,18,2.6,H,1.68,3.41,5.72
2073,2018,2018-08-12,Sport Recife,Sao Paulo,1475.4860843976774,1588.278451793178,-112.7923673955006,0.2,2.4,0.6,1.8,1.8,0.8,1.6,1.8,7.0,7.0,1.1764705882352942,2.0588235294117645,18,1.6,A,3.04,3.12,2.4
2074,2018,2018-08-12,Gremio,Vitoria,1565.2682507871557,1470.3548946857186,94.9133561014371,2.0,1.4,1.4,0.6,0.8,1.8,2.4,0.2,8.0,7.0,1.7647058823529411,1.1176470588235294,18,1.75,H,1.65,3.62,5.51
2075,2018,2018-08-12,Palmeiras,Vasco,1568.701266532802,1510.3344508861485,58.36681564665355,1.6,0.8,1.4,0.8,1.0,2.0,2.0,0.4,7.0,7.0,1.588235294117647,1.2666666666666666,18,1.3333333333333333,H,1.61,3.82,5.52
2076,2018,2018-08-14,Fluminense,Internacional,1491.4256292166854,1554.4484238518176,-63.022794635132186,1.6,2.0,1.0,0.8,1.6,0.8,1.4,1.6,9.0,7.0,1.2941176470588236,1.8823529411764706,18,0.8,A,2.59,2.98,2.9
2077,2018,2018-08-18,Santos,Sport Recife,1513.2064236788817,1466.8530482380288,46.353375440852915,0.6,0.2,0.6,1.2,0.8,2.2,1.0,0.2,6.0,6.0,1.0,1.1111111111111112,19,1.2,H,1.51,4.02,6.61
2078,2018,2018-08-18,Corinthians,Gremio,1547.0649324531346,1570.9652276055426,-23.900295152408034,1.4,2.0,1.6,1.2,1.8,0.6,1.8,1.6,6.0,6.0,1.4444444444444444,1.8333333333333333,19,1.8,A,3.32,2.83,2.44
2079,2018,2018-08-19,Athletico-PR,Flamengo RJ,1478.5004552967114,1587.8573255154224,-109.35687021871104,1.2,2.0,1.4,0.8,1.6,0.8,1.4,1.6,8.0,7.0,0.8823529411764706,2.0555555555555554,18,1.8,H,2.53,3.08,2.88
2080,2018,2018-08-19,Internacional,Parana,1564.5053317824688,1448.1911669355538,116.31416484691499,2.4,0.8,1.8,0.4,0.4,1.4,2.6,0.0,5.0,7.0,1.9444444444444444,0.7777777777777778,19,,H,1.41,4.22,8.32
2081,2018,2018-08-19,Botafogo RJ,Atletico-MG,1504.1554136151897,1550.4685070129167,-46.313093397727016,1.0,1.4,0.4,1.2,1.8,1.4,1.8,0.8,7.0,7.0,1.2222222222222223,1.6666666666666667,19,1.6,A,2.31,3.29,3.04
2082,2018,2018-08-19,Cruzeiro,Bahia,1525.316808253221,1500.5446202876471,24.77218796557395,0.8,1.8,0.6,1.4,1.8,1.0,2.0,0.4,7.0,8.0,1.3888888888888888,1.2352941176470589,19,2.25,D,1.44,3.94,8.48
2083,2018,2018-08-19,Vitoria,Palmeiras,1464.6579178673317,1575.2925518424715,-110.63463397513988,0.8,2.0,0.6,2.6,1.4,0.6,2.0,1.2,7.0,7.0,1.0555555555555556,1.6666666666666667,19,1.0,A,3.35,3.36,2.13
2084,2018,2018-08-19,America MG,Fluminense,1453.2947620785997,1481.368721286034,-28.073959207434427,1.4,1.4,0.6,0.6,0.8,1.2,1.6,0.8,8.0,5.0,1.1666666666666667,1.2222222222222223,19,0.0,D,2.39,3.08,3.11
2085,2018,2018-08-19,Sao Paulo,Chapecoense-SC,1596.9114879528265,1516.1651479423688,80.74634001045774,2.4,1.2,2.2,1.0,0.8,0.8,2.6,0.6,7.0,7.0,2.111111111111111,1.1666666666666667,19,0.75,H,1.6,3.55,6.49
2086,2018,2018-08-21,Vasco,Ceara,1503.743165576479,1471.1954677067538,32.5476978697252,0.8,1.6,0.8,1.6,0.6,0.4,1.4,0.8,9.0,10.0,1.1875,0.8888888888888888,17,,D,1.68,3.43,5.59
2087,2018,2018-08-22,Bahia,Internacional,1503.0724649711253,1569.7139571770194,-66.64149220589411,1.8,2.4,1.8,1.0,1.8,0.4,2.2,2.0,3.0,3.0,1.2222222222222223,2.0,19,1.3333333333333333,A,2.59,2.88,2.99
2088,2018,2018-08-22,Parana,Sao Paulo,1442.9825415410032,1602.9464667574998,-159.9639252164966,0.2,2.4,0.2,1.6,2.0,0.8,1.6,2.4,3.0,3.0,0.7368421052631579,2.1578947368421053,20,,D,4.45,3.21,1.9
2089,2018,2018-08-23,Palmeiras,Botafogo RJ,1583.9865830799322,1493.618079251034,90.36850382889816,2.0,1.0,1.4,0.2,0.4,1.4,2.6,0.4,4.0,4.0,1.736842105263158,1.1578947368421053,20,1.75,H,1.37,4.58,8.68
2090,2018,2018-08-23,Sport Recife,America MG,1459.952644809484,1452.2359289792103,7.7167158302736425,0.2,1.6,0.6,2.4,0.6,0.4,1.0,0.6,5.0,4.0,1.0526315789473684,1.1578947368421053,20,1.0,A,1.92,3.23,4.27
2091,2018,2018-08-23,Fluminense,Corinthians,1482.4275543854235,1535.887475021088,-53.4599206356645,1.0,1.4,0.4,1.0,1.4,0.8,0.8,0.6,4.0,5.0,1.2105263157894737,1.368421052631579,20,1.6,H,2.1,3.06,3.83
2092,2018,2018-08-23,Gremio,Cruzeiro,1582.1426850375892,1522.788963569743,59.3537214678463,2.6,0.4,2.0,0.4,0.4,1.4,3.0,0.4,5.0,4.0,1.894736842105263,1.368421052631579,20,1.8,D,1.86,3.08,4.89
2093,2018,2018-08-23,Flamengo RJ,Vitoria,1576.5875237061978,1455.963886629871,120.62363707632676,1.4,0.8,1.2,1.4,0.4,2.4,2.4,0.2,4.0,4.0,1.9473684210526316,1.0,20,2.25,H,1.29,5.19,10.83
2094,2018,2018-08-24,Atletico-MG,Vasco,1561.0058413770723,1501.007037446394,59.99880393067838,2.0,0.8,2.0,0.8,0.8,1.6,2.4,0.2,5.0,3.0,1.736842105263158,1.1764705882352942,20,2.25,D,1.46,4.26,6.93
2095,2018,2018-08-25,Santos,Bahia,1520.1068271074266,1493.119710563135,26.987116544291666,1.0,1.2,1.0,1.0,1.0,1.0,1.0,0.6,7.0,3.0,1.105263157894737,1.1578947368421053,20,2.25,H,1.81,3.32,4.76
2096,2018,2018-08-25,Athletico-PR,Gremio,1489.7702571059363,1578.7088897889646,-88.93863268302835,1.6,2.2,1.6,0.4,1.8,0.4,2.0,1.6,6.0,2.0,1.0,1.85,19,1.4,H,2.03,3.1,3.98
2097,2018,2018-08-25,Corinthians,Parana,1526.21950311208,1445.6497311181502,80.56977199392986,0.8,0.4,1.0,1.0,0.4,1.4,1.6,0.0,2.0,3.0,1.3,0.75,21,,H,1.69,3.29,6.02
2098,2018,2018-08-26,Botafogo RJ,Sport Recife,1487.8139148840598,1447.8897237111673,39.924191172892506,0.4,0.2,0.2,1.8,0.6,2.6,1.6,0.0,3.0,3.0,1.1,1.0,21,2.5,H,1.76,3.47,4.79
2099,2018,2018-08-26,Cruzeiro,Fluminense,1526.2227588183675,1492.0955262944315,34.12723252393607,0.6,1.0,0.6,1.2,0.4,1.0,1.6,1.0,3.0,3.0,1.35,1.3,21,3.0,H,1.58,3.7,6.23
2100,2018,2018-08-26,Sao Paulo,Ceara,1600.279277180353,1473.9315958368388,126.34768134351407,2.6,1.8,2.0,0.6,0.8,0.4,2.6,1.0,4.0,5.0,2.1,0.8947368421052632,21,,H,1.38,4.4,9.07
2101,2018,2018-08-26,America MG,Flamengo RJ,1464.2988500775268,1581.701157345881,-117.4023072683542,1.6,1.8,0.6,0.2,1.2,1.2,1.2,1.0,3.0,3.0,1.25,2.0,21,0.0,D,4.14,3.16,1.98
2102,2018,2018-08-26,Internacional,Palmeiras,1579.6667115850098,1589.7907474469064,-10.124035861896573,3.0,2.6,1.8,0.0,1.8,0.0,2.6,1.2,4.0,3.0,2.05,1.8,21,2.25,D,2.1,3.13,3.69
2103,2018,2018-08-26,Vitoria,Atletico-MG,1450.8502529901878,1557.555678838081,-106.70542584789314,0.2,1.6,0.2,2.6,1.6,0.8,2.0,1.4,3.0,2.0,0.95,1.7,21,1.25,H,3.17,3.48,2.16
2104,2018,2018-08-26,Vasco,Chapecoense-SC,1504.4571999853854,1510.1301691376955,-5.672969152310088,0.4,1.0,0.6,1.6,0.8,1.2,1.6,0.4,2.0,7.0,1.1666666666666667,1.105263157894737,19,1.0,H,1.94,3.17,4.29
2105,2018,2018-08-29,Athletico-PR,Vasco,1500.4581780872086,1512.76603585839,-12.307857771181489,2.2,1.0,1.8,0.2,1.0,1.0,2.0,0.4,4.0,3.0,1.105263157894737,1.263157894736842,20,3.0,H,1.62,3.74,5.64
2106,2018,2018-08-29,Ceara,Bahia,1468.9423637487591,1485.7071355203896,-16.76477177163042,1.2,1.0,0.6,0.6,0.6,1.0,1.8,0.6,3.0,4.0,0.85,1.1,21,,A,2.52,2.91,3.09
2107,2018,2018-09-01,Gremio,Botafogo RJ,1568.0209688076923,1494.8825323680614,73.13843643963082,2.0,1.0,1.8,0.6,0.6,1.2,2.6,0.2,7.0,6.0,1.7619047619047619,1.1904761904761905,22,2.0,H,1.42,4.17,8.39
2108,2018,2018-09-01,Vitoria,America MG,1462.0448992214092,1465.7957759737744,-3.7508767523652295,0.8,1.2,0.4,1.8,0.8,0.6,2.0,1.2,6.0,6.0,1.0476190476190477,1.2380952380952381,22,3.0,H,2.01,3.2,3.97
2109,2018,2018-09-01,Vasco,Santos,1504.2711159260646,1527.519402150172,-23.24828622410746,1.0,1.6,0.8,0.8,1.4,0.8,1.6,1.2,3.0,7.0,1.2,1.2,21,2.0,A,2.56,3.0,2.94
2110,2018,2018-09-02,Corinthians,Atletico-MG,1532.2587658487862,1546.3610326068595,-14.102266758073256,0.8,1.4,0.4,0.8,1.2,0.6,2.0,0.8,8.0,7.0,1.380952380952381,1.619047619047619,22,1.6,D,2.86,3.12,2.54
2111,2018,2018-09-02,Flamengo RJ,Ceara,1580.2042314496334,1457.5628937158224,122.64133773381104,1.4,0.6,0.8,1.4,0.4,1.0,2.4,0.8,7.0,4.0,1.9523809523809523,0.8095238095238095,22,,A,1.34,4.6,10.14
2112,2018,2018-09-02,Athletico-PR,Bahia,1508.953098019534,1497.0866055533263,11.866492466207774,2.2,1.4,1.2,0.2,0.8,0.8,2.6,1.2,4.0,4.0,1.2,1.1904761904761905,21,2.3333333333333335,H,1.84,3.39,4.46
2113,2018,2018-09-02,Sao Paulo,Fluminense,1605.2685092684326,1484.8736610288354,120.3948482395972,2.6,1.0,1.8,0.6,0.6,1.2,3.0,1.0,7.0,7.0,2.142857142857143,1.2380952380952381,22,1.6,D,1.61,3.62,6.15
2114,2018,2018-09-02,Sport Recife,Parana,1440.8211062271657,1439.610468381444,1.2106378457217488,0.2,0.4,0.4,2.2,0.4,1.0,0.4,0.0,7.0,8.0,0.9523809523809523,0.7142857142857143,22,,H,1.86,3.27,4.57
2115,2018,2018-09-02,Chapecoense-SC,Palmeiras,1501.8213332646908,1591.3572002503086,-89.53586698561776,1.0,2.2,1.0,1.6,1.2,0.0,1.8,1.2,7.0,7.0,1.05,1.7619047619047619,21,2.5,A,3.61,2.97,2.22
2116,2018,2018-09-02,Cruzeiro,Internacional,1533.4446240839636,1578.1002587816076,-44.65563469764402,1.2,2.6,1.0,1.0,1.2,0.0,2.0,2.0,7.0,7.0,1.4285714285714286,2.0,22,1.8,D,2.04,3.03,4.11
2117,2018,2018-09-05,Bahia,Sport Recife,1489.263597386802,1448.9381501634725,40.32544722332955,0.8,0.6,0.6,1.2,0.4,2.0,2.0,0.0,3.0,3.0,1.1363636363636365,1.0454545454545454,23,2.0,H,1.64,3.6,5.66
2118,2018,2018-09-05,Botafogo RJ,Cruzeiro,1488.6614197874292,1532.8597345138123,-44.19831472638316,0.8,1.2,0.6,2.0,0.8,0.8,2.0,0.6,4.0,3.0,1.1363636363636365,1.4090909090909092,23,1.0,D,3.11,2.96,2.49
2119,2018,2018-09-06,Ceara,Corinthians,1472.493342475451,1530.8042018946342,-58.31085941918309,1.0,0.8,0.4,0.8,0.6,1.0,1.6,0.6,4.0,4.0,0.9090909090909091,1.3636363636363635,23,,H,2.26,2.96,3.55
2120,2018,2018-09-06,Palmeiras,Athletico-PR,1600.652172871853,1516.7761061860583,83.87606668579474,2.6,2.6,1.6,0.2,1.6,0.2,2.6,0.4,4.0,4.0,1.8181818181818181,1.2857142857142858,23,1.0,H,1.52,3.78,7.18
2121,2018,2018-09-06,Parana,Chapecoense-SC,1431.4934244451372,1492.5263606431463,-61.03293619800911,0.4,0.8,0.4,1.0,1.0,1.8,1.2,0.4,4.0,4.0,0.6818181818181818,1.0,23,,D,2.39,2.87,3.35
2122,2018,2018-09-06,Atletico-MG,Sao Paulo,1547.8155965610115,1600.387157303189,-52.57156074217755,1.6,2.2,1.4,0.6,1.6,0.6,2.0,2.0,4.0,4.0,1.5909090909090908,2.090909090909091,23,2.0,H,2.11,3.29,3.53
2123,2018,2018-09-06,Internacional,Flamengo RJ,1578.685148351759,1565.2737826900047,13.41136566175419,2.2,1.4,1.0,0.0,0.8,1.2,2.6,0.6,4.0,4.0,1.9545454545454546,1.8636363636363635,23,2.4,H,2.04,3.03,4.11
2124,2018,2018-09-06,Fluminense,Vitoria,1489.755012994079,1470.3000458437332,19.454967150345738,1.0,1.2,0.6,1.2,0.4,1.6,1.4,0.0,4.0,5.0,1.2272727272727273,1.1363636363636365,23,1.0,D,1.73,3.47,5.09
2125,2018,2018-09-06,Santos,Gremio,1538.7153616202086,1574.2420813883246,-35.52671976811598,2.0,2.0,2.0,0.8,2.2,0.6,1.6,1.0,5.0,5.0,1.2857142857142858,1.8181818181818181,22,1.2,D,2.57,2.84,3.09
2126,2018,2018-09-07,America MG,Vasco,1457.5406293514504,1493.075156456028,-35.53452710457759,1.0,1.0,0.8,0.8,0.8,1.2,1.4,0.2,6.0,6.0,1.1818181818181819,1.1428571428571428,23,,H,2.65,2.95,2.87
2127,2018,2018-09-08,Sport Recife,Cruzeiro,1441.88008576693,1533.4577407642892,-91.5776549973591,0.6,1.4,0.2,1.8,1.0,0.8,0.8,0.6,3.0,3.0,1.0,1.391304347826087,24,1.2,D,3.5,2.91,2.29
2128,2018,2018-09-08,Sao Paulo,Bahia,1590.7447240354832,1496.3216617833446,94.4230622521386,1.6,1.2,1.0,0.6,0.8,1.0,2.6,1.0,2.0,3.0,2.0,1.2173913043478262,24,1.75,H,1.71,3.3,5.72
2129,2018,2018-09-09,Flamengo RJ,Chapecoense-SC,1557.4930909791426,1492.6405369559968,64.85255402314579,0.8,0.8,0.8,1.6,1.0,1.8,2.4,0.4,3.0,3.0,1.7826086956521738,1.0,24,2.5,H,1.5,3.8,7.34
2130,2018,2018-09-09,America MG,Ceara,1466.6945723105218,1482.3008373180824,-15.606265007560523,1.6,1.4,1.2,0.8,0.8,1.0,1.8,1.4,2.0,3.0,1.2608695652173914,1.0,24,,D,1.94,3.23,4.19
2131,2018,2018-09-09,Fluminense,Botafogo RJ,1487.3709759672497,1488.0634135369523,-0.6924375697026335,1.2,0.8,0.6,0.6,0.6,2.0,1.6,0.2,3.0,4.0,1.2173913043478262,1.1304347826086956,24,2.0,H,2.47,3.0,3.05
2132,2018,2018-09-09,Internacional,Gremio,1586.465840062621,1575.0883615335106,11.377478529110476,2.2,1.6,0.8,0.2,1.4,0.6,2.6,1.0,3.0,3.0,2.0,1.7826086956521738,24,1.4,H,2.5,2.77,3.3
2133,2018,2018-09-09,Palmeiras,Corinthians,1606.6115050890633,1520.9967070520029,85.61479803706038,2.6,0.8,1.8,0.2,0.6,1.0,3.0,0.6,3.0,3.0,1.8695652173913044,1.3043478260869565,24,1.0,H,1.58,3.59,6.66
2134,2018,2018-09-09,Parana,Santos,1431.3792481322866,1537.8690814750225,-106.48983334273589,0.4,2.0,0.4,1.0,1.8,0.6,1.2,1.2,3.0,3.0,0.6956521739130435,1.2727272727272727,24,,A,3.43,2.95,2.31
2135,2018,2018-09-09,Vitoria,Vasco,1472.6840828705624,1483.9212134969566,-11.237130626394219,1.4,0.8,0.4,0.8,0.8,1.4,2.0,0.2,3.0,2.0,1.1304347826086956,1.0909090909090908,24,1.5,H,2.26,3.16,3.28
2136,2018,2018-09-11,Atletico-MG,Athletico-PR,1557.4580298287174,1510.816773968848,46.64125585986926,1.6,2.4,1.0,0.4,1.6,0.6,2.0,0.4,5.0,5.0,1.6521739130434783,1.2272727272727273,24,1.2,H,1.93,3.28,4.18
2137,2018,2018-09-14,Chapecoense-SC,Athletico-PR,1486.2131737489544,1503.9238584156653,-17.710684666710904,0.2,1.8,0.6,2.0,1.2,1.2,1.2,0.4,5.0,3.0,0.9565217391304348,1.173913043478261,24,1.5,H,2.89,2.83,2.75
2138,2018,2018-09-15,Ceara,Vitoria,1483.7130021709147,1481.1488969676107,2.5641052033040523,1.4,2.0,0.6,0.8,0.6,0.2,1.6,0.2,6.0,6.0,1.0,1.2083333333333333,25,,H,1.92,3.26,4.24
2139,2018,2018-09-15,Gremio,Parana,1567.2519413670436,1422.5677772197969,144.68416414724675,1.0,0.4,1.2,0.8,0.4,1.2,2.6,0.0,6.0,6.0,1.7083333333333333,0.6666666666666666,25,,H,1.52,3.78,7.29
2140,2018,2018-09-15,Vasco,Flamengo RJ,1475.4563993999084,1563.920454186185,-88.46405478627662,0.6,1.4,0.8,1.6,1.2,1.0,1.4,0.4,6.0,6.0,1.0434782608695652,1.8333333333333333,24,1.0,D,5.13,3.49,1.72
2141,2018,2018-09-16,Botafogo RJ,America MG,1479.8934827266228,1465.2824074576895,14.611075268933291,0.8,1.6,0.6,1.6,1.2,0.8,1.6,1.2,7.0,7.0,1.0833333333333333,1.25,25,3.0,H,1.66,3.56,5.71
2142,2018,2018-09-16,Athletico-PR,Fluminense,1495.2766110041832,1495.5409067775793,-0.26429577339604293,1.2,1.6,1.0,1.4,0.8,0.6,3.0,1.0,2.0,7.0,1.125,1.2916666666666667,25,1.4,H,1.62,3.75,5.65
2143,2018,2018-09-16,Bahia,Palmeiras,1490.6131791349983,1612.529048245414,-121.91586911041577,1.2,2.6,0.8,1.0,1.4,0.2,2.0,1.6,8.0,7.0,1.1666666666666667,1.9166666666666667,25,0.0,D,2.94,2.98,2.57
2144,2018,2018-09-16,Cruzeiro,Atletico-MG,1532.6942630045207,1564.3509453819001,-31.65668237737941,1.4,1.6,0.8,0.6,1.0,0.6,1.6,1.0,8.0,5.0,1.375,1.7083333333333333,25,1.0,D,2.76,3.04,2.7
2145,2018,2018-09-16,Santos,Sao Paulo,1546.6805523875123,1596.4532066838294,-49.772654296317114,2.6,1.6,2.0,0.0,0.8,0.6,1.6,1.4,7.0,8.0,1.3478260869565217,2.0416666666666665,24,2.4,D,2.37,3.0,3.25
2146,2018,2018-09-16,Corinthians,Sport Recife,1515.079163895652,1442.6435635266985,72.4356003689536,0.8,0.8,0.6,1.0,0.2,1.2,1.6,0.0,7.0,8.0,1.25,1.0,25,3.0,H,1.63,3.51,6.21
2147,2018,2018-09-18,Chapecoense-SC,Internacional,1494.8604211604365,1594.302260229088,-99.44183906865146,0.8,2.2,1.0,1.8,0.8,0.2,1.6,2.0,4.0,9.0,1.0416666666666667,2.0416666666666665,25,3.0,H,3.69,2.98,2.19
2148,2018,2018-09-22,Sao Paulo,America MG,1596.8912045132047,1457.5345201586483,139.35668435455636,1.6,1.0,0.6,0.4,0.8,1.0,2.6,1.2,6.0,6.0,2.0,1.2,26,3.0,D,1.43,4.02,8.87
2149,2018,2018-09-23,Gremio,Ceara,1571.8564487970257,1491.792499108105,80.06394968892073,1.4,2.0,1.4,0.6,1.0,0.6,2.6,1.6,8.0,8.0,1.76,1.08,26,,H,1.35,4.26,11.64
2150,2018,2018-09-23,Athletico-PR,Parana,1503.4346343076104,1417.9632697898148,85.47136451779556,1.2,0.2,1.4,1.6,0.2,1.4,3.0,0.0,7.0,8.0,1.2,0.64,26,,H,1.5,3.95,6.96
2151,2018,2018-09-23,Corinthians,Internacional,1521.3176302321144,1583.3141789435704,-61.996548711455944,1.4,1.6,1.0,1.0,0.8,0.6,1.6,2.0,7.0,5.0,1.32,1.96,26,2.6,D,2.69,2.86,2.92
2152,2018,2018-09-23,Flamengo RJ,Atletico-MG,1563.2461292825749,1565.3077076864383,-2.06157840386345,1.0,1.6,1.2,1.2,1.0,0.6,2.4,1.2,8.0,7.0,1.8,1.68,26,2.0,H,1.82,3.37,4.62
2153,2018,2018-09-23,Sport Recife,Palmeiras,1436.4050971902361,1610.905376229168,-174.50027903893192,0.8,2.2,0.4,1.2,1.2,0.4,1.0,1.8,7.0,7.0,0.96,1.88,26,1.4,A,4.4,3.33,1.87
2154,2018,2018-09-23,Vitoria,Botafogo RJ,1473.0694000304204,1487.641370025664,-14.571969995243535,2.0,1.4,0.6,0.4,0.8,1.2,2.0,0.2,8.0,7.0,1.16,1.16,26,1.75,A,2.72,3.02,2.75
2155,2018,2018-09-23,Cruzeiro,Santos,1531.7375006999825,1546.242554558137,-14.505053858154497,1.4,2.2,0.6,0.4,1.4,0.0,1.2,1.6,7.0,7.0,1.36,1.3333333333333333,26,1.2,H,2.42,2.91,3.26
2156,2018,2018-09-25,Chapecoense-SC,Fluminense,1505.8485024459542,1487.382883474152,18.465618971802087,1.4,1.0,1.2,1.4,0.8,1.2,2.0,0.4,7.0,9.0,1.12,1.24,26,2.5,A,2.21,3.04,3.57
2157,2018,2018-09-25,Vasco,Bahia,1476.1307243035185,1492.2368511512443,-16.106126847725818,0.2,1.4,0.4,1.6,1.0,0.8,1.0,0.8,10.0,9.0,1.0416666666666667,1.16,25,1.3333333333333333,H,2.05,3.24,3.79
2158,2018,2018-09-28,Santos,Vasco,1537.6857687414997,1484.732662576043,52.9531061654568,1.6,0.8,1.2,0.4,0.8,1.6,1.6,0.2,5.0,3.0,1.28,1.12,26,1.75,D,1.47,3.95,7.66
2159,2018,2018-09-29,Fluminense,Gremio,1499.740045054875,1577.9079934504925,-78.16794839561749,1.6,2.0,1.0,1.0,1.8,0.6,1.6,1.0,4.0,6.0,1.3076923076923077,1.8076923076923077,27,1.2,A,2.82,2.95,2.7
2160,2018,2018-09-29,America MG,Corinthians,1462.8204159087775,1521.2311861083583,-58.41077019958084,1.0,1.0,0.6,0.8,1.0,1.2,1.4,0.6,7.0,6.0,1.1923076923076923,1.3076923076923077,27,0.0,D,2.35,2.87,3.44
2161,2018,2018-09-30,Bahia,Flamengo RJ,1483.63491287872,1571.454174621646,-87.81926174292607,0.8,1.4,0.8,1.2,1.2,1.0,1.6,0.4,5.0,7.0,1.1153846153846154,1.8461538461538463,27,1.5,D,2.72,3.05,2.71
2162,2018,2018-09-30,Palmeiras,Cruzeiro,1617.8540711435712,1540.2942865166199,77.55978462695134,2.6,1.4,1.4,0.4,0.6,0.4,3.0,0.8,7.0,7.0,1.9230769230769231,1.4230769230769231,27,1.2,H,1.58,3.59,6.57
2163,2018,2018-09-30,Atletico-MG,Sport Recife,1557.0996623473673,1429.456402275833,127.64326007153431,1.6,0.8,1.2,0.8,0.4,1.0,2.0,0.0,7.0,7.0,1.6153846153846154,0.9230769230769231,27,2.6,H,1.35,4.69,9.09
2164,2018,2018-09-30,Botafogo RJ,Sao Paulo,1499.0826982714289,1591.6053087630755,-92.52261049164667,1.4,1.2,1.2,1.8,0.6,0.6,1.6,1.6,7.0,8.0,1.2307692307692308,1.9615384615384615,27,0.8,D,2.65,3.04,2.79
2165,2018,2018-09-30,Internacional,Vitoria,1583.4006230673265,1461.6280717846555,121.77255128267097,1.6,1.4,1.0,0.8,1.0,1.2,2.6,0.2,7.0,7.0,1.9230769230769231,1.1153846153846154,27,1.3333333333333333,H,1.31,4.97,9.95
2166,2018,2018-09-30,Santos,Athletico-PR,1534.415492092631,1509.3556183429203,25.059873749710732,1.2,1.2,0.8,0.6,1.6,1.6,1.8,0.4,2.0,7.0,1.2692307692307692,1.2692307692307692,27,3.0,H,1.93,3.23,4.23
2167,2018,2018-09-30,Ceara,Chapecoense-SC,1485.740954454638,1493.4913408652312,-7.750386410593137,2.0,1.4,1.4,0.8,1.2,1.4,1.6,0.4,7.0,5.0,1.0384615384615385,1.0769230769230769,27,,H,2.08,2.98,4.07
2168,2018,2018-10-02,Parana,Vasco,1412.042285754505,1488.0029392249116,-75.96065347040667,0.2,1.0,0.2,1.8,1.0,1.2,0.6,0.4,9.0,4.0,0.6153846153846154,1.1153846153846154,27,,D,2.89,2.91,2.65
2169,2018,2018-10-05,Sport Recife,Internacional,1424.495045092686,1588.4891246029988,-163.99407951031276,0.2,2.0,0.6,2.0,1.4,1.0,0.8,1.6,5.0,5.0,0.8888888888888888,1.962962962962963,28,1.25,H,4.04,3.27,1.96
2170,2018,2018-10-06,Corinthians,Flamengo RJ,1521.4208166521435,1570.7983262559717,-49.37750960382823,1.0,1.6,0.8,1.0,1.2,0.8,1.6,0.6,7.0,6.0,1.2962962962962963,1.8148148148148149,28,2.6,A,2.95,2.87,2.64
2171,2018,2018-10-06,Vitoria,Santos,1456.5395702489832,1541.8798978791876,-85.34032763020446,0.8,1.6,1.0,1.6,1.0,0.6,1.8,1.4,6.0,6.0,1.0740740740740742,1.3333333333333333,28,0.75,A,3.67,3.19,2.09
2172,2018,2018-10-06,Athletico-PR,America MG,1501.8912125563636,1462.6307853649923,39.260427191371264,1.2,1.2,1.6,1.4,0.6,0.6,3.0,0.8,6.0,7.0,1.2222222222222223,1.1851851851851851,28,3.0,H,1.44,4.06,7.94
2173,2018,2018-10-06,Chapecoense-SC,Atletico-MG,1485.1243641159865,1562.0610195305142,-76.93665541452765,1.2,2.0,1.2,1.8,2.0,1.0,1.8,1.0,6.0,6.0,1.037037037037037,1.6666666666666667,28,1.3333333333333333,H,2.86,3.01,2.62
2174,2018,2018-10-06,Sao Paulo,Palmeiras,1590.8147972148267,1623.9666272237266,-33.15183000889988,1.2,2.6,0.8,0.8,1.6,0.4,2.2,2.2,6.0,6.0,1.9259259259259258,1.962962962962963,28,2.6,A,2.66,2.89,2.91
2175,2018,2018-10-07,Gremio,Bahia,1587.5291707975093,1484.2907612443942,103.23840955311516,2.0,1.0,1.2,0.6,0.8,0.8,2.6,0.6,8.0,7.0,1.8518518518518519,1.1111111111111112,28,2.5,D,1.36,4.41,9.83
2176,2018,2018-10-09,Fluminense,Parana,1490.1188677078583,1412.3576541060258,77.76121360183242,1.4,0.4,0.8,1.0,0.4,1.8,1.4,0.0,10.0,7.0,1.2592592592592593,0.6296296296296297,28,,H,1.5,3.72,7.67
2177,2018,2018-10-10,Botafogo RJ,Vasco,1499.8732098196776,1487.6875708733908,12.185638946286872,1.6,1.2,1.6,1.4,1.0,1.0,1.6,0.4,10.0,8.0,1.2222222222222223,1.1111111111111112,28,2.3333333333333335,D,2.15,3.09,3.65
2178,2018,2018-10-13,Flamengo RJ,Fluminense,1581.2476748749584,1496.2265034504271,85.0211714245313,2.2,1.8,1.6,0.4,1.6,1.0,2.4,1.0,7.0,4.0,1.8571428571428572,1.3214285714285714,29,1.0,H,1.69,3.53,5.35
2179,2018,2018-10-13,Santos,Corinthians,1551.2951241250996,1510.9714680331567,40.323656091942894,1.6,1.0,0.8,0.6,0.6,1.2,1.8,0.2,7.0,7.0,1.3928571428571428,1.25,29,2.0,H,1.47,3.82,7.99
2180,2018,2018-10-14,Bahia,Parana,1488.7870025382456,1406.250018363457,82.53698417478859,0.6,0.2,0.8,1.2,0.2,2.4,1.6,0.0,7.0,5.0,1.1071428571428572,0.6071428571428571,29,,H,1.36,4.3,9.98
2181,2018,2018-10-14,Chapecoense-SC,Vitoria,1495.4677935626842,1447.1243440030712,48.343449559612964,1.8,0.6,1.4,1.4,1.0,1.8,1.8,0.2,8.0,8.0,1.1071428571428572,1.0357142857142858,29,1.0,A,1.81,3.28,4.86
2182,2018,2018-10-14,Internacional,Sao Paulo,1575.7145269069363,1579.9006920894174,-4.186165182481091,1.4,1.2,1.2,1.2,0.8,1.0,2.6,1.2,9.0,8.0,1.8928571428571428,1.8571428571428572,29,1.0,H,1.9,3.18,4.49
2183,2018,2018-10-14,Palmeiras,Gremio,1634.880732349136,1583.032929503658,51.8478028454781,2.6,2.0,1.6,0.4,1.6,1.0,3.0,1.4,8.0,7.0,2.0,1.8214285714285714,29,2.6,H,1.91,3.05,4.73
2184,2018,2018-10-14,Vasco,Cruzeiro,1489.8733113882056,1534.1817304364645,-44.308419048258884,1.4,1.2,1.2,1.0,0.8,1.0,1.6,0.6,4.0,14.0,1.1071428571428572,1.3703703703703705,29,0.75,H,2.16,3.07,3.61
2185,2018,2018-10-14,Athletico-PR,Sport Recife,1508.9773028031443,1437.2696427887486,71.70766001439574,1.8,0.8,2.2,0.8,1.0,1.8,3.0,0.0,8.0,9.0,1.2857142857142858,0.9642857142857143,29,1.75,H,1.34,4.81,9.11
2186,2018,2018-10-14,Atletico-MG,America MG,1551.7175900838165,1455.5446951182116,96.17289496560488,1.4,0.6,1.8,1.2,0.2,1.2,2.6,0.8,8.0,8.0,1.6071428571428572,1.1428571428571428,29,3.0,D,1.55,3.87,6.21
2187,2018,2018-10-16,Ceara,Botafogo RJ,1494.1079312038828,1497.6874693048628,-3.5795381009800167,2.0,1.6,1.8,1.0,1.6,1.4,2.0,0.8,16.0,6.0,1.1111111111111112,1.2142857142857142,28,,D,2.09,3.16,3.7
2188,2018,2018-10-20,America MG,Gremio,1459.8772120990302,1576.2747658007456,-116.39755370171542,0.6,2.0,0.2,1.2,1.6,1.2,1.4,0.8,6.0,6.0,1.1379310344827587,1.7586206896551724,30,1.0,D,2.73,2.92,2.83
2189,2018,2018-10-20,Botafogo RJ,Bahia,1499.4371036526975,1494.7786340563314,4.658469596366103,1.8,1.2,1.6,1.2,1.2,1.0,1.8,0.8,4.0,6.0,1.206896551724138,1.1724137931034482,30,1.5,A,2.29,2.98,3.47
2190,2018,2018-10-20,Sao Paulo,Athletico-PR,1571.633395644441,1515.233770608354,56.399625036086945,0.6,2.4,0.8,1.6,2.8,0.4,1.6,0.2,6.0,6.0,1.793103448275862,1.3448275862068966,30,2.0,D,2.15,3.03,3.7
2191,2018,2018-10-20,Sport Recife,Vasco,1431.0131749835389,1499.2784629216826,-68.26528793814373,0.6,1.8,1.0,2.6,1.4,0.8,1.4,0.6,6.0,6.0,0.9310344827586207,1.1724137931034482,30,1.3333333333333333,H,2.69,3.11,2.7
2192,2018,2018-10-21,Fluminense,Atletico-MG,1490.2947120435867,1547.385073102998,-57.09036105941118,1.2,1.0,1.4,1.6,1.2,1.0,2.0,0.4,8.0,7.0,1.2758620689655173,1.5862068965517242,30,1.6,H,2.47,3.14,2.93
2193,2018,2018-10-21,Palmeiras,Ceara,1641.6388960520483,1492.3582968560481,149.28059919600014,2.6,1.6,1.8,0.4,1.4,0.8,3.0,1.0,7.0,5.0,2.0344827586206895,1.1071428571428572,30,,H,1.39,4.21,9.3
2194,2018,2018-10-21,Vitoria,Corinthians,1460.275624113726,1503.9133565455336,-43.637732431807535,0.6,1.0,1.0,1.8,0.6,1.2,1.8,0.2,7.0,8.0,1.103448275862069,1.206896551724138,30,1.25,D,2.41,2.93,3.27
2195,2018,2018-10-21,Cruzeiro,Chapecoense-SC,1524.7765789029875,1482.3165134520293,42.460065450958155,1.0,1.2,0.6,1.2,1.0,1.4,1.8,0.2,7.0,7.0,1.3214285714285714,1.0689655172413792,29,1.0,H,1.56,3.72,6.45
2196,2018,2018-10-21,Parana,Flamengo RJ,1400.2583868453712,1587.1794662817988,-186.9210794364276,0.2,2.2,0.2,2.4,1.8,0.4,0.8,1.2,7.0,8.0,0.5862068965517241,1.896551724137931,30,,A,7.59,3.83,1.49
2197,2018,2018-10-23,Internacional,Santos,1583.9818233519127,1558.3532356127228,25.628587739189925,1.4,2.0,1.6,1.4,1.0,0.6,2.6,1.8,9.0,10.0,1.9310344827586208,1.4482758620689655,30,2.0,D,1.81,3.25,4.91
2198,2018,2018-10-24,Cruzeiro,Ceara,1531.778623566921,1487.8469022390375,43.93172132788345,1.4,1.4,1.2,1.2,1.6,1.2,2.2,0.8,3.0,3.0,1.3793103448275863,1.0689655172413792,30,,A,1.61,3.61,6.08
2199,2018,2018-10-26,Vitoria,Sao Paulo,1459.6615422729506,1568.274818579875,-108.61327630692449,0.8,0.6,1.4,1.8,0.8,1.6,1.4,0.6,5.0,6.0,1.1,1.7666666666666666,31,1.5,A,3.12,3.18,2.32
2200,2018,2018-10-27,Vasco,Internacional,1489.184483147022,1581.4309189979986,-92.24643585097647,1.2,1.6,1.2,1.0,1.8,1.4,2.0,1.0,7.0,4.0,1.1333333333333333,1.9,31,1.3333333333333333,D,3.01,3.21,2.38
2201,2018,2018-10-27,Gremio,Sport Recife,1574.8061231855386,1441.1071547581994,133.6989684273392,1.6,1.2,1.4,1.4,1.2,2.4,2.2,0.0,7.0,7.0,1.7333333333333334,1.0,31,2.0,A,1.6,3.75,5.73
2202,2018,2018-10-27,Santos,Fluminense,1560.9041399666369,1500.0670936566607,60.83704630997613,2.2,1.8,1.2,0.6,1.4,1.0,1.8,0.8,4.0,6.0,1.4333333333333333,1.3333333333333333,31,2.0,H,1.36,4.43,9.73
2203,2018,2018-10-27,Chapecoense-SC,America MG,1475.3144687880958,1461.3458547142372,13.968614073858589,0.6,0.8,0.6,1.8,0.4,1.2,1.8,0.4,6.0,7.0,1.0333333333333334,1.1333333333333333,31,3.0,H,1.98,3.1,4.25
2204,2018,2018-10-27,Corinthians,Bahia,1504.527438386309,1506.7571265850816,-2.2296881987724646,0.6,1.6,0.6,1.4,1.2,0.8,1.6,0.8,6.0,7.0,1.2,1.2333333333333334,31,2.0,H,2.08,3.0,4.01
2205,2018,2018-10-27,Flamengo RJ,Palmeiras,1593.8075802551639,1646.150290669059,-52.34271041389502,2.6,3.0,2.4,0.2,2.0,0.4,2.4,2.2,6.0,6.0,1.9333333333333333,2.066666666666667,31,1.0,D,2.15,3.06,3.7
2206,2018,2018-10-28,Athletico-PR,Botafogo RJ,1518.59234767292,1487.4586111239473,31.133736548972593,2.0,1.2,2.2,0.2,1.4,1.4,3.0,0.8,8.0,8.0,1.3333333333333333,1.1666666666666667,31,2.5,H,1.88,3.32,4.45
2207,2018,2018-10-28,Cruzeiro,Parana,1518.742166686613,1393.6302728720061,125.1118938146069,1.2,0.2,1.2,1.6,0.2,2.8,1.6,0.0,4.0,7.0,1.3333333333333333,0.5666666666666667,31,,H,1.3,5.13,10.36
2208,2018,2018-10-29,Ceara,Atletico-MG,1500.8833591193454,1537.612691489924,-36.729332370578504,1.4,0.8,1.6,1.2,1.2,1.2,2.0,0.4,5.0,8.0,1.1333333333333333,1.5333333333333334,31,,H,2.4,3.1,3.07
2209,2018,2018-11-03,Atletico-MG,Gremio,1528.4245956313007,1559.6385786284618,-31.21398299716111,0.8,1.0,1.2,1.2,1.4,1.8,2.2,1.0,5.0,7.0,1.4838709677419355,1.6774193548387097,32,1.4,A,2.17,3.17,3.46
2210,2018,2018-11-03,Fluminense,Vasco,1493.5384930980115,1489.9670949290355,3.571398168975975,1.2,1.2,1.0,1.4,1.2,1.0,2.0,0.6,7.0,7.0,1.2903225806451613,1.1290322580645162,32,0.0,A,2.79,3.07,2.64
2211,2018,2018-11-03,Palmeiras,Santos,1646.5144356658595,1567.4327405252861,79.0816951405734,2.6,2.6,2.0,0.6,1.6,0.4,3.0,2.0,7.0,7.0,2.032258064516129,1.4838709677419355,32,0.8,H,1.91,3.22,4.32
2212,2018,2018-11-04,America MG,Cruzeiro,1453.5804064943602,1523.758084500126,-70.17767800576576,0.6,1.2,0.2,1.2,1.4,1.6,1.4,0.6,8.0,7.0,1.096774193548387,1.3870967741935485,32,0.0,A,3.94,2.96,2.11
2213,2018,2018-11-04,Botafogo RJ,Corinthians,1480.1570471577254,1512.7401673479571,-32.58312019023174,0.6,1.0,0.8,1.2,0.8,1.4,1.2,0.4,7.0,8.0,1.1290322580645162,1.2580645161290323,32,2.6,H,2.05,3.08,3.97
2214,2018,2018-11-04,Parana,Vitoria,1388.6143550584932,1450.9102811277262,-62.29592606923302,0.2,0.8,0.4,2.8,0.8,1.2,0.6,0.8,7.0,9.0,0.5483870967741935,1.064516129032258,32,,D,3.2,3.06,2.35
2215,2018,2018-11-04,Sao Paulo,Flamengo RJ,1577.0260797250994,1593.4434352583633,-16.417355533263844,1.0,2.2,0.8,1.4,2.2,0.2,1.2,1.6,9.0,8.0,1.8064516129032258,1.903225806451613,32,2.2,D,2.8,3.04,2.64
2216,2018,2018-11-04,Bahia,Chapecoense-SC,1498.5443976234335,1483.0799170079729,15.464480615460616,1.6,1.2,1.2,0.8,0.6,1.4,1.6,0.2,8.0,8.0,1.1935483870967742,1.096774193548387,32,0.0,H,1.64,3.5,5.86
2217,2018,2018-11-04,Internacional,Athletico-PR,1580.6483072159851,1525.8939116391418,54.75439557684331,1.6,2.0,1.8,1.4,2.0,0.4,2.6,0.2,8.0,7.0,1.8709677419354838,1.3870967741935485,32,2.5,H,1.51,3.88,6.94
2218,2018,2018-11-05,Sport Recife,Ceara,1456.2746993152762,1510.0714549779686,-53.796755662692476,1.8,2.0,2.0,2.8,1.6,0.8,2.0,1.4,9.0,7.0,1.064516129032258,1.1935483870967742,32,,H,2.19,3.11,3.49
2219,2018,2018-11-10,America MG,Parana,1443.7294210155746,1388.5365271259031,55.192893889671495,0.4,0.2,0.4,1.6,0.4,2.8,1.2,0.0,6.0,6.0,1.0625,0.5625,33,,A,1.45,3.96,8.1
2220,2018,2018-11-10,Corinthians,Sao Paulo,1503.670502039232,1575.6368018883297,-71.96629984909782,0.8,1.0,0.8,1.6,0.8,1.4,1.6,1.0,6.0,6.0,1.21875,1.78125,33,2.2,D,2.52,2.95,3.03
2221,2018,2018-11-10,Athletico-PR,Cruzeiro,1519.210410080726,1533.6090699789115,-14.398659898185542,2.0,1.8,2.2,0.6,1.6,1.2,3.0,1.0,6.0,6.0,1.34375,1.4375,33,1.0,H,2.07,3.18,3.78
2222,2018,2018-11-10,Botafogo RJ,Flamengo RJ,1489.2267124664506,1594.832713095133,-105.6060006286823,1.0,2.2,0.6,0.8,2.6,0.6,1.6,1.8,6.0,6.0,1.1875,1.875,33,2.2,H,4.01,3.37,1.93
2223,2018,2018-11-11,Atletico-MG,Palmeiras,1517.4552095988465,1652.589870862274,-135.13466126342746,0.2,2.6,0.2,1.0,2.0,0.8,2.0,2.2,8.0,8.0,1.4375,2.0625,33,2.2,D,2.61,3.14,2.76
2224,2018,2018-11-11,Ceara,Internacional,1500.3937985567577,1587.331808774401,-86.9380102176433,1.4,1.6,1.0,0.8,1.8,1.4,2.6,0.6,6.0,7.0,1.15625,1.90625,33,,D,2.73,2.94,2.78
2225,2018,2018-11-11,Gremio,Vasco,1570.607964660916,1501.9155052676592,68.69245939325674,1.0,1.6,1.4,1.8,1.2,0.8,2.0,1.2,8.0,8.0,1.71875,1.1875,33,3.0,H,1.39,4.42,8.5
2226,2018,2018-11-11,Vitoria,Bahia,1450.9881090603162,1506.2689807177553,-55.28087165743909,1.0,2.0,0.8,1.0,1.4,0.8,0.8,0.8,7.0,7.0,1.0625,1.25,33,1.6666666666666667,D,2.75,3.03,2.69
2227,2018,2018-11-11,Fluminense,Sport Recife,1481.5900827593878,1465.952355736487,15.637727022900663,1.2,2.4,1.0,1.4,1.8,1.8,1.8,0.6,8.0,6.0,1.25,1.125,33,2.0,D,1.88,3.38,4.24
2228,2018,2018-11-12,Santos,Chapecoense-SC,1561.3573053288717,1475.355333913651,86.00197141522062,2.0,1.2,1.8,1.0,0.4,1.0,2.2,0.2,9.0,8.0,1.4375,1.0625,33,3.0,A,1.6,3.63,6.09
2229,2018,2018-11-14,Vasco,Athletico-PR,1495.5841736758375,1527.7641975485403,-32.180023872702805,1.4,2.0,1.2,1.0,1.8,0.6,1.6,0.2,3.0,4.0,1.1515151515151516,1.393939393939394,34,1.3333333333333333,D,2.92,3.04,2.55
2230,2018,2018-11-14,Bahia,Ceara,1506.5486467721691,1501.0243874187445,5.524259353424668,2.0,1.4,1.4,0.8,1.2,1.0,2.2,0.8,3.0,3.0,1.2424242424242424,1.1515151515151516,34,,H,1.78,3.24,5.18
2231,2018,2018-11-14,Parana,Atletico-MG,1401.864253653925,1519.4468679389538,-117.58261428502874,0.8,0.4,0.6,2.0,0.4,1.0,0.6,0.2,4.0,3.0,0.6363636363636364,1.4242424242424243,34,,A,6.76,3.86,1.52
2232,2018,2018-11-14,Cruzeiro,Corinthians,1525.0552825110972,1503.8709814012047,21.18430110989243,1.8,1.0,1.6,1.2,1.0,1.2,2.0,0.4,4.0,4.0,1.393939393939394,1.2121212121212122,34,1.4,H,2.03,3.03,4.12
2233,2018,2018-11-14,Palmeiras,Fluminense,1650.5982125221667,1479.3099381317202,171.28827439044653,2.2,0.8,1.8,1.0,0.2,1.4,3.0,0.8,3.0,3.0,2.0303030303030303,1.2424242424242424,34,1.8,H,1.35,4.58,9.32
2234,2018,2018-11-14,Sport Recife,Vitoria,1468.2325003641547,1450.7084430059024,17.52405735825232,2.0,1.2,1.4,1.6,1.2,1.2,2.0,1.0,3.0,3.0,1.121212121212121,1.0606060606060606,34,1.0,D,1.99,3.31,3.83
2235,2018,2018-11-15,Chapecoense-SC,Botafogo RJ,1489.4470730089924,1500.3901546208594,-10.943081611867001,1.2,1.4,0.4,1.0,0.8,0.8,1.8,0.8,3.0,5.0,1.121212121212121,1.2424242424242424,34,2.0,A,2.12,3.02,3.83
2236,2018,2018-11-15,Flamengo RJ,Santos,1583.6692709407241,1547.2655662335303,36.40370470719381,1.6,1.4,2.2,1.0,1.6,1.2,2.0,1.4,5.0,3.0,1.8181818181818181,1.393939393939394,34,1.4,H,1.69,3.55,5.27
2237,2018,2018-11-15,Sao Paulo,Gremio,1575.436322526357,1576.9392962527377,-1.5029737263807874,1.2,1.4,1.0,1.2,1.4,1.6,1.2,1.4,5.0,4.0,1.7575757575757576,1.7575757575757576,34,1.6,D,2.81,2.87,2.77
2238,2018,2018-11-15,Internacional,America MG,1586.7012199124142,1430.4016944875527,156.29952542486149,1.8,0.4,1.8,1.2,0.4,1.0,2.6,0.4,4.0,5.0,1.878787878787879,1.0303030303030303,34,3.0,H,1.35,4.58,9.24
2239,2018,2018-11-17,Corinthians,Vasco,1496.301907648345,1494.6423386047247,1.6595690436201949,1.0,1.0,1.0,1.2,1.0,1.2,1.6,1.0,3.0,3.0,1.1764705882352942,1.1470588235294117,35,2.5,H,1.74,3.35,5.18
2240,2018,2018-11-17,Vitoria,Athletico-PR,1453.039993718427,1528.7060326196531,-75.6660389012261,0.8,1.6,1.0,1.2,1.2,0.8,0.4,0.4,3.0,3.0,1.0588235294117647,1.3823529411764706,35,1.75,A,2.73,3.22,2.57
2241,2018,2018-11-17,Atletico-MG,Bahia,1527.9448690732265,1514.5462221142448,13.398646958981772,0.8,2.0,0.6,1.0,1.4,1.0,1.6,1.0,3.0,3.0,1.4705882352941178,1.2941176470588236,35,1.25,H,1.71,3.56,5.08
2242,2018,2018-11-18,America MG,Santos,1426.0298955799913,1540.1040553581186,-114.0741597781273,0.2,0.8,0.4,1.4,1.4,1.4,0.6,0.8,3.0,3.0,1.0,1.3529411764705883,35,3.0,H,3.34,3.01,2.31
2243,2018,2018-11-18,Botafogo RJ,Internacional,1511.9336033939087,1591.0730188199757,-79.13941542606699,1.8,1.8,1.0,0.8,1.6,1.0,1.6,0.6,3.0,3.0,1.2941176470588236,1.911764705882353,35,1.5,H,2.9,2.89,2.68
2244,2018,2018-11-18,Parana,Palmeiras,1393.3662525196523,1654.6824184054983,-261.316165885846,0.8,2.2,0.6,1.8,2.0,1.0,0.4,1.8,4.0,4.0,0.6176470588235294,2.0588235294117645,35,,D,20.23,6.98,1.15
2245,2018,2018-11-18,Sport Recife,Flamengo RJ,1465.90094965163,1590.8307818161359,-124.9298321645058,2.2,1.6,1.4,0.8,1.8,1.0,2.0,1.6,4.0,3.0,1.1176470588235294,1.8529411764705883,35,1.6,A,3.38,3.21,2.19
2246,2018,2018-11-18,Gremio,Chapecoense-SC,1578.746808074325,1477.9036242359432,100.84318383838172,1.6,1.2,1.6,1.4,0.4,1.0,2.0,0.6,3.0,3.0,1.7352941176470589,1.088235294117647,35,1.5,H,1.46,4.04,7.59
2247,2018,2018-11-18,Sao Paulo,Cruzeiro,1573.6288107047696,1532.624356263957,41.00445444081265,1.4,1.8,1.0,0.8,1.2,1.2,0.8,0.8,3.0,4.0,1.7352941176470589,1.4411764705882353,35,2.4,H,1.94,3.05,4.5
2248,2018,2018-11-19,Fluminense,Ceara,1475.2257322483886,1493.0268120766689,-17.801079828280308,0.8,1.4,0.2,1.4,1.2,1.0,1.4,0.6,5.0,5.0,1.2058823529411764,1.1176470588235294,35,,D,1.96,3.13,4.32
2249,2018,2018-11-21,Internacional,Atletico-MG,1580.6662782540905,1535.725908830274,44.94036942381649,1.6,1.4,1.2,0.8,0.8,0.8,2.6,0.6,3.0,4.0,1.8571428571428572,1.5142857142857142,36,2.0,A,1.81,3.4,4.58
2250,2018,2018-11-21,Santos,Botafogo RJ,1528.7009063582218,1522.340343959794,6.360562398427874,0.6,2.4,1.2,1.4,1.2,0.6,2.0,1.4,3.0,3.0,1.3142857142857143,1.3428571428571427,36,2.0,D,1.91,3.18,4.41
2251,2018,2018-11-21,Athletico-PR,Corinthians,1538.399135747927,1504.4064914715782,33.992644276348756,2.0,1.4,1.6,1.0,0.8,0.8,3.0,0.4,4.0,4.0,1.4285714285714286,1.2285714285714286,36,1.4,H,1.45,4.11,7.4
2252,2018,2018-11-21,Cruzeiro,Vitoria,1525.5841335070406,1443.3468905901532,82.23724291688745,1.8,0.6,1.2,1.0,0.8,1.2,2.4,1.0,3.0,4.0,1.4,1.0285714285714285,36,2.0,H,1.68,3.64,5.09
2253,2018,2018-11-21,Flamengo RJ,Gremio,1599.1227688499484,1584.3057399991278,14.817028850820634,1.6,2.0,1.2,1.0,1.8,1.2,2.6,1.6,3.0,3.0,1.8857142857142857,1.7714285714285714,36,1.2,H,2.14,3.02,3.75
2254,2018,2018-11-21,Palmeiras,America MG,1649.5653204540624,1437.433044579888,212.1322758741744,1.8,0.6,1.8,1.0,0.6,1.4,3.0,0.4,3.0,3.0,2.0285714285714285,1.0571428571428572,36,3.0,H,1.28,5.07,11.43
2255,2018,2018-11-22,Vasco,Sao Paulo,1486.5377547814915,1580.669033461686,-94.13127868019455,1.0,1.8,0.8,1.0,1.2,0.8,1.8,1.2,5.0,4.0,1.1142857142857143,1.7714285714285714,36,0.25,H,2.43,3.01,3.08
2256,2018,2018-11-22,Bahia,Fluminense,1506.7651823571973,1473.8755339205695,32.889648436627795,1.4,0.4,1.2,1.2,0.0,1.4,2.2,0.6,5.0,3.0,1.2571428571428571,1.2,36,0.25,H,1.59,3.67,6.02
2257,2018,2018-11-22,Ceara,Parana,1494.377010404488,1398.4833504710882,95.8936599333997,1.0,1.0,0.8,1.0,0.8,1.2,2.2,0.6,3.0,4.0,1.1142857142857143,0.6285714285714286,36,,H,1.33,4.78,9.7
2258,2018,2018-11-22,Chapecoense-SC,Sport Recife,1472.3446923111403,1457.6089626178175,14.73572969332281,1.2,1.6,0.4,0.8,1.0,0.8,1.2,0.8,4.0,4.0,1.0571428571428572,1.0857142857142856,36,2.0,H,1.83,3.23,4.78
2259,2018,2018-11-24,Santos,Atletico-MG,1526.6753873052126,1548.7886969514877,-22.113309646275184,0.2,2.0,0.8,1.6,1.0,0.6,2.0,1.2,3.0,3.0,1.3055555555555556,1.5555555555555556,37,2.4,H,2.4,3.08,3.06
2260,2018,2018-11-25,Athletico-PR,Ceara,1545.624576181106,1500.0510241194554,45.57355206165062,2.0,1.0,1.4,0.8,0.6,0.8,3.0,0.8,4.0,3.0,1.4722222222222223,1.1666666666666667,37,,D,1.86,3.23,4.57
2261,2018,2018-11-25,Cruzeiro,Flamengo RJ,1531.5830086338544,1606.8650297399365,-75.28202110608208,1.8,2.0,1.2,0.8,1.4,0.8,2.4,2.0,4.0,4.0,1.4444444444444444,1.9166666666666667,37,2.0,A,2.63,2.97,2.87
2262,2018,2018-11-25,Vasco,Palmeiras,1497.374261018549,1652.9381065199752,-155.56384550142616,1.4,2.2,1.0,0.8,2.4,0.8,2.2,1.8,3.0,4.0,1.1666666666666667,2.0555555555555554,37,1.3333333333333333,A,3.84,3.15,2.05
2263,2018,2018-11-25,Vitoria,Gremio,1437.3480154633394,1576.5634791091397,-139.21546364580036,0.6,2.0,0.8,1.6,1.2,0.8,0.4,1.0,4.0,4.0,1.0,1.7222222222222223,37,1.0,D,4.35,3.51,1.82
2264,2018,2018-11-25,America MG,Bahia,1434.0602585139752,1514.0199513737398,-79.95969285976457,0.6,2.0,0.6,2.0,1.4,0.8,1.0,1.0,4.0,3.0,1.0277777777777777,1.3055555555555556,37,,H,2.03,3.02,4.15
2265,2018,2018-11-25,Corinthians,Chapecoense-SC,1497.1810510383991,1480.0891740185657,17.09187701983342,0.8,1.2,0.4,0.8,0.6,1.0,1.6,0.6,4.0,3.0,1.1944444444444444,1.1111111111111112,37,1.5,D,2.02,2.95,4.3
2266,2018,2018-11-25,Internacional,Fluminense,1567.6034901328767,1466.620764904027,100.98272522884963,1.4,0.4,1.2,1.0,0.0,1.2,2.0,0.6,4.0,3.0,1.8055555555555556,1.1666666666666667,37,2.0,H,1.44,4.22,7.45
2267,2018,2018-11-26,Botafogo RJ,Parana,1524.3658630128032,1392.8093367561207,131.55652625668245,2.6,1.0,1.2,0.4,0.6,0.8,2.0,0.6,5.0,4.0,1.3333333333333333,0.6111111111111112,37,,H,1.3,5.02,10.26
2268,2018,2018-11-26,Sao Paulo,Sport Recife,1569.8325272246284,1449.864480910392,119.96804631423629,1.2,1.0,1.0,1.2,0.4,0.6,1.2,0.8,4.0,4.0,1.7222222222222223,1.0555555555555556,37,2.6,D,1.4,4.42,8.09
2269,2018,2018-12-01,Atletico-MG,Botafogo RJ,1540.0168437377947,1529.2436602321054,10.773183505689303,2.0,2.6,1.4,1.0,1.4,0.6,1.6,1.6,7.0,5.0,1.5135135135135136,1.3783783783783783,38,2.2,H,1.33,4.92,9.15
2270,2018,2018-12-01,Flamengo RJ,Athletico-PR,1616.569175748662,1542.5452824067165,74.0238933419455,2.4,2.2,1.4,0.4,1.6,0.8,2.6,1.0,6.0,6.0,1.945945945945946,1.4594594594594594,38,1.8,A,1.43,4.47,6.97
2271,2018,2018-12-02,Bahia,Cruzeiro,1503.5896426915176,1521.878862625129,-18.28921993361132,1.4,1.2,1.2,1.0,0.8,1.0,2.6,0.6,7.0,7.0,1.2702702702702702,1.4054054054054055,38,0.75,D,1.92,3.41,4.02
2272,2018,2018-12-02,Ceara,Vasco,1503.130317893845,1489.9234231138585,13.206894779986442,1.2,0.8,1.0,1.0,0.8,1.0,2.2,0.8,7.0,7.0,1.162162162162162,1.135135135135135,38,,D,2.33,2.9,3.43
2273,2018,2018-12-02,Chapecoense-SC,Sao Paulo,1482.4089583827733,1564.9605381512763,-82.55157976850296,1.4,1.2,0.6,0.8,0.6,0.8,1.8,1.0,7.0,6.0,1.1081081081081081,1.7027027027027026,38,1.75,H,2.26,3.11,3.31
2274,2018,2018-12-02,Fluminense,America MG,1461.065056585097,1444.4905671961974,16.574489388899565,0.4,1.2,0.0,1.4,0.6,1.6,1.6,0.2,7.0,7.0,1.135135135135135,1.0810810810810811,38,3.0,H,2.16,3.16,3.53
2275,2018,2018-12-02,Gremio,Corinthians,1574.4592933333286,1494.8612666741915,79.59802665913708,1.6,1.0,1.0,0.8,0.4,0.6,2.0,0.2,7.0,7.0,1.7027027027027026,1.1891891891891893,38,2.4,H,1.31,4.81,10.64
2276,2018,2018-12-02,Palmeiras,Vitoria,1660.3889444246659,1439.4522012391506,220.9367431855153,2.2,0.6,2.0,0.4,0.6,1.4,3.0,1.0,7.0,7.0,2.081081081081081,1.0,38,3.0,H,1.17,7.15,14.77
2277,2018,2018-12-02,Parana,Internacional,1387.9315395368185,1573.1591984518068,-185.2276589149883,0.8,1.4,0.6,1.0,1.2,0.8,0.6,0.6,6.0,7.0,0.5945945945945946,1.837837837837838,38,,D,4.85,3.36,1.78
2278,2018,2018-12-02,Sport Recife,Santos,1454.7364699837442,1535.4472405189056,-80.71077053516137,0.6,0.8,0.2,0.6,1.0,1.4,2.0,0.8,6.0,8.0,1.054054054054054,1.3513513513513513,38,2.2,H,1.61,3.7,5.75
2279,2019,2019-04-27,Sao Paulo,Botafogo RJ,1540.8418442832012,1516.0429912594245,24.7988530237767,1.0,2.0,0.4,0.8,1.0,0.6,1.4,1.0,146.0,147.0,,,1,1.6,H,1.74,3.37,5.14
2280,2019,2019-04-27,Atletico-MG,Avai,1535.9023867180003,1491.6695482148425,44.232838503157836,2.4,1.6,1.4,0.8,1.2,1.0,1.6,1.0,147.0,510.0,,,1,3.0,H,1.53,3.9,6.34
2281,2019,2019-04-27,Chapecoense-SC,Internacional,1494.685278117336,1552.3729366062087,-57.68765848887256,1.4,1.4,0.6,0.8,1.2,0.8,1.8,0.6,146.0,146.0,,,1,3.0,H,2.94,2.94,2.59
2282,2019,2019-04-28,Flamengo RJ,Cruzeiro,1577.0763474179678,1517.411448507091,59.66489891087667,2.4,1.4,1.4,0.4,0.8,0.6,2.0,0.8,148.0,147.0,,,1,3.0,H,2.21,3.12,3.4
2283,2019,2019-04-28,Gremio,Santos,1560.391622705327,1518.7465171145443,41.645105590782805,1.6,0.8,0.8,0.6,1.2,1.6,2.0,0.2,147.0,147.0,,,1,2.2,A,1.71,3.41,5.31
2284,2019,2019-04-28,Athletico-PR,Vasco,1542.259496198566,1494.1028515428516,48.156644655714445,2.2,1.0,1.6,1.0,0.6,0.6,2.6,0.8,148.0,147.0,,,1,3.0,H,1.46,4.02,7.31
2285,2019,2019-04-28,Bahia,Corinthians,1501.6899304803937,1491.598797300313,10.09113318008076,1.4,0.8,0.8,0.6,0.2,0.6,2.6,0.2,147.0,147.0,,,1,1.4,H,2.23,3.06,3.44
2286,2019,2019-04-28,Ceara,CSA,1500.687454212926,1500.0,0.6874542129260135,1.2,,0.8,0.8,,,1.8,,147.0,,,,1,,H,1.84,3.32,4.49
2287,2019,2019-04-28,Fluminense,Goias,1476.569525486666,1480.2188051543724,-3.6492796677064234,0.8,0.8,0.2,1.4,1.4,2.2,1.6,0.8,147.0,1239.0,,,1,3.0,A,1.75,3.49,4.75
2288,2019,2019-04-28,Palmeiras,Fortaleza,1622.7164948361865,1500.0,122.71649483618648,2.6,,2.4,0.6,,,3.0,,147.0,,,,1,,H,1.36,4.66,8.53
2289,2019,2019-05-01,CSA,Palmeiras,1491.8684274201191,1627.7844089140747,-135.91598149395554,0.0,2.6,0.0,4.0,2.6,0.6,,1.8,3.0,3.0,0.0,3.0,2,,D,6.88,3.85,1.51
2290,2019,2019-05-01,Corinthians,Chapecoense-SC,1483.7270581298346,1504.4748430808606,-20.747784951026006,0.8,2.0,0.6,1.0,1.0,0.6,1.6,0.8,3.0,4.0,0.0,3.0,2,1.4,H,1.62,3.42,6.38
2291,2019,2019-05-01,Internacional,Flamengo RJ,1542.5833716426841,1583.6346542390784,-41.05128259639423,0.8,2.4,0.8,1.2,1.8,0.6,2.0,2.0,4.0,3.0,0.0,3.0,2,2.4,H,2.33,3.09,3.17
2292,2019,2019-05-01,Avai,Gremio,1484.7138707826173,1547.4150305812148,-62.70115979859747,1.6,1.4,1.4,1.2,0.8,0.8,1.6,1.2,4.0,3.0,0.0,0.0,2,0.5,D,3.72,3.11,2.1
2293,2019,2019-05-01,Cruzeiro,Ceara,1510.8531416859805,1508.8190267928069,2.034114893173637,0.8,1.8,0.8,1.2,1.4,0.4,1.8,1.0,3.0,3.0,0.0,3.0,2,0.0,H,1.46,3.97,7.58
2294,2019,2019-05-02,Fortaleza,Athletico-PR,1494.9320859221118,1549.1130596509377,-54.18097372882585,0.0,2.6,0.0,4.0,2.2,1.0,,1.6,4.0,4.0,0.0,3.0,2,,H,3.42,3.09,2.21
2295,2019,2019-05-02,Goias,Sao Paulo,1491.9664935588412,1548.313281173688,-56.34678761484679,1.4,1.4,1.4,1.4,0.6,0.6,0.6,0.8,4.0,5.0,3.0,3.0,2,2.0,A,3.03,2.98,2.49
2296,2019,2019-05-02,Vasco,Atletico-MG,1487.24928809048,1542.8580641502256,-55.60877605974565,0.8,2.4,0.6,1.2,1.6,1.0,1.6,1.2,4.0,5.0,0.0,3.0,2,1.6,A,3.15,3.17,2.3
2297,2019,2019-05-02,Santos,Fluminense,1531.7231092386567,1464.8218370821971,66.90127215645953,1.4,0.8,1.6,1.6,0.2,1.0,2.0,0.0,4.0,4.0,3.0,0.0,2,2.0,H,1.61,3.69,5.64
2298,2019,2019-05-03,Botafogo RJ,Bahia,1508.5715543689378,1509.561669650872,-0.9901152819343224,1.4,1.4,0.8,1.0,1.0,0.8,2.4,0.8,6.0,5.0,0.0,3.0,2,1.2,H,2.27,3.0,3.42
2299,2019,2019-05-04,Palmeiras,Internacional,1625.7711641149783,1551.895161774018,73.87600234096021,2.6,1.4,2.6,0.6,1.2,1.2,3.0,0.6,3.0,3.0,2.0,1.5,3,1.4,H,1.6,3.7,5.78
2300,2019,2019-05-04,Vasco,Corinthians,1476.97905274791,1492.460220082903,-15.481167334993188,0.8,0.8,0.8,1.4,0.6,1.0,1.0,0.0,2.0,3.0,0.0,1.5,3,0.6,D,3.1,3.06,2.39
2301,2019,2019-05-05,Ceara,Atletico-MG,1500.7248338453019,1553.1282994927956,-52.403465647493704,1.6,2.4,1.4,0.6,1.8,1.2,2.2,1.8,4.0,3.0,1.5,3.0,3,3.0,A,2.31,3.12,3.17
2302,2019,2019-05-05,Chapecoense-SC,Athletico-PR,1495.7416811277922,1539.4243556460922,-43.68267451830002,2.0,2.0,1.0,0.4,2.0,1.2,2.4,1.4,4.0,3.0,1.5,1.5,3,1.8,D,2.49,2.96,3.04
2303,2019,2019-05-05,Botafogo RJ,Fortaleza,1516.7497673786181,1504.6207899269573,12.12897745166083,1.4,1.5,1.2,1.4,1.0,2.5,3.0,0.0,2.0,3.0,1.5,1.5,3,,H,1.71,3.68,4.74
2304,2019,2019-05-05,CSA,Santos,1493.8816722192155,1538.0991407032504,-44.21746848403495,0.5,2.0,0.5,2.5,1.8,1.4,1.0,0.6,4.0,3.0,0.5,3.0,3,,D,4.57,3.37,1.81
2305,2019,2019-05-05,Cruzeiro,Goias,1518.9473346334855,1481.7174855707224,37.22984906276315,1.4,1.4,1.0,1.0,1.4,1.2,2.4,1.4,4.0,3.0,1.5,1.5,3,3.0,H,1.38,4.36,8.71
2306,2019,2019-05-05,Sao Paulo,Flamengo RJ,1558.5622891618068,1574.3228641077444,-15.760574945937606,1.4,1.8,0.8,0.8,1.8,1.0,1.8,1.4,3.0,4.0,3.0,1.5,3,1.8,D,1.99,3.28,3.85
2307,2019,2019-05-05,Bahia,Avai,1501.3834566411917,1484.6477058084304,16.73575083276137,1.4,1.6,1.4,1.2,1.2,1.0,2.6,0.4,2.0,4.0,1.5,0.5,3,1.0,H,1.6,3.68,5.87
2308,2019,2019-05-05,Gremio,Fluminense,1547.4811955554017,1458.4458056176034,89.0353899377983,1.0,0.6,0.6,1.0,0.4,1.4,1.8,0.0,4.0,3.0,0.5,0.0,3,2.0,A,1.51,3.85,6.79
2309,2019,2019-05-11,Fluminense,Botafogo RJ,1472.609975394089,1524.5655798548783,-51.955604460789345,1.2,1.8,1.4,1.8,1.2,1.2,1.0,0.8,6.0,6.0,1.0,2.0,4,2.0,A,1.98,3.26,3.91
2310,2019,2019-05-11,Corinthians,Gremio,1493.8759135530968,1533.317025778916,-39.441112225819325,1.0,1.0,0.8,1.0,1.4,1.6,2.2,1.2,7.0,6.0,1.3333333333333333,0.3333333333333333,4,1.2,D,2.87,2.89,2.67
2311,2019,2019-05-12,Goias,Ceara,1474.5778224278602,1490.3624352170216,-15.784612789161429,1.2,1.0,1.2,1.2,1.4,1.0,0.6,0.4,7.0,7.0,1.0,1.0,4,,H,2.12,3.08,3.69
2312,2019,2019-05-12,Flamengo RJ,Chapecoense-SC,1575.7306758615546,1495.1288879565923,80.6017879049623,1.4,1.6,1.6,1.2,0.8,0.4,2.0,0.8,7.0,7.0,1.3333333333333333,1.3333333333333333,4,2.6,H,1.41,4.23,7.98
2313,2019,2019-05-12,Atletico-MG,Palmeiras,1563.4906981210759,1631.97409393441,-68.48339581333403,2.4,2.6,1.8,1.2,2.0,0.6,2.0,1.4,7.0,8.0,3.0,2.3333333333333335,4,1.8,A,3.12,2.99,2.42
2314,2019,2019-05-12,Internacional,Cruzeiro,1545.6922319545865,1526.0869977763477,19.60523417823879,1.4,1.4,1.0,1.0,0.8,1.2,2.4,0.8,8.0,7.0,1.0,2.0,4,1.4,H,2.02,3.12,3.98
2315,2019,2019-05-12,Santos,Vasco,1538.6965976339307,1475.5633592777162,63.133238356214406,2.0,0.4,1.6,1.2,0.6,1.6,2.0,0.8,7.0,8.0,2.3333333333333335,0.3333333333333333,4,1.6,H,1.4,4.52,7.44
2316,2019,2019-05-12,Athletico-PR,Bahia,1540.037148817292,1509.0733731151352,30.96377570215691,1.6,1.4,2.0,1.4,1.2,1.2,2.6,0.2,7.0,7.0,1.3333333333333333,2.0,4,2.5,H,1.8,3.39,4.59
2317,2019,2019-05-12,Avai,CSA,1476.957789334487,1493.2842152885353,-16.326425954048318,1.0,0.6666666666666666,0.8,1.0,0.3333333333333333,1.6666666666666667,1.6,0.0,7.0,7.0,0.3333333333333333,0.6666666666666666,4,,D,1.69,3.5,5.28
2318,2019,2019-05-12,Fortaleza,Sao Paulo,1496.8049774506972,1557.1544774079966,-60.349499957299486,1.0,1.6,0.6666666666666666,2.0,1.0,0.6,3.0,1.4,7.0,7.0,1.0,2.3333333333333335,4,,A,2.86,3.03,2.58
2319,2019,2019-05-18,Fluminense,Cruzeiro,1462.2347038225698,1518.475113596119,-56.24040977354912,1.2,1.4,1.4,1.6,1.0,1.4,1.0,0.2,7.0,6.0,0.75,1.5,5,2.2,H,2.59,2.98,2.91
2320,2019,2019-05-18,Atletico-MG,Flamengo RJ,1553.5909549527005,1581.7691616931254,-28.178206740424912,2.4,1.4,1.4,1.0,1.6,1.4,2.0,1.4,6.0,6.0,2.25,1.75,5,2.0,H,2.84,3.14,2.52
2321,2019,2019-05-18,Palmeiras,Santos,1641.8738371027853,1545.1672065808402,96.70663052194504,2.6,2.0,2.2,0.6,1.6,0.8,3.0,0.8,6.0,6.0,2.5,2.5,5,1.4,H,1.67,3.58,5.32
2322,2019,2019-05-19,Sao Paulo,Bahia,1567.2883215656575,1501.7672728881096,65.52104867754792,2.0,1.4,1.2,0.6,1.2,1.2,1.8,0.2,7.0,7.0,2.5,1.5,5,2.0,D,1.76,3.4,4.91
2323,2019,2019-05-19,Athletico-PR,Corinthians,1547.3432490443176,1493.141593794925,54.201655249392616,2.0,1.0,1.8,1.0,0.8,1.0,2.6,0.2,7.0,8.0,1.75,1.25,5,1.8,A,2.29,2.95,3.43
2324,2019,2019-05-19,Chapecoense-SC,Fortaleza,1489.0904021250215,1486.6711332930363,2.419268831985164,1.4,0.75,1.0,0.8,0.5,1.75,2.0,0.0,7.0,7.0,1.0,0.75,5,,A,2.31,2.97,3.37
2325,2019,2019-05-19,Goias,Botafogo RJ,1483.1706888330955,1534.9408514263973,-51.77016259330185,1.2,1.8,1.0,1.2,1.0,1.0,1.2,1.4,7.0,8.0,1.5,2.25,5,3.0,H,2.19,3.14,3.44
2326,2019,2019-05-19,Internacional,CSA,1553.3041161348153,1494.676059681907,58.62805645290837,1.4,0.75,1.2,1.2,0.25,1.25,2.4,0.5,7.0,7.0,1.5,0.75,5,,H,1.23,5.62,14.01
2327,2019,2019-05-19,Ceara,Gremio,1481.7695688117863,1534.0513455370879,-52.2817767253016,0.8,1.0,1.2,1.0,1.4,1.6,1.6,0.8,7.0,8.0,0.75,0.5,5,0.0,H,2.94,2.98,2.56
2328,2019,2019-05-19,Vasco,Avai,1469.0927503308067,1475.5659449411153,-6.47319461030861,0.4,0.6,0.6,2.0,0.6,1.0,1.0,0.4,7.0,7.0,0.25,0.5,5,3.0,D,1.7,3.55,5.15
2329,2019,2019-05-25,Botafogo RJ,Palmeiras,1525.321452819992,1647.5288498698967,-122.20739704990478,1.8,2.6,1.0,1.0,2.4,0.2,3.0,1.8,6.0,7.0,1.8,2.6,6,0.8,A,8.15,4.13,1.42
2330,2019,2019-05-25,Gremio,Atletico-MG,1524.4172420096395,1562.5350887934096,-38.11784678377012,0.4,2.4,1.4,2.0,1.6,1.2,1.8,2.4,6.0,7.0,0.4,2.4,6,2.6,H,1.61,3.76,5.57
2331,2019,2019-05-26,Flamengo RJ,Athletico-PR,1572.8250278524163,1534.040917338336,38.78411051408034,1.4,1.4,1.6,1.4,1.4,1.2,2.4,1.6,8.0,7.0,1.4,1.4,6,1.8,H,1.4,4.35,8.08
2332,2019,2019-05-26,Santos,Internacional,1539.5121938137288,1559.8887577049386,-20.3765638912098,2.0,1.8,1.4,1.2,1.4,1.0,2.0,0.4,8.0,7.0,2.0,1.8,6,0.8,D,1.82,3.46,4.38
2333,2019,2019-05-26,Bahia,Fluminense,1505.3566831056835,1471.9826359559493,33.374047149734224,1.4,1.2,1.2,1.2,2.0,1.8,2.6,0.6,7.0,8.0,1.4,1.2,6,0.8,H,1.89,3.27,4.29
2334,2019,2019-05-26,Corinthians,Sao Paulo,1506.4439255009067,1563.6989113480836,-57.25498584717684,1.6,2.2,1.2,0.8,1.2,0.4,1.8,1.4,7.0,7.0,1.6,2.2,6,2.2,H,2.36,2.76,3.56
2335,2019,2019-05-26,Cruzeiro,Chapecoense-SC,1508.7271814627395,1477.1739143528634,31.55326710987606,1.2,0.8,1.2,2.2,1.0,1.4,2.4,0.8,8.0,7.0,1.2,0.8,6,1.4,A,1.39,4.22,9.06
2336,2019,2019-05-26,Fortaleza,Vasco,1498.5876210651943,1467.4239684893507,31.16365257584357,1.2,0.4,1.0,1.6,0.8,2.2,1.5,0.2,7.0,7.0,1.2,0.4,6,,D,1.88,3.33,4.21
2337,2019,2019-05-28,Avai,Ceara,1477.2347267825712,1491.4036723392346,-14.168945556663402,0.6,1.2,0.6,1.0,1.6,1.2,1.6,0.4,9.0,9.0,0.6,1.2,6,,A,2.49,2.88,3.14
2338,2019,2019-05-28,CSA,Goias,1488.0914181117837,1492.790087439501,-4.698669327717198,0.6,1.8,0.2,1.4,1.2,1.0,1.0,1.4,9.0,9.0,0.6,1.8,6,,H,2.64,2.89,2.92
2339,2019,2019-06-01,Flamengo RJ,Fortaleza,1579.9236685455337,1495.8883866955252,84.03528185000846,1.4,1.4,1.6,1.6,1.2,1.0,2.4,1.0,6.0,6.0,1.6666666666666667,1.1666666666666667,7,,H,1.41,4.4,7.63
2340,2019,2019-06-01,Bahia,Gremio,1512.5985656657926,1533.6450517579883,-21.046486092195664,1.4,1.0,1.2,1.2,1.4,1.6,2.6,0.6,6.0,7.0,1.6666666666666667,0.8333333333333334,7,1.4,H,2.4,2.92,3.23
2341,2019,2019-06-02,Botafogo RJ,Vasco,1516.9532933611888,1470.1232028590198,46.830090502169014,1.8,0.6,1.0,0.8,0.8,1.6,2.4,0.4,8.0,7.0,1.5,0.5,7,2.0,H,2.24,3.13,3.3
2342,2019,2019-06-02,Athletico-PR,Fluminense,1526.9422766452185,1464.74075339584,62.2015232493784,0.8,1.2,1.0,1.6,2.4,2.2,2.0,0.6,7.0,7.0,1.1666666666666667,1.0,7,1.8,H,1.64,3.76,5.23
2343,2019,2019-06-02,Ceara,Santos,1502.8563576758336,1538.234844067522,-35.37848639168851,1.2,1.6,1.2,1.4,1.0,1.0,2.0,0.8,5.0,7.0,1.5,1.8333333333333333,7,1.0,A,2.69,3.13,2.65
2344,2019,2019-06-02,Sao Paulo,Cruzeiro,1553.9217938569188,1496.0175532734277,57.90424058349117,1.6,1.2,0.8,0.6,1.2,2.0,1.8,0.2,7.0,7.0,1.8333333333333333,1.0,7,3.0,D,2.26,2.93,3.52
2345,2019,2019-06-02,Atletico-MG,CSA,1553.3072790450608,1496.3730263941698,56.93425265089104,1.8,1.2,1.2,1.2,0.4,0.6,2.4,0.3333333333333333,8.0,5.0,2.0,1.0,7,,H,1.42,4.28,7.77
2346,2019,2019-06-02,Chapecoense-SC,Palmeiras,1489.8835425421753,1655.8970093286998,-166.01346678652453,0.8,2.6,1.0,1.6,1.8,0.2,2.0,2.2,7.0,8.0,1.1666666666666667,2.6666666666666665,7,2.0,A,5.92,3.49,1.63
2347,2019,2019-06-02,Internacional,Avai,1561.1661074511453,1465.7820414459723,95.38406600517305,2.0,0.6,1.4,0.6,0.6,1.0,2.4,0.6,7.0,5.0,1.6666666666666667,0.5,7,3.0,H,1.43,4.14,7.95
2348,2019,2019-06-08,Vasco,Internacional,1463.2351968712396,1566.8520511593265,-103.61685428808687,0.6,2.0,0.6,1.4,1.4,0.4,1.0,0.4,6.0,6.0,0.42857142857142855,1.8571428571428572,8,1.25,H,3.0,3.04,2.46
2349,2019,2019-06-08,Palmeiras,Athletico-PR,1663.0688504829445,1533.4363842167431,129.6324662662014,3.0,1.4,2.0,0.2,1.4,1.2,3.0,1.4,6.0,6.0,2.7142857142857144,1.4285714285714286,8,1.4,H,1.55,3.77,6.35
2350,2019,2019-06-08,Cruzeiro,Corinthians,1499.4144956435707,1516.2210429920715,-16.80654734850077,0.8,2.2,1.2,2.2,1.0,0.2,1.8,0.8,6.0,13.0,1.0,1.8333333333333333,8,1.4,D,1.88,3.16,4.58
2351,2019,2019-06-08,Gremio,Fortaleza,1524.9034295520185,1489.9328881511844,34.97054140083401,0.8,0.8,1.2,1.6,0.8,1.2,1.8,0.75,7.0,7.0,0.7142857142857143,1.0,8,,H,1.45,4.08,7.56
2352,2019,2019-06-08,Ceara,Bahia,1492.0058417405553,1521.3401878717625,-29.334346131207212,1.2,2.0,1.2,1.4,1.0,0.6,1.4,0.2,6.0,7.0,1.2857142857142858,1.8571428571428572,8,0.0,D,2.52,2.88,3.09
2353,2019,2019-06-09,Avai,Sao Paulo,1460.096097737791,1550.5248514867758,-90.42875374898472,0.4,1.2,0.4,1.2,0.6,0.6,1.6,1.2,7.0,7.0,0.42857142857142855,1.7142857142857142,8,2.0,D,2.99,2.82,2.67
2354,2019,2019-06-09,CSA,Botafogo RJ,1489.7452484635667,1523.841299348969,-34.09605088540229,1.0,1.8,0.2,1.2,0.6,0.4,1.6666666666666667,0.8,7.0,7.0,0.8571428571428571,1.7142857142857142,8,,A,2.98,2.91,2.57
2355,2019,2019-06-09,Fluminense,Flamengo RJ,1458.2466458243155,1585.8791670898745,-127.63252126555903,1.2,2.0,2.2,2.4,1.8,1.2,1.4,1.4,7.0,8.0,0.8571428571428571,1.8571428571428572,8,0.8,D,4.57,3.56,1.77
2356,2019,2019-06-09,Santos,Atletico-MG,1549.0853600028004,1559.9350569756639,-10.849696972863512,1.6,1.8,0.8,0.8,1.6,1.0,2.2,1.8,7.0,7.0,2.0,2.142857142857143,8,2.4,H,1.73,3.67,4.65
2357,2019,2019-06-11,Goias,Chapecoense-SC,1484.5084791571148,1482.7117013879306,1.7967777691842457,1.2,0.8,1.0,1.2,1.2,1.8,1.2,0.8,14.0,9.0,1.5,1.0,7,2.0,H,1.85,3.28,4.53
2358,2019,2019-06-12,Botafogo RJ,Gremio,1534.728448069304,1532.102910925106,2.625537144198006,1.8,1.4,0.8,0.6,0.6,0.6,2.4,0.6,3.0,4.0,1.875,1.0,9,1.8,A,3.01,2.98,2.5
2359,2019,2019-06-13,Fortaleza,Cruzeiro,1482.7334067780969,1498.036205147071,-15.302798368974209,0.8,0.4,0.8,1.2,0.8,2.0,1.3333333333333333,0.4,5.0,5.0,0.875,1.0,9,,H,3.2,2.96,2.41
2360,2019,2019-06-13,CSA,Flamengo RJ,1478.8580997432316,1584.0957355686778,-105.2376358254462,0.8,2.0,0.4,1.6,1.6,1.0,1.25,1.0,4.0,4.0,0.75,1.75,9,,A,11.74,5.64,1.24
2361,2019,2019-06-13,Internacional,Bahia,1555.7451233004267,1522.363137203199,33.38198609722781,2.0,1.6,1.6,0.6,0.8,0.6,3.0,0.4,5.0,5.0,1.625,1.75,9,2.25,H,1.74,3.34,5.18
2362,2019,2019-06-13,Santos,Corinthians,1557.5392875429945,1517.5993334885711,39.939954054423424,2.0,1.8,1.4,1.0,0.8,0.2,2.6,1.0,4.0,5.0,2.125,1.7142857142857142,9,2.4,H,1.68,3.48,5.41
2363,2019,2019-06-13,Vasco,Ceara,1474.3421247301394,1490.982892409119,-16.6407676789795,1.0,1.4,0.8,1.4,1.0,1.0,1.0,1.0,5.0,5.0,0.75,1.25,9,1.0,H,2.22,3.08,3.44
2364,2019,2019-06-14,Atletico-MG,Sao Paulo,1551.4811294354697,1549.794257192222,1.6868722432477625,1.2,1.2,1.4,1.4,0.4,0.4,2.4,1.4,5.0,5.0,1.875,1.625,9,2.4,D,1.94,3.23,4.15
2365,2019,2019-06-14,Chapecoense-SC,Fluminense,1474.6109245856037,1460.0300773455122,14.580847240091543,0.6,0.8,1.2,2.2,1.2,1.6,1.4,0.6,3.0,5.0,0.875,0.875,9,2.0,D,2.7,2.96,2.79
2366,2019,2019-06-14,Goias,Athletico-PR,1492.6092559594417,1528.5176220562043,-35.90836609676262,1.8,1.2,1.4,1.0,1.2,1.2,1.8,0.8,3.0,6.0,1.7142857142857142,1.25,8,3.0,H,2.86,3.1,2.53
2367,2019,2019-06-14,Palmeiras,Avai,1667.9876126434833,1460.826692032345,207.1609206111384,3.0,0.6,2.0,0.2,0.4,1.0,3.0,0.4,6.0,5.0,2.75,0.5,9,3.0,H,1.24,5.35,14.04
2368,2019,2019-07-13,Fortaleza,Avai,1491.3126826948792,1457.3729000406604,33.93978265421879,1.4,0.4,1.2,1.2,0.4,1.4,1.75,0.2,30.0,29.0,1.1111111111111112,0.4444444444444444,10,,H,1.96,3.09,4.34
2369,2019,2019-07-13,Gremio,Vasco,1544.0251168680968,1482.9591536632493,61.06596320484755,1.8,1.6,0.8,0.6,1.0,0.8,1.8,0.4,31.0,30.0,1.2222222222222223,1.0,10,3.0,H,1.58,3.74,6.07
2370,2019,2019-07-13,Bahia,Santos,1515.12146576046,1564.6074903260976,-49.486024565637535,1.6,2.0,1.0,1.0,1.0,1.0,2.6,1.4,30.0,30.0,1.5555555555555556,2.2222222222222223,10,1.6,A,2.71,3.06,2.7
2371,2019,2019-07-13,Sao Paulo,Palmeiras,1551.6904309745182,1671.4414046351678,-119.7509736606496,0.8,3.0,0.4,0.6,2.0,0.2,1.4,2.6,29.0,29.0,1.5555555555555556,2.7777777777777777,10,2.0,D,3.67,2.82,2.28
2372,2019,2019-07-14,Flamengo RJ,Goias,1592.9427535782286,1501.7738828170575,91.16887076117109,2.0,2.4,1.6,0.8,1.6,0.8,2.4,1.4,31.0,30.0,1.8888888888888888,1.875,10,1.6666666666666667,H,1.23,5.89,11.76
2373,2019,2019-07-14,Athletico-PR,Internacional,1519.3529951985886,1562.9867947431655,-43.63379954457696,0.6,2.0,1.2,1.6,1.6,0.6,2.0,0.4,30.0,31.0,1.1111111111111112,1.7777777777777777,10,2.0,H,1.63,3.64,5.75
2374,2019,2019-07-14,Corinthians,CSA,1510.531130705468,1470.0110817336808,40.52004897178722,1.6,0.6,0.6,0.2,0.4,2.0,2.2,0.25,31.0,31.0,1.5,0.6666666666666666,9,,H,1.36,4.28,10.09
2375,2019,2019-07-14,Cruzeiro,Botafogo RJ,1489.4569292302888,1522.8062421263132,-33.34931289602446,0.4,1.2,0.8,1.8,0.6,0.8,1.4,1.2,31.0,32.0,0.8888888888888888,1.6666666666666667,10,2.0,D,1.66,3.6,5.45
2376,2019,2019-07-14,Chapecoense-SC,Atletico-MG,1472.3596378052787,1549.5849556531734,-77.22531784789476,0.8,1.4,1.2,2.0,1.6,1.2,1.0,1.2,30.0,30.0,0.8888888888888888,1.7777777777777777,10,1.75,A,2.42,3.1,3.04
2377,2019,2019-07-16,Fluminense,Ceara,1462.2813641258372,1482.365863476009,-20.084499350171882,1.0,1.4,1.4,1.6,0.8,0.8,1.4,0.8,32.0,33.0,0.8888888888888888,1.1111111111111112,10,1.0,D,1.66,3.52,5.55
2378,2019,2019-07-20,Vasco,Fluminense,1476.4363465507595,1460.995746135135,15.44060041562443,1.4,0.6,1.0,1.0,0.8,1.6,1.6,0.8,7.0,4.0,0.9,0.9,11,1.4,H,2.34,3.18,3.1
2379,2019,2019-07-20,Bahia,Cruzeiro,1504.675234190377,1488.5484609165967,16.126773273780373,1.4,0.6,1.0,1.2,0.6,1.0,2.4,0.2,7.0,6.0,1.4,0.9,11,0.8,D,1.67,3.58,5.39
2380,2019,2019-07-20,CSA,Athletico-PR,1462.9581328088568,1528.7388005871617,-65.78066777830486,0.6,1.2,0.4,1.8,1.4,1.2,1.0,0.2,6.0,6.0,0.6,1.3,11,,A,3.34,3.23,2.19
2381,2019,2019-07-20,Ceara,Palmeiras,1483.6514814667112,1669.878461269605,-186.22697980289377,1.0,2.6,0.6,0.8,1.4,0.4,1.4,2.2,4.0,7.0,1.1,2.6,11,1.0,H,4.84,3.27,1.81
2382,2019,2019-07-20,Internacional,Gremio,1553.6009893545925,1550.5479239805866,3.0530653740058824,1.4,2.4,1.2,0.8,1.0,0.4,3.0,1.0,6.0,7.0,1.6,1.4,11,2.0,D,2.22,2.91,3.67
2383,2019,2019-07-21,Botafogo RJ,Santos,1523.7147104400053,1575.0537218961806,-51.339011456175285,1.4,2.6,0.6,0.6,1.2,0.2,1.8,2.0,7.0,8.0,1.6,2.3,11,2.0,A,3.41,3.05,2.25
2384,2019,2019-07-21,Atletico-MG,Fortaleza,1559.2332278716744,1498.5395275408578,60.69370033081668,1.4,1.4,1.6,1.2,1.0,1.0,2.0,0.6,7.0,8.0,1.9,1.3,11,,D,1.5,4.12,6.29
2385,2019,2019-07-21,Corinthians,Flamengo RJ,1517.584079630292,1598.7279554640147,-81.14387583372263,2.0,2.6,0.8,0.2,2.6,0.6,2.2,1.0,7.0,7.0,1.6666666666666667,2.0,10,2.0,D,2.94,2.9,2.68
2386,2019,2019-07-21,Avai,Goias,1450.1460551946818,1495.9886809312713,-45.842625736589525,0.2,1.8,0.2,1.6,1.4,1.8,1.2,1.2,8.0,7.0,0.4,1.6666666666666667,11,3.0,D,2.01,3.14,4.04
2387,2019,2019-07-23,Sao Paulo,Chapecoense-SC,1553.253374340081,1462.7113655867777,90.54200875330343,0.8,0.8,0.6,0.8,1.2,1.8,1.4,0.8,10.0,9.0,1.5,0.8,11,1.2,H,1.51,3.83,7.07
2388,2019,2019-07-27,Palmeiras,Vasco,1656.5242935500523,1484.161581396147,172.36271215390525,2.0,1.8,1.2,0.8,1.2,1.0,3.0,0.2,7.0,7.0,2.3636363636363638,1.0909090909090908,12,1.75,D,1.47,3.99,7.38
2389,2019,2019-07-27,Cruzeiro,Athletico-PR,1490.84194532312,1538.7163312001144,-47.87438587699444,0.8,1.8,0.4,0.6,1.8,0.6,1.6,0.8,7.0,7.0,0.9090909090909091,1.4545454545454546,12,2.4,A,3.29,3.07,2.31
2390,2019,2019-07-27,Fluminense,Sao Paulo,1453.2705112897474,1559.0534248694325,-105.7829135796851,0.6,1.4,0.6,1.4,1.4,0.6,1.0,1.6,7.0,4.0,0.8181818181818182,1.6363636363636365,12,2.0,A,2.43,3.06,3.04
2391,2019,2019-07-27,Internacional,Ceara,1551.666935632104,1497.0056491862638,54.66128644584023,1.4,1.0,1.4,1.0,0.6,0.6,2.6,0.8,7.0,7.0,1.5454545454545454,1.2727272727272727,12,3.0,H,1.94,3.18,4.26
2392,2019,2019-07-28,Chapecoense-SC,Bahia,1456.9113150574262,1502.3817497838538,-45.470434726427584,0.2,1.0,0.8,2.4,0.4,0.8,0.4,0.4,5.0,8.0,0.7272727272727273,1.3636363636363635,12,1.6666666666666667,D,2.71,2.93,2.81
2393,2019,2019-07-28,Flamengo RJ,Botafogo RJ,1598.263631487503,1513.321718086863,84.94191340064003,2.2,1.4,2.2,0.4,0.6,0.6,3.0,1.4,7.0,7.0,1.9090909090909092,1.4545454545454546,12,1.8,H,1.37,4.58,8.37
2394,2019,2019-07-28,Santos,Avai,1585.446714249323,1449.595219770456,135.85149447886693,3.0,0.4,1.4,0.2,0.0,1.2,2.6,0.2,7.0,7.0,2.3636363636363638,0.45454545454545453,12,2.0,H,1.29,4.96,11.28
2395,2019,2019-07-28,Fortaleza,Corinthians,1502.0072978214196,1518.0484036068037,-16.04110578538416,1.4,1.6,1.2,1.2,0.6,0.4,2.0,1.0,7.0,7.0,1.2727272727272727,1.6,12,,A,2.48,2.84,3.22
2396,2019,2019-07-28,Goias,Atletico-MG,1496.5395163554972,1555.7654575911126,-59.22594123561544,1.4,1.6,1.2,1.8,2.0,1.4,2.4,1.8,7.0,7.0,1.6,1.8181818181818181,11,0.6666666666666666,D,2.83,3.31,2.43
2397,2019,2019-07-30,CSA,Gremio,1452.980602195904,1552.481977703075,-99.5013755071709,0.0,2.0,0.2,2.6,1.0,0.6,0.8,1.0,10.0,10.0,0.5454545454545454,1.3636363636363635,12,,D,5.65,3.47,1.67
2398,2019,2019-08-03,Ceara,Fortaleza,1490.3197622858092,1490.607401264414,-0.28763897860471843,1.0,1.4,0.6,0.6,1.4,1.4,1.4,0.8,7.0,6.0,1.1666666666666667,1.1666666666666667,13,,H,2.25,2.99,3.47
2399,2019,2019-08-03,Fluminense,Internacional,1444.438976185506,1558.3528225325585,-113.91384634705264,0.6,1.4,0.8,1.2,1.2,1.0,1.0,0.2,7.0,7.0,0.75,1.6666666666666667,13,0.6,H,1.9,3.34,4.19
2400,2019,2019-08-04,Santos,Goias,1590.2339045876065,1496.3733408836276,93.86056370397887,3.0,1.6,1.8,0.4,1.2,1.6,2.6,0.8,7.0,7.0,2.4166666666666665,1.5454545454545454,13,3.0,H,1.24,5.85,11.49
2401,2019,2019-08-04,Avai,Botafogo RJ,1444.8080294321724,1507.3880228248404,-62.57999339266803,0.4,0.8,0.2,1.4,0.8,1.2,0.8,1.4,7.0,7.0,0.4166666666666667,1.3333333333333333,13,1.0,A,2.24,2.96,3.52
2402,2019,2019-08-04,Bahia,Flamengo RJ,1502.9432645883312,1604.1973267495257,-101.2540621611945,0.6,2.2,0.2,0.8,2.4,0.8,2.0,1.2,7.0,7.0,1.3333333333333333,2.0,13,1.4,H,2.81,3.14,2.54
2403,2019,2019-08-04,Atletico-MG,Cruzeiro,1555.9316330629822,1480.349429341656,75.5822037213261,1.2,0.6,1.2,1.4,0.2,0.8,1.6,0.4,7.0,8.0,1.75,0.8333333333333334,13,1.8,H,2.04,3.24,3.73
2404,2019,2019-08-04,Corinthians,Palmeiras,1529.4483001638093,1650.5884340376263,-121.14013387381692,1.6,1.6,1.0,0.6,1.0,0.8,2.2,2.0,7.0,8.0,1.7272727272727273,2.25,12,1.8,D,3.48,2.77,2.39
2405,2019,2019-08-04,Vasco,CSA,1490.0974409085732,1453.970380319201,36.12706058937215,2.0,0.2,1.4,1.0,0.2,1.8,2.2,0.2,8.0,5.0,1.0833333333333333,0.5833333333333334,13,,D,1.57,3.72,6.19
2406,2019,2019-08-06,Gremio,Chapecoense-SC,1551.4921995797781,1456.3498002529489,95.14239932682926,2.2,0.4,1.0,0.4,0.6,2.0,1.8,0.6,7.0,9.0,1.3333333333333333,0.75,13,1.8,D,1.28,5.09,11.47
2407,2019,2019-08-07,Corinthians,Goias,1531.050225498694,1490.6516407874335,40.39858471126058,1.6,1.0,1.2,0.8,0.8,2.6,1.8,0.2,3.0,3.0,1.6666666666666667,1.4166666666666667,13,2.0,H,1.5,3.85,7.2
2408,2019,2019-08-10,Ceara,Chapecoense-SC,1498.4784346729427,1460.6581936561313,37.82024101681145,1.4,0.6,1.0,0.8,1.0,2.0,2.0,0.8,7.0,4.0,1.3076923076923077,0.7692307692307693,14,3.0,H,1.63,3.67,5.64
2409,2019,2019-08-10,Sao Paulo,Santos,1567.884959973674,1595.9556046838006,-28.070644710126544,1.8,3.0,1.6,0.6,2.4,0.4,1.4,2.0,14.0,6.0,1.75,2.4615384615384617,13,2.4,H,2.54,2.96,2.98
2410,2019,2019-08-10,Flamengo RJ,Gremio,1593.1576218048874,1547.1838061765957,45.97381562829173,2.0,1.8,2.4,1.4,1.4,1.0,3.0,1.0,6.0,4.0,1.8461538461538463,1.3076923076923077,14,1.8,H,1.56,3.75,6.21
2411,2019,2019-08-11,Atletico-MG,Fluminense,1562.0926133446046,1455.8376015468405,106.25501179776415,1.8,1.0,1.4,0.8,1.2,1.4,2.2,0.8,7.0,8.0,1.8461538461538463,0.9230769230769231,14,2.0,H,1.8,3.6,4.29
2412,2019,2019-08-11,Internacional,Corinthians,1546.954197171224,1538.1063671413813,8.847830029842726,1.4,2.2,1.2,1.0,1.6,0.6,2.6,1.6,8.0,4.0,1.5384615384615385,1.7692307692307692,14,1.8,D,1.91,3.1,4.56
2413,2019,2019-08-11,Avai,Cruzeiro,1434.7383771693464,1474.1884490600337,-39.45007189068724,0.2,0.4,0.2,1.8,0.2,1.2,0.6,0.4,7.0,7.0,0.38461538461538464,0.7692307692307693,14,2.0,D,3.13,2.94,2.45
2414,2019,2019-08-11,Botafogo RJ,Athletico-PR,1517.4576750876663,1549.2088471815782,-31.75117209391192,0.8,1.8,0.8,1.0,1.6,0.6,1.2,1.2,7.0,15.0,1.4615384615384615,1.5833333333333333,14,1.8,H,2.09,3.28,3.55
2415,2019,2019-08-11,Palmeiras,Bahia,1648.9865087027415,1513.9829695329695,135.003539169772,1.2,1.0,1.0,1.0,0.8,0.8,2.6,0.6,7.0,7.0,2.1538461538461537,1.4615384615384615,14,1.25,D,1.37,4.38,9.27
2416,2019,2019-08-11,Goias,Vasco,1483.5954991447463,1487.2662743583542,-3.6707752136078398,0.4,1.6,0.4,2.8,1.0,0.8,2.6,0.4,4.0,7.0,1.3076923076923077,1.0769230769230769,14,2.0,A,2.15,3.18,3.49
2417,2019,2019-08-13,CSA,Fortaleza,1456.80154686942,1482.4487288772805,-25.647182007860465,0.4,1.4,0.0,1.4,1.6,1.6,0.8,0.8,9.0,10.0,0.6153846153846154,1.0769230769230769,14,,A,2.82,2.94,2.68
2418,2019,2019-08-17,Corinthians,Botafogo RJ,1540.2004378222248,1526.5036075904839,13.696830231740933,1.8,1.4,1.4,0.6,1.2,1.0,2.2,1.4,6.0,6.0,1.7142857142857142,1.5714285714285714,15,2.2,H,1.59,3.51,6.58
2419,2019,2019-08-17,Fortaleza,Internacional,1493.576574988384,1544.8601264903805,-51.2835515019965,1.4,1.0,1.6,1.4,0.6,0.8,1.4,0.2,4.0,6.0,1.2142857142857142,1.5,15,,A,2.18,3.14,3.47
2420,2019,2019-08-17,Athletico-PR,Atletico-MG,1540.1629146787607,1567.5273710236906,-27.364456344929977,1.8,2.2,1.8,0.8,1.6,0.8,2.4,1.4,6.0,6.0,1.4615384615384615,1.9285714285714286,14,1.4,H,1.84,3.54,4.17
2421,2019,2019-08-17,Vasco,Flamengo RJ,1499.0133629621996,1600.067903602337,-101.05454064013747,1.6,2.0,1.0,0.8,2.6,1.6,2.2,1.0,6.0,7.0,1.2142857142857142,1.9285714285714286,15,1.0,A,5.74,3.68,1.62
2422,2019,2019-08-18,Gremio,Palmeiras,1540.273524379146,1643.791495795516,-103.51797141637007,1.2,0.8,1.4,1.6,1.0,1.4,2.0,1.6,8.0,7.0,1.2142857142857142,2.0714285714285716,15,1.0,D,2.74,2.98,2.74
2423,2019,2019-08-18,Bahia,Goias,1519.177982440195,1471.8484105409009,47.329571899294024,1.2,0.4,1.0,0.6,0.2,1.8,2.0,0.2,7.0,7.0,1.4285714285714286,1.2142857142857142,15,3.0,D,1.46,4.2,7.09
2424,2019,2019-08-18,Cruzeiro,Santos,1474.9225123283893,1587.0145321124526,-112.09201978406327,0.6,2.4,0.4,1.2,2.6,1.0,1.0,1.8,7.0,8.0,0.7857142857142857,2.2857142857142856,15,1.6,H,2.71,3.05,2.71
2425,2019,2019-08-18,Fluminense,CSA,1450.4028438677544,1445.6737007583165,4.729143109437928,0.8,0.4,1.2,1.6,0.0,1.4,1.6,0.4,7.0,5.0,0.8571428571428571,0.5714285714285714,15,,A,1.31,4.9,10.4
2426,2019,2019-08-18,Sao Paulo,Ceara,1576.8260325450221,1505.6025028386962,71.22352970632596,2.2,2.0,2.2,1.0,1.8,0.8,1.8,0.8,8.0,8.0,1.8461538461538463,1.4285714285714286,14,3.0,H,1.63,3.52,5.93
2427,2019,2019-08-18,Chapecoense-SC,Avai,1453.5341254903778,1434.0043139009908,19.52981158938701,0.4,0.4,1.0,2.6,0.6,1.8,0.4,0.2,8.0,7.0,0.7142857142857143,0.42857142857142855,15,2.0,H,2.07,3.02,3.97
2428,2019,2019-08-21,Athletico-PR,Sao Paulo,1549.0838937855763,1583.0944882160773,-34.01059443050099,2.4,2.6,1.8,0.4,2.2,0.8,2.4,1.6,4.0,3.0,1.5714285714285714,1.9285714285714286,15,2.0,A,2.0,3.14,4.06
2429,2019,2019-08-24,Atletico-MG,Bahia,1558.606391916875,1516.0530102799212,42.55338163695387,1.6,1.4,1.2,0.8,1.2,0.6,2.2,0.8,7.0,6.0,1.8,1.4,16,1.6,A,2.06,3.16,3.81
2430,2019,2019-08-24,Gremio,Athletico-PR,1541.3776409444117,1538.1943048421797,3.1833361022320332,0.8,1.8,1.2,1.6,1.6,0.6,2.2,1.2,6.0,3.0,1.2,1.4666666666666666,16,2.2,H,2.22,3.13,3.4
2431,2019,2019-08-25,Goias,Internacional,1474.9733827011746,1555.2547126339873,-80.2813299328127,0.4,1.6,0.4,2.0,0.8,0.6,2.0,0.8,7.0,8.0,1.2,1.6,16,2.0,H,2.52,3.07,2.94
2432,2019,2019-08-25,Santos,Fortaleza,1575.6673546586287,1483.1819888447772,92.48536581385156,1.8,0.8,2.4,1.4,1.2,1.6,2.6,0.8,7.0,8.0,2.1333333333333333,1.1333333333333333,16,,D,1.32,4.98,9.68
2433,2019,2019-08-25,Vasco,Sao Paulo,1490.0473869549753,1593.9840771594738,-103.93669020449852,1.6,3.0,1.0,1.2,2.2,0.6,2.0,1.6,8.0,4.0,1.1333333333333333,2.0,16,0.8,H,2.91,2.94,2.63
2434,2019,2019-08-25,Avai,Corinthians,1426.390382582978,1547.9733193095587,-121.58293672658078,0.4,2.2,0.6,1.6,1.6,0.4,0.6,1.6,7.0,8.0,0.4,1.8,16,0.5,D,2.75,2.8,2.9
2435,2019,2019-08-25,CSA,Cruzeiro,1457.6541477302794,1486.2696897822132,-28.615542051933744,1.0,1.0,0.2,1.2,0.8,1.2,0.2,0.6,7.0,7.0,0.7333333333333333,0.9333333333333333,16,,D,4.39,3.25,1.9
2436,2019,2019-08-25,Ceara,Flamengo RJ,1499.334047167641,1609.0338796095614,-109.69983244192031,1.8,2.0,1.6,0.8,2.2,1.6,2.0,1.6,7.0,8.0,1.3333333333333333,2.0,16,0.0,A,3.14,3.19,2.31
2437,2019,2019-08-27,Botafogo RJ,Chapecoense-SC,1518.73072610315,1461.1480568083907,57.58266929475917,1.2,1.0,1.2,1.4,1.0,2.2,1.2,0.8,10.0,9.0,1.4666666666666666,0.8666666666666667,16,2.25,D,1.75,3.43,4.95
2438,2019,2019-08-31,Sao Paulo,Gremio,1582.8680574073821,1549.4399782430212,33.42807916436095,2.4,1.2,1.4,1.0,1.4,1.6,2.2,1.0,6.0,7.0,1.875,1.3125,17,1.8,D,1.98,3.19,4.03
2439,2019,2019-08-31,Bahia,CSA,1529.053409877222,1456.610730408656,72.44267946856598,1.8,1.2,1.4,0.6,0.4,0.6,1.6,0.8,7.0,6.0,1.5,0.75,17,,H,1.32,4.53,11.32
2440,2019,2019-08-31,Athletico-PR,Ceara,1530.1319675435702,1490.613559839141,39.51840770442914,1.2,1.2,1.0,1.0,1.2,1.4,1.8,0.8,7.0,6.0,1.375,1.25,17,1.0,H,1.44,4.2,7.61
2441,2019,2019-08-31,Chapecoense-SC,Santos,1464.5368090600045,1571.421445898271,-106.88463683826649,1.2,1.4,1.0,1.4,2.8,2.0,1.0,1.8,4.0,6.0,0.875,2.0625,17,1.6,A,4.01,3.42,1.92
2442,2019,2019-09-01,Internacional,Botafogo RJ,1544.8151640049882,1515.341973851536,29.47319015345215,1.4,1.4,0.8,0.8,1.2,1.2,2.2,1.4,7.0,5.0,1.5,1.4375,17,1.8,H,1.56,3.7,6.5
2443,2019,2019-09-01,Flamengo RJ,Palmeiras,1617.7543669380614,1642.6873792302504,-24.933012292189005,2.4,0.8,2.6,1.4,1.0,1.4,3.0,1.2,7.0,14.0,2.0625,2.0,17,1.0,H,2.17,3.12,3.51
2444,2019,2019-09-01,Fortaleza,Goias,1487.4278976051348,1485.4129313301737,2.0149662749611252,0.8,0.8,1.4,1.8,0.8,2.2,1.4,0.4,7.0,7.0,1.125,1.3125,17,,H,1.83,3.38,4.48
2445,2019,2019-09-01,Corinthians,Atletico-MG,1546.3589786804423,1545.6059923195742,0.7529863608681353,1.8,1.4,1.2,0.4,0.8,0.6,2.2,0.8,7.0,8.0,1.75,1.6875,17,1.8,H,2.14,2.96,3.85
2446,2019,2019-09-01,Cruzeiro,Vasco,1487.3131071038365,1501.163406707067,-13.850299603230496,1.0,1.6,1.0,1.4,1.0,1.0,1.0,1.0,7.0,7.0,0.9375,1.25,17,1.2,H,1.75,3.48,4.87
2447,2019,2019-09-03,Fluminense,Avai,1438.4223968957915,1428.0047232120944,10.417673683697103,0.6,0.4,1.0,1.6,0.8,1.8,1.0,0.0,16.0,9.0,0.8,0.4375,16,3.0,A,1.53,3.87,6.5
2448,2019,2019-09-07,Corinthians,Ceara,1554.4887310041374,1483.534262926772,70.95446807736539,2.2,1.2,1.2,0.2,1.2,1.4,2.2,0.2,6.0,7.0,1.8235294117647058,1.1764705882352942,18,1.0,D,1.69,3.34,5.78
2449,2019,2019-09-07,Vasco,Bahia,1492.625068670075,1535.2917012914286,-42.66663262135353,1.4,2.2,0.8,1.0,1.6,0.6,2.0,1.2,6.0,7.0,1.1764705882352942,1.588235294117647,18,1.75,A,2.19,3.05,3.54
2450,2019,2019-09-07,Avai,Flamengo RJ,1440.1419551270787,1626.6062315754905,-186.46427644841174,1.0,2.4,0.8,1.2,2.6,1.0,0.8,2.0,4.0,6.0,0.5882352941176471,2.1176470588235294,18,2.0,A,7.75,4.27,1.43
2451,2019,2019-09-07,Fortaleza,Fluminense,1495.522621681739,1426.2851649808072,69.23745670093194,1.4,0.6,1.6,1.2,0.8,1.4,1.8,0.2,6.0,4.0,1.2352941176470589,0.75,18,,A,2.2,3.2,3.35
2452,2019,2019-09-07,Internacional,Sao Paulo,1552.1610990518582,1580.1085031675407,-27.947404115682502,1.4,2.0,1.2,1.2,1.0,0.8,2.2,1.6,6.0,7.0,1.588235294117647,1.8235294117647058,18,1.0,H,2.47,2.96,3.1
2453,2019,2019-09-08,Goias,Palmeiras,1477.3182072535694,1633.8355145928213,-156.51730733925183,0.8,0.8,0.6,1.4,1.0,1.6,2.0,0.6,7.0,7.0,1.2352941176470589,1.875,18,3.0,A,5.53,3.51,1.67
2454,2019,2019-09-08,Cruzeiro,Gremio,1495.8514451408284,1552.1995324828627,-56.348087342034205,1.6,1.2,1.2,1.0,1.4,1.6,1.6,1.2,7.0,8.0,1.0588235294117647,1.2941176470588236,18,1.6,A,2.48,3.0,3.03
2455,2019,2019-09-08,Botafogo RJ,Atletico-MG,1507.9960388046661,1537.476239995879,-29.480201191212927,1.4,1.2,1.2,1.2,0.8,0.8,1.4,0.8,7.0,7.0,1.3529411764705883,1.588235294117647,18,1.6,H,3.33,3.21,2.2
2456,2019,2019-09-08,Santos,Athletico-PR,1580.2217154893074,1537.2112644559393,43.0104510333681,1.4,1.2,2.4,1.8,0.8,1.0,2.6,1.2,8.0,8.0,2.1176470588235294,1.4705882352941178,18,3.0,D,1.45,4.38,6.78
2457,2019,2019-09-08,CSA,Chapecoense-SC,1450.3724389944496,1455.7365394689682,-5.3641004745186365,1.0,1.0,0.4,0.8,1.0,1.6,0.4,0.4,8.0,8.0,0.7058823529411765,0.8235294117647058,18,,H,2.58,2.9,3.01
2458,2019,2019-09-11,Palmeiras,Fluminense,1641.2607109600501,1439.9674006167238,201.2933103433263,1.2,1.2,1.2,1.6,0.8,1.0,2.2,0.8,3.0,4.0,1.9411764705882353,0.8823529411764706,18,2.4,H,1.34,4.83,8.88
2459,2019,2019-09-14,Flamengo RJ,Santos,1633.246003697812,1577.2093494193205,56.036654278491596,3.0,1.0,3.2,0.4,1.4,1.8,3.0,1.8,7.0,6.0,2.1666666666666665,2.0555555555555554,19,1.4,H,1.57,3.87,5.86
2460,2019,2019-09-14,Chapecoense-SC,Vasco,1447.4363379947986,1481.9831465812838,-34.54680858648521,0.8,1.2,0.4,1.4,0.8,1.4,1.0,0.8,6.0,7.0,0.7777777777777778,1.1111111111111112,19,2.3333333333333335,A,2.73,2.88,2.83
2461,2019,2019-09-14,Palmeiras,Cruzeiro,1644.8120845515125,1485.602474538673,159.20961001283945,1.6,1.6,1.6,1.4,1.4,1.4,2.2,0.6,3.0,6.0,2.0,1.0,19,1.2,H,1.32,4.87,9.78
2462,2019,2019-09-15,Ceara,Botafogo RJ,1487.259139451424,1516.9772437680558,-29.718104316631752,0.8,1.4,1.2,1.6,1.2,1.4,2.0,0.8,8.0,7.0,1.1666666666666667,1.4444444444444444,19,1.0,D,1.68,3.54,5.33
2463,2019,2019-09-15,Athletico-PR,Avai,1540.2236305259262,1433.5021830047572,106.72144752116901,1.4,1.0,0.8,0.8,0.8,1.4,2.4,0.6,7.0,8.0,1.4444444444444444,0.5555555555555556,19,3.0,A,1.71,3.59,5.0
2464,2019,2019-09-15,Atletico-MG,Internacional,1528.4950350324893,1561.0986643808014,-32.6036293483121,0.6,2.0,0.6,1.2,1.2,0.8,1.6,0.6,7.0,8.0,1.5,1.6666666666666667,19,2.4,A,1.65,3.66,5.4
2465,2019,2019-09-15,Bahia,Fortaleza,1545.9336233802198,1481.8403860458225,64.09323733439737,2.2,1.4,1.4,0.6,1.4,1.0,1.6,1.0,8.0,8.0,1.6666666666666667,1.1666666666666667,19,,D,1.59,3.7,6.0
2466,2019,2019-09-15,Fluminense,Corinthians,1436.4160270252614,1550.7638544794854,-114.34782745422399,0.6,1.8,0.4,1.4,1.2,0.6,0.8,1.2,4.0,8.0,0.8333333333333334,1.7777777777777777,19,2.0,H,3.12,2.96,2.45
2467,2019,2019-09-15,Gremio,Goias,1562.448503085018,1469.8930108863406,92.55549219867748,1.6,0.8,1.6,1.2,0.8,1.4,2.2,0.4,7.0,7.0,1.3888888888888888,1.1666666666666667,19,2.3333333333333335,H,1.26,5.51,11.49
2468,2019,2019-09-15,Sao Paulo,CSA,1571.1709378385974,1458.6726404686192,112.49829736997822,1.4,1.4,0.4,0.6,0.8,0.8,2.2,0.8,8.0,7.0,1.7222222222222223,0.8333333333333334,19,,D,1.26,5.05,12.82
2469,2019,2019-09-21,Botafogo RJ,Sao Paulo,1517.9892620027479,1566.4646230673654,-48.47536106461757,1.0,1.0,0.8,1.2,0.4,0.8,1.4,1.4,6.0,6.0,1.4210526315789473,1.6842105263157894,20,0.4,A,3.7,3.13,2.1
2470,2019,2019-09-21,Cruzeiro,Flamengo RJ,1481.287632730896,1639.8966985800078,-158.60906584911186,1.4,3.0,1.0,1.2,2.8,0.2,1.4,2.0,7.0,7.0,0.9473684210526315,2.210526315789474,20,1.4,A,3.75,3.36,1.99
2471,2019,2019-09-21,Corinthians,Bahia,1539.352984625981,1542.380066845685,-3.0270822197039706,1.6,2.2,1.2,0.8,1.2,0.4,2.2,1.6,6.0,6.0,1.6842105263157894,1.631578947368421,20,2.2,H,1.95,3.02,4.53
2472,2019,2019-09-22,Santos,Gremio,1570.5586545371248,1568.2009399387157,2.357714598409075,1.0,2.2,1.0,1.4,2.0,0.6,2.2,1.2,8.0,7.0,1.9473684210526316,1.4736842105263157,20,1.2,A,2.0,3.33,3.79
2473,2019,2019-09-22,Internacional,Chapecoense-SC,1572.0284138770314,1436.5620624899939,135.46635138703755,2.4,0.8,1.8,1.0,0.4,1.0,2.2,0.4,7.0,8.0,1.736842105263158,0.7368421052631579,20,2.0,H,1.41,4.18,8.5
2474,2019,2019-09-22,CSA,Ceara,1463.3789552398512,1486.247121216732,-22.868165976880846,1.6,0.4,1.0,0.6,0.4,1.4,1.0,0.4,7.0,7.0,0.8421052631578947,1.1578947368421053,20,,H,3.06,2.97,2.48
2475,2019,2019-09-22,Fortaleza,Palmeiras,1485.3939425803574,1649.1269263592897,-163.7329837789323,1.0,2.0,1.2,1.2,1.4,1.0,1.2,1.0,7.0,8.0,1.1578947368421053,2.0526315789473686,20,,A,4.54,3.35,1.83
2476,2019,2019-09-22,Vasco,Athletico-PR,1492.8574220860885,1525.647767605012,-32.79034551892346,1.2,0.8,1.0,1.6,0.6,1.0,1.4,1.4,8.0,7.0,1.2105263157894737,1.368421052631579,20,1.25,D,2.09,3.24,3.58
2477,2019,2019-09-22,Goias,Fluminense,1464.140574032643,1447.8268968787659,16.31367715387705,0.8,1.2,0.8,1.8,0.4,1.0,1.4,0.8,7.0,7.0,1.105263157894737,0.9473684210526315,20,0.0,H,2.82,3.26,2.47
2478,2019,2019-09-24,Avai,Atletico-MG,1448.0780459256714,1517.5652855362594,-69.48723961058795,1.4,0.0,0.6,1.0,0.4,1.6,0.6,0.8,9.0,9.0,0.6842105263157895,1.4210526315789473,20,0.5,H,2.56,3.06,2.87
2479,2019,2019-09-25,Ceara,Cruzeiro,1477.45386352426,1473.918562926922,3.535300597337937,0.4,0.8,0.4,1.4,0.8,1.6,2.0,0.6,3.0,4.0,1.1,0.9,21,0.0,D,2.17,3.04,3.64
2480,2019,2019-09-26,Bahia,Botafogo RJ,1534.1451110884495,1507.5140029718088,26.63110811664069,2.0,1.0,1.2,0.6,1.0,1.2,1.8,0.8,5.0,5.0,1.55,1.35,21,2.0,H,1.6,3.69,5.86
2481,2019,2019-09-26,Flamengo RJ,Internacional,1647.2657683839816,1576.82368193532,70.44208644866148,3.0,2.4,2.4,0.2,1.8,1.0,3.0,1.2,5.0,4.0,2.25,1.8,21,2.4,H,1.57,3.83,5.95
2482,2019,2019-09-26,Sao Paulo,Goias,1576.9398820983045,1471.8419936961159,105.09788840218857,1.0,1.2,0.6,1.0,1.2,1.6,2.2,0.2,5.0,4.0,1.75,1.2,21,1.0,A,1.34,4.65,9.71
2483,2019,2019-09-26,Palmeiras,CSA,1656.359266518256,1472.1722129323232,184.18705358593274,2.4,1.6,1.4,0.8,1.0,0.6,2.2,1.0,4.0,4.0,2.1,0.95,21,,H,1.18,6.5,15.63
2484,2019,2019-09-27,Fluminense,Santos,1440.125477215293,1558.643873423918,-118.51839620862506,1.2,1.0,0.4,1.4,1.0,1.6,1.2,1.2,5.0,5.0,0.9,1.85,21,1.8,D,2.61,3.19,2.71
2485,2019,2019-09-27,Gremio,Avai,1580.1157210519225,1458.207191882957,121.90852916896552,2.6,2.0,2.4,0.4,0.8,0.8,2.2,1.2,5.0,3.0,1.55,0.8,21,1.5,H,1.32,4.64,10.63
2486,2019,2019-09-27,Athletico-PR,Fortaleza,1526.572189167908,1478.161602421391,48.410586746516856,1.0,1.0,0.8,1.0,1.2,1.2,1.8,1.2,5.0,5.0,1.35,1.1,21,,H,1.44,4.39,6.9
2487,2019,2019-09-28,Flamengo RJ,Sao Paulo,1653.5536001837702,1562.4010433374822,91.15255684628801,3.0,1.0,2.4,0.4,0.6,0.8,3.0,1.8,2.0,2.0,2.2857142857142856,1.6666666666666667,22,1.4,D,1.61,3.66,5.79
2488,2019,2019-09-29,Corinthians,Vasco,1547.5879403832164,1491.9330005231925,55.65493986002389,1.6,1.4,1.2,1.0,1.0,1.0,2.6,1.4,8.0,7.0,1.75,1.2,21,2.6,H,1.79,3.3,4.92
2489,2019,2019-09-29,Fluminense,Gremio,1441.6537917098008,1585.2012535090294,-143.54746179922859,1.4,2.6,0.6,1.4,3.2,0.4,1.4,1.6,2.0,2.0,0.9047619047619048,1.619047619047619,22,1.0,H,2.22,3.24,3.23
2490,2019,2019-09-29,Internacional,Palmeiras,1570.5358501355315,1660.2074354552062,-89.6715853196747,2.4,3.0,1.8,1.2,2.6,0.6,2.6,1.6,3.0,3.0,1.7142857142857142,2.142857142857143,22,2.0,D,3.17,2.94,2.44
2491,2019,2019-09-29,Santos,CSA,1557.11555892941,1468.324043995373,88.7915149340372,1.0,1.4,0.6,1.2,1.2,1.6,1.6,1.0,2.0,3.0,1.8095238095238095,0.9047619047619048,22,,H,1.19,6.42,14.74
2492,2019,2019-09-29,Athletico-PR,Chapecoense-SC,1533.4191686943273,1431.7667944317052,101.65237426262206,1.6,0.2,1.4,0.8,0.2,1.2,1.8,0.4,2.0,7.0,1.4285714285714286,0.7,22,2.2,D,1.27,5.36,10.82
2493,2019,2019-09-29,Atletico-MG,Ceara,1507.4361395789738,1475.5064527349869,31.92968684398693,0.0,0.6,0.4,1.6,0.4,0.8,1.4,0.2,5.0,4.0,1.35,1.0952380952380953,21,3.0,H,1.58,3.82,5.81
2494,2019,2019-10-01,Avai,Bahia,1453.12165942585,1541.5672494136838,-88.44558998783373,1.8,2.0,0.8,1.8,1.4,0.6,1.0,1.6,4.0,5.0,0.7619047619047619,1.619047619047619,22,0.0,A,3.08,2.88,2.53
2495,2019,2019-10-01,Fortaleza,Botafogo RJ,1471.3146228949718,1500.0918646465745,-28.777241751602787,0.8,0.8,0.8,1.4,1.0,1.6,0.6,0.8,4.0,5.0,1.0476190476190477,1.2857142857142858,22,,H,1.8,3.51,4.47
2496,2019,2019-10-01,Goias,Cruzeiro,1486.3808324569382,1475.8659737161952,10.514858740742966,1.2,0.8,1.0,1.4,0.6,1.4,1.4,0.6,5.0,6.0,1.2857142857142858,0.9047619047619048,22,0.0,H,2.92,2.97,2.58
2497,2019,2019-10-02,Atletico-MG,Vasco,1514.716475567353,1485.272547892628,29.443927674725046,0.6,0.8,0.8,1.6,0.6,1.2,1.8,1.4,3.0,3.0,1.4285714285714286,1.1428571428571428,22,2.0,A,1.77,3.47,4.72
2498,2019,2019-10-02,Chapecoense-SC,Corinthians,1436.22653994675,1554.248393013781,-118.02185306703086,0.2,2.0,0.4,1.4,1.2,0.8,0.8,1.0,3.0,3.0,0.7142857142857143,1.8095238095238095,22,0.6,A,3.99,2.99,2.07
2499,2019,2019-10-05,Sao Paulo,Fortaleza,1566.615455305551,1480.2758092180404,86.33964608751057,1.0,0.8,0.6,0.8,0.6,1.4,1.6,1.0,7.0,4.0,1.6363636363636365,1.1363636363636365,23,,H,1.46,4.17,7.14
2500,2019,2019-10-05,Vasco,Santos,1497.9258299144442,1562.9571929691558,-65.03136305471162,1.4,1.0,1.0,1.2,0.8,1.2,1.0,0.8,3.0,6.0,1.2272727272727273,1.8636363636363635,23,1.6,A,2.51,3.11,2.9
2501,2019,2019-10-05,Bahia,Athletico-PR,1550.8934535549681,1528.9594231792823,21.93403037568578,2.0,1.2,1.6,0.6,1.4,1.0,2.2,1.0,4.0,6.0,1.6818181818181819,1.4090909090909092,23,1.25,A,2.14,3.19,3.54
2502,2019,2019-10-05,Gremio,Corinthians,1572.9782213152116,1562.7340394028015,10.244181912410113,2.4,2.0,3.4,0.8,1.2,0.8,2.2,1.6,6.0,3.0,1.5454545454545454,1.8636363636363635,23,2.4,D,1.73,3.35,5.23
2503,2019,2019-10-06,Cruzeiro,Internacional,1468.0058749124446,1571.2447642776726,-103.23888936522803,0.2,2.0,0.4,1.6,1.4,1.0,1.2,1.2,5.0,7.0,0.8636363636363636,1.6818181818181819,23,1.8,D,2.52,2.93,3.06
2504,2019,2019-10-06,Chapecoense-SC,Flamengo RJ,1427.7408935577296,1649.3391882157014,-221.5982946579718,0.2,2.6,0.4,1.4,1.8,0.4,0.8,2.4,4.0,8.0,0.6818181818181818,2.227272727272727,23,1.2,A,5.94,3.78,1.58
2505,2019,2019-10-06,Botafogo RJ,Fluminense,1491.130678323506,1453.8768239036185,37.253854419887375,0.8,1.4,0.6,1.2,0.8,1.6,1.4,0.6,5.0,7.0,1.2272727272727273,1.0,23,2.4,A,2.97,3.04,2.5
2506,2019,2019-10-06,Ceara,Goias,1468.2261167466077,1494.2409312606887,-26.01481451408108,0.6,1.8,0.6,1.0,1.2,1.0,1.6,0.8,7.0,5.0,1.0454545454545454,1.3636363636363635,23,,A,1.62,3.67,5.8
2507,2019,2019-10-06,Palmeiras,Atletico-MG,1659.498521313065,1502.0631935455367,157.4353277675284,2.6,0.6,2.4,0.6,1.0,1.8,2.2,0.2,7.0,4.0,2.090909090909091,1.3636363636363635,23,1.0,D,1.4,4.35,8.2
2508,2019,2019-10-06,CSA,Avai,1462.4824099556272,1443.7954552845658,18.686954671061358,1.4,1.2,1.2,1.8,0.6,2.2,1.6,1.2,7.0,5.0,0.8636363636363636,0.7272727272727273,23,,H,2.44,2.85,3.28
2509,2019,2019-10-09,Botafogo RJ,Goias,1478.2697070777892,1505.3583294129305,-27.08862233514128,0.2,2.4,0.2,1.2,1.2,0.6,1.4,1.4,3.0,3.0,1.173913043478261,1.434782608695652,24,2.0,H,2.08,3.22,3.64
2510,2019,2019-10-09,CSA,Internacional,1470.119232686916,1570.1485831180014,-100.0293504310855,1.4,1.6,1.4,2.0,1.4,1.2,2.0,1.4,3.0,3.0,0.9565217391304348,1.6521739130434783,24,,H,4.92,3.28,1.79
2511,2019,2019-10-10,Fortaleza,Chapecoense-SC,1474.3756369557846,1421.965850526004,52.409786429780524,0.8,0.2,0.8,1.6,0.4,1.2,1.2,0.4,5.0,4.0,1.0869565217391304,0.6521739130434783,24,,H,1.59,3.81,5.58
2512,2019,2019-10-10,Bahia,Sao Paulo,1538.4422342281134,1572.5156275678069,-34.07339333969344,1.4,1.6,1.4,1.0,1.0,0.8,1.6,1.4,5.0,5.0,1.608695652173913,1.6956521739130435,24,1.4,D,2.47,2.88,3.17
2513,2019,2019-10-10,Gremio,Ceara,1570.8457553121796,1457.1087185943659,113.73703671781368,2.0,0.4,2.6,0.6,0.2,0.8,2.2,0.2,5.0,4.0,1.5217391304347827,1.0,24,3.0,H,1.66,3.51,5.55
2514,2019,2019-10-10,Cruzeiro,Fluminense,1469.1020560721158,1466.7377951493352,2.364260922780659,0.4,2.0,0.4,1.0,1.0,1.0,1.4,1.2,4.0,4.0,0.8695652173913043,1.0869565217391304,24,3.0,D,1.82,3.37,4.58
2515,2019,2019-10-10,Santos,Palmeiras,1572.9562902678801,1653.8480257197327,-80.89173545185258,1.4,2.2,0.8,1.0,2.0,0.8,1.6,1.6,5.0,4.0,1.9130434782608696,2.0434782608695654,24,2.6,H,2.8,2.95,2.71
2516,2019,2019-10-10,Avai,Vasco,1436.1586325532771,1487.9267326157199,-51.76810006244273,1.2,1.4,0.8,2.2,1.0,1.0,1.0,1.8,4.0,5.0,0.6956521739130435,1.173913043478261,24,0.5,D,3.07,2.81,2.59
2517,2019,2019-10-10,Corinthians,Athletico-PR,1564.8665054058335,1541.410642506137,23.455862899696513,2.0,1.6,0.8,0.4,1.6,1.0,2.6,1.0,5.0,5.0,1.826086956521739,1.4782608695652173,24,1.4,D,1.91,3.18,4.35
2518,2019,2019-10-11,Flamengo RJ,Atletico-MG,1655.1142312474267,1507.713689138869,147.4005421085576,2.6,0.8,1.4,0.4,1.0,1.6,2.6,0.2,5.0,5.0,2.260869565217391,1.3478260869565217,24,2.0,H,1.48,4.12,6.7
2519,2019,2019-10-12,Goias,CSA,1496.4451963390106,1481.1240560029748,15.321140336035796,2.4,1.8,1.4,0.6,1.4,1.8,1.8,0.8,3.0,3.0,1.375,1.0416666666666667,25,,H,1.63,3.69,5.58
2520,2019,2019-10-12,Fluminense,Bahia,1468.6527577721029,1537.5544385074643,-68.90168073536142,1.6,1.4,0.8,1.0,1.2,0.8,1.4,2.0,2.0,2.0,1.0833333333333333,1.5833333333333333,25,1.8,H,2.11,3.1,3.78
2521,2019,2019-10-13,Palmeiras,Botafogo RJ,1643.3909435232806,1487.1828401517091,156.2081033715715,1.6,0.6,1.8,1.2,0.8,1.4,2.2,0.2,3.0,4.0,1.9583333333333333,1.25,25,2.0,H,1.24,5.61,12.51
2522,2019,2019-10-13,Athletico-PR,Flamengo RJ,1543.9029874508958,1659.6635492760292,-115.76056182513344,1.8,2.6,2.0,1.2,1.8,0.6,1.4,3.0,3.0,2.0,1.4583333333333333,2.2916666666666665,25,2.2,A,2.88,3.27,2.43
2523,2019,2019-10-13,Ceara,Avai,1451.8427434368307,1435.7779718812794,16.06477155555126,0.2,0.8,0.4,1.2,0.6,2.2,1.0,1.2,3.0,3.0,0.9583333333333334,0.7083333333333334,25,,H,1.55,3.69,6.83
2524,2019,2019-10-13,Internacional,Santos,1559.1437598019425,1583.4133724643323,-24.269612662389818,1.0,2.0,0.8,1.2,1.2,0.8,2.2,1.4,4.0,3.0,1.5833333333333333,1.9583333333333333,25,2.0,D,2.16,3.15,3.54
2525,2019,2019-10-13,Vasco,Fortaleza,1488.3073932877176,1481.1193330017466,7.188060285971005,1.0,1.2,0.6,0.8,1.0,1.4,0.8,1.0,3.0,3.0,1.1666666666666667,1.1666666666666667,25,,H,1.55,4.0,6.04
2526,2019,2019-10-13,Sao Paulo,Corinthians,1573.403423288456,1562.3741604610748,11.029262827381217,1.6,2.2,0.8,0.6,1.2,0.6,1.6,1.2,3.0,3.0,1.6666666666666667,1.7916666666666667,25,1.8,H,2.21,2.82,3.93
2527,2019,2019-10-13,Atletico-MG,Gremio,1503.1643711102665,1576.1117304697148,-72.94735935944823,0.8,2.0,1.0,1.6,2.4,0.8,1.2,1.4,2.0,3.0,1.2916666666666667,1.5833333333333333,25,0.8,A,2.42,3.26,2.9
2528,2019,2019-10-13,Chapecoense-SC,Cruzeiro,1415.222154480042,1467.1870934493481,-51.964938969306104,0.2,0.6,0.2,1.2,0.4,0.8,0.6,0.6,3.0,3.0,0.625,0.875,25,1.4,D,4.14,3.1,2.01
2529,2019,2019-10-16,CSA,Atletico-MG,1473.39556048392,1493.393074612941,-19.997514129021056,1.2,0.8,1.2,2.0,1.2,2.2,2.6,0.2,4.0,3.0,1.0,1.24,26,,D,3.58,3.22,2.1
2530,2019,2019-10-16,Gremio,Bahia,1585.8830269670402,1527.4421438292406,58.440883137799574,2.0,1.4,2.6,1.0,1.0,0.8,2.6,1.8,3.0,4.0,1.64,1.52,26,2.2,A,1.49,4.04,6.71
2531,2019,2019-10-17,Fortaleza,Flamengo RJ,1473.1676811429872,1668.2128501219654,-195.04516897897815,1.2,2.6,1.0,1.4,1.8,0.4,1.8,3.0,4.0,4.0,1.12,2.32,26,,A,5.79,3.83,1.58
2532,2019,2019-10-17,Cruzeiro,Sao Paulo,1467.5620967302077,1581.2493988184565,-113.68730208824877,0.8,1.6,0.4,0.6,0.6,0.4,1.0,1.0,4.0,4.0,0.88,1.72,26,1.4,H,2.56,2.89,3.02
2533,2019,2019-10-17,Palmeiras,Chapecoense-SC,1647.7645405155736,1414.8471511991825,232.9173893163911,1.6,0.4,1.8,1.2,0.4,1.2,2.6,0.4,4.0,4.0,2.0,0.64,26,2.0,H,1.16,6.89,17.2
2534,2019,2019-10-17,Goias,Corinthians,1504.1736918580655,1554.5281849310743,-50.354493073008825,2.4,1.6,1.0,0.6,0.8,0.6,2.4,1.0,5.0,4.0,1.44,1.72,26,0.6666666666666666,D,2.8,2.9,2.74
2535,2019,2019-10-17,Vasco,Botafogo RJ,1496.2590451464769,1482.8092431594162,13.44980198706071,1.4,0.6,0.6,0.6,0.6,1.2,1.4,0.2,4.0,4.0,1.24,1.2,26,1.5,H,1.7,3.57,5.04
2536,2019,2019-10-17,Avai,Internacional,1428.0697655344636,1557.9767861181647,-129.90702058370107,0.2,0.6,0.4,2.4,0.6,1.2,1.0,0.8,4.0,4.0,0.68,1.56,26,3.0,A,3.88,2.95,2.12
2537,2019,2019-10-17,Santos,Ceara,1584.58034614811,1459.5509497836465,125.02939636446354,2.2,0.8,1.2,0.2,0.6,1.0,1.6,0.2,4.0,4.0,1.92,1.04,26,3.0,H,1.48,4.04,6.95
2538,2019,2019-10-18,Fluminense,Athletico-PR,1478.7650524503265,1535.3536866049596,-56.588634154633155,2.2,1.6,1.2,0.4,1.8,1.4,2.0,1.2,6.0,5.0,1.16,1.4,26,1.6,A,2.45,3.17,2.91
2539,2019,2019-10-19,Fortaleza,Gremio,1466.7451532726702,1572.4724282848065,-105.72727501213626,1.2,1.4,1.0,1.0,1.4,1.0,1.2,2.0,2.0,3.0,1.0769230769230769,1.5769230769230769,27,,H,2.71,2.98,2.76
2540,2019,2019-10-19,Corinthians,Cruzeiro,1554.9494670109593,1478.9543285917878,75.99513841917155,1.2,1.2,1.0,1.0,0.6,0.6,2.2,0.6,2.0,2.0,1.6923076923076923,0.9615384615384616,27,2.6,A,2.23,2.97,3.54
2541,2019,2019-10-20,Atletico-MG,Santos,1494.681154779825,1589.598048797048,-94.91689401722306,0.4,2.6,1.2,2.4,1.4,0.2,0.6,1.6,4.0,3.0,1.2307692307692308,1.9615384615384615,27,2.0,H,2.39,3.28,2.93
2542,2019,2019-10-20,Internacional,Vasco,1566.130046272257,1504.0386850850418,62.09136118721517,1.2,2.0,0.8,0.6,1.0,0.6,2.2,1.4,3.0,3.0,1.6153846153846154,1.3076923076923077,27,2.5,A,1.77,3.37,4.91
2543,2019,2019-10-20,Sao Paulo,Avai,1569.8571669568764,1419.9165053803713,149.94066157650514,1.6,0.2,0.6,0.4,0.2,1.6,1.6,1.2,3.0,3.0,1.6538461538461537,0.6538461538461539,27,2.0,H,1.38,4.39,8.94
2544,2019,2019-10-20,Flamengo RJ,Fluminense,1674.6353779922824,1468.523001168526,206.11237682375645,2.6,2.0,1.6,0.4,1.2,0.6,2.6,1.4,3.0,2.0,2.3461538461538463,1.1153846153846154,27,1.0,H,1.45,4.23,7.16
2545,2019,2019-10-20,Athletico-PR,Palmeiras,1545.5957378867602,1650.8149952080091,-105.21925732124896,1.6,1.6,1.4,1.4,0.8,0.8,1.4,1.4,2.0,3.0,1.4615384615384615,2.0384615384615383,27,1.0,D,2.73,3.13,2.63
2546,2019,2019-10-20,Chapecoense-SC,Goias,1411.796696506747,1503.7524097781804,-91.95571327143352,0.2,2.0,0.2,1.2,1.2,1.0,0.2,1.2,3.0,3.0,0.6153846153846154,1.4230769230769231,27,0.5,D,1.99,3.15,4.07
2547,2019,2019-10-21,Bahia,Ceara,1540.8527425114744,1454.5332471347085,86.31949537676587,1.4,0.6,0.8,0.8,0.8,1.4,1.6,0.2,5.0,4.0,1.5769230769230769,1.0,27,3.0,A,1.67,3.51,5.55
2548,2019,2019-10-22,Botafogo RJ,CSA,1475.0296032208512,1472.107480317036,2.9221229038150796,0.6,1.4,0.8,1.2,1.2,1.2,1.4,0.2,5.0,6.0,1.1538461538461537,1.0,27,,H,1.69,3.43,5.42
2549,2019,2019-10-26,Ceara,Vasco,1468.6325923640336,1517.5417962074162,-48.909203843382556,1.2,2.0,1.0,1.2,0.8,0.4,1.0,2.0,5.0,6.0,1.0740740740740742,1.3703703703703705,28,1.0,D,2.03,3.2,3.86
2550,2019,2019-10-26,Corinthians,Santos,1541.1003183546827,1578.7390932420822,-37.63877488739945,0.6,2.0,1.0,1.4,1.0,0.6,1.6,1.0,7.0,6.0,1.6296296296296295,1.8888888888888888,28,2.6,D,2.64,2.99,2.84
2551,2019,2019-10-26,Bahia,Internacional,1526.7533972821493,1552.6269351498827,-25.873537867733376,0.8,1.0,0.6,1.2,0.6,0.6,1.0,1.4,5.0,6.0,1.5185185185185186,1.5555555555555556,28,1.0,A,2.5,2.95,3.07
2552,2019,2019-10-26,Fluminense,Chapecoense-SC,1465.0519283524573,1412.5709913279773,52.48093702448,1.4,0.4,0.8,0.8,0.6,1.4,2.0,0.2,6.0,6.0,1.0740740740740742,0.6296296296296297,28,0.8,D,1.42,4.34,7.66
2553,2019,2019-10-27,Cruzeiro,Fortaleza,1492.8034772480644,1477.9120385963517,14.891438651712633,1.8,1.2,1.0,0.6,1.2,1.2,1.0,0.4,8.0,8.0,1.037037037037037,1.1481481481481481,28,,D,1.62,3.47,6.08
2554,2019,2019-10-27,Athletico-PR,Goias,1546.7481979301872,1502.97811495695,43.770082973237095,1.6,1.6,1.4,1.4,1.4,1.4,1.0,1.4,7.0,7.0,1.4444444444444444,1.4074074074074074,28,3.0,H,1.29,5.33,9.85
2555,2019,2019-10-27,Gremio,Botafogo RJ,1561.305542961125,1483.0991776145095,78.20636534661548,1.4,1.2,1.4,1.0,1.2,1.2,2.0,0.2,8.0,5.0,1.5185185185185186,1.2222222222222223,28,2.4,H,1.3,5.07,10.01
2556,2019,2019-10-27,Sao Paulo,Atletico-MG,1574.3553004394962,1505.5401103347908,68.81519010470538,2.0,1.0,0.8,0.4,1.4,2.0,2.0,0.4,7.0,7.0,1.7037037037037037,1.2962962962962963,28,1.4,H,1.83,3.34,4.53
2557,2019,2019-10-27,Avai,Palmeiras,1415.4183718977515,1649.662535164582,-234.24416326683058,0.2,1.6,0.2,1.4,0.8,0.8,0.8,1.6,7.0,7.0,0.6296296296296297,2.0,28,1.5,A,6.3,3.52,1.61
2558,2019,2019-10-27,Flamengo RJ,CSA,1678.1064508083512,1464.0379059233778,214.06854488497333,3.0,1.4,2.0,0.4,1.4,1.2,2.6,0.2,7.0,5.0,2.3703703703703702,0.9629629629629629,28,,H,1.07,10.82,26.58
2559,2019,2019-10-30,Atletico-MG,Chapecoense-SC,1499.21183538038,1415.8291258915112,83.38270948886884,0.8,0.6,1.2,2.2,0.8,1.4,1.2,0.4,3.0,4.0,1.25,0.6428571428571429,29,2.0,A,1.29,5.32,9.91
2560,2019,2019-10-30,Avai,Fortaleza,1409.9376788594348,1480.171810124275,-70.23413126484024,0.2,1.4,0.2,1.2,1.2,1.0,0.8,0.4,3.0,3.0,0.6071428571428571,1.1428571428571428,29,,A,2.54,2.98,2.97
2561,2019,2019-10-30,Palmeiras,Sao Paulo,1655.1432282028989,1580.683575393907,74.4596528089919,2.0,2.0,1.0,0.8,0.8,0.2,2.6,1.0,3.0,3.0,2.0357142857142856,1.75,29,2.4,H,1.8,3.23,5.05
2562,2019,2019-10-31,CSA,Corinthians,1460.696258103278,1540.3144229929278,-79.61816488964973,0.8,0.6,0.8,1.2,1.0,1.4,2.6,1.0,4.0,5.0,0.9285714285714286,1.6071428571428572,29,,H,3.87,2.92,2.15
2563,2019,2019-10-31,Ceara,Fluminense,1468.1697928604478,1461.7937937889233,6.375999071524575,1.4,1.0,1.2,1.2,0.8,1.0,1.2,0.8,5.0,5.0,1.0714285714285714,1.0714285714285714,29,3.0,H,1.97,3.24,4.01
2564,2019,2019-10-31,Vasco,Gremio,1518.004595711002,1567.4023127887417,-49.3977170777398,2.2,1.8,1.0,0.4,2.0,1.0,1.4,1.8,5.0,4.0,1.3571428571428572,1.5714285714285714,29,2.0,A,2.63,2.98,2.86
2565,2019,2019-10-31,Santos,Bahia,1579.524988603837,1515.6319838143847,63.893004789452334,1.6,0.8,0.8,0.6,0.8,1.4,2.0,1.8,5.0,5.0,1.8571428571428572,1.4642857142857142,29,2.4,H,1.56,3.85,5.98
2566,2019,2019-10-31,Goias,Flamengo RJ,1496.0103478627516,1681.448098628451,-185.43775076569932,1.0,3.0,1.4,2.2,2.0,0.4,2.0,3.0,4.0,4.0,1.3571428571428572,2.392857142857143,29,1.3333333333333333,D,7.15,4.49,1.42
2567,2019,2019-11-01,Botafogo RJ,Cruzeiro,1477.0024077868927,1490.5437057201411,-13.541297933248416,1.2,1.8,1.2,1.6,1.0,0.6,1.8,1.0,5.0,5.0,1.1785714285714286,1.0357142857142858,29,1.2,A,3.24,2.95,2.39
2568,2019,2019-11-01,Internacional,Athletico-PR,1563.7483486176473,1553.7159650243857,10.032383593261557,1.4,1.6,1.0,0.8,1.8,1.4,1.6,1.8,6.0,5.0,1.6071428571428572,1.5,29,2.6,D,1.81,3.49,4.42
2569,2019,2019-11-02,Fortaleza,Atletico-MG,1490.0211711124027,1485.1830559452262,4.838115167176511,1.4,0.8,1.4,1.2,1.0,2.0,1.8,0.4,3.0,3.0,1.206896551724138,1.206896551724138,30,,D,2.58,3.09,2.83
2570,2019,2019-11-02,Fluminense,Vasco,1453.819738912717,1507.555827537015,-53.73608862429796,0.8,2.0,0.8,1.4,1.2,1.0,1.6,1.6,2.0,2.0,1.0344827586206897,1.3103448275862069,30,0.0,D,2.27,3.11,3.27
2571,2019,2019-11-02,Palmeiras,Ceara,1661.3317903987743,1476.1438477366542,185.18794266212012,2.6,2.0,1.6,0.4,1.4,0.8,2.6,0.6,3.0,2.0,2.0689655172413794,1.1379310344827587,30,3.0,H,1.25,5.41,12.42
2572,2019,2019-11-03,Chapecoense-SC,Sao Paulo,1429.857905326665,1574.4950131980315,-144.63710787136642,1.2,1.8,1.2,1.0,0.8,0.8,0.4,1.0,4.0,4.0,0.7241379310344828,1.6896551724137931,30,2.0,A,4.54,3.22,1.87
2573,2019,2019-11-03,Flamengo RJ,Corinthians,1678.1141064522542,1529.8939264860423,148.22017996621184,2.6,0.4,1.8,0.6,0.8,1.4,2.6,1.0,3.0,3.0,2.3448275862068964,1.5517241379310345,30,2.0,H,1.46,4.05,7.43
2574,2019,2019-11-03,Athletico-PR,CSA,1555.842611438226,1471.1167546101635,84.72585682806243,1.6,0.8,1.6,1.2,1.0,1.4,1.6,0.0,2.0,3.0,1.4827586206896552,1.0,30,,H,1.25,5.68,11.19
2575,2019,2019-11-03,Gremio,Internacional,1577.8510809627287,1561.621702203807,16.229378758921712,1.8,1.6,2.2,1.0,1.2,0.8,2.0,1.4,3.0,2.0,1.6206896551724137,1.5862068965517242,30,1.8,H,2.0,3.1,4.11
2576,2019,2019-11-03,Cruzeiro,Bahia,1502.0140703207921,1509.180503919848,-7.166433599055836,2.2,0.6,1.4,0.6,0.8,1.6,1.2,1.2,2.0,3.0,1.103448275862069,1.4137931034482758,30,2.0,D,1.78,3.3,4.97
2577,2019,2019-11-03,Santos,Botafogo RJ,1585.9764684983738,1465.5320431862417,120.44442531213213,1.6,0.6,0.6,0.6,0.6,1.8,2.4,0.0,3.0,2.0,1.896551724137931,1.1379310344827587,30,2.0,H,1.31,5.06,9.72
2578,2019,2019-11-03,Goias,Avai,1499.3443400389483,1400.088317871307,99.25602216764128,1.2,0.0,1.6,2.0,0.4,1.8,2.2,0.6,3.0,4.0,1.3448275862068966,0.5862068965517241,30,0.0,H,1.6,3.71,5.86
2579,2019,2019-11-06,Corinthians,Fortaleza,1525.3611693129683,1488.0377108773757,37.323458435592556,0.4,1.6,1.0,2.0,1.8,1.4,1.6,0.8,3.0,4.0,1.5,1.2,31,,H,1.68,3.49,5.41
2580,2019,2019-11-06,Atletico-MG,Goias,1487.1665161802532,1504.9400185072336,-17.773502326980406,1.0,1.2,1.2,1.6,1.8,2.0,1.2,1.4,4.0,3.0,1.2,1.4,31,1.3333333333333333,H,1.44,4.36,7.04
2581,2019,2019-11-07,Avai,Santos,1394.4926394030217,1591.0940296721822,-196.60139026916045,0.0,2.0,0.4,2.0,1.4,0.8,0.2,1.2,4.0,4.0,0.5666666666666667,1.9333333333333333,31,1.0,A,6.27,3.77,1.56
2582,2019,2019-11-07,Athletico-PR,Cruzeiro,1561.781498383898,1500.364692278224,61.41680610567391,2.2,2.2,1.8,0.8,1.4,0.6,1.6,1.6,4.0,4.0,1.5333333333333334,1.1,31,1.4,D,1.73,3.56,4.84
2583,2019,2019-11-07,Bahia,Chapecoense-SC,1510.829881962416,1422.110729290655,88.7191526717611,0.8,1.0,1.0,1.4,1.0,1.4,0.8,1.0,4.0,4.0,1.4,0.7,31,1.0,D,1.47,4.07,7.31
2584,2019,2019-11-07,Vasco,Palmeiras,1507.8799154293654,1665.162085516403,-157.28217008703768,1.6,2.6,1.0,1.0,1.6,0.4,1.4,1.6,5.0,5.0,1.3,2.1,31,1.0,A,2.99,2.95,2.55
2585,2019,2019-11-07,Ceara,Internacional,1472.3135526190254,1553.9179843023812,-81.60443168335587,1.4,1.4,1.2,1.0,1.2,1.2,1.6,1.4,5.0,4.0,1.1,1.5333333333333334,31,1.0,H,2.4,3.05,3.11
2586,2019,2019-11-07,Sao Paulo,Fluminense,1582.2421892340417,1453.4956510203665,128.7465382136752,1.8,0.4,1.2,0.8,0.4,1.4,2.4,0.8,4.0,5.0,1.7333333333333334,1.0333333333333334,31,1.2,A,1.7,3.49,5.28
2587,2019,2019-11-07,Botafogo RJ,Flamengo RJ,1460.4144820124334,1682.6468636253283,-222.23238161289487,0.6,2.6,0.8,2.4,2.2,0.8,1.2,2.6,4.0,4.0,1.1,2.3666666666666667,31,2.6,A,7.08,4.53,1.42
2588,2019,2019-11-08,Gremio,CSA,1585.5547988641545,1465.1778676644915,120.37693119966298,1.8,0.8,1.8,0.8,1.0,1.4,2.0,0.0,5.0,5.0,1.6666666666666667,0.9666666666666667,31,,H,1.15,7.37,17.73
2589,2019,2019-11-09,Goias,Santos,1496.2909961007517,1597.4775612147635,-101.18656511401173,1.0,2.0,1.4,2.0,1.4,0.8,2.2,1.6,3.0,2.0,1.3548387096774193,1.967741935483871,32,1.3333333333333333,A,3.76,3.43,1.97
2590,2019,2019-11-09,Palmeiras,Corinthians,1672.566738519524,1532.4983587866118,140.06837973291226,2.6,0.8,1.8,0.6,1.2,2.0,2.6,0.4,2.0,3.0,2.129032258064516,1.5483870967741935,32,1.6,D,1.57,3.58,6.75
2591,2019,2019-11-10,Cruzeiro,Atletico-MG,1503.8507591726066,1495.8155385867353,8.03522058587123,1.8,1.4,1.2,0.6,1.2,1.2,1.4,0.6,3.0,4.0,1.096774193548387,1.2580645161290323,32,0.6,D,2.24,3.12,3.36
2592,2019,2019-11-10,Internacional,Fluminense,1543.4404338639945,1468.5579488983396,74.88248496565484,0.8,1.0,0.8,1.6,0.6,1.0,1.2,1.4,3.0,3.0,1.4838709677419355,1.096774193548387,32,2.6,H,1.71,3.53,5.13
2593,2019,2019-11-10,Sao Paulo,Athletico-PR,1567.1798913560685,1558.2954314895155,8.884459866553016,1.8,1.8,1.2,1.0,1.4,0.6,2.4,1.8,3.0,3.0,1.6774193548387097,1.5161290322580645,32,2.0,A,1.71,3.47,5.25
2594,2019,2019-11-10,Flamengo RJ,Bahia,1688.406925495767,1506.6732387548107,181.73368674095627,2.6,0.4,2.0,0.6,1.0,1.6,2.6,1.4,3.0,3.0,2.3870967741935485,1.3870967741935485,32,2.2,H,1.27,5.27,11.21
2595,2019,2019-11-10,CSA,Vasco,1460.0588268034392,1500.4752624262444,-40.41643562280524,0.6,1.0,0.8,1.4,0.8,1.2,2.6,1.8,2.0,3.0,0.9354838709677419,1.2580645161290323,32,,A,2.97,2.97,2.55
2596,2019,2019-11-10,Chapecoense-SC,Gremio,1426.2673724982603,1590.6738397252068,-164.40646722694646,1.2,2.4,1.2,1.4,2.2,0.8,0.4,1.8,3.0,2.0,0.7096774193548387,1.7096774193548387,32,1.0,A,5.91,3.69,1.6
2597,2019,2019-11-10,Fortaleza,Ceara,1480.9005214037322,1482.791103057412,-1.8905816536798739,1.6,2.0,2.0,1.6,1.4,0.6,2.0,0.6,4.0,3.0,1.1612903225806452,1.1612903225806452,32,,H,2.88,2.98,2.62
2598,2019,2019-11-11,Botafogo RJ,Avai,1454.6544201419947,1388.1091078604404,66.54531228155429,0.6,0.0,0.6,2.2,0.6,2.0,1.2,0.0,4.0,4.0,1.064516129032258,0.5483870967741935,32,0.0,H,1.65,3.59,5.5
2599,2019,2019-11-14,Flamengo RJ,Vasco,1692.2991750364283,1511.1816558088608,181.11751922756753,2.6,1.0,2.2,0.8,1.2,1.2,3.0,1.8,4.0,4.0,2.40625,1.3125,33,1.2,D,1.37,4.62,8.17
2600,2019,2019-11-16,Santos,Sao Paulo,1606.4397780295499,1555.084812638106,51.354965391443784,2.6,1.2,2.0,0.4,1.0,1.2,3.0,1.0,7.0,6.0,2.0,1.625,33,2.0,D,1.95,3.18,4.2
2601,2019,2019-11-16,Fluminense,Atletico-MG,1462.379784006522,1497.887235199034,-35.50745119251201,1.0,1.0,0.8,1.0,0.8,1.2,1.6,0.6,6.0,6.0,1.0625,1.25,33,2.0,D,2.19,3.29,3.27
2602,2019,2019-11-17,Bahia,Palmeiras,1502.7809892141493,1667.2660979544153,-164.485108740266,0.4,2.6,1.0,1.8,1.8,0.6,0.4,1.6,7.0,8.0,1.34375,2.09375,33,0.25,D,4.42,3.19,1.9
2603,2019,2019-11-17,Gremio,Flamengo RJ,1597.8882899271082,1686.2025554773572,-88.31426555024905,3.0,2.2,2.2,0.4,2.8,1.6,2.4,2.6,7.0,3.0,1.75,2.3636363636363638,33,2.6,A,1.96,3.39,3.84
2604,2019,2019-11-17,Athletico-PR,Botafogo RJ,1570.390510207478,1461.039354721054,109.35115548642398,2.2,0.6,1.4,0.4,0.6,2.0,1.6,0.0,7.0,6.0,1.5625,1.125,33,2.6,H,1.39,4.5,8.06
2605,2019,2019-11-17,Chapecoense-SC,Ceara,1419.052922296359,1474.5878209397583,-55.5348986433994,1.0,1.4,0.8,1.2,1.0,0.6,0.4,0.6,7.0,7.0,0.6875,1.125,33,3.0,H,3.15,3.08,2.36
2606,2019,2019-11-17,Corinthians,Internacional,1537.7989993517206,1549.6185987558122,-11.819599404091605,1.0,1.4,1.2,1.8,1.2,1.6,1.6,1.2,8.0,7.0,1.53125,1.53125,33,2.2,D,2.43,2.94,3.18
2607,2019,2019-11-17,Fortaleza,CSA,1489.103803521386,1449.3524334208228,39.751370100563236,1.6,0.6,1.8,1.4,0.6,1.6,2.0,0.0,7.0,7.0,1.21875,0.90625,33,,H,1.61,3.66,5.91
2608,2019,2019-11-18,Vasco,Goias,1517.2782753679319,1487.3287792859653,29.949496081966572,1.0,0.8,1.8,1.8,1.0,2.2,1.2,0.8,4.0,9.0,1.303030303030303,1.3125,34,0.5,D,1.51,3.98,6.62
2609,2019,2019-11-18,Cruzeiro,Avai,1501.779062560308,1381.7241732813811,120.0548892789268,1.4,0.0,0.8,0.4,0.6,2.2,1.4,0.0,8.0,7.0,1.09375,0.53125,33,1.0,D,1.28,5.05,11.39
2610,2019,2019-11-24,Santos,Cruzeiro,1603.2106417931411,1496.9051674757507,106.30547431739046,2.6,1.4,2.2,0.6,0.6,0.2,2.6,1.6,8.0,6.0,1.9696969696969697,1.0909090909090908,34,1.2,H,1.84,3.44,4.35
2611,2019,2019-11-24,Atletico-MG,Athletico-PR,1498.7340659638735,1575.7550140554217,-77.02094809154823,1.2,2.2,1.0,1.0,0.8,0.2,1.2,2.2,8.0,7.0,1.2424242424242424,1.606060606060606,34,1.8,A,1.93,3.5,3.82
2612,2019,2019-11-24,Goias,Bahia,1489.9955830992667,1505.5686267349938,-15.573043635727117,1.0,0.6,1.0,1.6,0.8,1.4,1.6,0.8,6.0,7.0,1.303030303030303,1.3333333333333333,34,3.0,H,2.42,3.17,2.95
2613,2019,2019-11-24,Palmeiras,Gremio,1664.4784604335707,1588.5583230294387,75.92013740413199,2.2,2.4,1.6,0.6,1.6,0.6,2.6,1.8,7.0,7.0,2.0606060606060606,1.696969696969697,34,3.0,A,2.13,3.15,3.57
2614,2019,2019-11-24,Botafogo RJ,Corinthians,1455.6748508731102,1536.2801873345747,-80.6053364614645,0.6,1.0,0.6,1.6,1.2,1.8,1.8,0.4,7.0,7.0,1.0909090909090908,1.5151515151515151,34,3.0,H,3.02,2.9,2.55
2615,2019,2019-11-24,Avai,Chapecoense-SC,1386.5980683659384,1428.7805621558825,-42.18249378994415,0.2,1.4,0.4,1.8,0.8,1.0,0.2,1.0,6.0,7.0,0.5454545454545454,0.7575757575757576,34,3.0,A,2.41,3.06,3.07
2616,2019,2019-11-24,Ceara,Sao Paulo,1464.8601810802347,1558.3139488745148,-93.45376779428011,1.2,0.8,0.8,0.6,0.8,1.4,2.0,1.0,7.0,8.0,1.0909090909090908,1.606060606060606,34,1.0,D,2.57,2.98,2.93
2617,2019,2019-11-24,Internacional,Fortaleza,1551.137410772958,1496.1769684260494,54.96044234690862,1.0,2.0,0.6,1.2,2.2,1.2,1.2,0.8,7.0,7.0,1.5151515151515151,1.2727272727272727,34,,D,1.4,4.36,8.15
2618,2019,2019-11-25,CSA,Fluminense,1442.2792685161594,1461.5329532416824,-19.253684725523044,0.6,1.0,0.6,2.0,0.8,1.0,2.0,0.8,8.0,9.0,0.8787878787878788,1.0606060606060606,34,,A,3.67,3.27,2.05
2619,2019,2019-11-27,Chapecoense-SC,Botafogo RJ,1439.4363602105834,1466.1237067579857,-26.687346547402285,1.4,1.2,0.6,1.0,0.8,1.2,1.0,0.0,3.0,3.0,0.8235294117647058,1.1470588235294117,35,1.5,A,2.49,2.99,3.02
2620,2019,2019-11-27,Internacional,Goias,1547.8156351727669,1498.5824811395382,49.23315403322863,1.0,1.4,0.8,1.4,1.4,1.8,1.2,0.4,3.0,3.0,1.5,1.3529411764705883,35,2.3333333333333335,A,1.37,4.67,8.19
2621,2019,2019-11-28,Bahia,Atletico-MG,1496.9817286947223,1489.079918667123,7.9018100275993675,0.6,1.2,1.4,2.0,1.0,0.8,0.6,0.8,4.0,4.0,1.2941176470588236,1.2058823529411764,35,1.0,D,2.44,3.18,2.93
2622,2019,2019-11-28,Athletico-PR,Gremio,1585.4091613521723,1602.4056326624152,-16.996471310242896,2.6,2.4,0.8,0.0,1.4,0.6,2.2,2.4,4.0,4.0,1.6470588235294117,1.7352941176470589,35,1.8,H,2.51,3.17,2.84
2623,2019,2019-11-28,Corinthians,Avai,1525.8313314496993,1375.9422703112375,149.88906113846178,1.0,0.2,1.0,1.6,0.2,1.4,1.2,0.2,4.0,4.0,1.4705882352941178,0.5294117647058824,35,2.0,H,1.37,4.27,10.05
2624,2019,2019-11-28,Flamengo RJ,Ceara,1695.5325223750267,1465.6773203039754,229.85520207105128,2.6,0.8,2.6,1.2,0.6,0.8,2.6,0.6,11.0,4.0,2.3823529411764706,1.088235294117647,35,0.0,H,1.43,4.47,6.94
2625,2019,2019-11-28,Fluminense,Palmeiras,1472.8420814935378,1650.6311508005942,-177.78906930705648,1.6,1.6,1.0,0.6,1.2,1.0,1.2,1.6,3.0,4.0,1.1176470588235294,2.0,35,1.2,H,2.71,3.08,2.7
2626,2019,2019-11-28,Fortaleza,Santos,1499.4987440262405,1608.6442498272838,-109.14550580104333,1.6,2.6,2.0,1.4,2.8,0.8,2.0,1.6,4.0,4.0,1.2647058823529411,2.0,35,,H,3.14,3.21,2.29
2627,2019,2019-11-28,Sao Paulo,Vasco,1557.4968096507741,1514.6114715546305,42.88533809614364,1.0,1.2,1.0,1.0,1.8,1.4,1.8,1.8,4.0,10.0,1.588235294117647,1.2941176470588236,35,2.0,H,1.65,3.56,5.63
2628,2019,2019-11-29,Cruzeiro,CSA,1491.471559441608,1430.970140264304,60.50141917730389,0.8,0.0,0.4,1.0,0.2,2.0,1.4,0.0,5.0,4.0,1.0588235294117647,0.8529411764705882,35,,A,1.33,4.73,10.06
2629,2019,2019-11-30,Botafogo RJ,Internacional,1477.2219854584473,1534.641308951749,-57.41932349330159,1.8,1.0,0.8,0.4,1.0,1.4,1.8,1.4,3.0,3.0,1.2,1.457142857142857,36,1.8,A,3.65,3.1,2.13
2630,2019,2019-11-30,Ceara,Athletico-PR,1462.5810158540694,1594.036233864912,-131.4552180108426,0.8,2.6,0.8,1.4,1.0,0.0,2.2,2.2,2.0,2.0,1.0571428571428572,1.6857142857142857,36,1.0,D,2.07,3.11,3.79
2631,2019,2019-12-01,Avai,Fluminense,1371.4431011359354,1485.9789825954492,-114.5358814595138,0.2,2.0,0.2,1.6,1.2,0.6,0.0,1.2,3.0,3.0,0.5142857142857142,1.1714285714285715,36,1.5,D,6.11,3.86,1.55
2632,2019,2019-12-01,Goias,Fortaleza,1511.7568073605562,1510.7625599078974,0.994247452658783,1.4,2.0,1.4,2.0,2.0,1.2,1.6,1.0,4.0,3.0,1.4,1.3142857142857143,36,,A,1.94,3.51,3.75
2633,2019,2019-12-01,Palmeiras,Flamengo RJ,1637.4942496986828,1698.6288268249327,-61.13457712624995,1.0,2.6,1.0,1.2,2.6,1.2,2.0,2.6,3.0,3.0,1.9428571428571428,2.4,36,1.8,A,2.37,3.32,2.91
2634,2019,2019-12-01,Atletico-MG,Corinthians,1491.1479399268696,1530.3305006250014,-39.18256069813174,1.2,1.6,0.8,0.6,1.4,0.8,1.2,0.4,3.0,3.0,1.2,1.5142857142857142,36,1.4,H,1.95,3.29,4.02
2635,2019,2019-12-01,CSA,Bahia,1444.4330408373012,1494.9137074349755,-50.48066659767437,0.6,0.6,0.4,1.8,1.4,2.0,1.4,0.8,2.0,3.0,0.9142857142857143,1.2857142857142858,36,,A,3.06,3.15,2.36
2636,2019,2019-12-01,Gremio,Sao Paulo,1593.7785601496755,1564.4877182047362,29.290841944939302,1.8,1.0,1.0,1.0,0.6,1.0,1.8,1.0,3.0,3.0,1.6857142857142857,1.6285714285714286,36,1.8,H,1.8,3.34,4.75
2637,2019,2019-12-01,Santos,Chapecoense-SC,1597.380433945627,1428.3380815101218,169.0423524355051,2.0,1.4,2.2,1.0,0.6,0.6,2.6,1.6,3.0,4.0,1.9428571428571428,0.8,36,2.4,H,1.22,5.98,12.31
2638,2019,2019-12-02,Vasco,Cruzeiro,1507.6205630006684,1478.0086588686108,29.61190413205759,1.0,0.6,1.8,1.6,0.2,1.0,1.4,1.6,4.0,3.0,1.2571428571428571,1.0285714285714285,36,1.2,H,2.49,2.98,3.03
2639,2019,2019-12-04,Athletico-PR,Santos,1592.1464887092948,1601.5068205708676,-9.360331861572831,2.6,2.0,1.2,0.2,2.2,0.8,2.6,1.4,4.0,3.0,1.6666666666666667,1.9722222222222223,37,1.6,H,2.21,3.32,3.22
2640,2019,2019-12-04,Atletico-MG,Botafogo RJ,1500.4062189909455,1467.0038306670656,33.402388323879904,1.2,1.8,0.8,0.8,0.8,0.4,1.8,0.6,3.0,4.0,1.25,1.1666666666666667,37,2.2,H,1.42,4.33,7.83
2641,2019,2019-12-04,Ceara,Corinthians,1464.4707610096866,1521.0722215609255,-56.601460551238915,0.4,1.0,0.6,1.6,1.0,0.8,1.8,0.2,4.0,3.0,1.0555555555555556,1.4722222222222223,37,3.0,A,2.07,3.03,3.99
2642,2019,2019-12-05,Chapecoense-SC,CSA,1424.2116948848811,1434.0153839334296,-9.80368904854845,1.2,0.6,0.4,0.8,0.4,1.8,0.8,0.6,4.0,4.0,0.7777777777777778,0.8888888888888888,37,,H,2.08,3.16,3.75
2643,2019,2019-12-05,Fluminense,Fortaleza,1484.562808259471,1522.6395078744738,-38.07669961500278,1.6,2.6,1.0,0.8,2.0,0.8,1.2,1.6,4.0,4.0,1.1666666666666667,1.3611111111111112,37,,D,1.83,3.52,4.32
2644,2019,2019-12-05,Sao Paulo,Internacional,1557.136903776023,1544.8594637431306,12.2774400328924,1.0,1.6,0.6,1.2,1.2,1.0,1.8,1.4,4.0,5.0,1.5833333333333333,1.5,37,1.0,H,2.13,2.95,3.89
2645,2019,2019-12-05,Bahia,Vasco,1505.3313643388472,1514.9627871664904,-9.631422827643291,1.0,1.6,1.6,2.0,1.8,1.2,0.6,1.2,4.0,3.0,1.3333333333333333,1.3055555555555556,37,1.75,D,1.85,3.29,4.54
2646,2019,2019-12-05,Gremio,Cruzeiro,1601.1293745783887,1470.6664347027888,130.4629398755999,1.8,0.4,1.2,0.8,0.2,1.2,2.4,1.4,4.0,3.0,1.7222222222222223,1.0,37,1.4,H,1.62,3.76,5.49
2647,2019,2019-12-05,Palmeiras,Goias,1627.3829984752267,1499.8798593939798,127.5031390812469,0.4,1.4,0.8,1.6,1.6,2.0,1.4,1.0,4.0,4.0,1.8888888888888888,1.3611111111111112,37,1.5,H,1.39,4.79,7.46
2648,2019,2019-12-05,Flamengo RJ,Avai,1708.7400780483888,1372.8592754719136,335.88080257647516,2.6,0.4,3.0,1.4,0.2,1.4,2.6,0.2,4.0,4.0,2.4166666666666665,0.5277777777777778,37,2.0,H,1.1,9.53,21.17
2649,2019,2019-12-08,Avai,Athletico-PR,1371.049456961571,1600.5586015209901,-229.50914455941916,0.4,2.6,0.4,2.2,1.2,0.2,0.2,2.2,3.0,4.0,0.5135135135135135,1.7027027027027026,38,1.5,D,4.01,3.47,1.9
2650,2019,2019-12-08,Botafogo RJ,Ceara,1459.7627017606671,1454.2290786852916,5.533623075375544,1.2,0.4,0.4,0.8,0.6,1.6,1.2,0.6,4.0,4.0,1.135135135135135,1.027027027027027,38,1.0,D,3.1,2.51,2.9
2651,2019,2019-12-08,CSA,Sao Paulo,1425.5908295119907,1564.9486473912636,-139.35781787927294,0.6,1.6,0.4,1.8,1.0,1.2,0.8,1.0,3.0,3.0,0.8648648648648649,1.6216216216216217,38,,A,3.43,3.21,2.17
2652,2019,2019-12-08,Corinthians,Fluminense,1531.3139038853205,1483.7894407696551,47.52446311566541,1.4,1.8,1.0,0.6,0.8,0.4,1.6,1.4,4.0,3.0,1.5135135135135136,1.162162162162162,38,2.0,A,2.11,3.19,3.6
2653,2019,2019-12-08,Cruzeiro,Palmeiras,1465.7653824526917,1632.3473653796361,-166.58198292694442,0.2,0.8,0.2,1.6,1.6,1.6,0.8,1.6,3.0,3.0,0.972972972972973,1.9189189189189189,38,2.6,A,2.55,3.23,2.76
2654,2019,2019-12-08,Fortaleza,Bahia,1523.4128753642897,1503.7510839824,19.66179138188977,2.2,1.2,1.8,0.8,1.6,1.6,2.6,0.8,3.0,3.0,1.3513513513513513,1.3243243243243243,38,,H,2.02,3.51,3.54
2655,2019,2019-12-08,Goias,Gremio,1494.9154924895704,1606.0304268284858,-111.11493433891542,1.4,1.8,1.8,2.4,1.4,0.8,1.4,1.8,3.0,3.0,1.3243243243243243,1.7567567567567568,38,1.6666666666666667,H,2.01,3.52,3.53
2656,2019,2019-12-08,Internacional,Atletico-MG,1537.04772012789,1507.647347897344,29.400372230546054,1.0,1.6,1.0,1.2,1.2,0.8,1.0,0.8,3.0,4.0,1.4594594594594594,1.2972972972972974,38,1.4,H,1.57,4.09,5.42
2657,2019,2019-12-08,Santos,Flamengo RJ,1593.0947077591723,1710.5498965587315,-117.45518879955921,1.4,2.6,1.6,1.0,3.6,1.4,2.6,2.6,4.0,3.0,1.9189189189189189,2.4324324324324325,38,1.4,H,2.65,3.54,2.47
2658,2019,2019-12-08,Vasco,Chapecoense-SC,1516.5430675229377,1432.63624930632,83.9068182166177,1.2,1.8,1.4,1.4,1.0,0.6,1.4,1.6,3.0,3.0,1.2972972972972974,0.8378378378378378,38,1.6666666666666667,D,1.4,4.46,7.8
2659,2020,2020-08-08,Fortaleza,Athletico-PR,1523.2674184460504,1572.111307245453,-48.84388879940252,2.2,2.2,1.6,1.0,1.0,0.2,2.6,1.8,244.0,244.0,,,1,3.0,A,2.02,3.25,3.77
2660,2020,2020-08-08,Coritiba,Internacional,1486.190181540012,1533.2967026378774,-47.106521097865425,0.8,1.4,0.8,1.6,1.4,1.4,2.0,0.8,979.0,244.0,,,1,1.2,A,3.77,3.06,2.11
2661,2020,2020-08-09,Sport Recife,Ceara,1480.4184493218322,1467.1738215336482,13.244627788184062,1.0,0.6,0.6,0.8,0.8,1.6,2.0,0.2,616.0,245.0,,,1,3.0,H,2.91,2.93,2.61
2662,2020,2020-08-09,Flamengo RJ,Atletico-MG,1649.2886120621563,1500.224598381048,149.06401368110824,2.4,1.4,2.8,1.4,1.2,1.0,2.6,0.8,245.0,245.0,,,1,2.0,A,1.47,4.46,6.27
2663,2020,2020-08-09,Santos,Bragantino,1578.4448411762714,1500.0,78.44484117627144,1.8,,2.2,0.8,,,2.6,,245.0,,,,1,,D,2.15,3.25,3.39
2664,2020,2020-08-09,Gremio,Fluminense,1571.0331541126243,1497.689605257924,73.3435488547002,1.8,2.2,1.8,1.2,1.0,0.4,2.4,2.0,245.0,245.0,,,1,1.4,H,1.58,3.67,6.13
2665,2020,2020-08-12,Athletico-PR,Goias,1582.5759826243068,1504.6762853759178,77.89969724838897,2.2,1.8,1.2,0.2,2.2,2.6,2.6,0.8,4.0,248.0,3.0,,2,3.0,H,1.28,5.38,10.03
2666,2020,2020-08-12,Atletico-MG,Corinthians,1515.7088463703005,1513.6379032333077,2.0709431369928097,2.0,1.2,1.4,0.8,1.2,1.0,1.8,0.8,3.0,248.0,3.0,,2,1.8,H,1.98,3.21,4.0
2667,2020,2020-08-12,Bragantino,Botafogo RJ,1503.9090467720794,1468.320013800821,35.58903297125835,1.0,1.4,1.0,1.0,0.6,0.8,,0.6,3.0,248.0,1.0,,2,,D,1.62,3.75,5.42
2668,2020,2020-08-13,Atletico GO,Flamengo RJ,1479.3478544288491,1633.8043640729038,-154.45650964405468,1.8,1.8,1.4,0.8,2.6,1.6,1.0,2.0,984.0,4.0,,0.0,1,0.0,H,7.0,4.34,1.44
2669,2020,2020-08-13,Bahia,Coritiba,1497.1055510639667,1475.6756206797695,21.429930384197178,1.0,0.6,1.6,1.8,0.6,1.6,0.8,1.0,249.0,5.0,,0.0,1,1.0,H,2.08,2.96,4.02
2670,2020,2020-08-13,Ceara,Gremio,1459.3885666069111,1577.2492072475995,-117.86064064068842,0.4,1.8,1.0,2.0,1.6,1.0,1.6,1.8,4.0,4.0,0.0,3.0,2,1.5,D,2.59,2.92,2.92
2671,2020,2020-08-13,Fluminense,Palmeiras,1491.4735521229488,1604.6281193321377,-113.15456720918883,1.6,1.2,0.8,0.6,1.8,1.4,1.4,2.0,4.0,249.0,0.0,,2,1.2,D,4.47,3.26,1.86
2672,2020,2020-08-13,Sao Paulo,Fortaleza,1554.6304095602345,1512.8027430671966,41.827666493037896,2.0,2.0,1.2,1.2,1.2,1.0,1.8,1.6,249.0,5.0,,0.0,1,3.0,H,1.58,3.65,6.34
2673,2020,2020-08-13,Internacional,Santos,1543.8112634981198,1574.535794404192,-30.724530906072232,1.8,1.4,1.2,1.0,1.6,0.8,1.6,1.4,5.0,4.0,3.0,1.0,2,2.2,H,1.85,3.21,4.67
2674,2020,2020-08-14,Vasco,Sport Recife,1509.3762443825294,1488.2037042485692,21.172540133960183,1.2,1.4,0.8,0.8,1.2,1.2,1.0,1.0,250.0,5.0,,3.0,1,2.25,H,2.11,3.0,3.89
2675,2020,2020-08-15,Gremio,Corinthians,1575.739387612395,1505.5447317668882,70.19465584550676,2.0,1.2,1.8,0.8,1.6,1.4,2.4,0.8,2.0,3.0,2.0,0.0,3,2.0,D,1.75,3.21,5.39
2676,2020,2020-08-15,Coritiba,Flamengo RJ,1468.1131977799157,1621.2850267012514,-153.17182892133565,0.0,1.2,0.4,1.8,1.8,2.0,1.4,1.8,2.0,2.0,0.0,0.0,3,0.6,A,5.22,3.66,1.66
2677,2020,2020-08-16,Palmeiras,Goias,1603.2509268040503,1498.572031107611,104.67889569643921,1.4,1.2,1.8,1.2,1.6,2.4,1.4,0.8,3.0,4.0,1.0,0.0,2,2.0,D,1.19,6.51,14.23
2678,2020,2020-08-16,Atletico-MG,Ceara,1523.80201783672,1460.8983862421157,62.90363159460435,2.4,0.6,1.8,1.0,1.0,1.4,2.4,0.2,4.0,3.0,3.0,0.5,3,3.0,H,1.55,3.85,6.05
2679,2020,2020-08-16,Bahia,Bragantino,1504.6679739638205,1501.0921308827058,3.5758430811147264,1.6,1.0,1.2,1.0,1.0,1.0,1.4,1.0,3.0,4.0,3.0,1.0,2,,H,2.81,3.1,2.56
2680,2020,2020-08-16,Vasco,Sao Paulo,1516.9456366423026,1561.6490292165352,-44.703392574232566,1.6,2.4,1.0,0.6,1.2,1.0,1.6,1.6,2.0,3.0,3.0,3.0,2,1.4,H,3.09,3.11,2.38
2681,2020,2020-08-16,Fluminense,Internacional,1492.8507446510362,1552.8279241989285,-59.97717954789232,1.2,2.4,0.8,0.8,1.4,0.6,1.4,1.4,3.0,3.0,0.5,3.0,3,1.2,H,3.52,3.0,2.22
2682,2020,2020-08-16,Atletico GO,Sport Recife,1491.8671918005016,1480.634311988796,11.232879811705516,1.8,1.4,1.6,0.8,1.2,1.4,1.6,1.0,3.0,2.0,3.0,1.5,2,1.5,D,2.01,3.1,4.03
2683,2020,2020-08-16,Fortaleza,Botafogo RJ,1505.784123410896,1471.1369296901946,34.64719372070135,1.4,1.0,0.8,1.0,0.6,1.0,2.4,0.8,3.0,4.0,0.0,1.0,3,3.0,D,2.01,3.13,3.97
2684,2020,2020-08-16,Santos,Athletico-PR,1565.5191337033834,1588.6802368926135,-23.16110318923006,1.4,2.2,1.4,0.8,1.2,0.4,2.2,2.2,3.0,4.0,0.5,3.0,3,2.6,H,2.4,3.13,3.02
2685,2020,2020-08-19,Bragantino,Fluminense,1493.0406642990833,1502.7061863280796,-9.665522028996293,0.6666666666666666,1.6,1.0,1.3333333333333333,1.0,0.8,1.0,1.4,3.0,3.0,0.6666666666666666,1.3333333333333333,4,,H,2.06,3.2,3.72
2686,2020,2020-08-19,Flamengo RJ,Gremio,1628.8003506494822,1572.0333612863985,56.76698936308367,1.2,1.6,1.4,1.8,1.2,0.8,2.0,1.4,4.0,4.0,1.0,1.6666666666666667,4,2.4,D,2.03,3.11,3.95
2687,2020,2020-08-19,Athletico-PR,Palmeiras,1579.8786697264097,1598.7216684611687,-18.84299873475902,2.0,1.6,1.2,0.8,2.0,1.2,2.6,1.6,3.0,3.0,2.0,1.0,4,1.0,A,3.45,2.94,2.29
2688,2020,2020-08-20,Goias,Fortaleza,1503.1012894504927,1502.9921837966979,0.1091056537948134,0.8,1.0,1.4,2.4,0.4,0.8,1.8,1.0,4.0,4.0,0.5,0.3333333333333333,3,0.0,A,2.69,2.94,2.81
2689,2020,2020-08-20,Internacional,Atletico GO,1542.972482521885,1489.707579388528,53.26490313335694,1.8,1.4,1.4,1.0,1.4,0.8,2.0,1.0,4.0,4.0,2.0,2.0,4,3.0,H,1.75,3.36,5.06
2690,2020,2020-08-20,Botafogo RJ,Atletico-MG,1473.9288693043927,1530.2784135376733,-56.34954423328054,0.6,2.4,0.4,1.0,1.8,0.8,1.4,1.2,4.0,4.0,1.0,3.0,3,1.6,H,4.39,3.43,1.83
2691,2020,2020-08-20,Corinthians,Coritiba,1509.2507580928846,1460.5978738316849,48.65288426119969,0.8,0.0,1.0,1.4,0.4,1.4,1.6,0.8,5.0,5.0,0.5,0.0,3,2.6,H,1.83,3.14,5.0
2692,2020,2020-08-20,Sport Recife,Santos,1482.7939244007696,1574.3207008695872,-91.52677646881762,1.6,1.4,1.2,1.2,1.6,1.0,2.0,1.2,4.0,4.0,1.3333333333333333,1.3333333333333333,4,2.2,A,2.45,3.15,2.93
2693,2020,2020-08-21,Ceara,Vasco,1454.4219905411626,1526.362116962952,-71.9401264217895,0.4,2.2,0.8,1.6,1.4,0.6,1.2,1.2,5.0,5.0,0.3333333333333333,3.0,4,1.0,A,2.07,3.07,3.92
2694,2020,2020-08-21,Sao Paulo,Bahia,1552.2325488958857,1512.719440547443,39.513108348442756,1.8,2.0,1.2,1.4,1.4,1.0,1.8,0.8,5.0,5.0,1.5,3.0,3,1.6,D,1.74,3.41,5.13
2695,2020,2020-08-22,Athletico-PR,Fluminense,1568.5579253660935,1494.28550972549,74.27241564060341,1.4,1.4,1.0,1.0,1.2,1.2,2.4,1.4,3.0,3.0,1.5,1.0,5,2.4,A,1.9,3.21,4.35
2696,2020,2020-08-22,Internacional,Atletico-MG,1549.6941937571385,1520.527342233116,29.166851524022377,2.4,1.8,1.8,0.6,1.6,1.2,2.0,1.0,2.0,2.0,2.25,2.25,5,1.8,H,2.25,3.21,3.21
2697,2020,2020-08-23,Goias,Atletico GO,1491.2489321006383,1482.9858681532746,8.263063947363662,0.8,1.2,1.4,2.6,1.2,1.2,1.2,1.0,3.0,3.0,0.3333333333333333,1.3333333333333333,4,,H,2.91,2.95,2.59
2698,2020,2020-08-23,Flamengo RJ,Botafogo RJ,1625.4323960290699,1483.67994060895,141.75245542012,0.8,1.2,0.4,1.8,0.8,1.0,1.6,1.0,4.0,3.0,1.0,1.6666666666666667,5,2.2,D,1.36,4.66,8.59
2699,2020,2020-08-23,Bragantino,Coritiba,1501.4613409016729,1453.7571734953538,47.70416740631913,1.25,0.0,1.25,1.25,0.4,1.6,2.0,0.2,4.0,3.0,1.25,0.0,5,,A,1.58,3.75,6.08
2700,2020,2020-08-23,Palmeiras,Santos,1610.042412821485,1583.55867899188,26.483733829604944,2.2,2.0,2.0,0.6,1.8,0.8,1.0,1.2,4.0,3.0,1.6666666666666667,1.75,4,2.0,H,1.96,3.11,4.27
2701,2020,2020-08-23,Vasco,Gremio,1536.1623906311306,1575.4013159068109,-39.23892527568023,2.2,1.2,1.8,0.6,1.0,1.0,2.2,1.0,2.0,4.0,3.0,1.5,4,1.4,D,3.82,3.13,2.07
2702,2020,2020-08-23,Sport Recife,Sao Paulo,1473.5559462784768,1549.3119853252147,-75.7560390467379,1.4,2.0,1.2,1.4,1.4,1.0,1.4,1.0,3.0,2.0,1.0,1.3333333333333333,5,1.6,A,3.32,3.04,2.3
2703,2020,2020-08-24,Ceara,Bahia,1444.621716872984,1515.640004118114,-71.01828724512984,0.4,1.6,0.8,2.0,1.2,1.0,0.6,0.8,3.0,3.0,0.25,2.3333333333333335,5,0.5,H,2.13,3.1,3.66
2704,2020,2020-08-26,Sao Paulo,Athletico-PR,1559.0025005015004,1554.7510947463247,4.2514057551757105,2.0,1.2,1.2,0.8,1.0,1.2,2.0,1.6,3.0,4.0,1.75,1.2,5,1.4,H,1.97,3.15,4.13
2705,2020,2020-08-27,Corinthians,Fortaleza,1516.0914584292157,1514.8445411465523,1.2469172826633894,1.4,1.4,1.4,1.2,1.0,1.0,2.0,1.6,7.0,7.0,1.3333333333333333,1.0,4,3.0,D,1.89,3.24,4.35
2706,2020,2020-08-29,Botafogo RJ,Internacional,1489.015344217251,1557.0483267705156,-68.03298255326467,1.4,2.4,1.0,0.8,1.6,0.4,2.0,1.4,6.0,7.0,1.5,2.4,5,1.6,A,4.64,3.34,1.82
2707,2020,2020-08-29,Bahia,Palmeiras,1505.4668012098884,1617.4685114709446,-112.00171026105613,1.4,2.2,1.0,1.2,1.4,0.6,1.8,1.6,5.0,6.0,1.75,2.0,5,0.4,D,4.06,2.99,2.07
2708,2020,2020-08-29,Fluminense,Vasco,1508.092340345259,1535.422283092458,-27.329942747199084,1.4,2.2,1.0,1.0,1.6,0.4,1.8,1.6,7.0,6.0,1.4,2.5,6,0.2,H,2.23,3.05,3.47
2709,2020,2020-08-30,Fortaleza,Bragantino,1516.7285043739982,1488.3266431806906,28.401861193307695,1.0,1.0,0.8,1.0,1.2,1.4,2.0,0.5,3.0,7.0,1.0,1.0,6,,H,2.3,3.15,3.18
2710,2020,2020-08-30,Sao Paulo,Corinthians,1567.0352681926347,1514.2074952017697,52.827772990865014,2.0,1.0,1.0,0.6,1.4,1.4,2.6,0.8,4.0,3.0,2.0,1.25,6,2.2,H,2.26,2.97,3.46
2711,2020,2020-08-30,Coritiba,Sport Recife,1466.891871216336,1463.865431102191,3.026440114145089,0.6,0.8,0.6,1.4,0.8,1.4,0.8,0.6,7.0,7.0,0.6,0.8,6,0.8,H,2.37,2.94,3.29
2712,2020,2020-08-30,Santos,Flamengo RJ,1576.1325803424204,1620.0969924207689,-43.96441207834846,1.4,1.0,1.2,1.2,0.6,1.2,2.6,1.8,7.0,7.0,1.4,1.0,6,1.8,A,3.49,3.35,2.08
2713,2020,2020-08-30,Atletico GO,Ceara,1475.0638403126652,1454.7949197812095,20.268920531455706,1.0,0.8,1.0,1.4,1.0,1.8,1.8,0.2,7.0,6.0,1.0,0.8,5,,A,2.46,3.08,3.0
2714,2020,2020-09-02,Ceara,Fortaleza,1467.2010403642378,1524.1031260738582,-56.90208570962045,1.4,1.6,1.0,1.2,1.4,0.6,1.0,1.6,3.0,3.0,1.1666666666666667,1.3333333333333333,7,3.0,H,2.57,2.89,2.99
2715,2020,2020-09-02,Fluminense,Atletico GO,1517.012337647205,1462.657719729637,54.35461791756802,2.0,0.8,1.4,1.0,0.8,1.6,2.2,0.8,4.0,3.0,1.6666666666666667,0.8,7,1.5,D,1.73,3.38,5.19
2716,2020,2020-09-02,Goias,Corinthians,1499.1709599412477,1507.4745498906082,-8.303589949360457,1.4,1.0,1.6,1.6,1.4,1.4,1.8,0.8,10.0,3.0,1.0,1.0,5,0.75,A,3.32,3.03,2.3
2717,2020,2020-09-03,Athletico-PR,Bragantino,1546.7183270551905,1480.9520214808306,65.76630557435988,0.6,0.8,0.6,1.4,1.0,1.8,1.8,0.3333333333333333,8.0,4.0,1.0,0.8333333333333334,7,,D,2.35,3.18,3.06
2718,2020,2020-09-03,Bahia,Flamengo RJ,1506.8114264320484,1630.7017065842263,-123.89028015217787,1.6,1.6,1.0,1.0,0.8,1.0,1.8,1.8,5.0,4.0,1.6,1.3333333333333333,6,2.0,A,3.28,3.1,2.28
2719,2020,2020-09-03,Botafogo RJ,Coritiba,1479.1026382549892,1474.9585551760515,4.144083078937683,1.2,1.2,0.8,1.0,0.8,1.2,1.4,0.6,5.0,4.0,1.2,1.0,6,2.2,D,2.13,3.13,3.62
2720,2020,2020-09-03,Palmeiras,Internacional,1616.1238862487846,1566.9610327327773,49.16285351600732,1.8,2.4,1.2,0.8,1.8,0.4,1.4,1.8,5.0,5.0,1.8,2.5,6,2.0,D,1.95,3.07,4.45
2721,2020,2020-09-03,Santos,Vasco,1565.527866178963,1526.502285790512,39.02558038845109,1.2,2.0,1.0,1.2,1.6,0.6,2.0,1.0,4.0,5.0,1.1666666666666667,2.0,7,1.6,D,1.7,3.7,4.9
2722,2020,2020-09-03,Gremio,Sport Recife,1576.1414234454835,1455.7987471424756,120.34267630300792,1.4,0.2,0.6,0.4,0.2,1.2,2.0,0.4,11.0,4.0,1.4,0.6666666666666666,6,1.4,A,1.38,4.53,8.45
2723,2020,2020-09-04,Atletico-MG,Sao Paulo,1513.173209219739,1573.7682135037962,-60.59500428405727,1.8,2.0,1.4,1.0,1.2,0.8,2.4,1.4,13.0,5.0,1.8,2.1666666666666665,6,2.0,H,2.0,3.22,3.9
2724,2020,2020-09-05,Flamengo RJ,Fortaleza,1639.022756216414,1514.3361605860298,124.68659563038432,2.2,1.6,1.8,1.0,1.4,0.6,1.6,1.0,2.0,3.0,1.5714285714285714,1.1428571428571428,8,3.0,H,1.44,4.3,7.11
2725,2020,2020-09-05,Corinthians,Botafogo RJ,1519.092071260982,1477.1383755772222,41.95369568375986,1.6,1.2,1.4,1.0,0.6,0.8,1.6,1.2,3.0,2.0,1.3333333333333333,1.1666666666666667,7,2.6,D,1.79,3.37,4.79
2726,2020,2020-09-06,Ceara,Santos,1476.9680058520662,1562.620143142919,-85.6521372908528,1.8,1.4,1.0,1.0,1.4,1.2,1.4,0.6,4.0,3.0,1.4285714285714286,1.1428571428571428,8,0.5,A,2.04,3.22,3.81
2727,2020,2020-09-06,Bragantino,Palmeiras,1484.5475797206068,1612.9513796701874,-128.40379994958062,0.8,1.8,1.0,1.8,1.2,0.8,1.3333333333333333,1.6,3.0,3.0,0.8571428571428571,1.6666666666666667,8,,A,3.24,3.07,2.32
2728,2020,2020-09-06,Internacional,Bahia,1570.1335393113745,1498.4903767998605,71.64316251151399,2.0,1.0,1.6,0.6,1.4,2.0,2.4,0.8,3.0,3.0,2.2857142857142856,1.3333333333333333,8,2.4,D,1.55,3.81,6.28
2729,2020,2020-09-06,Sao Paulo,Fluminense,1563.8949926791306,1513.7060840152205,50.18890866391007,2.0,2.0,1.0,1.0,1.4,1.0,2.6,1.4,2.0,4.0,1.8571428571428572,1.5714285714285714,8,1.2,H,1.88,3.23,4.49
2730,2020,2020-09-06,Vasco,Athletico-PR,1529.410008826556,1543.1227688154142,-13.712759988858352,1.6,0.2,1.6,1.0,0.4,1.4,2.2,1.0,3.0,3.0,1.8333333333333333,1.0,7,1.2,H,2.31,3.05,3.29
2731,2020,2020-09-06,Atletico GO,Gremio,1465.9639733616214,1561.261215391006,-95.29724202938473,0.4,0.8,0.4,1.8,0.6,0.8,1.2,0.6,4.0,3.0,0.8333333333333334,1.1666666666666667,7,0.0,D,4.83,3.28,1.81
2732,2020,2020-09-07,Coritiba,Atletico-MG,1476.9228178538185,1523.0464300444046,-46.12361219058607,1.4,1.8,0.8,1.0,1.8,1.0,1.2,0.8,4.0,3.0,1.0,2.0,8,1.4,A,4.79,3.64,1.72
2733,2020,2020-09-07,Sport Recife,Goias,1470.678955196953,1487.5534385708738,-16.87448337392084,0.8,0.8,0.6,1.0,1.2,1.6,1.2,1.0,4.0,5.0,1.0,0.8,8,1.5,H,1.91,3.21,4.34
2734,2020,2020-09-09,Athletico-PR,Botafogo RJ,1534.5883046863369,1480.1230605479302,54.46524413840666,0.2,1.2,0.2,1.0,1.0,1.2,1.4,0.8,3.0,4.0,0.875,1.1428571428571428,9,2.6,D,1.77,3.42,4.73
2735,2020,2020-09-09,Fortaleza,Sport Recife,1509.3110369071846,1479.3025829625212,30.008453944663415,1.4,1.2,1.6,1.0,0.8,1.0,2.0,1.0,4.0,2.0,1.0,1.25,9,,H,1.95,3.21,4.13
2736,2020,2020-09-09,Goias,Coritiba,1478.9298108053056,1466.3800456884105,12.54976511689506,0.8,1.4,1.2,1.6,0.8,1.0,1.2,0.8,2.0,2.0,0.6666666666666666,0.875,7,1.3333333333333333,D,2.52,2.94,3.0
2737,2020,2020-09-09,Sao Paulo,Bragantino,1570.6959511578964,1476.3524958121266,94.34345534576983,2.4,0.8,1.4,1.0,1.0,1.8,2.6,0.5,3.0,3.0,2.0,0.75,9,,D,2.03,3.32,3.66
2738,2020,2020-09-10,Fluminense,Flamengo RJ,1506.9051255364548,1644.0478798952593,-137.1427543588045,1.4,2.2,1.2,1.4,2.0,1.2,1.8,1.8,4.0,5.0,1.375,1.75,9,0.4,A,5.46,3.71,1.63
2739,2020,2020-09-10,Santos,Atletico-MG,1572.026425946723,1533.5892022098126,38.43722373691048,1.4,1.8,1.0,1.0,1.4,0.6,1.6,1.2,4.0,3.0,1.375,2.142857142857143,9,3.0,H,4.2,3.85,1.76
2740,2020,2020-09-10,Bahia,Gremio,1502.2323126511162,1560.3913943359596,-58.159081684843386,0.6,0.8,1.4,2.2,0.6,0.8,1.6,0.8,4.0,4.0,1.2857142857142858,1.1428571428571428,8,1.8,A,3.66,3.13,2.11
2741,2020,2020-09-10,Corinthians,Palmeiras,1516.107386290274,1621.1464635786676,-105.03907728839363,1.6,2.2,1.8,1.4,1.4,0.8,1.6,2.2,5.0,4.0,1.2857142857142858,1.8571428571428572,8,1.4,A,3.72,2.9,2.2
2742,2020,2020-09-10,Internacional,Ceara,1566.3916034601189,1467.5617230482621,98.82988041185672,2.2,1.8,1.8,0.6,1.0,0.8,2.6,0.8,4.0,4.0,2.125,1.25,9,3.0,H,1.68,3.38,5.69
2743,2020,2020-09-11,Vasco,Atletico GO,1537.9444729556333,1466.8337944166678,71.11067853896543,1.6,0.4,1.4,0.8,0.4,1.8,2.2,1.0,5.0,5.0,2.0,0.8571428571428571,8,3.0,A,2.16,3.06,3.64
2744,2020,2020-09-12,Athletico-PR,Coritiba,1531.2792153359865,1468.5757636108783,62.70345172510815,0.4,1.6,0.4,1.0,1.2,1.0,1.0,1.0,3.0,3.0,0.8888888888888888,0.8888888888888888,10,2.2,H,1.96,3.11,4.31
2745,2020,2020-09-12,Santos,Sao Paulo,1579.1342130314365,1566.406303274837,12.727909756599502,1.4,2.0,1.4,1.2,1.4,1.2,1.6,1.2,2.0,3.0,1.5555555555555556,1.8888888888888888,10,2.2,D,3.2,3.22,2.27
2746,2020,2020-09-13,Fluminense,Corinthians,1498.9522243476408,1507.254728908657,-8.302504561016121,1.4,1.0,1.2,1.4,1.2,1.6,1.6,1.4,3.0,3.0,1.2222222222222223,1.125,10,2.0,H,2.3,3.02,3.36
2747,2020,2020-09-13,Gremio,Fortaleza,1570.5882663517893,1516.6426569054947,53.94560944629461,1.2,1.4,1.0,0.8,1.2,0.8,2.0,0.8,3.0,4.0,1.375,1.2222222222222223,9,3.0,D,1.59,3.67,6.18
2748,2020,2020-09-13,Atletico-MG,Bragantino,1526.4814151250991,1480.642143695186,45.8392714299132,1.2,0.4,1.2,1.2,0.8,1.8,3.0,0.6,3.0,4.0,1.875,0.7777777777777778,9,,H,1.64,3.93,5.02
2749,2020,2020-09-13,Bahia,Atletico GO,1492.0354406352865,1480.5625425707549,11.472898064531591,0.4,1.0,1.2,2.4,0.8,1.4,1.4,1.0,3.0,2.0,1.125,1.125,9,2.0,A,2.12,3.09,3.74
2750,2020,2020-09-13,Ceara,Flamengo RJ,1461.9561531335073,1652.0007810840732,-190.04462795056588,1.8,2.6,1.0,0.6,2.2,1.2,1.4,2.4,3.0,3.0,1.1111111111111112,1.8888888888888888,10,0.0,H,3.58,3.32,2.07
2751,2020,2020-09-13,Goias,Internacional,1476.7340928828378,1571.9971733748737,-95.2630804920359,0.8,2.2,1.6,2.0,1.6,0.6,1.4,1.4,4.0,3.0,0.7142857142857143,2.2222222222222223,8,2.25,H,4.3,3.36,1.88
2752,2020,2020-09-13,Palmeiras,Sport Recife,1629.9991209602847,1471.9709629642111,158.02815799607356,2.2,1.2,1.6,0.8,0.8,1.0,1.6,0.8,3.0,4.0,2.0,1.1111111111111112,9,1.2,D,1.44,4.09,7.93
2753,2020,2020-09-14,Botafogo RJ,Vasco,1483.4321498982806,1524.2157248015462,-40.78357490326562,0.8,1.0,0.8,1.2,1.0,1.2,1.0,1.0,5.0,3.0,1.125,1.75,9,2.2,A,2.56,2.98,2.95
2754,2020,2020-09-17,Corinthians,Bahia,1498.872280701648,1479.8692431232487,19.003037578399244,0.8,0.4,1.2,1.8,1.2,2.2,1.0,1.0,4.0,4.0,1.0,1.0,10,2.6,H,2.22,3.11,3.43
2755,2020,2020-09-19,Bragantino,Ceara,1473.7283586675317,1475.4074775415334,-1.6791188740016878,0.4,1.8,0.8,1.8,1.0,0.6,1.0,0.8,6.0,6.0,0.7,1.3,11,,H,2.06,3.35,3.57
2756,2020,2020-09-19,Fortaleza,Internacional,1519.9384211066704,1561.1283281371095,-41.189907030439144,1.4,1.6,1.2,0.8,1.4,0.8,2.0,1.4,6.0,6.0,1.2,2.0,11,0.0,H,2.88,2.84,2.74
2757,2020,2020-09-20,Atletico GO,Atletico-MG,1492.7287400827927,1533.3952001527534,-40.66646006996075,1.6,1.8,1.0,1.0,1.4,1.0,1.2,1.2,7.0,7.0,1.3333333333333333,2.0,10,0.5,A,4.53,3.44,1.81
2758,2020,2020-09-20,Coritiba,Vasco,1462.094320598938,1534.9116030142713,-72.81728241533324,1.0,1.4,0.8,1.0,1.6,1.6,0.6,1.6,8.0,6.0,0.8,1.8888888888888888,11,0.5,H,2.12,3.17,3.62
2759,2020,2020-09-20,Gremio,Palmeiras,1567.2925021506137,1624.3370214404501,-57.044519289836444,1.2,1.8,1.0,0.8,1.6,1.0,1.6,2.2,7.0,7.0,1.3333333333333333,1.8888888888888888,10,1.0,D,2.51,2.88,3.16
2760,2020,2020-09-20,Botafogo RJ,Santos,1472.7362716855555,1576.9336154456266,-104.19734376007113,0.6,1.6,1.0,1.6,1.6,1.2,1.0,1.2,6.0,8.0,1.0,1.5,10,1.4,D,2.64,3.36,2.57
2761,2020,2020-09-21,Sport Recife,Fluminense,1477.6330624840457,1507.3346725546498,-29.701610070604147,1.4,1.4,1.2,1.2,1.4,1.6,1.8,1.2,8.0,8.0,1.1,1.4,11,1.6,H,2.37,3.02,3.22
2762,2020,2020-09-24,Sport Recife,Corinthians,1486.6205743712715,1506.5005157492521,-19.879941377980686,2.0,1.4,1.4,1.0,1.6,1.8,1.8,0.8,3.0,7.0,1.2727272727272727,1.2,12,1.4,H,2.73,2.92,2.81
2763,2020,2020-09-26,Athletico-PR,Bahia,1537.7606583479267,1472.2410080756445,65.5196502722822,1.0,0.2,0.6,0.8,1.4,2.6,1.0,0.4,14.0,9.0,1.1,0.9,11,2.6,H,2.21,3.04,3.52
2764,2020,2020-09-26,Internacional,Sao Paulo,1551.8125668626276,1568.6069008606469,-16.794333998019283,1.0,1.6,1.0,1.0,1.6,1.6,2.6,1.4,7.0,14.0,1.8181818181818181,1.8,12,1.6,D,2.34,2.97,3.34
2765,2020,2020-09-27,Atletico-MG,Gremio,1544.094432799379,1567.0635650190645,-22.969132219685434,2.4,1.2,2.2,1.4,1.2,1.0,3.0,1.4,7.0,7.0,2.1,1.3,11,0.6,H,1.72,3.72,4.72
2766,2020,2020-09-27,Vasco,Bragantino,1524.6866415006025,1481.9257515223653,42.760889978237174,1.4,1.0,1.4,1.4,1.6,1.6,2.0,0.4,7.0,8.0,1.7,0.9090909090909091,11,,D,3.19,3.33,2.22
2767,2020,2020-09-27,Palmeiras,Flamengo RJ,1624.5659585719993,1638.5494566760472,-13.98349810404784,1.8,2.4,1.6,1.0,2.0,1.4,1.8,2.4,7.0,14.0,1.8,1.7,11,1.6,D,1.26,5.58,10.3
2768,2020,2020-09-27,Atletico GO,Botafogo RJ,1482.029507436167,1473.859699588333,8.169807847834136,1.6,0.8,1.6,1.4,1.0,1.2,1.0,1.0,7.0,7.0,1.2,1.0,11,0.5,D,2.0,3.22,3.92
2769,2020,2020-09-27,Ceara,Goias,1467.2100846866997,1487.602938120602,-20.392853433902246,1.2,1.4,1.0,1.4,1.6,1.4,1.8,0.8,8.0,14.0,1.1818181818181819,1.0,12,0.0,D,1.63,3.74,5.45
2770,2020,2020-09-28,Santos,Fortaleza,1575.8101875428492,1529.2541823811523,46.55600516169693,1.8,1.4,1.6,1.0,0.8,0.8,1.6,1.0,8.0,9.0,1.4545454545454546,1.3636363636363635,12,1.0,D,2.06,3.27,3.63
2771,2020,2020-09-29,Fluminense,Coritiba,1498.347160667424,1472.319282112607,26.027878554817107,0.8,1.0,1.0,1.6,0.8,1.0,2.0,1.0,8.0,9.0,1.2727272727272727,1.0,12,1.4,H,1.99,3.14,4.06
2772,2020,2020-10-01,Botafogo RJ,Bahia,1475.9351033779487,1465.8303832294996,10.104720148449132,0.8,0.2,1.2,1.4,0.8,1.8,1.0,0.4,4.0,5.0,1.0,0.8181818181818182,12,1.2,A,2.57,3.18,2.76
2773,2020,2020-10-01,Corinthians,Atletico GO,1497.7919236408404,1479.9541036465512,17.837819994289248,0.8,1.6,1.2,1.8,1.6,1.4,1.6,1.4,7.0,4.0,1.0909090909090908,1.1818181818181819,12,0.5,D,2.28,3.01,3.4
2774,2020,2020-10-03,Gremio,Internacional,1558.2674435027427,1550.4339315172474,7.833511985495306,1.2,1.0,1.2,1.2,1.0,1.0,1.2,0.8,6.0,7.0,1.1818181818181819,1.75,12,2.2,D,2.36,2.88,3.44
2775,2020,2020-10-03,Palmeiras,Ceara,1623.1080486734845,1465.9331961441085,157.17485252937604,1.8,0.8,1.6,1.0,1.2,1.8,1.4,0.6,6.0,6.0,1.7272727272727273,1.1666666666666667,12,3.0,H,1.44,4.21,7.72
2776,2020,2020-10-04,Bragantino,Corinthians,1484.9315850409007,1495.4518348405006,-10.520249799599924,1.0,0.8,1.6,1.6,0.8,1.4,1.4,0.8,7.0,3.0,0.9166666666666666,1.0833333333333333,13,,D,2.13,3.28,3.48
2777,2020,2020-10-04,Botafogo RJ,Fluminense,1463.8064692003877,1505.7855147846028,-41.9790455842151,0.6,1.2,1.0,1.4,1.6,1.4,0.4,0.6,3.0,5.0,0.9166666666666666,1.4166666666666667,13,1.8,D,2.88,2.96,2.63
2778,2020,2020-10-04,Coritiba,Sao Paulo,1464.8809279954282,1569.985536206027,-105.10460821059883,0.8,1.2,0.8,1.8,1.4,1.6,1.2,1.0,5.0,8.0,0.9166666666666666,1.7272727272727273,13,1.4,D,4.8,3.45,1.77
2779,2020,2020-10-04,Flamengo RJ,Athletico-PR,1640.007366574562,1544.1712831940715,95.83608338049044,2.0,1.6,2.0,1.6,0.8,0.6,1.6,0.8,7.0,8.0,1.6363636363636365,1.2727272727272727,12,2.4,H,1.5,4.12,6.38
2780,2020,2020-10-04,Bahia,Sport Recife,1477.9590174070606,1495.3291664796832,-17.370149072622553,0.6,2.0,0.8,1.6,1.2,0.8,0.8,1.0,3.0,10.0,1.0,1.4166666666666667,13,2.25,A,1.85,3.36,4.4
2781,2020,2020-10-04,Fortaleza,Atletico GO,1532.3590498274025,1482.294192446891,50.06485738051151,1.6,1.6,1.0,0.8,1.4,1.2,2.0,1.6,6.0,3.0,1.3333333333333333,1.1666666666666667,13,,D,2.36,2.97,3.31
2782,2020,2020-10-04,Goias,Santos,1488.8798266631932,1572.705320096599,-83.82549343340588,1.0,1.8,1.6,1.8,1.4,0.8,1.4,1.4,7.0,6.0,1.0,1.4166666666666667,10,1.0,A,2.82,3.33,2.44
2783,2020,2020-10-05,Atletico-MG,Vasco,1552.890554315701,1521.680807982067,31.209746333633802,2.4,1.4,2.2,1.6,1.2,1.2,3.0,1.4,8.0,8.0,2.1818181818181817,1.6363636363636365,12,1.4,H,1.34,5.06,8.42
2784,2020,2020-10-07,Corinthians,Santos,1497.0071615346508,1582.164008485192,-85.1568469505412,1.0,1.8,0.8,1.0,1.8,1.2,1.2,2.0,3.0,3.0,1.0769230769230769,1.5384615384615385,14,2.2,D,2.21,3.16,3.36
2785,2020,2020-10-07,Bahia,Vasco,1466.5966440546845,1514.3812723321844,-47.784628277499905,0.6,0.8,1.0,1.6,1.2,2.0,0.2,0.8,3.0,2.0,0.9230769230769231,1.5,14,1.6,H,1.8,3.42,4.58
2786,2020,2020-10-07,Flamengo RJ,Sport Recife,1645.6827274440284,1506.6915398320593,138.99118761196905,2.0,2.0,1.6,1.2,1.2,0.8,1.6,1.4,3.0,3.0,1.75,1.5384615384615385,13,2.6,H,1.39,4.76,7.43
2787,2020,2020-10-07,Gremio,Coritiba,1556.2013040245788,1466.030131876125,90.1711721484537,1.2,1.0,1.2,1.2,1.0,1.8,0.8,1.0,4.0,3.0,1.1666666666666667,0.9230769230769231,13,1.4,H,1.51,3.82,7.05
2788,2020,2020-10-08,Goias,Fluminense,1479.4211382746003,1506.4471431410996,-27.026004866499306,1.0,1.4,1.8,2.0,1.6,1.0,1.4,0.8,4.0,4.0,0.9,1.3846153846153846,11,0.75,A,3.35,3.27,2.15
2789,2020,2020-10-08,Sao Paulo,Atletico GO,1568.8363323253302,1485.490028517646,83.34630380768431,1.4,1.2,1.6,1.2,1.0,1.0,2.2,1.8,4.0,4.0,1.6666666666666667,1.1538461538461537,13,2.0,H,1.63,3.74,5.36
2790,2020,2020-10-08,Botafogo RJ,Palmeiras,1463.144840843891,1627.4626586467975,-164.31781780290657,0.6,1.8,1.0,1.4,1.6,1.0,0.6,2.2,4.0,5.0,0.9230769230769231,1.8333333333333333,14,0.8,H,3.94,3.16,2.01
2791,2020,2020-10-08,Fortaleza,Atletico-MG,1529.1632137566476,1560.1900899655836,-31.026876208936073,1.8,2.4,0.8,0.4,2.8,1.8,2.2,1.2,4.0,3.0,1.3076923076923077,2.25,14,1.0,H,3.99,3.54,1.88
2792,2020,2020-10-08,Athletico-PR,Ceara,1538.495922324605,1461.5785861707955,76.91733615380963,1.4,0.8,0.8,1.0,1.4,2.0,1.6,0.6,4.0,5.0,1.1666666666666667,1.0769230769230769,13,2.0,D,2.03,3.23,3.78
2793,2020,2020-10-09,Bragantino,Internacional,1483.3762583467505,1552.5000709954113,-69.12381264866076,1.2,1.0,1.4,1.2,0.8,0.8,1.4,1.0,5.0,6.0,0.9230769230769231,1.6923076923076923,14,,A,2.84,2.96,2.65
2794,2020,2020-10-10,Vasco,Flamengo RJ,1504.8763654455013,1650.4044164338006,-145.52805098829936,0.8,2.0,1.0,2.2,1.8,1.0,1.6,2.0,3.0,3.0,1.3846153846153846,1.8461538461538463,14,0.8,A,4.94,3.69,1.7
2795,2020,2020-10-10,Coritiba,Fortaleza,1460.2212866384712,1538.1884932437151,-77.96720660524397,0.8,1.8,0.6,1.6,1.0,0.6,1.4,0.6,3.0,2.0,0.8571428571428571,1.4285714285714286,15,,D,2.72,2.91,2.84
2796,2020,2020-10-10,Palmeiras,Sao Paulo,1614.6794625704838,1574.8084306914293,39.8710318790545,1.2,1.4,1.4,1.4,1.6,1.0,1.8,1.2,2.0,2.0,1.6923076923076923,1.7692307692307692,14,3.0,A,2.53,2.98,3.01
2797,2020,2020-10-11,Atletico-MG,Goias,1551.164810478516,1468.3324903977184,82.83232008079767,2.4,1.0,2.8,1.6,2.0,2.4,3.0,0.4,3.0,3.0,2.076923076923077,0.8181818181818182,14,1.75,H,1.25,6.22,9.59
2798,2020,2020-10-11,Fluminense,Bahia,1517.5357910179814,1476.1015509413676,41.43424007661383,2.0,1.2,2.2,1.0,1.6,1.4,2.0,0.8,3.0,4.0,1.5,1.0714285714285714,15,1.8,H,2.37,3.17,3.03
2799,2020,2020-10-11,Santos,Gremio,1581.5844978327018,1562.0101492622327,19.574348570469056,1.4,1.2,1.4,1.2,1.2,1.4,1.2,1.2,4.0,4.0,1.5,1.3076923076923077,15,1.0,H,3.32,3.0,2.33
2800,2020,2020-10-11,Atletico GO,Bragantino,1479.5179301515468,1473.4949456423874,6.022984509159414,0.6,1.0,0.8,1.6,1.2,1.4,0.6,0.6,3.0,2.0,1.0714285714285714,0.8571428571428571,15,,H,2.45,3.01,3.08
2801,2020,2020-10-11,Sport Recife,Botafogo RJ,1501.969850842287,1475.9280369202047,26.041813922082383,2.0,1.2,1.2,1.2,1.0,1.0,1.8,1.0,4.0,3.0,1.4285714285714286,1.0714285714285714,15,1.6,A,2.47,3.04,3.02
2802,2020,2020-10-12,Ceara,Corinthians,1465.4503220874776,1497.586672187141,-32.13635009966333,1.0,1.2,1.4,1.6,0.8,0.8,2.0,0.8,4.0,5.0,1.0714285714285714,1.0714285714285714,15,1.5,H,2.14,3.16,3.58
2803,2020,2020-10-12,Internacional,Athletico-PR,1562.3813836997745,1534.624186407923,27.757197291851526,1.0,1.6,0.8,0.8,0.8,0.8,2.2,0.6,3.0,4.0,1.7857142857142858,1.1538461538461537,15,2.6,H,1.78,3.26,5.17
2804,2020,2020-10-13,Flamengo RJ,Goias,1658.1272646312073,1462.3479911294987,195.77927350170853,2.0,0.8,1.8,1.0,1.4,2.4,2.2,0.4,3.0,2.0,1.9285714285714286,0.75,15,2.0,H,1.23,6.18,10.78
2805,2020,2020-10-14,Palmeiras,Coritiba,1601.7494786876427,1460.5943396441799,141.1551390434629,1.0,1.0,1.0,1.4,0.6,1.4,1.2,0.4,4.0,4.0,1.5714285714285714,0.8666666666666667,15,1.8,A,1.5,3.92,6.87
2806,2020,2020-10-14,Gremio,Botafogo RJ,1554.3974268031693,1488.4900575715037,65.9073692316656,1.0,1.6,1.2,1.6,1.4,1.2,1.2,1.4,3.0,3.0,1.2142857142857142,1.2,15,2.4,H,1.47,4.26,6.71
2807,2020,2020-10-15,Santos,Atletico GO,1589.1972202917652,1487.501730570232,101.69548972153325,1.8,1.2,1.4,1.0,0.6,1.0,1.8,1.6,4.0,4.0,1.6,1.2,16,2.0,A,2.15,3.32,3.33
2808,2020,2020-10-15,Athletico-PR,Corinthians,1527.232280307815,1488.5297531251858,38.70252718262918,1.4,0.6,0.8,1.0,0.4,0.8,1.8,0.8,3.0,3.0,1.0714285714285714,1.0,15,1.2,A,2.23,3.0,3.52
2809,2020,2020-10-15,Atletico-MG,Fluminense,1557.1493097467358,1524.5647313530299,32.5845783937059,2.4,2.0,3.0,1.4,2.0,0.8,3.0,1.4,4.0,4.0,2.142857142857143,1.6,15,2.0,D,1.45,4.49,6.53
2810,2020,2020-10-15,Sport Recife,Internacional,1489.407830190988,1569.7732897998824,-80.3654596088943,1.8,1.6,1.0,1.2,1.2,0.8,1.8,1.0,4.0,3.0,1.3333333333333333,1.8666666666666667,16,1.6,A,4.32,3.07,1.98
2811,2020,2020-10-16,Flamengo RJ,Bragantino,1661.7722977952126,1465.5111452237022,196.26115257151037,2.6,1.0,2.2,0.8,1.2,1.4,2.6,0.6,3.0,5.0,2.0,0.8,16,,D,1.56,4.26,5.17
2812,2020,2020-10-17,Goias,Bahia,1458.7029579654934,1469.0726106063191,-10.369652640825734,0.2,1.2,1.4,2.8,1.2,1.0,0.8,0.8,4.0,6.0,0.6923076923076923,1.0,14,3.0,D,3.79,3.39,1.98
2813,2020,2020-10-17,Atletico GO,Athletico-PR,1501.9624701737575,1514.3330716392697,-12.370601465512209,1.6,0.8,0.6,0.8,0.6,1.2,1.0,0.0,2.0,2.0,1.3125,1.0,17,0.0,D,2.44,2.98,3.11
2814,2020,2020-10-17,Coritiba,Santos,1475.9174338342916,1574.7364806882397,-98.81904685394807,1.0,1.6,1.0,1.6,1.4,1.2,1.6,1.6,3.0,2.0,1.0,1.5,17,2.2,A,2.88,3.14,2.5
2815,2020,2020-10-17,Fluminense,Ceara,1527.3018414927833,1474.5072411494327,52.79460034335057,2.2,1.0,2.2,0.8,1.4,1.8,2.0,0.8,2.0,5.0,1.5625,1.2,17,1.0,D,2.03,3.25,3.78
2816,2020,2020-10-18,Sao Paulo,Gremio,1587.7384145742703,1560.798333837454,26.9400807368163,1.8,1.4,1.8,0.8,1.6,1.6,2.6,1.0,8.0,4.0,1.8571428571428572,1.3333333333333333,15,1.4,D,2.12,3.03,3.81
2817,2020,2020-10-18,Corinthians,Flamengo RJ,1501.428961793731,1655.4090699707367,-153.9801081770056,1.2,2.6,0.6,0.6,2.2,0.8,1.2,2.0,3.0,2.0,1.125,1.9375,17,1.6,A,3.97,3.64,1.87
2818,2020,2020-10-18,Internacional,Vasco,1579.3313244282353,1497.1535172480947,82.17780718014069,2.2,0.2,2.2,1.2,0.6,2.2,2.2,0.8,3.0,8.0,1.9375,1.2857142857142858,17,2.0,H,1.49,4.08,6.76
2819,2020,2020-10-19,Bragantino,Sport Recife,1471.874373048178,1479.849795562635,-7.975422514457023,0.6,1.2,0.6,1.2,1.4,2.2,0.8,1.4,3.0,4.0,0.8125,1.25,17,,H,1.69,3.69,4.92
2820,2020,2020-10-19,Fortaleza,Palmeiras,1537.8154402380064,1586.426384497531,-48.61094425952456,1.8,0.8,0.8,0.4,1.0,1.8,2.6,1.6,9.0,5.0,1.4,1.4666666666666666,16,0.0,H,3.23,2.96,2.4
2821,2020,2020-10-20,Bahia,Atletico-MG,1470.6321666955591,1554.4121996069823,-83.78003291142318,1.4,2.0,1.4,1.0,2.4,1.0,0.6,1.2,3.0,5.0,1.0,2.066666666666667,17,1.0,H,4.64,3.84,1.7
2822,2020,2020-10-20,Botafogo RJ,Goias,1482.089150537219,1457.1434018762534,24.94574866096559,1.4,0.2,1.4,1.6,1.2,2.6,1.0,0.4,6.0,3.0,1.125,0.7142857142857143,17,2.3333333333333335,D,1.56,3.94,5.9
2823,2020,2020-10-22,Vasco,Corinthians,1491.153205190573,1493.9354531042522,-2.782247913679157,0.2,1.0,0.6,2.4,0.8,1.6,1.0,0.8,4.0,4.0,1.2,1.0588235294117647,16,0.6,A,2.73,2.79,2.92
2824,2020,2020-10-24,Bragantino,Goias,1480.2476547952017,1459.6759222362768,20.57173255892485,1.0,0.4,0.8,1.0,0.8,2.0,1.4,0.4,5.0,4.0,0.9411764705882353,0.7333333333333333,18,,H,1.4,4.74,7.1
2825,2020,2020-10-24,Ceara,Coritiba,1477.7734429365555,1466.8877616000127,10.885681336542802,1.2,1.0,1.4,1.4,1.2,1.2,2.0,0.8,7.0,7.0,1.1875,0.9411764705882353,17,,H,1.93,3.27,4.14
2826,2020,2020-10-25,Atletico-MG,Sport Recife,1543.8721926297874,1471.4765138156115,72.39567881417588,1.4,0.6,2.0,1.4,1.2,2.6,2.6,0.8,5.0,6.0,1.9375,1.1764705882352942,17,2.6,D,1.22,5.91,12.71
2827,2020,2020-10-25,Atletico GO,Palmeiras,1500.4591551540932,1576.897749872802,-76.43859471870883,1.6,0.6,0.8,1.0,0.8,2.0,1.2,1.4,8.0,6.0,1.2941176470588236,1.375,18,1.5,A,3.6,3.08,2.17
2828,2020,2020-10-25,Fluminense,Santos,1524.0356397056605,1583.7661529225186,-59.73051321685807,1.8,2.0,1.8,1.2,1.6,1.2,2.0,2.2,8.0,8.0,1.5294117647058822,1.588235294117647,18,1.4,H,2.44,3.07,3.06
2829,2020,2020-10-25,Athletico-PR,Gremio,1515.836386658934,1563.3844955848292,-47.54810892589512,0.4,1.6,0.6,1.4,1.4,1.0,1.6,1.0,8.0,7.0,1.0,1.3125,17,1.8,A,2.38,2.93,3.32
2830,2020,2020-10-25,Internacional,Flamengo RJ,1585.331636485757,1662.9025786602156,-77.57094217445865,2.6,2.6,2.4,1.0,2.6,0.8,2.2,2.0,7.0,7.0,2.0,2.0,18,2.4,D,2.85,3.1,2.57
2831,2020,2020-10-31,Botafogo RJ,Ceara,1479.5566301771955,1485.6233596790653,-6.066729501869759,1.6,1.6,1.2,1.2,1.4,1.2,1.2,0.4,11.0,7.0,1.1176470588235294,1.2941176470588236,18,1.0,D,2.32,3.22,3.08
2832,2020,2020-10-31,Corinthians,Internacional,1505.7073238568635,1585.6932994773788,-79.98597562051532,1.4,2.6,1.2,1.8,2.6,1.2,1.0,1.4,9.0,6.0,1.1666666666666667,1.9444444444444444,19,2.2,H,3.26,3.07,2.32
2833,2020,2020-10-31,Coritiba,Atletico GO,1459.037844857503,1490.7882654741152,-31.750420616612246,0.8,1.4,1.2,1.4,0.8,1.6,1.0,1.6,7.0,6.0,0.8888888888888888,1.2222222222222223,19,3.0,H,2.39,3.06,3.13
2834,2020,2020-11-01,Fortaleza,Fluminense,1547.3440748627354,1533.883983312652,13.460091550083462,1.8,2.2,1.0,0.4,2.2,1.2,2.6,1.0,13.0,7.0,1.5,1.6111111111111112,17,0.0,A,2.26,3.0,3.46
2835,2020,2020-11-01,Flamengo RJ,Sao Paulo,1662.5409156685937,1585.1522528268952,77.38866284169853,2.2,1.8,2.4,1.2,1.4,0.4,2.6,1.2,7.0,14.0,1.9444444444444444,1.8,19,1.6,A,1.83,3.55,4.23
2836,2020,2020-11-01,Sport Recife,Athletico-PR,1475.2370609802824,1505.3345028879069,-30.097441907624443,0.2,0.4,0.8,2.4,0.6,1.2,1.8,0.2,7.0,7.0,1.1666666666666667,0.9411764705882353,19,2.2,H,3.0,3.02,2.49
2837,2020,2020-11-01,Santos,Bahia,1573.9178093155272,1481.172173672754,92.7456356427731,1.4,1.4,1.2,1.4,1.6,1.0,1.6,0.8,7.0,12.0,1.5,1.1176470588235294,19,3.0,H,2.1,3.35,3.44
2838,2020,2020-11-01,Goias,Vasco,1452.0902521422722,1479.3813344379619,-27.291082295689648,0.4,0.0,0.4,1.6,0.6,2.6,1.0,0.6,8.0,10.0,0.6875,1.125,17,1.3333333333333333,D,2.85,3.09,2.57
2839,2020,2020-11-02,Palmeiras,Atletico-MG,1586.56863955278,1540.1116454651165,46.45699408766359,0.6,1.0,1.0,1.8,1.2,1.2,1.0,1.2,8.0,8.0,1.4705882352941178,1.8823529411764706,18,1.2,H,2.38,3.27,2.96
2840,2020,2020-11-02,Gremio,Bragantino,1573.8863793558564,1487.8333248892063,86.05305446665011,2.0,1.4,1.6,1.0,1.2,1.0,1.8,0.6,8.0,9.0,1.411764705882353,1.0555555555555556,18,,H,2.0,3.26,3.89
2841,2020,2020-11-07,Athletico-PR,Fortaleza,1496.3357135414476,1535.1234332462793,-38.787719704831716,0.2,1.6,0.6,1.4,0.8,0.4,1.4,0.6,6.0,6.0,0.8888888888888888,1.411764705882353,19,3.0,H,2.15,2.99,3.76
2842,2020,2020-11-07,Sao Paulo,Goias,1599.0355149848049,1451.0091440100475,148.02637097475736,2.2,0.6,2.0,0.4,0.6,1.2,2.2,0.4,6.0,6.0,1.875,0.7058823529411765,17,0.75,H,1.31,5.29,9.01
2843,2020,2020-11-08,Atletico GO,Corinthians,1481.7423544036694,1516.1383876145521,-34.396033210882706,1.4,1.8,0.8,1.2,1.2,1.6,1.0,1.4,8.0,8.0,1.1578947368421053,1.263157894736842,20,0.0,D,2.38,3.06,3.15
2844,2020,2020-11-08,Internacional,Coritiba,1575.2622357196901,1468.0837559279487,107.17847979174144,2.0,1.4,2.2,1.4,1.2,1.0,2.2,0.6,8.0,8.0,1.8421052631578947,1.0,20,2.6,D,1.74,3.3,5.37
2845,2020,2020-11-08,Vasco,Palmeiras,1480.4624425701866,1593.4663473787457,-113.00390480855913,0.2,1.2,0.6,2.0,1.4,1.4,0.8,1.4,7.0,6.0,1.1176470588235294,1.5555555555555556,18,0.8,A,4.24,3.23,1.93
2846,2020,2020-11-08,Atletico-MG,Flamengo RJ,1533.2139376391508,1648.657653510684,-115.44371587153319,1.0,1.6,1.0,1.4,2.2,1.8,2.2,1.6,6.0,7.0,1.7777777777777777,1.8421052631578947,19,2.0,H,2.32,3.57,2.83
2847,2020,2020-11-08,Bahia,Botafogo RJ,1475.4242211589296,1477.8764773524176,-2.452256193487983,1.4,1.6,1.6,1.2,1.4,1.4,1.2,1.2,7.0,8.0,1.0555555555555556,1.1111111111111112,19,2.0,H,2.08,3.29,3.55
2848,2020,2020-11-08,Bragantino,Santos,1481.9262880387882,1579.6657618293516,-97.73947379056335,1.4,1.8,1.4,1.0,1.6,1.4,2.0,1.6,6.0,7.0,1.0,1.5789473684210527,20,,D,2.19,3.33,3.23
2849,2020,2020-11-08,Ceara,Sport Recife,1487.3035125038432,1484.2358503267417,3.0676621771015107,1.8,0.8,1.6,1.2,1.0,1.8,2.0,1.0,8.0,7.0,1.2777777777777777,1.263157894736842,19,3.0,D,1.83,3.42,4.41
2850,2020,2020-11-08,Fluminense,Gremio,1546.104624929108,1579.7934162062745,-33.6887912771665,2.2,2.0,1.6,0.8,1.6,1.0,2.6,1.4,7.0,6.0,1.6842105263157894,1.5,20,1.4,A,2.7,2.85,2.91
2851,2020,2020-11-11,Bahia,Fortaleza,1483.6431522216867,1525.8764551406234,-42.233302918936715,1.4,1.4,1.2,1.2,1.0,0.8,1.8,0.6,3.0,4.0,1.1578947368421053,1.3333333333333333,20,1.0,H,2.33,2.97,3.34
2852,2020,2020-11-14,Santos,Internacional,1578.7262232984099,1570.6759789614969,8.05024433691301,1.4,1.6,1.4,1.4,2.2,1.6,1.6,1.4,6.0,6.0,1.55,1.8,21,0.8,H,3.61,3.21,2.1
2853,2020,2020-11-14,Sport Recife,Vasco,1486.1703084604871,1471.83538067896,14.334927781527085,1.0,0.2,0.8,1.4,0.6,1.6,1.8,0.2,6.0,6.0,1.25,1.0555555555555556,21,1.75,A,2.6,3.01,2.87
2854,2020,2020-11-14,Goias,Athletico-PR,1446.4724747598666,1505.5826916471035,-59.1102168872369,0.6,0.8,0.6,1.2,0.8,1.2,1.0,0.2,7.0,7.0,0.6666666666666666,1.0,19,3.0,A,4.27,3.54,1.82
2855,2020,2020-11-14,Corinthians,Atletico-MG,1517.0169694492995,1544.655707978501,-27.63873852920142,2.0,1.0,1.2,1.4,1.2,1.4,1.6,0.6,6.0,6.0,1.25,1.8421052631578947,21,1.8,A,3.7,3.61,1.94
2856,2020,2020-11-14,Fortaleza,Sao Paulo,1516.5307970664603,1603.5721842349858,-87.04138716852549,0.8,2.6,0.8,1.0,2.2,0.4,2.0,1.8,3.0,7.0,1.263157894736842,1.9411764705882353,20,0.0,A,3.02,3.1,2.44
2857,2020,2020-11-14,Gremio,Ceara,1590.6921933308292,1485.3690543700977,105.32313896073151,2.6,1.8,1.6,0.6,1.6,1.2,2.2,0.6,6.0,6.0,1.5789473684210527,1.263157894736842,20,3.0,H,1.73,3.51,4.94
2858,2020,2020-11-15,Flamengo RJ,Atletico GO,1637.2158831713339,1480.863772568922,156.3521106024118,1.0,1.0,1.8,2.4,0.6,1.2,2.0,1.0,7.0,7.0,1.75,1.15,21,3.0,D,1.45,4.49,6.35
2859,2020,2020-11-15,Palmeiras,Fluminense,1602.0934092699722,1535.2058478045533,66.88756146541891,1.8,1.6,1.6,1.0,1.4,1.0,1.4,1.6,7.0,7.0,1.631578947368421,1.6,20,3.0,H,2.0,3.24,3.9
2860,2020,2020-11-16,Coritiba,Bahia,1472.670012686142,1492.9888102958498,-20.31879760970787,1.4,2.0,1.6,1.4,1.6,1.2,1.6,0.8,8.0,5.0,1.0,1.25,21,2.0,A,2.83,2.98,2.64
2861,2020,2020-11-16,Botafogo RJ,Bragantino,1469.6575462896606,1482.86582656973,-13.208280280069403,1.0,1.6,1.0,1.4,1.4,0.8,1.2,0.4,8.0,8.0,1.0526315789473684,1.0,20,,A,2.55,3.1,2.84
2862,2020,2020-11-18,Atletico-MG,Athletico-PR,1555.7269256470286,1515.7521969951317,39.97472865189684,1.4,1.4,1.4,1.4,1.0,1.0,2.2,0.8,4.0,4.0,1.9,1.1,21,1.2,A,1.71,3.71,4.64
2863,2020,2020-11-19,Vasco,Fortaleza,1484.0799469988751,1507.1643494690213,-23.084402470146188,0.8,0.6,0.8,1.2,1.2,1.6,0.2,0.6,5.0,5.0,1.1578947368421053,1.2,20,3.0,D,2.33,3.0,3.31
2864,2020,2020-11-20,Bragantino,Bahia,1494.3455676391654,1504.2677955264164,-9.922227887250983,2.0,2.4,1.6,0.8,1.8,1.2,1.6,1.4,4.0,4.0,1.0952380952380953,1.3333333333333333,22,,H,2.18,3.25,3.34
2865,2020,2020-11-21,Athletico-PR,Santos,1528.684909047414,1586.6541128305819,-57.96920378316781,1.8,2.0,1.2,0.8,1.8,1.2,1.4,1.6,3.0,7.0,1.1904761904761905,1.619047619047619,22,2.0,H,1.52,4.05,6.28
2866,2020,2020-11-21,Flamengo RJ,Coritiba,1631.586648077279,1461.3910274555753,170.1956206217037,1.0,0.8,1.8,2.4,1.2,1.6,1.6,0.8,6.0,5.0,1.7142857142857142,0.9523809523809523,22,1.6,H,1.35,4.89,8.22
2867,2020,2020-11-22,Goias,Palmeiras,1436.3029694118384,1608.4697835381394,-172.166814126301,0.4,2.4,0.4,1.2,1.8,0.4,0.4,1.4,8.0,7.0,0.631578947368421,1.7,20,2.0,H,4.47,3.43,1.8
2868,2020,2020-11-22,Ceara,Atletico-MG,1479.9130392337315,1542.7942135947462,-62.8811743610147,1.2,1.4,1.6,1.8,1.2,1.2,2.2,1.2,8.0,4.0,1.2,1.8095238095238095,21,1.5,D,2.74,3.34,2.49
2869,2020,2020-11-22,Sao Paulo,Vasco,1612.9386318324248,1482.8793383053348,130.05929352708995,2.6,1.0,2.2,0.8,0.8,0.8,2.2,0.8,8.0,3.0,2.0,1.15,19,2.6,D,1.37,4.63,8.32
2870,2020,2020-11-22,Botafogo RJ,Fortaleza,1458.1778052202249,1508.3649581625616,-50.18715294233675,0.4,0.2,0.8,1.6,0.8,1.6,1.2,0.6,6.0,3.0,1.0,1.1904761904761905,21,3.0,A,2.18,3.06,3.57
2871,2020,2020-11-22,Internacional,Fluminense,1562.7480894293249,1528.829473536386,33.91861589293876,1.0,1.4,1.2,1.4,1.2,1.2,1.8,1.6,8.0,7.0,1.7142857142857142,1.5238095238095237,22,2.6,A,2.02,3.01,4.24
2872,2020,2020-11-22,Corinthians,Gremio,1505.9457517807718,1596.1482084671954,-90.2024566864236,1.4,2.6,1.2,1.8,1.8,0.8,1.0,1.4,8.0,8.0,1.1904761904761905,1.65,22,0.8,D,3.35,2.99,2.32
2873,2020,2020-11-23,Sport Recife,Atletico GO,1473.925742140572,1486.4930076629769,-12.567265522404796,1.0,0.6,0.2,0.8,0.6,1.4,1.2,1.0,9.0,8.0,1.1904761904761905,1.1428571428571428,22,2.0,A,3.05,2.96,2.49
2874,2020,2020-11-25,Ceara,Sao Paulo,1479.8520552856173,1607.8482864877506,-127.99623120213323,1.2,2.2,1.6,1.8,2.0,1.0,1.8,2.2,3.0,3.0,1.1904761904761905,1.9473684210526316,22,1.0,D,3.05,3.21,2.34
2875,2020,2020-11-26,Atletico-MG,Botafogo RJ,1542.8551975428604,1447.751715350279,95.1034821925814,1.4,0.4,1.6,1.6,0.8,1.4,1.6,1.0,4.0,4.0,1.7727272727272727,0.9523809523809523,23,2.6,H,1.63,4.0,4.97
2876,2020,2020-11-26,Coritiba,Corinthians,1457.2863405553242,1506.6698671810964,-49.38352662577222,0.8,1.6,1.2,1.8,1.0,0.8,1.0,1.6,5.0,4.0,0.9090909090909091,1.1818181818181819,23,0.8,A,3.03,2.86,2.59
2877,2020,2020-11-26,Fortaleza,Goias,1518.7910480325074,1449.2932409593325,69.49780707317495,0.8,0.8,1.2,1.6,0.6,1.2,1.4,0.2,4.0,4.0,1.2727272727272727,0.75,23,3.0,D,1.64,3.76,5.33
2878,2020,2020-11-28,Palmeiras,Athletico-PR,1595.4795119906453,1538.4825740837878,56.99693790685751,2.4,2.4,1.8,0.2,1.2,0.4,1.8,1.4,6.0,7.0,1.619047619047619,1.2727272727272727,22,1.8,H,1.69,3.54,5.26
2879,2020,2020-11-28,Santos,Sport Recife,1576.8564477942082,1462.4279601141102,114.42848768009799,1.4,1.0,1.4,1.2,0.2,0.6,2.0,1.0,7.0,5.0,1.5454545454545454,1.1363636363636365,23,1.6,H,1.68,3.63,5.21
2880,2020,2020-11-28,Bahia,Sao Paulo,1495.8399137866265,1606.0547214099727,-110.21480762334613,1.8,2.2,1.2,1.8,2.2,1.2,2.4,2.2,8.0,3.0,1.2727272727272727,1.9,23,1.0,A,3.43,3.29,2.15
2881,2020,2020-11-29,Atletico GO,Internacional,1497.9907896894388,1549.9754966611326,-51.98470697169387,1.0,0.4,0.6,1.2,1.0,1.8,1.2,1.4,6.0,7.0,1.2272727272727273,1.6363636363636365,23,3.0,D,3.03,3.04,2.45
2882,2020,2020-11-30,Gremio,Goias,1595.424093066871,1452.9819522620644,142.4421408048065,2.6,1.0,1.8,0.8,0.8,1.0,2.6,0.4,8.0,4.0,1.619047619047619,0.7619047619047619,22,2.5,H,1.28,5.29,11.03
2883,2020,2020-11-30,Vasco,Ceara,1487.969683650009,1481.6456203633952,6.324063286613864,1.2,0.8,0.8,0.6,1.4,1.8,0.4,0.6,8.0,5.0,1.1428571428571428,1.1818181818181819,22,2.0,A,3.07,2.97,2.5
2884,2020,2020-11-30,Fluminense,Bragantino,1541.6020663045783,1502.7734493789553,38.82861692562301,1.8,2.0,1.2,1.0,2.0,0.8,2.0,1.0,8.0,10.0,1.5909090909090908,1.1818181818181819,23,,D,3.43,3.23,2.16
2885,2020,2020-12-03,Fortaleza,Corinthians,1515.1023367297755,1517.1190429658184,-2.0167062360428645,1.0,1.6,1.2,1.4,0.8,0.6,1.4,2.0,7.0,7.0,1.2608695652173914,1.2608695652173914,24,0.0,D,2.36,2.96,3.29
2886,2020,2020-12-03,Goias,Sao Paulo,1448.3315407518605,1614.760631998121,-166.42909124626044,0.8,2.2,0.8,1.2,2.0,1.2,1.0,2.6,3.0,5.0,0.7272727272727273,1.9523809523809523,23,1.5,A,8.28,4.78,1.36
2887,2020,2020-12-05,Botafogo RJ,Flamengo RJ,1442.059196504751,1635.6913349775302,-193.63213847277916,0.2,1.0,1.0,1.8,1.4,2.4,1.0,1.6,9.0,14.0,0.9090909090909091,1.7727272727272727,23,2.0,A,5.75,4.2,1.53
2888,2020,2020-12-05,Santos,Palmeiras,1582.1069960844945,1602.1056909663766,-19.998694881882102,2.0,2.4,2.0,1.0,1.8,0.2,2.4,1.2,7.0,7.0,1.608695652173913,1.6818181818181819,24,2.6,D,3.12,3.13,2.35
2889,2020,2020-12-05,Bahia,Ceara,1487.1340031984782,1493.670131966423,-6.536128767944774,1.8,1.2,1.2,1.8,1.8,1.6,2.4,1.2,7.0,5.0,1.2173913043478262,1.2608695652173914,24,1.5,A,2.6,3.13,2.76
2890,2020,2020-12-05,Fluminense,Athletico-PR,1538.6995338767126,1531.8563951080564,6.8431387686562175,1.4,2.4,0.6,0.8,1.2,0.8,1.6,1.4,5.0,7.0,1.565217391304348,1.2173913043478262,24,1.0,H,2.32,3.08,3.22
2891,2020,2020-12-06,Coritiba,Bragantino,1446.8371647706022,1505.675981806821,-58.83881703621887,0.8,1.6,1.0,1.6,1.6,0.8,0.8,1.0,10.0,6.0,0.8695652173913043,1.173913043478261,24,,D,3.38,3.21,2.18
2892,2020,2020-12-06,Gremio,Vasco,1600.0745045770748,1475.9451720469813,124.1293325300935,2.6,1.0,1.8,0.8,0.8,1.2,3.0,1.0,6.0,6.0,1.6818181818181819,1.0909090909090908,23,3.0,H,1.49,3.98,7.05
2893,2020,2020-12-06,Sao Paulo,Sport Recife,1621.921471075443,1457.1774118238238,164.7440592516191,2.2,0.8,2.2,1.0,0.6,1.4,1.8,0.4,3.0,8.0,2.0,1.0869565217391304,23,2.2,H,1.34,4.79,9.19
2894,2020,2020-12-06,Atletico-MG,Internacional,1548.5477163883884,1550.3499317720616,-1.8022153836732286,2.0,0.4,2.0,1.2,0.6,1.4,1.6,1.4,10.0,7.0,1.826086956521739,1.608695652173913,24,1.8,D,1.74,3.56,4.81
2895,2020,2020-12-07,Atletico GO,Goias,1497.6163545785098,1441.1707016745386,56.44565290397122,1.2,0.8,0.6,0.6,0.6,1.4,1.2,0.4,8.0,4.0,1.2173913043478262,0.6956521739130435,24,,A,1.62,3.78,5.42
2896,2020,2020-12-10,Sao Paulo,Botafogo RJ,1626.1294806850613,1435.6011519755582,190.52832870950306,2.2,0.0,1.8,0.6,0.6,1.6,2.2,0.8,4.0,5.0,2.0434782608695654,0.8695652173913043,24,2.0,H,1.46,4.15,6.94
2897,2020,2020-12-12,Athletico-PR,Atletico-MG,1523.8952302155728,1546.7485373383176,-22.85330712274481,1.8,1.6,1.0,1.2,1.6,1.6,1.4,0.8,7.0,6.0,1.1666666666666667,1.7916666666666667,25,1.4,A,3.75,3.55,1.94
2898,2020,2020-12-12,Bragantino,Fortaleza,1505.8532963210905,1513.3091320451472,-7.455835724056669,1.8,1.2,1.4,0.4,1.0,1.0,2.0,1.0,6.0,9.0,1.1666666666666667,1.25,25,,H,1.79,3.4,4.71
2899,2020,2020-12-12,Internacional,Botafogo RJ,1552.1491108221323,1431.8651542400198,120.28395658211252,0.6,0.0,1.0,1.6,0.6,2.2,1.6,0.6,6.0,2.0,1.5833333333333333,0.8333333333333334,25,2.4,H,1.62,3.64,5.81
2900,2020,2020-12-12,Palmeiras,Bahia,1603.3937377123057,1475.4669823566978,127.92675535560784,2.0,1.2,1.6,0.6,1.0,2.2,1.8,0.8,7.0,7.0,1.6521739130434783,1.1666666666666667,24,1.2,H,1.59,3.77,5.86
2901,2020,2020-12-13,Ceara,Atletico GO,1505.3371528082034,1484.2566022143887,21.080550593814678,1.6,1.2,2.2,1.6,0.6,0.6,1.8,1.4,8.0,6.0,1.3333333333333333,1.1666666666666667,25,,A,1.95,3.21,4.16
2902,2020,2020-12-13,Goias,Gremio,1454.5304540386596,1605.1117075705308,-150.5812535318712,1.4,2.6,0.8,1.2,2.2,0.6,1.0,1.6,6.0,7.0,0.7916666666666666,1.7391304347826086,25,2.0,D,5.62,3.87,1.59
2903,2020,2020-12-13,Flamengo RJ,Santos,1642.149379506723,1580.8189493385655,61.33043016815759,1.4,1.6,1.2,2.0,1.8,1.2,1.6,1.0,8.0,8.0,1.826086956521739,1.5833333333333333,24,2.0,H,1.29,5.6,9.45
2904,2020,2020-12-13,Corinthians,Sao Paulo,1518.9122476504467,1629.8654784205996,-110.95323077015291,1.2,2.6,0.6,0.6,2.4,0.4,1.0,2.6,10.0,3.0,1.25,2.0833333333333335,25,2.2,H,4.18,3.26,1.92
2905,2020,2020-12-13,Sport Recife,Coritiba,1452.9694022142055,1446.6598502563327,6.309551957872827,0.2,0.4,0.4,1.6,0.8,1.6,0.6,0.8,7.0,7.0,1.0416666666666667,0.875,25,1.8,H,2.42,2.97,3.18
2906,2020,2020-12-13,Vasco,Fluminense,1470.9079690535252,1546.6606987691962,-75.75272971567097,1.0,1.4,0.8,1.8,1.0,1.0,0.2,2.0,7.0,8.0,1.0434782608695652,1.625,24,2.0,D,3.08,2.93,2.49
2907,2020,2020-12-17,Atletico GO,Fluminense,1496.6847185431259,1546.3513091044833,-49.66659056135745,1.6,1.6,0.8,0.6,1.2,1.0,0.6,1.6,4.0,4.0,1.24,1.6,26,0.5,H,2.53,2.98,2.96
2908,2020,2020-12-17,Sao Paulo,Atletico-MG,1618.5504971855403,1557.9557010879926,60.594796097547714,2.4,1.6,2.2,0.4,1.4,1.4,2.2,1.4,4.0,5.0,2.0,1.84,26,1.4,H,2.35,3.27,2.99
2909,2020,2020-12-19,Sport Recife,Gremio,1460.9452911653757,1602.6971196041197,-141.75182843874404,0.6,2.2,0.6,1.6,2.0,0.6,1.2,1.8,6.0,6.0,1.12,1.7083333333333333,26,2.2,D,4.43,3.35,1.84
2910,2020,2020-12-20,Coritiba,Botafogo RJ,1438.6839613051625,1426.7440746178531,11.939886687309354,0.2,0.0,0.4,1.4,0.6,2.2,0.8,0.0,7.0,8.0,0.84,0.8,26,1.4,A,2.63,2.97,2.86
2911,2020,2020-12-20,Internacional,Palmeiras,1557.270190444299,1608.3490093141936,-51.078818869894576,1.0,2.0,1.0,1.4,2.0,0.6,1.6,1.4,8.0,8.0,1.64,1.7083333333333333,26,1.6,H,2.73,2.79,2.91
2912,2020,2020-12-20,Bragantino,Athletico-PR,1514.2120224486598,1512.688066465898,1.5239559827618905,2.2,1.2,1.6,0.4,0.8,1.4,2.6,1.2,8.0,8.0,1.24,1.12,26,,A,1.88,3.41,4.2
2913,2020,2020-12-20,Vasco,Santos,1471.217358718238,1574.3028320716294,-103.08547335339131,0.6,1.4,0.6,2.0,1.8,1.8,0.4,0.8,7.0,7.0,1.0416666666666667,1.52,25,1.0,H,2.63,3.07,2.78
2914,2020,2020-12-20,Flamengo RJ,Bahia,1648.6654967736592,1470.5117107548099,178.15378601884936,2.0,0.6,1.8,1.4,0.6,2.6,1.6,0.8,7.0,8.0,1.875,1.12,25,2.6,H,1.3,5.38,8.99
2915,2020,2020-12-20,Fortaleza,Ceara,1504.9504059175779,1492.9090364794663,12.041369438111587,1.2,1.6,0.8,0.8,2.0,1.2,1.0,1.6,8.0,7.0,1.2,1.28,26,3.0,A,2.83,2.92,2.7
2916,2020,2020-12-21,Corinthians,Goias,1530.227228885506,1456.9450420050707,73.28218688043535,1.6,1.0,0.6,0.4,0.6,1.2,1.4,0.8,8.0,8.0,1.32,0.8,26,2.25,H,1.4,4.48,7.85
2917,2020,2020-12-26,Atletico-MG,Coritiba,1551.4209667557645,1426.5049572242278,124.9160095315367,1.6,0.2,1.4,1.6,0.4,1.4,1.6,0.8,9.0,6.0,1.7692307692307692,0.8076923076923077,27,2.4,H,1.32,5.36,8.53
2918,2020,2020-12-26,Fortaleza,Flamengo RJ,1492.7686197918717,1652.622753081116,-159.85413328924415,1.0,2.6,0.8,1.2,2.6,1.2,0.4,2.0,6.0,6.0,1.1538461538461537,1.92,27,0.0,D,4.67,3.71,1.72
2919,2020,2020-12-26,Goias,Sport Recife,1450.7274755097337,1463.1191388877778,-12.391663378044086,0.8,0.8,0.6,1.4,0.8,1.4,1.0,0.4,5.0,7.0,0.7692307692307693,1.1153846153846154,27,2.0,H,2.56,3.19,2.77
2920,2020,2020-12-27,Fluminense,Sao Paulo,1536.7923537962338,1625.0852315177683,-88.29287772153452,1.6,2.4,1.4,1.0,2.2,0.2,1.6,2.0,10.0,10.0,1.5384615384615385,2.0384615384615383,27,1.4,A,4.39,3.32,1.88
2921,2020,2020-12-27,Bahia,Internacional,1466.5544544473532,1566.8697209341337,-100.3152664867805,0.0,1.6,0.8,3.2,1.4,1.0,1.8,1.0,7.0,7.0,1.0769230769230769,1.6923076923076923,27,0.8,A,2.65,2.97,2.86
2922,2020,2020-12-27,Botafogo RJ,Corinthians,1438.9230786987878,1536.444795380843,-97.52171668205528,0.6,2.2,0.8,2.0,0.8,0.2,0.4,2.2,7.0,6.0,0.8846153846153846,1.3846153846153846,27,3.0,A,2.95,3.08,2.49
2923,2020,2020-12-27,Athletico-PR,Vasco,1524.5797193353121,1482.3091770584865,42.27054227682561,1.2,1.0,0.6,1.4,0.8,2.0,1.2,1.0,7.0,7.0,1.1923076923076923,1.12,27,3.0,H,1.91,3.26,4.27
2924,2020,2020-12-27,Palmeiras,Bragantino,1598.749478824359,1502.3203695792456,96.4291092451133,1.4,1.6,1.6,1.0,1.2,0.4,2.4,1.2,7.0,7.0,1.64,1.1923076923076923,26,,H,1.86,3.4,4.26
2925,2020,2020-12-27,Santos,Ceara,1563.211013731381,1505.0908226051724,58.12019112620851,0.8,2.0,1.4,2.0,2.0,0.8,2.0,2.0,7.0,7.0,1.4615384615384615,1.3461538461538463,27,3.0,D,2.06,3.35,3.56
2926,2020,2020-12-27,Gremio,Atletico GO,1600.5232718817176,1506.2436738513754,94.27959803034219,1.8,2.0,1.4,0.4,1.0,0.6,3.0,2.0,8.0,10.0,1.68,1.3076923076923077,26,2.0,H,2.01,3.11,4.05
2927,2020,2021-01-06,Botafogo RJ,Athletico-PR,1429.8564046370486,1531.5867294528175,-101.73032481576888,0.6,1.2,0.6,2.0,1.0,1.4,0.2,1.8,10.0,10.0,0.8518518518518519,1.2592592592592593,28,1.8,A,2.51,3.12,2.9
2928,2020,2021-01-06,Gremio,Bahia,1606.23512387347,1457.5674233245884,148.6677005488816,2.2,0.0,1.8,0.6,1.0,2.8,3.0,0.6,10.0,10.0,1.7307692307692308,1.037037037037037,27,1.6,H,1.44,4.28,7.18
2929,2020,2021-01-06,Coritiba,Goias,1421.484800757751,1459.2247530059487,-37.739952248197824,0.2,1.4,0.2,1.2,0.6,1.0,0.8,0.8,11.0,11.0,0.7777777777777778,0.8518518518518519,28,1.6666666666666667,A,2.13,3.25,3.51
2930,2020,2021-01-06,Sport Recife,Fortaleza,1454.6218613915628,1495.43287385993,-40.81101246836715,0.8,0.6,0.8,1.4,0.4,1.0,1.4,0.8,11.0,11.0,1.0740740740740742,1.1481481481481481,28,,H,3.06,2.88,2.55
2931,2020,2021-01-07,Bragantino,Sao Paulo,1496.6588748512706,1634.4158112454975,-137.75693639422684,1.0,2.4,0.4,0.6,2.0,0.4,2.0,2.0,11.0,11.0,1.1481481481481481,2.074074074074074,28,,H,2.89,3.13,2.51
2932,2020,2021-01-07,Flamengo RJ,Fluminense,1649.9584990130577,1527.4617740685046,122.49672494455308,2.6,1.0,2.4,1.0,1.2,1.2,2.0,1.4,12.0,11.0,1.8846153846153846,1.4814814814814814,27,1.4,A,1.46,4.38,6.76
2933,2020,2021-01-07,Ceara,Internacional,1508.4932621436446,1575.8567520568986,-67.36348991325394,2.0,2.2,2.0,0.8,1.6,0.8,1.2,1.0,11.0,11.0,1.3333333333333333,1.7407407407407407,28,2.0,A,2.86,2.96,2.65
2934,2020,2021-01-08,Atletico GO,Vasco,1500.531821859623,1475.3021669409811,25.229654918641927,1.4,0.8,1.0,1.0,0.6,2.4,1.0,1.0,12.0,12.0,1.2592592592592593,1.0769230769230769,28,0.0,D,2.11,3.05,3.82
2935,2020,2021-01-09,Coritiba,Athletico-PR,1410.7017995945234,1540.5334666888264,-129.83166709430293,0.2,1.8,0.4,1.4,1.4,0.8,0.2,1.8,3.0,3.0,0.75,1.3214285714285714,29,3.0,D,3.33,2.95,2.35
2936,2020,2021-01-09,Sport Recife,Palmeiras,1463.926769075585,1604.4109735523339,-140.4842044767488,1.4,2.0,0.6,0.6,1.8,0.8,1.4,1.4,3.0,13.0,1.1428571428571428,1.6923076923076923,29,0.8,A,3.82,3.25,2.02
2937,2020,2021-01-10,Fortaleza,Gremio,1486.1279661759077,1610.758856859186,-124.63089068327827,0.4,2.2,0.2,1.0,1.8,0.6,0.6,1.8,4.0,4.0,1.1071428571428572,1.7777777777777777,29,3.0,D,3.5,2.99,2.25
2938,2020,2021-01-10,Flamengo RJ,Ceara,1635.0312013658142,1498.5612878023433,136.46991356347098,2.0,1.4,2.0,1.2,1.2,1.0,2.0,2.0,3.0,3.0,1.8148148148148149,1.2857142857142858,28,1.5,A,1.37,4.98,7.64
2939,2020,2021-01-10,Sao Paulo,Santos,1622.3517817978359,1559.8085741929087,62.54320760492715,1.8,1.0,2.2,1.2,1.6,2.0,2.6,0.2,3.0,14.0,2.0,1.4444444444444444,29,2.4,A,1.45,4.19,7.23
2940,2020,2021-01-10,Atletico GO,Bahia,1497.9916556954247,1453.0436903388725,44.94796535655223,1.4,0.0,1.0,1.0,1.0,2.6,1.2,0.6,2.0,4.0,1.25,1.0,29,0.5,D,2.34,3.07,3.21
2941,2020,2021-01-10,Internacional,Goias,1585.7887263982,1470.0077541691762,115.78097222902375,2.6,2.0,2.0,0.8,1.0,0.6,1.6,1.4,3.0,4.0,1.7857142857142858,0.9285714285714286,29,1.75,H,1.46,4.16,7.17
2942,2020,2021-01-10,Vasco,Botafogo RJ,1477.8423331051795,1420.9096674010398,56.93266570413971,1.0,0.6,0.4,1.6,0.6,2.2,1.0,0.6,2.0,4.0,1.0740740740740742,0.8214285714285714,28,1.8,H,2.2,3.11,3.47
2943,2020,2021-01-11,Bragantino,Atletico-MG,1508.7229042989322,1556.4411232222415,-47.71821892330922,1.4,2.0,1.2,1.0,1.4,1.2,2.0,1.4,4.0,16.0,1.2142857142857142,1.8148148148148149,29,,D,3.12,3.42,2.22
2944,2020,2021-01-14,Corinthians,Fluminense,1545.5114694425822,1542.389071715748,3.1223977268341514,2.6,1.4,1.2,0.2,1.6,1.4,2.0,1.4,18.0,7.0,1.4444444444444444,1.5357142857142858,28,1.8,H,2.09,3.04,3.94
2945,2020,2021-01-16,Palmeiras,Gremio,1612.27191427051,1609.059198334354,3.2127159361559734,2.0,1.8,1.4,0.8,1.0,0.6,3.0,1.4,7.0,6.0,1.7407407407407407,1.75,28,2.4,D,2.7,2.99,2.8
2946,2020,2021-01-16,Fluminense,Sport Recife,1534.3250462649494,1456.065828357409,78.25921790754046,0.8,1.4,1.0,2.2,0.6,0.6,1.4,0.4,2.0,7.0,1.4827586206896552,1.103448275862069,30,1.6,H,2.06,3.07,3.96
2947,2020,2021-01-17,Vasco,Coritiba,1484.4701515176234,1412.5464444762135,71.9237070414099,1.6,0.2,1.0,0.8,0.4,1.4,1.6,0.2,7.0,8.0,1.1428571428571428,0.7586206896551724,29,1.25,A,1.74,3.37,5.25
2948,2020,2021-01-17,Athletico-PR,Sao Paulo,1538.6888218071363,1608.837266660791,-70.14844485365484,2.0,1.2,1.2,0.2,1.4,1.4,1.8,1.8,8.0,7.0,1.3103448275862069,1.9310344827586208,30,1.8,D,3.56,3.1,2.17
2949,2020,2021-01-17,Santos,Botafogo RJ,1573.3230893299535,1414.2818489885958,159.0412403413577,1.0,0.6,1.0,1.6,0.6,2.0,2.2,0.6,7.0,7.0,1.5,0.7931034482758621,29,2.6,H,1.85,3.51,4.16
2950,2020,2021-01-17,Atletico-MG,Atletico GO,1556.9381230471472,1494.9286694558411,62.009453591306055,1.6,1.6,1.4,1.4,1.2,1.0,2.0,1.4,6.0,7.0,1.7857142857142858,1.2413793103448276,29,2.0,H,1.43,4.4,7.15
2951,2020,2021-01-17,Ceara,Bragantino,1513.7870482307073,1508.2259044740265,5.561143756680849,1.4,1.4,1.2,1.0,1.6,1.4,0.6,1.0,7.0,6.0,1.3448275862068966,1.206896551724138,30,,A,2.76,3.11,2.62
2952,2020,2021-01-17,Internacional,Fortaleza,1591.009183859383,1487.8276247007395,103.1815591586435,3.0,0.4,1.8,0.4,0.2,1.0,2.0,0.8,7.0,7.0,1.8275862068965518,1.103448275862069,30,1.0,H,1.91,3.07,4.63
2953,2020,2021-01-18,Palmeiras,Corinthians,1610.3334377119597,1553.575494893381,56.75794281857884,2.0,2.6,1.2,0.6,2.0,0.2,2.6,2.2,2.0,4.0,1.7142857142857142,1.5,29,1.6,H,2.11,3.11,3.71
2954,2020,2021-01-18,Goias,Flamengo RJ,1464.7872967079932,1619.8054409374502,-155.018144229457,1.4,1.4,0.8,0.8,1.8,1.6,1.4,1.6,8.0,8.0,0.896551724137931,1.75,30,1.25,A,7.5,5.02,1.37
2955,2020,2021-01-20,Botafogo RJ,Atletico GO,1409.9637265075426,1488.429712223499,-78.46598571595655,0.6,1.0,0.6,2.0,1.0,1.4,0.0,1.4,3.0,3.0,0.7666666666666667,1.2,31,1.5,A,2.34,3.14,3.15
2956,2020,2021-01-20,Bahia,Athletico-PR,1456.106676578456,1538.8369951163797,-82.73031853792372,0.2,2.2,1.2,2.4,1.4,0.2,1.2,1.4,10.0,3.0,1.0,1.3,30,1.0,H,1.98,3.27,3.92
2957,2020,2021-01-20,Gremio,Atletico-MG,1610.9976748929043,1563.4370802794892,47.560594613415105,1.8,2.0,1.2,0.8,1.6,1.2,3.0,1.6,4.0,3.0,1.7241379310344827,1.8275862068965518,30,2.6,D,2.46,3.27,2.83
2958,2020,2021-01-20,Coritiba,Fluminense,1426.2953223199252,1540.4205267109917,-114.12520439106652,0.8,1.2,0.6,1.2,1.0,2.0,0.4,1.4,3.0,4.0,0.8333333333333334,1.5333333333333334,31,1.6,D,3.13,3.05,2.4
2959,2020,2021-01-21,Bragantino,Vasco,1520.2293481609847,1470.7212736739118,49.50807448707292,1.4,1.4,1.6,1.4,0.8,0.8,2.0,1.0,4.0,4.0,1.2666666666666666,1.103448275862069,31,,H,1.66,3.65,5.34
2960,2020,2021-01-21,Sao Paulo,Internacional,1608.6890933515476,1596.514248152865,12.174845198682533,1.4,3.0,1.6,1.4,2.2,0.6,2.0,1.6,4.0,4.0,1.9,1.8666666666666667,31,1.6,A,2.01,3.23,3.91
2961,2020,2021-01-21,Flamengo RJ,Palmeiras,1627.270970610583,1616.965713938787,10.30525667179586,1.4,2.0,1.6,1.4,1.4,0.6,1.8,1.4,3.0,3.0,1.793103448275862,1.7586206896551724,30,1.0,H,2.02,3.51,3.48
2962,2020,2021-01-21,Fortaleza,Santos,1482.3225604072575,1577.6412118110068,-95.3186514037493,0.4,1.4,0.4,1.4,1.0,1.4,0.8,0.8,4.0,4.0,1.0666666666666667,1.5517241379310345,31,3.0,H,1.93,3.18,4.29
2963,2020,2021-01-21,Goias,Ceara,1457.3217670348604,1501.783604543749,-44.46183750888872,1.2,1.4,0.8,1.4,1.2,1.0,1.4,2.6,3.0,4.0,0.8666666666666667,1.3,31,3.0,A,3.37,3.24,2.18
2964,2020,2021-01-22,Corinthians,Sport Recife,1546.9432186665535,1449.9703479113666,96.97287075518693,2.4,0.8,2.0,1.0,0.4,0.8,2.0,0.2,4.0,6.0,1.4482758620689655,1.0666666666666667,30,3.0,H,1.64,3.65,5.6
2965,2020,2021-01-23,Sao Paulo,Coritiba,1596.5036486656772,1427.6999115465271,168.80373711915013,0.8,1.0,1.2,2.4,1.0,1.4,1.8,0.8,2.0,3.0,1.8387096774193548,0.8387096774193549,32,1.0,D,1.34,4.9,8.86
2966,2020,2021-01-24,Vasco,Atletico-MG,1463.9027136274644,1566.5680512198123,-102.6653375923479,0.8,1.6,0.8,1.6,1.6,1.4,1.4,1.2,3.0,4.0,1.0666666666666667,1.8,31,1.4,H,4.39,3.67,1.77
2967,2020,2021-01-24,Athletico-PR,Flamengo RJ,1528.3271180676688,1635.1368267352927,-106.80970866762391,1.6,1.4,1.2,0.4,1.2,0.8,2.0,1.6,4.0,3.0,1.2580645161290323,1.8333333333333333,32,1.6,H,4.95,3.87,1.65
2968,2020,2021-01-24,Ceara,Palmeiras,1512.3740527815776,1609.0998578140773,-96.7258050324997,1.4,2.0,1.6,1.0,1.4,0.6,0.4,0.8,3.0,3.0,1.3548387096774193,1.7,32,2.0,H,2.35,3.13,3.12
2969,2020,2021-01-24,Internacional,Gremio,1608.6996928387355,1607.8667039525812,0.8329888861542258,3.0,1.8,2.8,0.8,1.2,0.8,2.4,1.0,3.0,4.0,1.903225806451613,1.7,32,2.0,H,2.79,2.86,2.83
2970,2020,2021-01-24,Atletico GO,Fortaleza,1498.0423239576182,1493.1929930081685,4.8493309494497225,1.0,1.0,1.2,1.4,0.8,1.0,1.2,0.8,4.0,3.0,1.2580645161290323,1.1290322580645162,32,,H,2.36,2.98,3.26
2971,2020,2021-01-24,Santos,Goias,1566.7707792100957,1446.731318797032,120.03946041306381,1.4,1.2,0.8,1.0,0.6,1.8,2.2,1.2,3.0,3.0,1.5,0.8387096774193549,31,3.0,A,1.36,4.87,8.17
2972,2020,2021-01-24,Sport Recife,Bahia,1444.3215493908124,1466.616553627167,-22.295004236354544,0.6,0.8,0.2,1.2,1.4,1.8,1.4,0.2,2.0,4.0,1.032258064516129,1.0666666666666667,32,2.5,H,2.91,3.12,2.48
2973,2020,2021-01-24,Fluminense,Botafogo RJ,1539.0159374843897,1400.3511147734234,138.6648227109663,1.4,0.0,1.4,2.2,0.4,2.4,1.4,0.6,4.0,4.0,1.5161290322580645,0.7419354838709677,32,1.8,H,2.09,3.23,3.61
2974,2020,2021-01-25,Corinthians,Bragantino,1552.5920171871078,1527.047908207432,25.544108979675684,2.4,2.0,2.4,1.0,2.4,1.4,2.6,1.6,3.0,4.0,1.5,1.3225806451612903,31,,A,2.54,3.29,2.71
2975,2020,2021-01-26,Atletico-MG,Santos,1555.488182780225,1551.8972227211377,3.590960059087365,1.6,1.4,2.0,1.4,1.4,1.6,2.0,0.6,2.0,2.0,1.7419354838709677,1.4516129032258065,32,2.0,H,1.19,6.54,13.41
2976,2020,2021-01-26,Palmeiras,Vasco,1598.1892453186163,1474.9825820670517,123.20666325156458,1.4,1.4,1.4,1.0,1.4,1.4,2.6,0.4,2.0,2.0,1.6451612903225807,1.1290322580645162,32,1.6,D,2.06,3.22,3.71
2977,2020,2021-01-28,Bahia,Corinthians,1457.8395493726698,1540.0433862482391,-82.20383687556932,0.8,1.8,0.8,1.4,2.0,1.2,1.2,1.6,4.0,3.0,1.032258064516129,1.4516129032258065,32,1.8,H,2.26,3.27,3.16
2978,2020,2021-01-28,Gremio,Flamengo RJ,1599.7391736479603,1623.939221946227,-24.200048298266665,1.2,1.2,1.0,1.0,1.4,1.2,2.6,1.4,4.0,4.0,1.6451612903225807,1.7741935483870968,32,2.4,A,3.0,3.4,2.28
2979,2020,2021-01-31,Atletico GO,Sao Paulo,1506.058553608371,1590.6345356264299,-84.57598201805877,1.6,0.4,1.4,1.0,1.0,2.4,1.6,1.4,7.0,8.0,1.3125,1.8125,33,1.5,H,3.79,3.46,1.97
2980,2020,2021-01-31,Ceara,Athletico-PR,1523.2846652770386,1539.5247228567346,-16.240057579695986,1.8,1.6,1.8,1.0,1.0,0.6,0.8,1.4,7.0,7.0,1.40625,1.3125,33,1.0,A,2.13,3.25,3.48
2981,2020,2021-01-31,Coritiba,Gremio,1433.5690245857745,1588.5702250538354,-155.00120046806092,1.2,0.6,1.2,1.2,1.0,1.6,0.6,0.8,8.0,3.0,0.84375,1.59375,33,2.0,D,3.98,3.24,1.98
2982,2020,2021-01-31,Vasco,Bahia,1479.9253368578968,1468.334311299648,11.591025558248703,1.4,1.4,1.6,1.6,1.0,1.2,2.0,0.2,5.0,3.0,1.125,1.09375,33,1.4,D,2.28,3.1,3.29
2983,2020,2021-01-31,Atletico-MG,Fortaleza,1563.5392307856562,1485.1767633574157,78.3624674282405,1.6,0.8,2.0,1.4,0.8,1.4,2.6,0.6,5.0,7.0,1.78125,1.09375,33,1.0,H,1.45,4.31,6.86
2984,2020,2021-01-31,Internacional,Bragantino,1616.8272231433564,1539.5965391463008,77.23068399705562,3.0,2.6,2.8,0.8,2.8,1.2,3.0,1.6,7.0,6.0,1.9375,1.375,33,,H,2.2,3.19,3.37
2985,2020,2021-01-31,Fluminense,Goias,1543.7444062780132,1461.60487528599,82.13953099202331,2.0,1.2,1.6,1.8,1.2,2.4,2.0,1.8,7.0,7.0,1.5625,0.90625,33,2.25,H,1.7,3.72,4.83
2986,2020,2021-02-01,Sport Recife,Flamengo RJ,1453.0985536453095,1635.108170540352,-182.00961689504243,1.2,1.8,0.6,1.0,2.0,1.2,2.0,2.0,8.0,4.0,1.09375,1.8125,33,1.4,A,8.36,5.06,1.34
2987,2020,2021-02-02,Palmeiras,Botafogo RJ,1593.2464905277711,1395.6226459798,197.6238445479712,1.0,0.0,1.4,1.2,0.4,2.4,2.2,0.6,7.0,9.0,1.625,0.71875,33,2.4,D,1.49,4.25,6.28
2988,2020,2021-02-03,Gremio,Santos,1586.0362110869025,1543.8461747157066,42.1900363711959,0.6,1.2,1.2,1.8,1.2,1.8,2.0,0.6,3.0,8.0,1.5757575757575757,1.40625,34,2.0,D,1.68,3.67,5.07
2989,2020,2021-02-03,Bragantino,Atletico GO,1533.4759393004883,1516.6214001718151,16.854539128673196,2.0,2.0,2.2,1.2,1.8,1.2,2.0,1.8,3.0,3.0,1.3333333333333333,1.3636363636363635,34,,H,1.59,3.94,5.45
2990,2020,2021-02-04,Bahia,Fluminense,1470.5037490143166,1549.7456438127047,-79.2418947983881,1.6,2.0,0.8,0.8,1.8,1.6,1.2,1.0,4.0,4.0,1.0909090909090908,1.606060606060606,34,1.4,A,2.72,3.15,2.63
2991,2020,2021-02-04,Corinthians,Ceara,1529.5486243212608,1511.8903832436827,17.658241077578168,1.2,1.8,1.8,1.6,1.8,1.0,2.4,2.6,7.0,4.0,1.40625,1.3636363636363635,33,1.0,H,1.99,3.36,3.76
2992,2020,2021-02-04,Goias,Atletico-MG,1455.6036377512985,1569.6321928168386,-114.0285550655401,0.6,2.0,0.8,2.8,2.0,1.0,0.8,1.0,4.0,4.0,0.8787878787878788,1.8181818181818181,34,0.75,H,7.04,4.69,1.41
2993,2020,2021-02-04,Fortaleza,Coritiba,1479.0838013262332,1436.1030385527074,42.98076277352584,0.8,1.4,0.8,1.6,1.2,1.0,1.2,0.8,4.0,4.0,1.0606060606060606,0.8484848484848485,34,,H,1.56,3.8,6.23
2994,2020,2021-02-05,Athletico-PR,Internacional,1550.9190048900905,1622.9478229891688,-72.02881809907831,1.6,3.0,1.0,0.6,2.8,1.0,2.0,2.2,5.0,5.0,1.3636363636363635,1.9696969696969697,34,2.0,D,3.15,3.03,2.41
2995,2020,2021-02-05,Flamengo RJ,Vasco,1641.8621669577906,1477.7558991432284,164.10626781456222,2.4,1.0,2.6,0.8,1.0,1.6,1.8,0.4,4.0,5.0,1.8484848484848484,1.121212121212121,34,0.8,H,1.29,5.51,9.42
2996,2020,2021-02-05,Botafogo RJ,Sport Recife,1402.009155988012,1446.3445572278708,-44.33540123985881,0.2,0.6,0.6,2.2,0.4,1.6,0.0,0.0,3.0,4.0,0.7272727272727273,1.0606060606060606,34,2.6,A,2.73,3.06,2.67
2997,2020,2021-02-06,Bahia,Goias,1460.9134342584814,1467.0054999613653,-6.092065702883929,1.4,1.2,0.6,0.8,1.0,2.6,1.2,1.2,2.0,2.0,1.0588235294117647,0.9411764705882353,35,2.3333333333333335,D,1.62,3.88,5.18
2998,2020,2021-02-07,Atletico GO,Santos,1508.9347199895706,1546.8370548753892,-37.90233488581862,1.8,0.8,1.6,1.4,1.6,2.4,2.2,0.8,4.0,4.0,1.3235294117647058,1.393939393939394,35,2.0,D,2.44,3.17,2.93
2999,2020,2021-02-07,Bragantino,Flamengo RJ,1541.162619482733,1646.0823883621895,-104.91976887945657,2.4,2.4,2.2,0.8,2.4,0.8,2.0,2.0,4.0,2.0,1.3823529411764706,1.8823529411764706,35,,D,3.12,3.58,2.13
3000,2020,2021-02-08,Botafogo RJ,Gremio,1391.4150813869715,1583.04533092722,-191.63024954024854,0.2,0.6,0.6,1.8,1.6,2.2,0.0,0.8,3.0,5.0,0.7058823529411765,1.5588235294117647,35,1.8,A,6.34,4.15,1.5
3001,2020,2021-02-10,Internacional,Sport Recife,1622.745544937046,1456.9386318289114,165.8069131081345,2.6,1.2,2.6,1.0,0.6,1.4,3.0,0.6,5.0,5.0,1.9411764705882353,1.1176470588235294,35,2.2,A,1.48,3.91,7.29
3002,2020,2021-02-10,Fortaleza,Vasco,1486.0722122330258,1473.5356777388295,12.536534494196303,1.2,1.0,1.4,1.8,1.0,1.8,1.6,0.4,6.0,5.0,1.1176470588235294,1.088235294117647,35,1.0,H,2.01,2.94,4.36
3003,2020,2021-02-11,Sao Paulo,Ceara,1580.0716890629858,1504.2255857953853,75.84610326760048,0.4,1.2,0.8,2.0,1.6,1.4,1.4,2.0,11.0,7.0,1.7575757575757576,1.3235294117647058,34,3.0,D,1.69,3.67,4.96
3004,2020,2021-02-11,Corinthians,Athletico-PR,1537.2134217695582,1551.1212829422134,-13.907861172655203,1.2,1.6,1.2,1.8,1.0,0.6,2.4,2.0,7.0,6.0,1.4545454545454546,1.3529411764705883,34,1.4,D,1.97,3.24,3.98
3005,2020,2021-02-11,Fluminense,Atletico-MG,1559.3359585685398,1558.2303306067718,1.1056279617680502,2.6,1.4,2.0,0.6,1.4,1.0,2.4,0.4,7.0,7.0,1.6470588235294117,1.7647058823529411,35,2.0,D,3.42,3.2,2.16
3006,2020,2021-02-13,Goias,Botafogo RJ,1468.684944128636,1384.9065439348483,83.77840019378777,1.4,0.2,1.6,2.6,0.8,2.4,1.4,0.8,7.0,5.0,0.9428571428571428,0.6857142857142857,36,3.0,H,1.8,3.67,4.17
3007,2020,2021-02-13,Atletico-MG,Bahia,1560.1103712380914,1459.2339900912107,100.8763811468807,1.4,1.0,1.2,0.8,1.0,1.4,2.6,0.4,2.0,7.0,1.7428571428571429,1.0571428571428572,36,1.4,D,1.38,4.89,7.19
3008,2020,2021-02-13,Santos,Coritiba,1547.6154107752698,1429.1146276459149,118.50078312935489,0.4,1.2,1.4,2.4,1.4,1.6,1.6,0.8,6.0,9.0,1.3823529411764706,0.8235294117647058,35,2.6,H,1.31,5.12,9.14
3009,2020,2021-02-14,Flamengo RJ,Corinthians,1644.9384346446034,1535.7533812051056,109.18505343949778,2.0,1.4,2.2,1.0,1.8,1.6,1.8,1.4,7.0,3.0,1.8571428571428572,1.4411764705882353,36,2.0,H,1.31,5.19,9.12
3010,2020,2021-02-14,Vasco,Internacional,1465.7310332097595,1606.9332617141001,-141.2022285043406,1.0,2.0,0.8,1.6,2.0,1.0,2.0,2.2,4.0,4.0,1.0571428571428572,1.8857142857142857,36,1.6,A,3.29,2.98,2.35
3011,2020,2021-02-14,Athletico-PR,Atletico GO,1552.581323506666,1508.15636408969,44.42495941697598,1.6,2.0,1.4,1.0,1.6,1.0,1.6,1.2,3.0,7.0,1.3428571428571427,1.3142857142857143,36,1.0,H,1.87,3.37,4.23
3012,2020,2021-02-14,Palmeiras,Fortaleza,1586.859980519559,1493.8768567620957,92.98312375746332,1.0,1.8,1.4,1.2,1.6,1.0,1.8,0.0,12.0,4.0,1.606060606060606,1.1714285714285715,34,3.0,H,2.09,3.17,3.67
3013,2020,2021-02-14,Gremio,Sao Paulo,1589.5538683793432,1576.2261950450816,13.32767333426159,1.0,0.6,2.4,2.4,1.0,2.0,1.6,0.8,6.0,3.0,1.6,1.7352941176470589,36,2.4,A,2.2,3.27,3.28
3014,2020,2021-02-15,Ceara,Fluminense,1508.0710798132895,1557.4559179372202,-49.38483812393065,1.4,2.2,1.6,1.2,1.8,0.6,0.6,1.4,4.0,4.0,1.3142857142857143,1.6285714285714286,36,3.0,A,2.45,3.1,2.98
3015,2020,2021-02-15,Sport Recife,Bragantino,1472.7509150518572,1542.306573200319,-69.55565814846182,1.8,2.0,1.0,1.4,2.0,0.8,1.4,1.4,5.0,8.0,1.1714285714285715,1.3714285714285714,36,,D,4.37,3.59,1.79
3016,2020,2021-02-17,Santos,Corinthians,1552.7756950198773,1530.3851230143973,22.390572005479953,1.0,0.8,1.8,2.0,1.4,2.0,1.6,0.8,4.0,3.0,1.4285714285714286,1.4,36,3.0,H,2.29,3.18,3.17
3017,2020,2021-02-17,Coritiba,Palmeiras,1423.9543434013074,1592.6023350482828,-168.64799164697547,0.6,1.0,1.2,2.0,1.2,1.2,0.6,0.8,4.0,3.0,0.8,1.6470588235294117,36,2.2,H,5.1,3.56,1.69
3018,2020,2021-02-20,Sao Paulo,Palmeiras,1588.4432129972301,1579.7045641677694,8.738648829460772,1.0,1.0,1.2,2.0,1.2,1.0,1.0,0.6,6.0,3.0,1.7714285714285714,1.6,36,1.6,D,2.17,3.12,3.48
3019,2020,2021-02-20,Coritiba,Ceara,1436.8521142818208,1497.6219417003654,-60.76982741854454,1.0,0.8,0.8,1.4,1.0,1.8,1.2,1.6,3.0,5.0,0.8611111111111112,1.2777777777777777,37,,A,3.47,3.27,2.11
3020,2020,2021-02-21,Fortaleza,Bahia,1488.134502233372,1463.6758251760384,24.45867705733349,1.2,1.2,1.2,1.6,1.2,1.2,2.2,0.6,7.0,8.0,1.1388888888888888,1.0555555555555556,37,3.0,A,2.21,3.06,3.48
3021,2020,2021-02-21,Corinthians,Vasco,1522.8486891483883,1457.8898045360459,64.95888461234244,0.8,0.4,1.4,1.8,0.2,1.6,2.0,0.4,4.0,7.0,1.3611111111111112,1.0277777777777777,37,2.6,D,1.83,3.49,4.24
3022,2020,2021-02-21,Flamengo RJ,Internacional,1650.3066928353117,1614.7744903878138,35.532202447497866,2.6,2.0,2.4,0.8,1.4,0.8,1.8,2.6,7.0,7.0,1.8888888888888888,1.9166666666666667,37,2.4,H,1.58,3.95,5.66
3023,2020,2021-02-21,Sport Recife,Atletico-MG,1472.8820299194836,1555.6685361532636,-82.78650623378007,2.0,1.6,1.0,0.8,1.0,0.4,1.4,0.6,6.0,8.0,1.1666666666666667,1.7222222222222223,37,2.2,A,5.47,3.74,1.62
3024,2020,2021-02-21,Gremio,Athletico-PR,1577.3368504271946,1559.531984585075,17.804865842119625,1.0,2.2,2.4,2.4,1.8,1.0,1.0,1.6,7.0,7.0,1.5555555555555556,1.3888888888888888,37,2.2,H,1.9,3.25,4.29
3025,2020,2021-02-21,Santos,Fluminense,1560.3121288858863,1567.9050560501444,-7.592927164258072,1.6,2.6,1.4,1.2,1.8,0.2,2.0,2.0,4.0,6.0,1.4722222222222223,1.6666666666666667,37,2.6,D,2.36,3.08,3.15
3026,2020,2021-02-21,Goias,Bragantino,1474.6466287176884,1542.1754583326926,-67.52882961500427,2.0,1.6,2.0,1.8,1.2,0.6,1.8,1.4,8.0,6.0,1.0,1.3611111111111112,37,,D,4.27,3.81,1.75
3027,2020,2021-02-22,Palmeiras,Atletico GO,1581.7956299656453,1501.205703011281,80.58992695436427,1.2,1.4,1.2,0.8,1.2,1.2,1.8,0.6,2.0,8.0,1.5833333333333333,1.2777777777777777,37,1.5,D,1.57,3.93,5.66
3028,2020,2021-02-22,Botafogo RJ,Sao Paulo,1378.944859345796,1586.3521471993542,-207.40728785355827,0.2,1.2,0.6,2.2,1.2,1.2,0.0,1.4,9.0,2.0,0.6666666666666666,1.75,37,0.2,H,7.87,4.84,1.37
3029,2020,2021-02-26,Athletico-PR,Sport Recife,1551.8711768086027,1463.393519962426,88.47765684617684,1.6,1.4,1.4,1.0,1.0,1.4,2.2,1.2,5.0,5.0,1.3513513513513513,1.135135135135135,38,2.0,H,1.81,3.48,4.42
3030,2020,2021-02-26,Atletico GO,Coritiba,1505.1669293658892,1426.7303661436872,78.43656322220204,1.0,0.8,1.0,1.4,0.6,1.6,1.8,0.8,4.0,6.0,1.2702702702702702,0.8378378378378378,38,1.5,H,1.61,3.82,5.52
3031,2020,2021-02-26,Atletico-MG,Palmeiras,1565.1570461103213,1577.834403611037,-12.677357500715743,1.6,1.2,1.2,0.8,1.2,0.8,2.6,0.8,5.0,4.0,1.7567567567567568,1.5675675675675675,38,1.2,H,1.5,4.38,5.93
3032,2020,2021-02-26,Bahia,Santos,1476.1952209712704,1558.6746947793517,-82.47947380808137,1.2,1.8,1.6,1.0,1.6,1.0,1.4,1.0,5.0,5.0,1.1081081081081081,1.4594594594594594,38,1.4,H,1.53,4.02,6.2
3033,2020,2021-02-26,Bragantino,Gremio,1542.1026740508173,1584.9976582036668,-42.894984152849474,1.2,1.6,0.8,0.6,2.2,1.6,2.2,1.2,5.0,5.0,1.3513513513513513,1.5945945945945945,38,,H,1.7,3.79,4.74
3034,2020,2021-02-26,Ceara,Botafogo RJ,1507.743689838499,1392.8285767271398,114.91511311135923,0.8,0.8,1.0,1.6,0.8,1.8,0.6,0.2,6.0,4.0,1.3243243243243243,0.7297297297297297,38,1.0,H,1.81,3.81,4.02
3035,2020,2021-02-26,Fluminense,Fortaleza,1569.542490156679,1475.61510643814,93.92738371853898,2.2,1.2,1.6,0.4,1.2,2.0,2.0,0.0,5.0,5.0,1.6486486486486487,1.1081081081081081,38,1.0,H,1.74,3.38,5.09
3036,2020,2021-02-26,Internacional,Corinthians,1607.5899002879994,1519.2733828334826,88.31651745451677,1.4,1.0,1.2,1.0,1.2,1.4,2.4,0.6,5.0,5.0,1.864864864864865,1.3513513513513513,38,1.4,D,1.45,4.19,7.2
3037,2020,2021-02-26,Sao Paulo,Flamengo RJ,1572.4684298180105,1657.491282935126,-85.02285311711557,1.0,2.6,1.0,1.2,2.0,0.6,0.6,2.0,4.0,5.0,1.7027027027027026,1.9189189189189189,38,1.8,H,4.71,4.02,1.67
3038,2020,2021-02-26,Vasco,Goias,1461.4651108509515,1474.7194129995637,-13.254302148612169,0.4,1.6,0.0,1.4,1.2,1.2,1.4,1.4,5.0,5.0,1.027027027027027,1.0,38,0.6666666666666666,H,1.82,3.56,4.25
3039,2021,2021-05-29,Cuiaba,Juventude,1500.0,1500.0,0.0,,,,,,,,,,,,,1,,D,2.21,3.06,3.51
3040,2021,2021-05-30,Bahia,Santos,1490.0234224757407,1536.1290143372257,-46.10559186148498,1.6,1.6,2.0,1.0,1.0,0.8,2.0,0.4,93.0,93.0,,,1,1.8,H,2.36,3.15,3.09
3041,2021,2021-05-30,Sao Paulo,Fluminense,1562.283072513103,1556.446964380145,5.836108132958088,1.6,2.2,1.2,1.0,1.4,0.4,1.2,1.6,93.0,93.0,,,1,1.6,D,1.9,3.12,4.65
3042,2021,2021-05-30,Atletico-MG,Fortaleza,1555.2467713856424,1477.4212330659693,77.82553831967311,1.6,1.2,1.2,0.8,1.2,2.0,2.6,0.0,93.0,93.0,,,1,2.0,A,1.47,4.14,6.98
3043,2021,2021-05-30,Ceara,Gremio,1509.7375489210694,1556.7247759610073,-46.98722703993781,1.4,1.4,1.4,1.4,2.0,1.6,1.2,1.0,93.0,93.0,,,1,1.3333333333333333,H,3.62,3.09,2.16
3044,2021,2021-05-30,Flamengo RJ,Palmeiras,1610.1867120517493,1551.9968159053763,58.18989614637303,2.0,1.0,1.6,1.0,1.0,1.0,2.4,0.2,93.0,93.0,,,1,1.6,H,1.82,3.52,4.33
3045,2021,2021-05-30,Athletico-PR,America MG,1543.2902138488098,1473.3359206964838,69.95429315232604,1.6,1.2,1.4,1.0,0.6,1.6,2.2,0.2,93.0,910.0,,,1,3.0,H,2.44,2.95,3.18
3046,2021,2021-05-30,Chapecoense-SC,Bragantino,1464.3811824295603,1538.6004732298559,-74.21929080029554,1.4,1.8,1.0,0.8,0.8,0.2,1.2,1.6,539.0,93.0,,,1,,A,3.88,3.25,2.02
3047,2021,2021-05-30,Corinthians,Atletico GO,1517.5653261927314,1508.4435633351711,9.12176285756027,0.6,1.0,0.8,1.2,1.2,1.4,1.6,0.8,93.0,93.0,,,1,0.6666666666666666,A,2.01,3.22,3.9
3048,2021,2021-05-31,Internacional,Sport Recife,1577.58213614838,1468.1583087294616,109.42382741891834,1.0,1.4,0.8,0.8,1.0,1.2,2.0,1.2,94.0,94.0,,,1,2.0,D,1.32,5.07,9.41
3049,2021,2021-06-05,Atletico GO,Sao Paulo,1520.5451714483017,1560.2720335765937,-39.72686212829194,1.6,1.6,1.4,1.0,1.0,0.8,2.2,0.8,6.0,6.0,3.0,1.0,2,2.0,H,3.38,2.84,2.41
3050,2021,2021-06-06,Bragantino,Bahia,1548.3351829727303,1499.4801331730253,48.85504979970506,1.8,2.2,1.0,0.2,2.6,0.8,2.2,1.2,7.0,7.0,3.0,3.0,2,3.0,D,1.95,3.31,4.05
3051,2021,2021-06-06,Santos,Ceara,1526.6723036399412,1519.2195636536028,7.452739986338429,1.4,2.0,0.8,1.2,1.8,1.4,2.0,2.0,7.0,7.0,0.0,3.0,2,2.3333333333333335,H,1.96,3.32,4.0
3052,2021,2021-06-06,Fluminense,Cuiaba,1558.4580033166542,1498.1506753883134,60.30732792834078,1.8,1.0,1.2,0.4,2.0,2.0,2.6,,7.0,8.0,1.0,1.0,2,,H,1.71,3.45,5.31
3053,2021,2021-06-06,America MG,Corinthians,1467.0359774869603,1505.4637180796008,-38.427740592640475,1.2,0.4,0.6,1.4,0.2,0.8,1.4,0.2,7.0,7.0,0.0,0.0,2,0.5,A,2.12,3.03,3.81
3054,2021,2021-06-06,Fortaleza,Internacional,1491.3151681258896,1572.9449979428014,-81.62982981691175,1.2,1.0,1.0,2.0,1.2,1.2,2.0,2.0,7.0,6.0,3.0,1.0,2,1.5,H,2.66,2.93,2.9
3055,2021,2021-06-06,Juventude,Athletico-PR,1501.8493246116866,1549.5901570583333,-47.740832446646664,1.0,2.0,2.0,2.0,1.6,1.0,,1.0,8.0,7.0,1.0,3.0,2,,A,2.82,2.95,2.7
3056,2021,2021-06-06,Palmeiras,Chapecoense-SC,1545.4010293365372,1454.646472686686,90.75455664985134,0.4,0.8,0.4,1.2,0.8,1.4,1.8,1.6,7.0,7.0,0.0,0.0,2,2.0,H,1.37,4.51,8.91
3057,2021,2021-06-07,Sport Recife,Atletico-MG,1472.7954469350402,1541.3528363257221,-68.55738939068192,1.0,1.6,1.2,1.6,1.4,1.0,0.8,1.0,7.0,8.0,1.0,0.0,2,1.6,A,4.23,3.33,1.9
3058,2021,2021-06-12,Palmeiras,Corinthians,1551.196042662776,1516.2270414468494,34.96900121592671,1.0,1.0,1.0,1.2,0.2,0.4,1.8,0.8,6.0,6.0,1.5,1.5,3,2.0,D,1.88,3.3,4.36
3059,2021,2021-06-12,Santos,Juventude,1534.6166581793373,1491.3529740506967,43.263684128640534,1.4,0.5,1.0,1.4,1.0,2.5,2.0,1.0,6.0,6.0,1.5,0.5,3,,D,1.63,3.73,5.51
3060,2021,2021-06-13,Atletico-MG,Sao Paulo,1551.2504500063903,1550.9981726480553,0.25227735833504994,2.0,1.0,1.6,1.0,0.6,1.0,2.0,0.8,6.0,8.0,1.5,0.5,3,2.0,H,2.12,3.19,3.6
3061,2021,2021-06-13,Flamengo RJ,America MG,1616.7824986205883,1456.2726541197117,160.50984450087662,2.0,0.6,1.4,1.0,0.2,1.4,3.0,0.0,14.0,7.0,3.0,0.0,2,3.0,H,1.5,4.07,6.71
3062,2021,2021-06-13,Gremio,Athletico-PR,1547.242761228474,1560.0865076193231,-12.843746390849219,1.2,2.4,1.8,1.6,1.6,0.4,1.0,1.4,14.0,7.0,0.0,3.0,2,2.2,A,1.83,3.25,4.78
3063,2021,2021-06-14,Bahia,Internacional,1502.6446698815325,1562.4667181570323,-59.82204827549981,2.2,1.0,2.6,0.8,1.2,1.8,2.0,1.4,8.0,8.0,2.0,0.5,3,0.6,A,2.54,3.19,2.8
3064,2021,2021-06-14,Bragantino,Fluminense,1545.170646264223,1565.0000201869802,-19.829373922757213,1.8,2.2,1.4,0.6,1.4,0.4,2.2,1.8,8.0,8.0,2.0,2.0,3,3.0,D,1.99,3.26,3.94
3065,2021,2021-06-14,Chapecoense-SC,Ceara,1448.851459360447,1511.2752091142067,-62.423749753759694,0.8,1.8,1.0,1.8,1.8,1.8,1.2,1.4,8.0,8.0,0.0,1.5,3,3.0,D,3.22,3.04,2.37
3066,2021,2021-06-14,Fortaleza,Sport Recife,1501.7934479116586,1462.897833254372,38.895614657286615,1.2,0.4,1.4,2.2,0.8,1.6,2.4,1.4,8.0,7.0,3.0,0.5,3,3.0,H,1.68,3.45,5.62
3067,2021,2021-06-16,Internacional,Atletico-MG,1572.6157405547558,1559.3941135420641,13.22162701269167,1.0,2.4,1.0,1.8,1.6,0.8,1.6,1.4,2.0,3.0,1.3333333333333333,2.0,4,1.8,A,2.5,3.12,2.88
3068,2021,2021-06-16,Sao Paulo,Chapecoense-SC,1542.8545091123815,1448.7773102767587,94.07719883562277,0.8,1.0,0.4,1.0,1.0,1.4,1.4,1.0,3.0,2.0,0.3333333333333333,0.3333333333333333,4,1.8,D,1.35,4.88,8.64
3069,2021,2021-06-17,Corinthians,Bragantino,1519.0275192203922,1543.8778072241992,-24.85028800380701,1.2,1.8,0.4,0.4,1.8,1.0,1.0,1.6,5.0,3.0,1.3333333333333333,1.6666666666666667,4,0.0,A,2.51,2.95,3.07
3070,2021,2021-06-17,Juventude,Palmeiras,1494.3719659029837,1548.3955648892334,-54.02359898624968,0.6666666666666666,1.0,0.6666666666666666,1.6666666666666667,1.0,1.2,0.0,0.2,5.0,5.0,0.6666666666666666,1.3333333333333333,4,,A,5.0,3.39,1.76
3071,2021,2021-06-17,America MG,Cuiaba,1451.9830864362752,1491.6086585179874,-39.62557208171211,0.6,0.5,0.2,1.0,1.0,1.5,1.2,0.0,4.0,11.0,0.0,0.5,4,,D,1.97,3.07,4.37
3072,2021,2021-06-17,Ceara,Bahia,1511.349358197895,1492.495647483809,18.85371071408599,2.0,2.0,1.6,1.2,2.4,0.8,1.8,1.2,3.0,3.0,1.3333333333333333,1.3333333333333333,4,1.3333333333333333,A,2.48,3.04,3.02
3073,2021,2021-06-17,Atletico GO,Fortaleza,1529.8190323768401,1508.889149690494,20.929882686346218,2.0,1.8,1.6,0.8,1.6,1.6,2.6,0.6,12.0,3.0,3.0,3.0,3,3.0,D,2.51,2.82,3.22
3074,2021,2021-06-17,Fluminense,Santos,1566.292859227004,1531.5976663270503,34.69519289995378,1.8,1.0,1.2,0.6,0.8,1.4,2.6,0.4,3.0,5.0,1.6666666666666667,1.3333333333333333,4,1.4,H,2.07,3.12,3.86
3075,2021,2021-06-17,Sport Recife,Gremio,1455.802131475537,1535.7527593662962,-79.95062789075928,0.2,0.6,0.8,1.8,0.8,1.4,0.8,0.8,3.0,4.0,0.3333333333333333,0.0,4,2.2,H,4.45,3.39,1.84
3076,2021,2021-06-20,Flamengo RJ,Bragantino,1621.0720663040247,1555.0282921322641,66.04377417176056,2.4,2.2,1.6,0.8,2.2,1.2,3.0,1.6,7.0,3.0,3.0,2.0,3,1.0,A,1.63,3.78,5.33
3077,2021,2021-06-20,Palmeiras,America MG,1558.7113860400482,1451.2540474364548,107.45733860359337,1.4,0.2,1.4,1.0,0.0,1.0,1.8,0.0,3.0,3.0,1.75,0.25,5,3.0,H,1.58,3.73,6.08
3078,2021,2021-06-20,Bahia,Corinthians,1504.863355822808,1507.8770343123272,-3.0136784895191795,2.0,1.0,2.0,1.0,0.6,0.8,1.4,1.0,3.0,3.0,1.75,1.0,5,2.4,D,2.34,3.04,3.27
3079,2021,2021-06-20,Internacional,Ceara,1560.4016250337613,1498.9816498588962,61.41997517486516,1.0,1.4,0.8,1.6,1.4,1.6,1.0,1.0,4.0,3.0,1.0,1.0,5,3.0,D,1.67,3.54,5.44
3080,2021,2021-06-20,Athletico-PR,Atletico GO,1571.5765094815008,1527.3949973752347,44.181512106266155,2.4,2.2,1.4,0.2,1.4,0.4,2.6,1.4,7.0,3.0,3.0,2.3333333333333335,4,2.0,H,2.02,2.99,4.29
3081,2021,2021-06-20,Fortaleza,Fluminense,1511.3131846920994,1573.4996458235655,-62.1864611314661,2.0,2.2,1.6,0.8,1.2,0.4,2.4,1.8,3.0,3.0,2.5,2.0,5,0.0,D,2.33,2.94,3.4
3082,2021,2021-06-20,Santos,Sao Paulo,1524.390879730489,1538.5711166001447,-14.1802368696558,0.8,1.0,0.6,1.4,0.6,1.0,2.2,0.6,3.0,4.0,1.0,0.5,5,1.8,H,3.06,3.09,2.41
3083,2021,2021-06-21,Juventude,Sport Recife,1484.0561447521688,1466.2321797298025,17.823965022366338,0.5,0.8,0.5,2.0,0.6,1.2,0.0,1.4,4.0,4.0,0.5,1.0,5,,H,2.42,2.93,3.21
3084,2021,2021-06-22,Atletico-MG,Chapecoense-SC,1571.6082290630586,1453.0607027889955,118.5475262740631,2.4,0.6,1.2,0.4,0.6,1.6,2.0,1.0,6.0,6.0,2.25,0.5,5,1.4,D,1.28,5.43,10.08
3085,2021,2021-06-23,Atletico GO,Fluminense,1520.4379795042662,1573.580624211659,-53.14264470739272,2.0,1.8,1.4,0.6,1.0,0.6,2.2,1.4,3.0,3.0,1.75,1.8,5,1.3333333333333333,H,2.78,2.86,2.81
3086,2021,2021-06-23,Bragantino,Palmeiras,1568.630802105058,1564.118793624898,4.5120084801599205,2.2,2.0,2.6,1.6,1.8,0.8,1.8,0.8,3.0,3.0,2.2,2.0,6,0.0,H,2.55,3.15,2.81
3087,2021,2021-06-23,Flamengo RJ,Fortaleza,1607.469556331231,1511.232206304006,96.23735002722492,1.8,2.2,1.6,1.2,1.8,0.6,2.4,0.8,3.0,3.0,2.0,2.2,4,3.0,H,1.44,4.23,7.42
3088,2021,2021-06-23,Sao Paulo,Cuiaba,1530.0234838033787,1492.3376975178078,37.685786285570885,0.4,0.6666666666666666,0.2,1.2,0.6666666666666666,1.0,1.4,0.5,3.0,6.0,0.4,0.6666666666666666,6,,D,1.53,3.81,6.92
3089,2021,2021-06-24,America MG,Juventude,1445.846639851605,1491.7164328963406,-45.869793044735616,0.2,1.0,0.2,1.2,0.6,1.6,1.4,1.0,4.0,3.0,0.2,1.0,6,,D,1.77,3.23,5.25
3090,2021,2021-06-24,Ceara,Atletico-MG,1502.4677968813419,1566.7674831242464,-64.2996862429045,1.0,2.0,1.2,1.6,1.0,0.6,1.2,2.0,4.0,2.0,1.0,2.0,6,1.3333333333333333,H,3.24,3.19,2.26
3091,2021,2021-06-24,Chapecoense-SC,Internacional,1457.9014487278077,1556.9154780113156,-99.01402928350785,0.6,1.0,0.6,1.6,1.0,1.8,1.4,1.4,2.0,4.0,0.6,1.0,6,3.0,A,4.22,3.19,1.94
3092,2021,2021-06-24,Corinthians,Sport Recife,1509.6424523240723,1458.5718915856307,51.0705607384416,1.0,0.8,0.6,0.8,0.6,1.0,1.0,0.8,4.0,3.0,1.0,0.8,6,3.0,H,1.73,3.37,5.31
3093,2021,2021-06-25,Bahia,Athletico-PR,1503.0979378110628,1578.5335273524693,-75.43558954140644,1.6,3.0,1.6,1.0,1.8,0.2,1.6,2.0,5.0,5.0,1.6,3.0,6,1.4,H,2.61,2.86,3.02
3094,2021,2021-06-25,Gremio,Santos,1525.3227111120307,1532.938512527255,-7.615801415224269,0.6,1.4,0.6,1.2,1.0,1.0,0.8,0.4,8.0,5.0,0.0,1.4,4,1.6,D,2.04,3.07,4.03
3095,2021,2021-06-27,Juventude,Flamengo RJ,1492.2664887517794,1613.1355325334098,-120.86904378163035,1.0,1.8,0.4,1.4,1.6,1.2,1.0,1.4,3.0,4.0,1.0,2.25,7,,H,7.16,4.07,1.47
3096,2021,2021-06-27,Fluminense,Corinthians,1563.9217738915406,1516.4206502864902,47.50112360505045,1.6,1.6,1.0,0.8,1.0,0.8,2.6,1.2,4.0,3.0,1.5,1.3333333333333333,7,2.4,D,2.5,2.8,3.25
3097,2021,2021-06-28,Athletico-PR,Chapecoense-SC,1568.2332572332132,1448.8773353962536,119.35592183695962,2.4,0.6,1.6,0.6,0.8,1.4,2.6,0.6,3.0,4.0,2.4,0.5,6,2.2,D,1.56,3.62,6.84
3098,2021,2021-06-28,Gremio,Fortaleza,1523.6859177340114,1505.5662301018272,18.119687632184196,0.2,1.6,0.8,1.6,1.6,0.8,1.0,0.8,3.0,5.0,0.25,1.8333333333333333,5,2.0,D,1.96,3.15,4.23
3099,2021,2021-06-28,Palmeiras,Bahia,1556.0932353387616,1513.398207930319,42.695027408442684,2.0,1.6,2.0,1.2,1.4,1.2,2.2,1.8,5.0,3.0,1.6666666666666667,1.8333333333333333,7,1.8,H,1.62,3.74,5.58
3100,2021,2021-06-28,America MG,Internacional,1445.2965839961662,1565.9395913428698,-120.6430073467036,0.4,1.4,0.4,1.2,1.0,1.6,1.6,1.8,4.0,4.0,0.3333333333333333,1.3333333333333333,7,3.0,D,2.75,2.93,2.79
3101,2021,2021-06-28,Ceara,Sao Paulo,1512.4476402584212,1527.1511022020145,-14.703461943593311,1.0,0.4,1.0,1.4,0.6,1.6,1.8,0.6,4.0,5.0,1.3333333333333333,0.5,7,1.0,D,2.72,3.04,2.72
3102,2021,2021-06-28,Santos,Atletico-MG,1534.5753059052743,1556.787639747167,-22.212333841892814,1.6,2.0,1.4,0.8,1.0,0.6,2.2,2.0,3.0,4.0,1.3333333333333333,1.6666666666666667,7,3.0,H,2.86,3.13,2.53
3103,2021,2021-06-28,Sport Recife,Cuiaba,1451.793693623213,1495.210079119172,-43.41638549595905,0.6,0.75,0.4,1.0,1.0,1.25,0.8,0.6666666666666666,4.0,5.0,0.6666666666666666,0.75,7,,D,2.33,2.92,3.45
3104,2021,2021-06-29,Atletico GO,Bragantino,1530.0968298243845,1576.6563603911943,-46.559530566809826,2.0,2.2,1.0,0.4,2.6,1.8,2.2,2.2,6.0,6.0,2.0,2.3333333333333335,6,3.0,A,3.33,3.21,2.21
3105,2021,2021-06-30,Fluminense,Athletico-PR,1560.7923469482791,1563.3747161053725,-2.5823691570933534,1.2,2.0,1.0,1.0,1.8,1.0,2.2,1.4,3.0,2.0,1.4285714285714286,2.1666666666666665,8,1.6,A,2.44,2.9,3.22
3106,2021,2021-06-30,Fortaleza,Chapecoense-SC,1507.9139859893337,1453.7358765240942,54.17810946523946,1.2,0.8,0.6,0.6,1.0,1.2,2.0,0.8,2.0,2.0,1.7142857142857142,0.5714285714285714,8,3.0,H,1.5,3.99,6.78
3107,2021,2021-06-30,Bahia,America MG,1506.402316948565,1446.8845648711606,59.51775207740434,1.4,0.6,1.2,1.2,0.6,1.2,2.0,0.0,2.0,2.0,1.5714285714285714,0.42857142857142855,8,3.0,A,2.12,3.11,3.69
3108,2021,2021-06-30,Internacional,Palmeiras,1564.3516104678754,1563.0891263205156,1.262484147359828,1.6,2.0,1.0,0.8,2.0,1.4,0.6,0.8,2.0,2.0,1.2857142857142858,1.8571428571428572,8,1.6,A,2.58,3.1,2.84
3109,2021,2021-07-01,Santos,Sport Recife,1543.3499663726016,1451.173265179009,92.17670119359263,1.6,0.8,1.2,0.6,0.4,0.8,2.2,0.2,3.0,3.0,1.5714285714285714,0.7142857142857143,8,2.0,D,1.67,3.36,5.89
3110,2021,2021-07-01,Corinthians,Sao Paulo,1519.5500772297517,1528.5887242264732,-9.038646996721582,1.2,0.6,1.0,1.0,0.8,1.4,1.0,0.2,4.0,3.0,1.2857142857142858,0.5714285714285714,8,2.2,D,3.12,2.83,2.57
3111,2021,2021-07-01,Juventude,Gremio,1503.8608107653647,1521.3381618465048,-17.477351081140114,1.6,0.4,0.6,0.8,0.8,1.4,1.5,0.8,4.0,3.0,1.2857142857142858,0.4,8,,H,4.49,3.14,1.91
3112,2021,2021-07-01,Bragantino,Ceara,1587.1866219346534,1511.0100182339625,76.17660370069098,2.6,1.2,2.2,1.2,1.0,1.0,1.8,1.2,2.0,3.0,2.4285714285714284,1.2857142857142858,8,3.0,D,1.62,3.79,5.47
3113,2021,2021-07-01,Atletico-MG,Atletico GO,1548.0129792798398,1519.5665682809254,28.446410998914416,1.4,1.4,0.8,1.0,0.8,0.6,1.6,0.8,3.0,2.0,1.4285714285714286,1.6666666666666667,8,2.3333333333333335,H,1.75,3.36,5.17
3114,2021,2021-07-02,Cuiaba,Flamengo RJ,1495.830507563376,1601.5412105198245,-105.71070295644859,0.8,1.8,0.8,1.0,1.4,1.0,1.0,1.4,4.0,5.0,0.8,1.8,6,,A,5.95,3.76,1.59
3115,2021,2021-07-03,America MG,Santos,1460.32252395289,1539.1113428410092,-78.7888188881193,1.2,1.6,1.4,1.4,1.2,0.6,1.2,0.4,3.0,2.0,0.75,1.5,9,3.0,H,2.21,3.09,3.47
3116,2021,2021-07-03,Athletico-PR,Fortaleza,1575.1521586463907,1514.6122580929155,60.53990055347526,2.0,1.2,2.0,1.2,1.0,1.0,2.6,1.0,3.0,3.0,2.2857142857142856,1.875,8,3.0,H,2.09,3.09,3.84
3117,2021,2021-07-04,Corinthians,Internacional,1517.9531659869958,1552.4672150964254,-34.51404910942961,1.2,1.0,0.8,0.8,1.0,1.2,1.0,1.4,3.0,4.0,1.25,1.125,9,2.2,D,2.44,2.93,3.22
3118,2021,2021-07-04,Chapecoense-SC,Bahia,1447.0376044205125,1492.9643578668356,-45.92675344632312,0.6,1.4,1.4,1.8,1.8,1.8,0.8,1.6,4.0,4.0,0.5,1.375,9,1.5,A,3.17,3.2,2.3
3119,2021,2021-07-04,Flamengo RJ,Fluminense,1610.374795686176,1549.014904407261,61.35989127891503,1.8,1.0,1.6,1.0,0.8,1.4,2.4,0.8,2.0,4.0,2.0,1.25,7,1.4,A,1.75,3.44,4.96
3120,2021,2021-07-04,Sport Recife,Palmeiras,1455.4118887106013,1574.9735216919655,-119.56163298136426,1.0,2.4,0.4,0.6,2.2,1.4,1.0,1.2,3.0,4.0,0.75,2.0,9,0.2,A,4.31,3.37,1.87
3121,2021,2021-07-04,Ceara,Juventude,1514.8636151507628,1512.5014657928566,2.362149357906219,1.2,2.0,1.0,1.0,1.0,0.8,2.0,1.0,3.0,3.0,1.25,1.5,9,,H,1.89,3.21,4.54
3122,2021,2021-07-04,Cuiaba,Atletico-MG,1486.9969223970245,1555.3864071536811,-68.38948475665666,0.6,1.4,0.4,1.0,1.4,1.2,0.5,1.8,2.0,3.0,0.6666666666666666,1.625,7,,A,4.47,3.24,1.89
3123,2021,2021-07-04,Sao Paulo,Bragantino,1530.185635469229,1583.333025017853,-53.147389548624005,0.8,2.6,0.8,1.2,1.8,0.8,1.4,2.6,3.0,3.0,0.625,2.25,9,1.0,A,2.27,3.05,3.39
3124,2021,2021-07-05,Gremio,Atletico GO,1512.697506819013,1512.193140407084,0.5043664119289133,0.4,0.8,0.4,1.2,0.6,1.4,1.0,0.8,4.0,4.0,0.3333333333333333,1.4285714285714286,7,2.3333333333333335,A,1.53,3.96,6.41
3125,2021,2021-07-06,Santos,Athletico-PR,1528.714676970432,1581.6882833455616,-52.97360637512952,1.6,2.0,1.2,0.8,2.2,1.4,2.2,1.8,3.0,3.0,1.3333333333333333,2.375,10,2.6,H,2.62,3.0,2.85
3126,2021,2021-07-07,Bahia,Juventude,1503.5127792157546,1504.416369868529,-0.9035906527744828,1.4,2.0,1.8,1.6,1.0,0.6,1.4,0.75,3.0,3.0,1.5555555555555556,1.3333333333333333,10,,H,1.74,3.42,5.05
3127,2021,2021-07-07,Bragantino,Cuiaba,1593.6740382891041,1477.0944765155891,116.57956177351502,2.6,0.6,1.8,0.8,0.4,1.0,1.8,0.75,3.0,3.0,2.3333333333333335,0.5714285714285714,10,,D,1.62,3.63,5.84
3128,2021,2021-07-07,Fortaleza,America MG,1508.0761333937446,1470.719189823467,37.35694357027751,1.0,1.6,1.2,1.4,1.8,1.4,2.0,0.6,4.0,4.0,1.6666666666666667,1.0,10,,H,1.83,3.35,4.54
3129,2021,2021-07-07,Atletico-MG,Flamengo RJ,1565.2888530351165,1596.8901679366895,-31.601314901573005,1.4,1.2,1.4,1.2,1.2,1.2,2.0,1.4,3.0,3.0,1.7777777777777777,1.7142857142857142,10,2.0,H,2.98,3.15,2.43
3130,2021,2021-07-07,Palmeiras,Gremio,1583.4158953176466,1500.8341656237267,82.5817296939199,2.4,0.4,1.8,1.4,0.4,1.2,2.2,0.6,3.0,2.0,2.111111111111111,0.2857142857142857,10,2.0,H,1.99,3.33,3.87
3131,2021,2021-07-07,Atletico GO,Sport Recife,1524.0564816023702,1446.9695150849202,77.08696651745004,1.2,0.4,0.8,1.4,0.2,0.8,2.0,0.4,2.0,3.0,1.625,0.6666666666666666,9,1.3333333333333333,D,1.92,3.1,4.59
3132,2021,2021-07-08,Fluminense,Ceara,1562.4995321567474,1522.9487110750904,39.55082108165698,1.0,1.8,0.8,1.4,1.2,0.6,2.0,1.2,4.0,4.0,1.4444444444444444,1.4444444444444444,10,1.0,D,2.24,2.95,3.57
3133,2021,2021-07-08,Internacional,Sao Paulo,1553.342426279979,1519.844622197978,33.49780408200104,1.2,0.6,1.2,1.2,0.8,1.4,0.6,0.4,4.0,4.0,1.1111111111111112,0.5555555555555556,10,1.8,A,2.78,3.0,2.7
3134,2021,2021-07-09,Chapecoense-SC,Corinthians,1436.4891830715935,1517.0779548034423,-80.58877173184874,0.4,1.4,1.2,2.0,0.8,0.6,0.8,1.4,5.0,5.0,0.4444444444444444,1.2222222222222223,10,0.6,A,4.23,3.1,1.98
3135,2021,2021-07-10,Gremio,Internacional,1494.843615005562,1540.5810181223892,-45.73740311682718,0.4,1.0,0.4,1.4,1.0,1.4,1.0,1.6,3.0,2.0,0.25,1.0,9,1.8,D,2.32,3.03,3.34
3136,2021,2021-07-10,Palmeiras,Santos,1589.4064459358112,1538.3686677196965,51.0377782161147,2.4,1.6,1.8,1.2,1.2,1.0,2.6,0.2,3.0,4.0,2.2,1.5,11,2.0,H,1.53,4.0,6.46
3137,2021,2021-07-10,Athletico-PR,Bragantino,1572.034292596297,1588.87678074603,-16.842488149732844,1.4,2.2,2.0,1.6,1.4,0.6,2.6,3.0,4.0,3.0,2.111111111111111,2.2,10,1.0,D,2.55,3.18,2.83
3138,2021,2021-07-10,America MG,Atletico-MG,1463.582885116723,1574.3305117383688,-110.74762662164585,1.6,1.8,1.6,1.8,1.6,1.2,1.2,1.8,3.0,3.0,0.9,1.9,11,0.0,A,4.01,3.23,1.99
3139,2021,2021-07-10,Sao Paulo,Bahia,1532.6060303555678,1511.6885846090852,20.9174457464826,1.2,1.8,1.2,1.0,2.0,1.6,1.2,2.0,2.0,3.0,0.8,1.7,11,1.8,H,1.9,3.31,4.28
3140,2021,2021-07-10,Sport Recife,Fluminense,1450.8454006897161,1559.5779757442044,-108.73257505448828,0.6,1.0,0.4,0.8,0.6,1.2,0.8,1.2,3.0,2.0,0.7,1.4,11,2.0,A,2.75,2.83,2.9
3141,2021,2021-07-11,Juventude,Atletico GO,1496.2405644751984,1520.1805959975743,-23.940031522375875,1.4,1.4,0.8,0.8,0.8,1.2,1.8,1.4,4.0,4.0,1.2,1.5555555555555556,11,,D,2.55,2.85,3.15
3142,2021,2021-07-11,Cuiaba,Ceara,1481.8917340586634,1525.8702674876333,-43.97853342896997,0.6,1.8,0.6,1.2,1.0,0.4,0.3333333333333333,0.8,4.0,3.0,0.625,1.4,9,,D,2.87,2.83,2.79
3143,2021,2021-07-11,Flamengo RJ,Chapecoense-SC,1587.8485092334372,1426.9375631447663,160.91094608867093,1.2,0.2,1.0,1.0,1.0,2.0,1.8,0.6,4.0,2.0,1.5,0.4,9,2.6,H,1.2,6.41,15.15
3144,2021,2021-07-12,Fortaleza,Corinthians,1515.2124381004887,1526.6295747302695,-11.41713662978077,1.4,1.8,1.8,1.2,1.0,0.6,2.6,1.8,5.0,3.0,1.8,1.4,11,0.5,H,2.32,2.95,3.41
3145,2021,2021-07-17,Ceara,Athletico-PR,1526.474576691238,1570.6570169222102,-44.182440230972134,1.4,1.6,1.0,0.6,2.2,1.6,2.0,1.8,6.0,7.0,1.3636363636363635,2.0,12,0.6666666666666666,H,2.04,3.18,3.9
3146,2021,2021-07-17,Sao Paulo,Fortaleza,1540.1823322870252,1523.6823114834046,16.5000208036206,1.6,2.0,1.0,0.6,1.8,0.8,1.2,1.0,7.0,5.0,1.0,1.9090909090909092,12,3.0,A,2.12,3.0,3.84
3147,2021,2021-07-17,Corinthians,Atletico-MG,1518.1597013473536,1583.0213463897826,-64.86164504242902,1.2,2.4,0.6,0.6,1.6,0.8,1.0,1.8,5.0,7.0,1.2727272727272727,2.0,12,1.2,A,2.67,2.94,2.88
3148,2021,2021-07-18,Fluminense,Gremio,1568.3258568837805,1494.2897602705689,74.03609661321161,1.6,0.4,1.0,1.2,0.0,1.0,1.6,0.0,8.0,8.0,1.5454545454545454,0.3333333333333333,12,0.8,A,2.62,2.96,2.92
3149,2021,2021-07-18,Chapecoense-SC,Cuiaba,1422.655770370736,1481.2874248550586,-58.63165448432255,0.2,0.6,1.0,2.0,0.6,1.2,0.2,0.8,7.0,7.0,0.36363636363636365,0.6666666666666666,12,,A,2.54,2.91,3.06
3150,2021,2021-07-18,Atletico GO,Palmeiras,1521.3569255661632,1596.185489539495,-74.82856397333171,1.0,3.0,0.8,1.4,2.2,1.0,1.6,1.8,7.0,8.0,1.5,2.272727272727273,11,1.0,A,4.11,3.32,1.93
3151,2021,2021-07-18,Bahia,Flamengo RJ,1504.1122826776277,1592.1303020074674,-88.01801932983972,1.2,1.2,1.6,1.6,1.0,1.0,1.4,0.8,8.0,7.0,1.5454545454545454,1.6666666666666667,12,1.4,A,5.08,3.84,1.65
3152,2021,2021-07-19,Bragantino,Santos,1590.2540564201167,1531.5896241160128,58.66443230410391,1.8,1.4,1.2,0.8,1.2,1.2,1.4,0.2,9.0,9.0,2.090909090909091,1.3636363636363635,12,1.0,D,1.86,3.49,4.18
3153,2021,2021-07-19,Internacional,Juventude,1541.1348728573823,1495.0642349066095,46.070637950772834,0.6,1.4,0.6,1.2,0.8,0.8,0.4,0.6,9.0,8.0,1.0,1.1818181818181819,12,,H,1.72,3.33,5.53
3154,2021,2021-07-20,America MG,Sport Recife,1454.8920504653092,1442.09751955014,12.794530915169162,1.4,0.6,1.4,1.8,0.4,0.8,1.2,0.4,10.0,10.0,0.8181818181818182,0.6363636363636364,12,2.0,A,1.75,3.28,5.43
3155,2021,2021-07-21,Cuiaba,Atletico GO,1491.4707000484766,1511.6397389398344,-20.169038891357786,1.0,1.0,1.2,1.6,0.8,1.8,0.5,1.4,3.0,3.0,0.9,1.3636363636363635,11,,H,2.53,2.9,3.09
3156,2021,2021-07-24,Gremio,America MG,1508.0907732917992,1442.6896283033923,65.40114498840694,0.8,1.2,0.2,1.0,1.2,1.8,0.6,0.6,6.0,4.0,0.6,0.75,11,3.0,D,1.92,3.26,4.28
3157,2021,2021-07-24,Palmeiras,Fluminense,1605.9026761658238,1554.5248438625501,51.377832303273635,3.0,1.4,2.2,0.6,0.8,1.2,2.6,1.6,6.0,6.0,2.3333333333333335,1.4166666666666667,13,3.0,H,1.58,3.68,6.32
3158,2021,2021-07-25,Atletico-MG,Bahia,1593.0253285653578,1494.7738269253198,98.25150164003799,3.0,1.2,2.0,0.6,1.2,2.0,2.0,1.4,8.0,7.0,2.0833333333333335,1.4166666666666667,13,1.0,H,1.64,3.78,5.36
3159,2021,2021-07-25,Flamengo RJ,Sao Paulo,1601.4687577597754,1527.878672549595,73.5900852101804,1.8,1.4,2.0,0.8,0.8,0.6,1.8,1.0,7.0,8.0,1.8,0.9166666666666666,11,1.0,H,1.61,3.81,5.59
3160,2021,2021-07-25,Fortaleza,Bragantino,1535.985971220835,1586.8377731690853,-50.85180194825034,2.4,1.4,2.0,0.8,1.4,1.2,2.6,2.6,8.0,6.0,2.0,2.0,13,3.0,H,2.69,3.04,2.76
3161,2021,2021-07-25,Athletico-PR,Internacional,1561.2554784422052,1548.0426341365674,13.212844305637873,1.4,1.0,1.8,1.4,0.6,1.0,2.2,1.8,8.0,6.0,1.8181818181818181,1.1666666666666667,12,2.2,H,2.46,3.05,3.02
3162,2021,2021-07-25,Santos,Atletico GO,1535.0059073670443,1502.9229638291124,32.0829435379319,1.0,1.0,1.2,1.6,0.8,1.4,2.2,0.8,6.0,4.0,1.3333333333333333,1.25,13,1.3333333333333333,A,1.8,3.33,4.83
3163,2021,2021-07-26,Sport Recife,Ceara,1454.299941712057,1535.876115171243,-81.57617345918607,1.0,1.8,0.6,0.8,1.0,0.4,0.8,1.0,6.0,9.0,0.8333333333333334,1.5,13,3.0,D,3.43,2.87,2.36
3164,2021,2021-07-26,Juventude,Chapecoense-SC,1488.1564736274245,1412.472495177318,75.68397845010645,0.8,0.0,0.6,1.0,1.0,2.2,2.0,0.6,7.0,8.0,1.0833333333333333,0.3333333333333333,13,,H,2.2,2.92,3.78
3165,2021,2021-07-27,Cuiaba,Corinthians,1500.1874751591986,1508.1557191717784,-7.968244012579817,1.6,1.0,1.6,1.4,0.6,0.8,1.0,1.2,6.0,10.0,1.0909090909090908,1.1666666666666667,12,,A,3.09,2.77,2.65
3166,2021,2021-07-31,Sao Paulo,Palmeiras,1521.668697661201,1612.672950408045,-91.00425274684403,1.2,3.0,1.0,1.6,2.0,0.4,1.0,2.4,6.0,7.0,0.8461538461538461,2.3846153846153846,14,1.6,D,2.86,2.93,2.69
3167,2021,2021-08-01,Internacional,Cuiaba,1540.2565092619652,1488.5605557604476,51.69595350151758,1.0,1.6,0.6,1.0,1.8,1.6,0.8,1.4,7.0,5.0,1.0769230769230769,1.0,14,,D,1.7,3.35,5.66
3168,2021,2021-08-01,Bragantino,Gremio,1577.244766100797,1504.5043699163568,72.74039618444021,1.2,1.0,1.4,1.4,0.4,0.8,1.4,0.6,7.0,8.0,1.8461538461538463,0.6363636363636364,14,3.0,H,2.02,3.24,3.88
3169,2021,2021-08-01,Atletico-MG,Athletico-PR,1598.644340660376,1569.0416033168074,29.602737343568606,3.0,1.4,1.8,0.4,1.4,1.4,2.6,1.2,7.0,7.0,2.1538461538461537,1.9166666666666667,14,1.2,H,1.68,3.57,5.39
3170,2021,2021-08-01,Corinthians,Flamengo RJ,1519.7826385705293,1607.6787326481694,-87.8960940776401,1.4,1.8,1.0,1.0,2.6,1.0,1.0,1.2,5.0,7.0,1.3076923076923077,1.9090909090909092,14,1.0,A,4.87,3.67,1.71
3171,2021,2021-08-01,Bahia,Sport Recife,1489.1548148303016,1454.7766806650732,34.3781341652284,1.2,1.0,0.6,1.8,0.6,0.8,1.4,1.0,7.0,6.0,1.3076923076923077,0.8461538461538461,14,1.8,A,1.85,3.32,4.53
3172,2021,2021-08-01,Chapecoense-SC,Santos,1406.3140122028037,1522.2821590323233,-115.96814682951958,0.0,0.8,0.6,1.8,1.2,1.8,0.2,0.4,6.0,7.0,0.3076923076923077,1.2307692307692308,14,1.4,A,3.55,3.23,2.12
3173,2021,2021-08-02,Atletico GO,America MG,1515.6467121638334,1446.2760316788347,69.37068048499873,1.0,0.8,0.8,1.4,0.6,1.4,1.0,0.8,8.0,9.0,1.3846153846153846,0.7692307692307693,14,,D,2.5,2.99,3.05
3174,2021,2021-08-02,Ceara,Fortaleza,1535.399376218227,1545.5789782891231,-10.17960207089618,1.8,2.4,1.0,0.4,1.6,0.4,2.0,1.0,7.0,8.0,1.4615384615384615,2.076923076923077,14,3.0,H,3.28,2.85,2.45
3175,2021,2021-08-06,Sport Recife,Bragantino,1467.5614782313144,1583.4757034601873,-115.91422522887297,1.6,1.2,0.8,0.6,1.2,1.2,1.0,2.0,5.0,5.0,1.0,1.9285714285714286,15,1.0,D,3.45,2.93,2.33
3176,2021,2021-08-07,Athletico-PR,Sao Paulo,1561.699133945039,1522.4157657253863,39.28336821965263,0.8,1.4,1.0,1.6,0.8,1.2,2.2,1.0,6.0,7.0,1.7692307692307692,0.8571428571428571,14,1.4,A,2.82,2.97,2.69
3177,2021,2021-08-08,Cuiaba,Bahia,1491.798480253825,1476.3700172640604,15.428462989764512,1.6,0.6,1.6,1.4,0.2,2.0,0.8,1.2,7.0,7.0,1.0,1.2142857142857142,14,,D,2.45,3.0,3.11
3178,2021,2021-08-08,Palmeiras,Fortaleza,1611.9258823438595,1537.143870973201,74.78201137065844,2.6,2.4,1.8,0.4,1.6,0.6,3.0,0.8,8.0,6.0,2.2857142857142856,1.9285714285714286,15,3.0,A,1.72,3.45,5.23
3179,2021,2021-08-08,America MG,Fluminense,1449.9615814224617,1547.754569620329,-97.79298819786732,0.4,1.4,0.4,1.6,0.6,0.6,1.0,1.4,6.0,15.0,0.7857142857142857,1.3076923076923077,15,0.5,H,2.86,2.89,2.71
3180,2021,2021-08-08,Juventude,Atletico-MG,1494.3149566019388,1605.9868100321444,-111.6718534302056,0.8,3.0,0.4,1.0,2.0,0.4,2.6,1.8,13.0,7.0,1.2307692307692308,2.2142857142857144,14,,A,4.11,2.99,2.06
3181,2021,2021-08-08,Santos,Corinthians,1530.8256113500256,1510.4406888044855,20.38492254554012,1.4,1.2,1.4,1.4,1.0,1.4,2.0,1.6,7.0,7.0,1.3571428571428572,1.2142857142857142,15,3.0,D,2.67,2.91,2.91
3182,2021,2021-08-08,Ceara,Atletico GO,1543.834483534149,1511.9611624202064,31.873321113942666,1.8,1.0,1.2,0.6,0.8,1.4,2.6,1.4,6.0,6.0,1.5714285714285714,1.3571428571428572,15,0.0,D,1.77,3.39,4.87
3183,2021,2021-08-08,Flamengo RJ,Internacional,1617.0206824142133,1537.018584768588,80.00209764562533,2.4,1.0,3.2,1.0,0.4,0.8,1.8,1.2,7.0,7.0,2.0,1.0714285714285714,13,2.4,A,1.46,4.28,6.96
3184,2021,2021-08-10,Gremio,Chapecoense-SC,1498.2734325569666,1397.7705598851014,100.50287267186513,1.0,0.0,0.4,0.8,0.6,1.6,0.8,0.4,9.0,9.0,0.5833333333333334,0.2857142857142857,13,1.4,H,1.47,3.92,7.78
3185,2021,2021-08-14,Bragantino,Juventude,1582.0206748747223,1485.6502582477958,96.3704166269265,1.2,0.8,1.0,1.0,0.6,1.0,1.8,0.4,8.0,6.0,1.8666666666666667,1.1428571428571428,16,,A,1.9,3.17,4.44
3186,2021,2021-08-14,Atletico-MG,Palmeiras,1614.6515083862873,1598.106516973405,16.544991412882382,3.0,2.0,2.0,0.4,1.8,1.0,2.6,2.0,6.0,6.0,2.2666666666666666,2.1333333333333333,16,1.2,H,2.06,3.22,3.69
3187,2021,2021-08-15,Sao Paulo,Gremio,1535.3302796979865,1503.8402309789728,31.490048719013657,1.4,1.6,0.8,1.4,0.8,0.6,1.0,0.6,8.0,5.0,1.0,0.7692307692307693,16,1.0,H,2.36,2.87,3.39
3188,2021,2021-08-15,Corinthians,Ceara,1512.8499546436772,1541.1163219276614,-28.26636728398421,0.8,1.8,0.8,1.4,1.2,0.6,1.0,1.0,7.0,7.0,1.2,1.5333333333333334,16,1.6666666666666667,H,2.24,2.9,3.6
3189,2021,2021-08-15,Flamengo RJ,Sport Recife,1603.073729872695,1469.0165068167794,134.05722305591553,2.4,1.6,3.0,1.4,0.6,0.4,1.8,1.6,7.0,9.0,1.8461538461538463,1.0,14,2.6,H,1.3,5.3,9.16
3190,2021,2021-08-15,Bahia,Atletico GO,1478.6444511498034,1514.679324026694,-36.03487287689063,0.2,1.0,0.2,2.2,0.6,1.2,1.2,1.6,7.0,7.0,1.2,1.3333333333333333,16,1.3333333333333333,A,2.04,3.21,3.77
3191,2021,2021-08-15,Cuiaba,Athletico-PR,1489.5240463680818,1548.7846199724388,-59.26057360435698,1.6,0.8,1.4,1.2,1.0,1.6,1.0,0.6,7.0,8.0,1.0,1.6428571428571428,15,,H,2.18,3.03,3.57
3192,2021,2021-08-15,Fortaleza,Santos,1550.9632363436556,1528.416345510834,22.546890832821646,2.4,1.0,1.4,1.0,1.0,1.2,2.6,1.0,7.0,7.0,2.0,1.3333333333333333,16,3.0,D,1.8,3.45,4.53
3193,2021,2021-08-16,Internacional,Fluminense,1550.9655373101064,1536.8135044394883,14.152032870618086,1.6,0.8,1.2,0.4,0.4,0.8,1.0,1.2,8.0,8.0,1.2,1.2142857142857142,16,2.0,H,1.93,3.15,4.35
3194,2021,2021-08-17,Chapecoense-SC,America MG,1392.2037614630951,1460.9026466033024,-68.69888514020727,0.0,1.0,0.8,1.8,0.6,0.8,0.0,1.0,7.0,9.0,0.26666666666666666,0.9333333333333333,16,3.0,D,3.49,3.17,2.14
3195,2021,2021-08-18,Cuiaba,Gremio,1499.3588674223006,1496.5481731081084,2.810694314192233,1.6,1.4,1.0,0.8,1.0,1.0,1.6,0.6,3.0,3.0,1.1333333333333333,0.7142857142857143,16,,A,3.31,3.0,2.32
3196,2021,2021-08-21,Atletico GO,Chapecoense-SC,1525.511081311185,1392.3102199133405,133.20086139784462,1.6,0.2,1.0,0.8,0.8,1.6,1.0,0.2,6.0,4.0,1.4375,0.3125,17,1.0,D,1.84,3.26,4.67
3197,2021,2021-08-21,Gremio,Bahia,1508.4755108674308,1467.8126938653124,40.662817002118345,1.4,0.2,1.0,1.0,0.4,2.4,1.2,0.8,3.0,6.0,0.8666666666666667,1.125,16,2.0,H,1.92,3.29,4.14
3198,2021,2021-08-22,Juventude,Fortaleza,1499.9873920823877,1548.495444525434,-48.50805244304638,1.4,2.0,1.0,1.0,1.4,1.2,2.0,1.4,8.0,7.0,1.2666666666666666,1.9375,16,,D,3.75,2.96,2.17
3199,2021,2021-08-22,Palmeiras,Cuiaba,1590.4114023428406,1487.4315296629782,102.97987267986241,1.4,1.0,1.2,1.0,0.6,0.8,2.4,1.4,8.0,4.0,2.0,1.0625,17,,A,1.45,4.1,7.58
3200,2021,2021-08-22,Athletico-PR,Corinthians,1538.94979891822,1521.796597726971,17.15320119124908,0.6,1.4,0.6,1.4,1.4,1.4,1.6,1.6,7.0,7.0,1.5333333333333334,1.3125,16,1.2,A,2.47,2.98,3.09
3201,2021,2021-08-22,Ceara,Flamengo RJ,1532.1696788443676,1607.8986314519002,-75.72895260753262,1.6,2.4,1.0,0.8,3.0,1.2,2.2,1.8,7.0,7.0,1.4375,1.9285714285714286,17,1.0,D,4.3,3.56,1.81
3202,2021,2021-08-22,Santos,Internacional,1530.8841373290554,1558.7259705077392,-27.841833178683828,1.2,2.0,0.8,0.8,2.0,0.8,1.6,1.2,7.0,6.0,1.3125,1.3125,17,1.4,D,3.39,3.11,2.24
3203,2021,2021-08-23,Sport Recife,Sao Paulo,1464.191605237574,1542.622337568851,-78.43073233127689,1.6,1.4,0.4,0.4,1.0,1.6,0.6,1.6,8.0,8.0,0.9375,1.125,17,1.0,A,4.59,3.16,1.88
3204,2021,2021-08-24,America MG,Bragantino,1460.796188153057,1567.6835410401304,-106.88735288707335,1.2,1.0,0.8,0.8,0.8,1.0,1.4,1.6,7.0,10.0,0.9375,1.75,17,,A,3.02,3.19,2.38
3205,2021,2021-08-24,Fluminense,Atletico-MG,1529.0530712418554,1622.3466230168517,-93.29355177499633,0.6,3.0,0.8,1.6,2.2,0.4,1.0,2.4,8.0,10.0,1.1333333333333333,2.3125,16,2.2,D,4.21,3.19,1.96
3206,2021,2021-08-28,Sport Recife,Chapecoense-SC,1454.5779803482185,1397.4672484098085,57.11073193841003,1.0,0.4,0.2,0.6,0.6,1.2,0.4,0.2,5.0,7.0,0.8823529411764706,0.35294117647058826,18,2.6,D,1.98,3.14,4.19
3207,2021,2021-08-28,Santos,Flamengo RJ,1529.8186984777064,1607.5899254937353,-77.77122701602889,1.2,2.0,0.8,0.8,2.2,1.4,1.2,2.0,6.0,6.0,1.2941176470588236,1.8666666666666667,18,1.6,A,5.79,4.45,1.5
3208,2021,2021-08-29,Gremio,Corinthians,1515.524707940626,1534.1180520898447,-18.593344149218638,1.8,2.0,1.2,0.8,1.4,1.0,1.6,2.0,8.0,7.0,1.0,1.411764705882353,17,1.6,A,2.23,2.9,3.67
3209,2021,2021-08-29,Palmeiras,Athletico-PR,1575.921099979425,1526.6283445553463,49.29275542407868,0.8,0.6,0.6,1.4,0.6,1.4,1.8,0.6,7.0,7.0,1.8823529411764706,1.4375,18,2.4,H,1.64,3.83,5.27
3210,2021,2021-08-29,America MG,Ceara,1451.9959956109149,1532.4783848025324,-80.48238919161759,1.2,1.2,0.8,1.0,1.0,1.0,1.2,0.8,5.0,7.0,0.8823529411764706,1.411764705882353,18,1.0,H,2.52,2.92,3.07
3211,2021,2021-08-29,Juventude,Sao Paulo,1499.513071863855,1552.2359624582066,-52.72289059435161,1.4,2.0,1.0,1.0,1.2,1.4,1.6,2.0,7.0,6.0,1.25,1.2352941176470589,17,,D,4.39,2.97,2.01
3212,2021,2021-08-29,Atletico GO,Internacional,1520.354052814717,1559.7914093590882,-39.43735654437114,1.8,1.6,1.0,0.6,2.2,1.2,0.6,1.2,8.0,7.0,1.411764705882353,1.2941176470588236,18,2.0,D,3.68,3.27,2.06
3213,2021,2021-08-30,Bragantino,Atletico-MG,1576.4837335822726,1621.53406456212,-45.05033097984733,1.4,2.6,0.8,0.6,2.0,0.4,1.2,2.6,6.0,6.0,1.8235294117647058,2.235294117647059,18,1.0,D,3.59,3.29,2.09
3214,2021,2021-08-30,Fluminense,Bahia,1529.8656296965871,1460.7634967921172,69.10213290446995,0.2,0.2,0.6,1.6,0.4,1.8,0.6,0.8,6.0,9.0,1.125,1.0588235294117647,17,1.8,H,2.1,3.14,3.71
3215,2021,2021-08-31,Fortaleza,Cuiaba,1548.9697647439668,1501.9218320263938,47.047932717573076,1.6,1.6,1.4,1.4,0.8,0.4,2.6,1.8,9.0,9.0,1.8823529411764706,1.1764705882352942,18,,D,1.61,3.61,6.12
3216,2021,2021-09-02,Fluminense,Juventude,1536.186761367054,1499.1598552534704,37.026906113583664,0.8,1.6,1.0,1.4,1.2,1.0,1.0,0.8,3.0,4.0,1.2352941176470589,1.2352941176470589,18,,D,1.87,3.08,4.9
3217,2021,2021-09-05,Bahia,Fortaleza,1454.4423651216503,1545.8521090530949,-91.40974393144461,0.2,1.2,0.4,1.6,1.2,1.4,0.6,1.4,6.0,5.0,1.0,1.8333333333333333,19,2.0,H,2.94,3.1,2.5
3218,2021,2021-09-05,Cuiaba,Santos,1505.0394877172657,1520.1861184696131,-15.146630752347392,1.6,1.2,0.8,0.4,0.8,1.4,1.4,1.0,5.0,8.0,1.1666666666666667,1.2222222222222223,19,,H,2.6,2.96,2.92
3219,2021,2021-09-05,Athletico-PR,Sport Recife,1519.8042133019792,1451.2012572007034,68.60295610127582,0.0,1.0,0.4,1.6,0.2,0.6,1.4,1.6,7.0,8.0,1.3529411764705883,0.8888888888888888,18,2.6,D,1.65,3.52,5.71
3220,2021,2021-09-08,Chapecoense-SC,Fluminense,1400.8439715573236,1533.331788676452,-132.48781711912852,0.6,1.0,0.6,1.0,1.2,1.4,0.2,1.2,11.0,6.0,0.3888888888888889,1.2222222222222223,19,1.6,A,4.16,3.08,2.0
3221,2021,2021-09-08,Corinthians,Juventude,1545.445856071771,1502.0148279440723,43.43102812769871,2.0,1.2,1.2,0.8,1.2,1.2,1.0,0.8,10.0,6.0,1.5,1.2222222222222223,19,,D,1.63,3.29,6.94
3222,2021,2021-09-11,America MG,Athletico-PR,1462.4413198624472,1516.1377744941076,-53.696454631660345,1.6,0.2,1.0,0.8,0.4,1.2,1.2,0.0,13.0,6.0,1.0,1.3333333333333333,19,3.0,H,2.41,3.09,3.07
3223,2021,2021-09-11,Juventude,Cuiaba,1505.038196711884,1513.614359777168,-8.576163065283936,1.4,2.0,1.2,1.0,1.0,0.4,1.2,1.8,3.0,6.0,1.2105263157894737,1.263157894736842,20,,A,2.41,2.8,3.45
3224,2021,2021-09-11,Bragantino,Chapecoense-SC,1575.9101661687325,1392.7623597698785,183.14780639885407,1.6,0.6,1.0,0.6,0.8,1.2,1.2,0.4,12.0,3.0,1.7777777777777777,0.3684210526315789,19,,A,1.58,3.85,5.94
3225,2021,2021-09-12,Santos,Bahia,1511.611246409711,1465.2010380062472,46.410208403463685,0.6,0.8,0.8,1.8,1.2,1.8,1.0,0.2,7.0,7.0,1.1578947368421053,1.105263157894737,20,3.0,D,2.27,3.2,3.22
3226,2021,2021-09-12,Gremio,Ceara,1504.1969039586997,1522.033060551,-17.836156592300313,1.8,1.0,1.2,0.8,1.0,1.4,1.6,0.6,14.0,14.0,0.9411764705882353,1.3333333333333333,18,3.0,H,2.11,3.07,3.77
3227,2021,2021-09-12,Fortaleza,Atletico-MG,1535.0934361684979,1622.10763197566,-87.0141958071622,1.2,2.2,1.4,1.6,1.6,0.6,2.2,2.2,7.0,13.0,1.736842105263158,2.1666666666666665,20,2.0,A,3.23,3.05,2.36
3228,2021,2021-09-12,Palmeiras,Flamengo RJ,1582.745231232792,1617.2225055018287,-34.47727426903657,0.8,2.0,0.8,1.6,2.0,1.2,1.8,2.0,14.0,15.0,1.9444444444444444,1.9375,19,1.2,A,2.32,3.42,2.94
3229,2021,2021-09-12,Atletico GO,Corinthians,1519.619625542317,1542.4224873039593,-22.80286176164236,1.4,2.2,0.8,0.6,1.2,0.4,0.8,2.0,14.0,4.0,1.3888888888888888,1.4736842105263157,19,0.3333333333333333,D,3.06,2.75,2.68
3230,2021,2021-09-13,Fluminense,Sao Paulo,1541.4134004638972,1552.5891790685912,-11.17577860469396,1.6,2.2,1.6,1.4,1.2,0.6,1.2,2.0,5.0,15.0,1.3157894736842106,1.2222222222222223,20,0.8,H,3.21,2.91,2.44
3231,2021,2021-09-14,Sport Recife,Internacional,1454.867696008575,1560.5258366314883,-105.65814062291338,0.6,1.8,0.0,0.6,2.0,0.8,0.6,1.2,9.0,16.0,0.8947368421052632,1.2777777777777777,20,1.6,A,3.69,3.02,2.16
3232,2021,2021-09-18,Chapecoense-SC,Palmeiras,1408.895564856449,1571.8689697017664,-162.97340484531742,1.2,0.6,1.0,1.0,1.0,2.2,0.2,2.0,7.0,6.0,0.5,1.8421052631578947,21,1.4,A,5.84,3.88,1.57
3233,2021,2021-09-18,Athletico-PR,Juventude,1506.4630019420758,1493.4283163323928,13.034685609683038,0.2,0.8,0.2,1.2,1.0,1.2,1.0,1.0,7.0,7.0,1.263157894736842,1.15,20,,H,2.07,3.03,3.96
3234,2021,2021-09-18,Atletico-MG,Sport Recife,1631.474859065865,1446.032618533223,185.44224053264202,2.2,0.4,1.6,0.6,0.0,0.8,3.0,1.6,6.0,4.0,2.210526315789474,0.85,20,2.2,H,1.25,5.38,12.78
3235,2021,2021-09-19,Bahia,Bragantino,1468.302113128934,1559.776961082162,-91.47484795322794,0.8,1.0,1.0,1.6,1.0,1.0,1.2,1.6,7.0,8.0,1.1,1.6842105263157894,21,3.0,D,2.33,3.2,3.11
3236,2021,2021-09-19,Ceara,Santos,1513.382267680079,1508.5101712870241,4.87209639305479,0.4,0.6,0.4,1.6,0.8,1.8,2.2,1.0,7.0,7.0,1.263157894736842,1.15,20,0.3333333333333333,D,2.3,2.99,3.41
3237,2021,2021-09-19,Internacional,Fortaleza,1569.3609141068403,1525.7262090782929,43.63470502854739,2.2,0.6,2.2,0.8,0.8,1.6,1.4,1.4,5.0,7.0,1.368421052631579,1.65,20,2.0,H,2.0,3.34,3.78
3238,2021,2021-09-19,Sao Paulo,Atletico GO,1544.1260891603645,1518.4110310417518,25.71505811861266,2.0,1.4,1.4,1.0,0.8,0.6,1.4,1.6,6.0,7.0,1.1578947368421053,1.368421052631579,20,2.3333333333333335,H,1.57,3.83,6.24
3239,2021,2021-09-19,Corinthians,America MG,1543.6310818045245,1472.116092414479,71.51498939004546,2.2,2.0,1.4,0.6,1.2,0.6,1.0,1.2,7.0,8.0,1.45,1.105263157894737,21,3.0,D,2.0,3.13,4.09
3240,2021,2021-09-20,Flamengo RJ,Gremio,1628.0987670328543,1512.8476968296209,115.25107020323344,2.0,1.8,2.0,1.2,1.2,0.6,1.8,1.2,8.0,8.0,2.0,1.0555555555555556,18,2.0,A,1.46,4.33,6.88
3241,2021,2021-09-21,Cuiaba,Fluminense,1525.224240156659,1549.876490372124,-24.652250215464846,2.0,2.2,1.2,0.6,1.6,0.8,1.4,1.2,10.0,8.0,1.35,1.4,21,,D,3.36,2.8,2.45
3242,2021,2021-09-23,Sao Paulo,America MG,1551.5728580868058,1475.854855262414,75.71800282439176,2.0,1.6,1.4,1.0,1.2,0.8,2.0,0.8,4.0,4.0,1.25,1.1,21,2.0,D,2.02,3.26,3.81
3243,2021,2021-09-25,Ceara,Chapecoense-SC,1511.3978678829135,1401.6430247179217,109.75484316499183,0.4,1.0,0.4,1.6,0.8,1.2,1.8,1.0,6.0,7.0,1.25,0.47619047619047616,21,3.0,H,1.79,3.37,4.88
3244,2021,2021-09-25,Corinthians,Palmeiras,1539.8923189565894,1579.1215098402938,-39.229190883704405,1.8,1.2,1.0,0.6,1.0,1.6,1.0,2.0,6.0,7.0,1.4285714285714286,1.9,22,1.4,H,3.15,2.94,2.48
3245,2021,2021-09-26,Sao Paulo,Atletico-MG,1547.730506310324,1635.300623052638,-87.57011674231399,1.6,2.2,1.0,0.8,1.8,0.4,1.6,2.2,3.0,8.0,1.2380952380952381,2.25,22,1.4,D,3.38,3.05,2.29
3246,2021,2021-09-26,America MG,Flamengo RJ,1479.6972070388958,1613.3310007489843,-133.6337937100884,1.6,2.0,1.0,0.6,2.0,0.6,1.8,2.6,3.0,6.0,1.0952380952380953,1.8888888888888888,22,0.5,D,3.74,3.39,2.0
3247,2021,2021-09-26,Fluminense,Bragantino,1551.0325994506059,1559.0164251652554,-7.9838257146495835,2.2,1.0,1.8,1.0,1.2,1.2,1.6,1.2,5.0,7.0,1.380952380952381,1.65,22,1.0,H,1.74,3.45,5.07
3248,2021,2021-09-26,Internacional,Bahia,1576.3322198490828,1469.0626490458405,107.26957080324223,2.2,1.0,1.6,0.8,1.0,1.4,2.0,0.4,7.0,7.0,1.45,1.0952380952380953,21,2.0,H,1.74,3.59,4.77
3249,2021,2021-09-26,Juventude,Santos,1485.6373144119864,1510.4945710841896,-24.85725667220322,0.6,0.6,1.0,1.4,0.6,1.6,1.0,1.2,8.0,7.0,1.0952380952380953,1.1428571428571428,22,,H,2.91,2.9,2.66
3250,2021,2021-09-26,Athletico-PR,Gremio,1514.2540038624823,1527.615463113491,-13.361459251008682,0.8,2.4,0.6,1.2,1.2,0.2,1.4,1.8,8.0,6.0,1.35,1.1578947368421053,21,1.8,H,3.05,2.94,2.52
3251,2021,2021-09-26,Sport Recife,Fortaleza,1442.2068545464501,1518.7549033360503,-76.54804878960022,0.4,0.4,0.0,1.0,0.6,1.6,0.6,0.8,8.0,7.0,0.8095238095238095,1.5714285714285714,22,3.0,A,3.9,3.1,2.07
3252,2021,2021-09-27,Atletico GO,Cuiaba,1510.9642621153105,1524.0681310781772,-13.103868962866727,1.2,2.2,1.0,1.0,1.6,0.8,0.8,2.2,8.0,6.0,1.3,1.3333333333333333,21,,D,2.36,2.85,3.48
3253,2021,2021-10-02,Cuiaba,America MG,1525.5508114132451,1481.647345027735,43.90346638551023,1.8,1.8,1.2,0.8,1.2,0.4,1.6,1.0,5.0,6.0,1.3181818181818181,1.0909090909090908,23,,A,2.88,2.91,2.7
3254,2021,2021-10-02,Fortaleza,Atletico GO,1528.422646119608,1509.4815817802425,18.94106433936554,0.8,0.8,0.6,1.4,0.6,0.8,1.6,1.4,6.0,5.0,1.6363636363636365,1.2857142857142858,23,1.0,A,1.61,3.74,5.8
3255,2021,2021-10-02,Bragantino,Corinthians,1550.6429079539846,1549.151932774874,1.4909751791105919,1.0,1.8,1.2,1.2,1.2,0.8,1.0,2.2,6.0,7.0,1.5714285714285714,1.5,22,1.0,D,2.88,2.97,2.65
3256,2021,2021-10-03,Atletico-MG,Internacional,1634.6519151461166,1581.7438929947887,52.90802215132794,1.8,2.2,1.4,0.4,1.2,0.4,3.0,1.6,7.0,7.0,2.1904761904761907,1.5238095238095237,22,1.4,H,1.58,3.89,5.93
3257,2021,2021-10-03,Chapecoense-SC,Sao Paulo,1396.2876383361943,1548.3792142168454,-152.09157588065113,0.8,1.2,0.6,1.2,0.8,0.8,0.2,1.4,8.0,7.0,0.45454545454545453,1.2272727272727273,23,1.8,D,4.29,3.3,1.9
3258,2021,2021-10-03,Flamengo RJ,Athletico-PR,1611.3808627601452,1522.7785753817493,88.60228737839589,1.6,1.4,1.8,0.8,1.4,1.4,1.8,0.0,7.0,7.0,1.8421052631578947,1.4285714285714286,20,2.4,H,1.2,6.68,12.46
3259,2021,2021-10-03,Palmeiras,Juventude,1569.8618960220092,1494.4870274239438,75.3748685980654,1.2,1.0,1.2,1.6,1.4,1.2,1.2,1.0,8.0,7.0,1.8095238095238095,1.1818181818181819,22,,D,1.41,4.31,8.17
3260,2021,2021-10-04,Gremio,Sport Recife,1519.0908915942239,1432.5391117628924,86.55177983133149,1.8,0.4,1.4,1.0,0.0,1.0,2.0,1.4,8.0,8.0,1.1,0.7727272727272727,21,0.8,A,1.43,4.11,8.09
3261,2021,2021-10-06,Corinthians,Bahia,1551.0426703320072,1463.6509759001347,87.39169443187257,1.4,1.0,1.4,1.2,1.0,1.4,1.6,0.4,4.0,10.0,1.4782608695652173,1.0454545454545454,24,2.6,H,1.63,3.53,5.91
3262,2021,2021-10-06,Atletico GO,Athletico-PR,1521.8516632680219,1516.9324357082269,4.91922755979499,1.2,1.4,1.0,0.6,1.2,1.6,1.0,0.0,4.0,3.0,1.3636363636363635,1.3636363636363635,23,0.5,A,2.65,2.88,2.89
3263,2021,2021-10-06,Ceara,Internacional,1516.7532542646409,1575.0130107491761,-58.259756484535274,1.0,2.0,0.4,1.0,0.8,0.2,1.8,1.6,11.0,3.0,1.3333333333333333,1.4545454545454546,22,1.3333333333333333,D,2.4,2.94,3.22
3264,2021,2021-10-06,Chapecoense-SC,Atletico-MG,1398.7431192574127,1641.3827973917291,-242.63967813431645,0.8,2.2,0.8,1.4,1.4,0.2,0.4,1.8,3.0,3.0,0.4782608695652174,2.227272727272727,24,1.4,D,7.05,4.15,1.45
3265,2021,2021-10-06,Sport Recife,Juventude,1446.644017646863,1498.3209578993772,-51.676940252514214,0.8,1.0,0.4,1.2,1.4,1.2,0.4,1.2,2.0,3.0,0.8695652173913043,1.173913043478261,24,,H,2.48,2.73,3.34
3266,2021,2021-10-07,Bragantino,Flamengo RJ,1548.7521703968514,1617.2270024336676,-68.47483203681622,0.6,2.0,1.2,1.6,2.2,0.6,1.0,2.2,5.0,4.0,1.5454545454545454,1.9,23,1.0,D,3.1,3.31,2.27
3267,2021,2021-10-07,America MG,Palmeiras,1494.6830636287411,1566.0279655465758,-71.3449019178347,1.8,1.4,1.2,0.4,1.4,1.4,2.0,1.4,5.0,4.0,1.173913043478261,1.7727272727272727,24,0.5,H,2.67,3.02,2.76
3268,2021,2021-10-07,Fluminense,Fortaleza,1559.4061166618767,1516.0525646318288,43.35355203004792,2.2,0.6,1.8,1.2,0.6,2.0,2.2,1.4,11.0,5.0,1.4545454545454546,1.565217391304348,23,2.0,A,2.37,3.03,3.15
3269,2021,2021-10-07,Gremio,Cuiaba,1504.9859857102533,1512.515092812239,-7.5291071019855735,1.2,1.6,1.2,1.4,1.2,1.2,1.8,1.8,3.0,5.0,1.0476190476190477,1.2608695652173914,22,,D,1.53,3.73,6.85
3270,2021,2021-10-07,Sao Paulo,Santos,1545.923733295627,1501.6448580722322,44.278875223394834,1.2,0.4,0.8,0.8,0.2,1.8,1.8,1.0,4.0,11.0,1.2173913043478262,1.0909090909090908,24,1.8,D,1.7,3.52,5.2
3271,2021,2021-10-09,Atletico-MG,Ceara,1636.6733152795941,1516.559278795827,120.11403648376722,2.2,1.0,1.6,0.4,0.2,0.8,3.0,0.4,3.0,3.0,2.1739130434782608,1.3181818181818181,24,3.0,H,1.49,3.96,7.18
3272,2021,2021-10-09,Fluminense,Atletico GO,1546.3847741384259,1509.8659603804863,36.5188137579396,2.0,1.0,1.6,1.4,1.0,1.0,2.0,2.0,2.0,3.0,1.391304347826087,1.3043478260869565,24,1.3333333333333333,D,1.92,3.12,4.52
3273,2021,2021-10-09,Sport Recife,Corinthians,1456.2607370127891,1556.9176832247374,-100.65694621194825,1.2,1.8,1.0,1.4,1.8,1.2,0.8,1.8,3.0,3.0,0.9583333333333334,1.5416666666666667,25,2.0,H,4.02,2.83,2.17
3274,2021,2021-10-09,Athletico-PR,Bahia,1528.9181385957625,1457.7759630074045,71.14217558835799,1.8,1.0,1.6,1.6,1.2,1.6,1.4,0.2,3.0,3.0,1.434782608695652,1.0,24,2.6,A,1.66,3.67,5.26
3275,2021,2021-10-09,Fortaleza,Flamengo RJ,1529.0739071552796,1617.1269920626305,-88.05308490735092,1.2,1.6,0.6,1.2,1.6,0.8,1.0,1.8,2.0,2.0,1.625,1.8571428571428572,25,0.5,A,3.0,3.11,2.46
3276,2021,2021-10-10,Juventude,America MG,1488.704238533451,1504.8656642869903,-16.161425753539334,0.8,1.8,1.4,1.6,1.2,0.6,1.0,1.4,4.0,3.0,1.125,1.25,25,,D,3.03,2.78,2.68
3277,2021,2021-10-10,Palmeiras,Bragantino,1555.8453648883267,1548.8521807678885,6.993184120438173,0.8,0.6,1.2,1.6,1.2,1.6,0.8,1.0,3.0,3.0,1.6956521739130435,1.5217391304347827,24,3.0,A,1.82,3.54,4.35
3278,2021,2021-10-10,Internacional,Chapecoense-SC,1575.20698621799,1403.4526013695477,171.75438484844244,2.0,1.0,0.8,0.2,1.0,1.4,2.6,1.0,4.0,4.0,1.434782608695652,0.5,24,2.2,H,1.4,4.55,7.82
3279,2021,2021-10-10,Santos,Gremio,1504.6903828311385,1503.346764018949,1.3436188121895611,0.6,1.4,0.4,1.2,1.6,1.6,0.6,1.2,3.0,3.0,1.0869565217391304,1.0454545454545454,24,1.6,H,2.65,3.01,2.82
3280,2021,2021-10-12,Cuiaba,Sao Paulo,1514.1543145035432,1542.8782085367206,-28.72389403317743,1.2,1.4,1.2,1.4,0.8,0.6,1.4,1.6,5.0,5.0,1.25,1.2083333333333333,25,,D,3.67,2.97,2.19
3281,2021,2021-10-12,Bragantino,Atletico GO,1560.895154643266,1512.7074953857923,48.1876592574738,1.2,1.0,1.8,1.6,0.8,0.8,0.6,1.6,2.0,3.0,1.5833333333333333,1.2916666666666667,25,3.0,H,1.74,3.46,4.87
3282,2021,2021-10-13,Bahia,Palmeiras,1471.5054916492068,1543.802391012949,-72.29689936374234,1.0,0.8,0.8,1.2,1.4,1.8,0.8,0.8,4.0,3.0,1.0833333333333333,1.625,25,0.6,D,3.07,3.24,2.31
3283,2021,2021-10-13,Atletico-MG,Santos,1641.7981223103918,1512.8037352386962,128.99438707169566,2.2,1.2,1.8,0.6,0.4,0.8,3.0,0.6,4.0,3.0,2.2083333333333335,1.1666666666666667,25,2.4,H,1.43,4.27,7.51
3284,2021,2021-10-13,Chapecoense-SC,Athletico-PR,1399.3771092480938,1515.1886099539602,-115.81150070586637,0.4,1.8,1.0,2.2,1.6,1.6,0.6,0.6,3.0,4.0,0.48,1.375,26,1.4,D,3.92,3.29,1.97
3285,2021,2021-10-13,Flamengo RJ,Juventude,1626.4644429701707,1487.3077373615035,139.15670560866715,1.6,1.0,1.6,0.6,1.4,1.4,1.8,0.6,4.0,3.0,1.9090909090909092,1.12,23,,H,1.35,4.68,8.95
3286,2021,2021-10-14,Fortaleza,Gremio,1519.7364562477394,1495.2334116113914,24.503044636348022,1.2,0.8,0.6,1.4,1.2,1.8,0.4,1.2,5.0,4.0,1.56,1.0,26,2.0,H,1.84,3.34,4.44
3287,2021,2021-10-14,Corinthians,Fluminense,1545.894981897828,1543.5432391331199,2.351742764708206,1.6,1.6,1.6,1.2,1.2,1.2,2.2,0.8,5.0,5.0,1.48,1.375,26,1.8,H,1.94,3.12,4.38
3288,2021,2021-10-14,Internacional,America MG,1579.282478339444,1506.2621654589377,73.02031288050625,2.0,1.8,1.6,0.6,1.2,0.6,2.6,1.4,4.0,4.0,1.5,1.24,25,3.0,H,1.92,3.32,4.02
3289,2021,2021-10-14,Cuiaba,Sport Recife,1513.1139819498708,1467.2834383396985,45.8305436101723,0.8,1.8,0.8,1.2,1.2,1.2,1.0,1.4,2.0,5.0,1.24,1.04,26,,H,2.11,2.92,4.03
3290,2021,2021-10-14,Sao Paulo,Ceara,1543.918541090393,1511.4344717650292,32.48406932536386,1.0,1.0,0.4,0.4,0.4,1.0,1.8,0.2,2.0,5.0,1.2,1.2608695652173914,26,2.3333333333333335,D,1.68,3.45,5.38
3291,2021,2021-10-16,Chapecoense-SC,Fortaleza,1400.8292436551606,1527.2158645452396,-126.38662089007903,0.6,1.8,1.2,2.0,0.8,1.2,0.6,1.4,3.0,2.0,0.5,1.6153846153846154,27,0.0,A,4.89,3.58,1.72
3292,2021,2021-10-17,America MG,Bahia,1500.0381381356146,1471.7154824213574,28.32265571425728,1.6,1.0,1.4,1.2,0.8,1.2,2.0,0.8,3.0,4.0,1.1923076923076923,1.08,27,3.0,D,2.01,3.26,3.8
3293,2021,2021-10-17,Athletico-PR,Fluminense,1513.7364755468934,1535.4578546644937,-21.721379117600236,1.4,1.0,1.4,1.6,0.8,1.2,1.4,0.8,4.0,3.0,1.36,1.32,26,2.4,A,2.46,2.94,3.11
3294,2021,2021-10-17,Palmeiras,Internacional,1543.5924002407985,1585.506505662767,-41.91410542196854,0.4,2.0,1.0,1.8,2.0,0.8,0.8,1.2,4.0,3.0,1.6,1.56,26,2.2,H,1.75,3.61,4.65
3295,2021,2021-10-17,Atletico GO,Atletico-MG,1505.8547362077352,1646.7305208189882,-140.87578461125304,1.0,2.2,0.6,0.6,1.8,0.8,0.8,1.4,5.0,4.0,1.24,2.24,26,0.3333333333333333,H,4.89,3.36,1.77
3296,2021,2021-10-17,Ceara,Bragantino,1514.168905537644,1567.7479138213232,-53.579008283679286,1.2,1.6,0.6,0.8,1.8,1.4,1.4,1.6,3.0,5.0,1.25,1.64,25,0.0,D,2.15,3.17,3.51
3297,2021,2021-10-17,Gremio,Juventude,1487.7540033138912,1482.589484223514,5.164519090377098,0.2,1.0,1.0,2.0,1.4,1.6,1.4,0.4,3.0,4.0,0.9583333333333334,1.0769230769230769,25,,H,1.73,3.3,5.42
3298,2021,2021-10-18,Flamengo RJ,Cuiaba,1631.1826961081601,1520.0279942593766,111.15470184878359,2.2,1.2,2.2,0.6,0.6,0.8,1.8,1.8,5.0,4.0,1.9565217391304348,1.3076923076923077,24,,D,1.26,5.62,10.94
3299,2021,2021-10-18,Sport Recife,Santos,1460.3694260301927,1507.8713367300998,-47.50191069990706,1.8,1.0,1.2,0.8,0.6,1.4,1.4,0.4,4.0,5.0,1.0,1.12,27,1.6,D,2.55,2.89,3.02
3300,2021,2021-10-19,Sao Paulo,Corinthians,1541.1841073177784,1553.9803663664543,-12.796259048675893,1.0,2.0,0.6,0.6,1.6,1.0,1.4,1.6,5.0,5.0,1.1923076923076923,1.5384615384615385,27,2.6,H,2.09,3.02,3.94
3301,2021,2021-10-20,Ceara,Palmeiras,1513.8403013248253,1552.928910961365,-39.088609636539786,1.2,1.0,1.0,1.2,1.0,1.4,1.4,0.8,3.0,3.0,1.24,1.6538461538461537,26,2.3333333333333335,A,3.05,3.13,2.39
3302,2021,2021-10-22,Internacional,Bragantino,1576.1699949422004,1568.0765180341418,8.09347690805862,1.4,1.8,1.6,1.0,2.0,1.4,3.0,1.6,5.0,5.0,1.5,1.6153846153846154,27,3.0,D,1.84,3.48,4.26
3303,2021,2021-10-23,Juventude,Ceara,1474.5819678378884,1503.0958911907444,-28.513923352855954,0.4,0.6,1.2,2.2,1.0,1.6,1.2,0.2,6.0,3.0,1.037037037037037,1.1923076923076923,28,,D,2.75,2.86,2.83
3304,2021,2021-10-23,Santos,America MG,1508.3745468347738,1497.4148825474008,10.959664287373016,1.0,1.6,0.6,1.4,1.2,1.0,1.2,1.2,5.0,6.0,1.1153846153846154,1.1851851851851851,27,1.5,A,2.37,3.03,3.18
3305,2021,2021-10-23,Fluminense,Flamengo RJ,1546.697110423097,1626.5065422992795,-79.80943187618254,1.4,2.2,0.6,0.8,2.0,0.4,1.6,2.2,6.0,5.0,1.3846153846153846,1.9166666666666667,27,0.4,H,4.69,3.28,1.83
3306,2021,2021-10-23,Fortaleza,Athletico-PR,1535.4671744190512,1502.49721978829,32.969954630761094,1.8,0.8,1.0,1.4,0.6,1.4,0.8,0.8,7.0,6.0,1.6666666666666667,1.3076923076923077,28,1.5,H,1.55,3.77,6.38
3307,2021,2021-10-24,Atletico-MG,Cuiaba,1634.5807092455723,1524.7041480682572,109.87656117731512,2.0,1.2,2.0,1.2,0.6,0.8,3.0,1.4,7.0,6.0,2.1538461538461537,1.2962962962962963,27,,H,1.27,5.28,11.18
3308,2021,2021-10-24,Internacional,Corinthians,1574.0966935988808,1545.47170465268,28.6249889462008,1.6,1.4,1.8,1.0,1.2,1.0,2.6,1.0,2.0,5.0,1.4814814814814814,1.4814814814814814,28,1.6,D,2.13,3.06,3.71
3309,2021,2021-10-24,Bragantino,Sao Paulo,1570.1498193774614,1549.6927690315526,20.457050345908783,1.8,1.4,1.8,1.2,0.8,0.6,1.2,1.2,2.0,5.0,1.5925925925925926,1.2592592592592593,28,3.0,H,2.68,3.06,2.7
3310,2021,2021-10-25,Bahia,Chapecoense-SC,1474.3387380095712,1392.577933781349,81.76080422822224,1.0,0.6,0.6,1.0,1.4,2.2,1.0,1.0,8.0,9.0,1.0769230769230769,0.48148148148148145,27,1.0,H,1.46,4.27,6.82
3311,2021,2021-10-26,Atletico GO,Gremio,1518.0045477811511,1495.7615196995168,22.243028081634293,1.4,0.8,1.0,0.8,1.2,1.6,1.2,1.2,9.0,9.0,1.3076923076923077,1.04,27,0.3333333333333333,H,2.77,3.0,2.68
3312,2021,2021-10-26,Palmeiras,Sport Recife,1563.673321095446,1459.8662159255186,103.80710516992735,1.4,2.0,1.2,1.4,1.2,0.6,1.4,0.8,6.0,8.0,1.7037037037037037,1.0,28,1.4,H,1.36,4.64,8.6
3313,2021,2021-10-27,Bahia,Ceara,1480.3491371444202,1504.142201402165,-23.793064257744845,1.6,0.6,1.2,0.6,1.0,1.6,1.6,0.4,2.0,4.0,1.1481481481481481,1.1851851851851851,28,1.0,D,2.05,3.21,3.75
3314,2021,2021-10-27,Santos,Fluminense,1496.2224327089602,1557.1231021746376,-60.90066946567731,1.0,1.4,0.6,1.2,0.8,0.8,1.0,1.4,4.0,4.0,1.0740740740740742,1.4444444444444444,28,2.2,H,2.54,2.93,3.03
3315,2021,2021-10-28,Bragantino,Sport Recife,1577.7385981341197,1454.3755069180356,123.36309121608406,2.2,1.4,1.8,1.0,1.0,0.8,1.6,0.8,4.0,2.0,1.6428571428571428,0.9642857142857143,29,3.0,H,1.47,4.12,7.11
3316,2021,2021-10-30,Athletico-PR,Santos,1495.2445878404399,1506.1044499665434,-10.859862126103508,0.8,1.4,0.6,1.4,0.8,1.0,1.4,0.6,7.0,3.0,1.2592592592592593,1.1428571428571428,28,2.4,A,1.8,3.38,4.65
3317,2021,2021-10-30,Flamengo RJ,Atletico-MG,1616.080550547739,1639.9333485011537,-23.852797953414665,1.6,2.0,1.6,1.0,2.2,1.4,2.0,1.2,7.0,6.0,1.84,2.185185185185185,26,2.0,H,2.25,3.25,3.23
3318,2021,2021-10-30,Juventude,Bahia,1473.5356576264678,1479.168636259213,-5.6329786327451075,0.4,1.8,1.0,2.0,1.2,0.2,1.2,1.0,7.0,3.0,1.0357142857142858,1.1428571428571428,29,,D,2.42,2.9,3.27
3319,2021,2021-10-31,America MG,Fortaleza,1509.5669966732144,1542.7198063669014,-33.152809693687004,1.6,2.4,1.2,1.0,1.6,0.8,2.2,1.8,8.0,8.0,1.25,1.7142857142857142,29,,H,2.08,2.99,3.7
3320,2021,2021-10-31,Ceara,Fluminense,1505.3227022873723,1547.2410849170544,-41.91838262968213,0.8,1.4,1.0,1.2,0.8,0.8,1.2,1.4,4.0,4.0,1.1785714285714286,1.3928571428571428,29,2.0,H,2.3,2.99,3.39
3321,2021,2021-10-31,Gremio,Palmeiras,1488.2210964971273,1569.164030102929,-80.94293360580173,0.8,2.0,1.0,1.6,1.4,1.2,1.4,1.4,5.0,5.0,1.0,1.75,27,0.6,A,2.85,3.19,2.5
3322,2021,2021-10-31,Sao Paulo,Internacional,1542.1039902748944,1571.4653368272516,-29.36134655235719,1.2,1.6,0.6,0.6,2.2,1.4,1.4,1.0,7.0,7.0,1.2142857142857142,1.4642857142857142,29,1.4,H,1.75,3.52,4.88
3323,2021,2021-10-31,Sport Recife,Atletico GO,1449.3216633470076,1525.5449709835407,-76.22330763653304,0.8,1.4,0.4,1.2,0.8,0.8,1.4,1.4,3.0,5.0,0.9310344827586207,1.3703703703703705,30,1.3333333333333333,H,2.43,2.85,3.27
3324,2021,2021-11-01,Cuiaba,Bragantino,1519.3515088126758,1582.7924417051477,-63.44093289247189,1.2,2.2,0.8,0.8,1.6,0.6,1.6,1.2,8.0,4.0,1.25,1.6896551724137931,29,,H,2.5,2.97,3.03
3325,2021,2021-11-02,Corinthians,Chapecoense-SC,1548.1030614243093,1386.5675346465,161.5355267778093,1.4,0.4,1.2,1.0,1.2,2.6,2.2,0.8,9.0,8.0,1.4642857142857142,0.4642857142857143,29,1.8,H,1.37,4.55,8.59
3326,2021,2021-11-02,Athletico-PR,Flamengo RJ,1483.6988009649785,1624.9017450113906,-141.20294404641209,0.2,2.0,0.2,1.6,1.6,0.8,1.2,1.6,3.0,3.0,1.2142857142857142,1.8846153846153846,29,1.6,D,3.27,3.2,2.24
3327,2021,2021-11-04,Atletico-MG,Gremio,1631.112154037502,1478.679649206281,152.43250483122097,1.8,0.6,1.8,1.2,0.8,1.8,3.0,0.6,5.0,4.0,2.107142857142857,0.9629629629629629,29,1.2,H,1.42,4.45,7.53
3328,2021,2021-11-05,Cuiaba,Chapecoense-SC,1529.3066355553603,1382.2978282522333,147.008807303127,1.6,0.2,0.6,0.4,0.8,2.4,1.6,0.6,4.0,3.0,1.3103448275862069,0.4482758620689655,30,,D,1.68,3.44,5.67
3329,2021,2021-11-06,Flamengo RJ,Atletico GO,1622.7429540499422,1515.2220505376752,107.52090351226707,1.6,1.4,1.4,1.2,0.8,0.8,2.0,0.8,4.0,6.0,1.8518518518518519,1.3214285714285714,28,2.3333333333333335,H,1.33,5.13,8.8
3330,2021,2021-11-06,Corinthians,Fortaleza,1552.372767818576,1533.6338835303245,18.738884288251484,1.4,1.8,0.8,0.8,1.4,1.2,2.6,1.8,4.0,6.0,1.5172413793103448,1.6551724137931034,30,2.0,H,1.81,3.34,4.9
3331,2021,2021-11-06,Internacional,Gremio,1562.4875171501187,1474.2313289860283,88.25618816409042,1.0,0.6,1.2,1.2,1.0,2.0,2.2,0.0,6.0,2.0,1.4137931034482758,0.9285714285714286,30,2.0,H,2.3,3.0,3.44
3332,2021,2021-11-07,Fluminense,Sport Recife,1537.904451630397,1459.6445837928732,78.25986783752387,1.2,0.8,0.8,1.0,0.6,1.2,2.0,0.6,7.0,7.0,1.3448275862068966,1.0,30,1.6,H,1.72,3.27,5.74
3333,2021,2021-11-07,Atletico-MG,America MG,1635.5604742577548,1518.6529195097912,116.90755474796356,1.8,1.6,1.6,1.2,1.2,1.0,3.0,1.6,3.0,7.0,2.1379310344827585,1.3103448275862069,30,2.0,H,1.65,3.68,5.49
3334,2021,2021-11-07,Bragantino,Athletico-PR,1572.837314962463,1485.857591926427,86.97972303603615,1.6,0.4,1.4,0.8,0.6,1.6,2.2,0.8,6.0,5.0,1.6333333333333333,1.206896551724138,31,0.0,A,2.15,3.15,3.61
3335,2021,2021-11-07,Santos,Palmeiras,1517.6502368420047,1578.7054773937753,-61.05524055177057,1.4,2.6,0.8,1.0,1.6,0.6,1.4,1.4,8.0,7.0,1.206896551724138,1.793103448275862,30,2.2,A,3.73,3.25,2.08
3336,2021,2021-11-07,Bahia,Sao Paulo,1480.8609184645386,1551.0818099520272,-70.22089148748864,1.4,1.6,0.8,0.2,0.6,0.4,1.8,0.6,8.0,7.0,1.1379310344827587,1.2758620689655173,30,1.0,H,2.98,3.06,2.52
3337,2021,2021-11-07,Ceara,Cuiaba,1514.6593355740297,1523.863883683049,-9.204548109019242,1.2,1.6,1.0,1.0,0.6,0.4,1.6,1.2,7.0,2.0,1.2413793103448276,1.3,30,,H,1.94,3.14,4.49
3338,2021,2021-11-08,Chapecoense-SC,Flamengo RJ,1387.7405801245447,1628.1489180968842,-240.4083379723395,0.4,1.6,0.4,1.4,1.2,1.0,0.6,1.2,3.0,2.0,0.4666666666666667,1.8928571428571428,31,0.6,D,8.18,4.87,1.36
3339,2021,2021-11-10,Gremio,Fluminense,1468.376943185732,1543.9999162218176,-75.62297303608557,0.6,1.8,1.0,2.0,1.0,0.8,1.4,0.8,4.0,3.0,0.896551724137931,1.4,30,1.4,H,2.36,2.92,3.4
3340,2021,2021-11-10,Athletico-PR,Ceara,1499.9727343465524,1523.0670779346729,-23.09434358812041,0.8,1.6,0.8,1.4,0.8,0.6,0.8,0.6,3.0,3.0,1.2666666666666666,1.3,31,1.6666666666666667,H,1.81,3.38,4.7
3341,2021,2021-11-10,Atletico-MG,Corinthians,1640.7559521928006,1560.0081794157666,80.74777277703402,1.8,2.0,1.2,1.0,1.0,0.6,3.0,0.6,3.0,4.0,2.1666666666666665,1.5666666666666667,31,2.4,H,1.55,3.65,7.1
3342,2021,2021-11-10,Santos,Bragantino,1507.5367024168409,1558.7221725423376,-51.18547012549675,1.4,1.4,0.6,0.8,1.0,0.8,1.4,1.0,3.0,3.0,1.1666666666666667,1.5806451612903225,31,1.0,H,2.53,3.13,2.9
3343,2021,2021-11-10,Palmeiras,Atletico GO,1588.819011818939,1509.8160864907331,79.00292532820595,3.0,1.2,2.0,0.6,0.8,1.2,1.4,0.8,3.0,4.0,1.8333333333333333,1.2758620689655173,31,1.3333333333333333,H,1.36,4.69,8.9
3344,2021,2021-11-11,Fortaleza,Sao Paulo,1525.998471933134,1540.9315519253248,-14.93307999219087,1.8,1.4,1.4,0.8,0.6,0.6,1.2,0.4,5.0,4.0,1.6,1.2333333333333334,31,0.0,D,2.62,2.97,2.91
3345,2021,2021-11-11,Juventude,Internacional,1471.8433754211421,1568.341902950415,-96.4985275292729,0.6,1.0,0.8,1.4,0.8,1.0,1.2,0.8,12.0,5.0,1.0344827586206897,1.4666666666666666,30,,H,2.67,2.8,3.04
3346,2021,2021-11-11,Sport Recife,America MG,1453.5491192014526,1513.4574415747454,-59.908322373292776,0.8,1.4,0.6,1.2,1.0,1.0,2.0,1.4,4.0,4.0,0.967741935483871,1.2666666666666666,32,0.5,A,2.97,3.03,2.54
3347,2021,2021-11-11,Flamengo RJ,Bahia,1623.4895658586547,1491.011176491241,132.47838936741368,1.6,1.8,1.6,1.4,1.0,0.2,2.6,1.0,3.0,4.0,1.8620689655172413,1.2,30,2.6,H,1.58,4.03,5.48
3348,2021,2021-11-13,Atletico GO,Santos,1503.7387331416403,1517.1392976911377,-13.400564549497403,1.2,1.8,0.8,1.8,1.0,0.8,1.6,1.0,3.0,3.0,1.2333333333333334,1.2258064516129032,31,1.6666666666666667,D,2.09,3.17,3.77
3349,2021,2021-11-13,America MG,Gremio,1523.6039813466432,1478.6826016849798,44.92137966166342,2.0,0.6,1.4,0.8,0.6,1.6,2.2,0.0,2.0,3.0,1.3225806451612903,0.9666666666666667,32,1.0,H,2.09,3.21,3.69
3350,2021,2021-11-13,Bragantino,Fortaleza,1549.1195772680408,1524.5673228707276,24.552254397313163,1.2,1.4,0.8,1.0,1.4,1.0,2.0,1.8,3.0,2.0,1.53125,1.5806451612903225,33,3.0,H,2.04,3.25,3.83
3351,2021,2021-11-13,Internacional,Athletico-PR,1557.4377781691703,1508.772407657927,48.66537051124328,1.0,1.4,1.0,1.2,1.2,1.4,2.2,1.4,2.0,3.0,1.4193548387096775,1.3225806451612903,32,2.6,H,2.15,3.06,3.75
3352,2021,2021-11-14,Corinthians,Cuiaba,1553.9732353661323,1515.4561413224058,38.5170940437265,1.4,1.0,0.8,1.2,0.4,0.6,3.0,0.6,4.0,7.0,1.5161290322580645,1.2580645161290323,32,,H,1.59,3.53,6.93
3353,2021,2021-11-14,Sao Paulo,Flamengo RJ,1542.3627009877312,1628.3478178799621,-85.98511689223096,1.4,2.2,0.6,0.6,2.0,0.8,1.8,1.2,3.0,3.0,1.2258064516129032,1.9,32,1.8,A,2.72,3.3,2.59
3354,2021,2021-11-14,Fluminense,Palmeiras,1533.6942577225698,1594.896365168032,-61.20210744546216,1.2,3.0,0.8,1.0,2.6,0.6,2.0,2.0,4.0,4.0,1.3548387096774193,1.8709677419354838,32,1.4,H,3.16,3.11,2.36
3355,2021,2021-11-14,Ceara,Sport Recife,1514.2674046232983,1443.4025794295549,70.8648251937434,1.6,0.6,0.8,0.6,1.0,1.8,1.6,0.6,4.0,3.0,1.2580645161290323,0.9375,32,2.0,H,1.77,3.35,5.05
3356,2021,2021-11-14,Chapecoense-SC,Juventude,1392.3999323627743,1482.7475002023868,-90.34756783961257,0.4,1.0,0.6,1.6,1.0,1.4,0.8,0.2,6.0,3.0,0.4838709677419355,1.1,32,,A,3.31,3.1,2.3
3357,2021,2021-11-16,Athletico-PR,Atletico-MG,1501.9320308304275,1646.7908962424349,-144.8588654120074,1.4,2.4,1.4,1.2,1.6,0.6,0.8,1.0,3.0,6.0,1.28125,2.193548387096774,33,0.8,A,6.48,4.07,1.51
3358,2021,2021-11-16,Gremio,Bragantino,1471.7448945004792,1556.5976592295792,-84.85276472910004,0.6,1.2,0.8,1.8,1.2,1.0,1.4,1.0,3.0,3.0,0.9354838709677419,1.5757575757575757,32,3.0,H,1.54,4.15,5.88
3359,2021,2021-11-17,America MG,Atletico GO,1530.5416885311438,1502.2644057183747,28.277282812769045,2.4,0.8,2.0,1.0,0.4,1.6,2.2,0.2,4.0,4.0,1.375,1.2258064516129032,33,,D,1.6,3.88,5.67
3360,2021,2021-11-17,Cuiaba,Internacional,1508.3504606532404,1564.2781549966699,-55.92769434342949,0.8,1.4,0.8,1.2,1.2,1.2,1.6,0.2,3.0,4.0,1.21875,1.46875,33,,H,2.6,2.98,2.97
3361,2021,2021-11-17,Santos,Chapecoense-SC,1518.6136251144032,1383.128202372037,135.48542274236615,2.0,0.4,1.0,0.4,0.4,1.6,1.8,0.2,4.0,3.0,1.21875,0.46875,33,2.4,H,1.36,4.61,9.19
3362,2021,2021-11-17,Fortaleza,Ceara,1517.0892409091891,1520.5447504564015,-3.4555095472123867,0.8,2.0,1.0,1.4,1.2,0.8,1.4,0.6,4.0,3.0,1.53125,1.3125,33,1.5,A,2.42,2.97,3.2
3363,2021,2021-11-17,Juventude,Fluminense,1492.019230193124,1543.5849499415551,-51.56571974843109,1.6,1.2,1.2,0.8,0.6,1.0,1.8,0.6,3.0,3.0,1.1612903225806452,1.40625,32,,H,2.8,2.7,3.01
3364,2021,2021-11-17,Palmeiras,Sao Paulo,1585.0056729490466,1532.9659677776078,52.039705171438754,2.4,0.8,2.4,0.8,0.4,1.4,2.0,0.6,3.0,3.0,1.8125,1.1875,33,2.4,A,2.14,3.27,3.51
3365,2021,2021-11-18,Flamengo RJ,Corinthians,1637.7445510900855,1561.0789160352977,76.6656350547878,2.2,2.0,2.6,0.8,1.4,1.4,2.6,0.4,4.0,4.0,1.935483870967742,1.5625,32,2.6,H,1.9,3.35,4.31
3366,2021,2021-11-19,Sport Recife,Bahia,1437.1252335964516,1486.1529244699336,-49.027690873482015,0.6,1.6,1.0,1.8,1.0,0.8,2.0,1.0,5.0,8.0,0.9090909090909091,1.1612903225806452,34,2.6,H,2.79,2.97,2.74
3367,2021,2021-11-20,Atletico-MG,Juventude,1654.5320143907954,1501.6327531176119,152.89926127318358,2.4,2.2,1.4,0.4,1.0,0.2,3.0,0.8,4.0,3.0,2.21875,1.21875,33,,H,1.32,4.93,9.82
3368,2021,2021-11-20,Chapecoense-SC,Gremio,1378.3333345224335,1482.315681915585,-103.98234739315149,0.4,1.2,0.4,1.4,1.2,1.2,0.6,0.0,3.0,4.0,0.45454545454545453,1.0,34,1.0,A,5.95,4.04,1.55
3369,2021,2021-11-20,Fortaleza,Palmeiras,1505.3361462292164,1571.7588946255623,-66.42274839634592,0.2,1.8,0.4,2.2,2.0,1.0,1.4,2.0,3.0,3.0,1.4848484848484849,1.7575757575757576,34,1.5,H,2.62,3.08,2.82
3370,2021,2021-11-21,Atletico GO,Ceara,1504.8864451955185,1532.2978451363742,-27.411399940855745,0.4,2.4,0.0,1.6,1.8,0.6,1.6,1.2,4.0,4.0,1.21875,1.3636363636363635,33,0.0,D,2.27,3.07,3.36
3371,2021,2021-11-21,Internacional,Flamengo RJ,1554.5392176115204,1643.8789754590991,-89.33975784757877,1.2,2.6,0.8,1.0,2.4,0.4,2.2,1.6,4.0,3.0,1.4242424242424243,1.96875,34,2.0,A,3.83,3.4,1.99
3372,2021,2021-11-21,Corinthians,Santos,1554.944491666284,1523.4084929640069,31.535998702277084,1.8,2.0,1.0,1.2,1.0,0.4,3.0,1.2,3.0,4.0,1.5151515151515151,1.2727272727272727,34,1.8,H,1.74,3.29,5.56
3373,2021,2021-11-21,Fluminense,America MG,1533.9714270170673,1527.919649054,6.051777963067252,1.2,2.0,0.6,0.8,1.6,1.0,2.0,1.4,4.0,4.0,1.3636363636363635,1.3636363636363635,34,3.0,H,2.17,3.12,3.54
3374,2021,2021-11-21,Bahia,Cuiaba,1476.6123208934373,1518.0893980383898,-41.477077144952545,1.0,1.4,0.4,1.0,0.8,0.8,1.8,0.4,2.0,4.0,1.125,1.2727272727272727,33,,D,1.86,3.23,4.65
3375,2021,2021-11-23,Atletico GO,Juventude,1503.8087597359008,1497.1937196808374,6.615040055063446,0.6,2.0,0.2,1.4,1.0,0.6,1.6,0.6,2.0,3.0,1.2121212121212122,1.1818181818181819,34,,D,2.13,3.0,3.89
3376,2021,2021-11-24,Gremio,Flamengo RJ,1491.1983644303682,1653.1795647216554,-161.98120029128722,1.8,2.6,1.6,1.0,2.4,0.6,2.0,1.6,4.0,3.0,1.0606060606060606,2.0,34,1.8,D,2.03,3.51,3.5
3377,2021,2021-11-24,Palmeiras,Atletico-MG,1561.7179448638515,1658.97104782757,-97.25310296371845,1.2,3.0,1.4,1.0,1.8,0.2,1.8,1.0,4.0,4.0,1.7058823529411764,2.242424242424242,35,1.6,D,4.59,3.54,1.78
3378,2021,2021-11-25,Fluminense,Internacional,1541.9544323956918,1545.238628348964,-3.284195953272274,1.8,1.2,1.0,0.6,1.0,1.2,2.6,0.2,4.0,4.0,1.411764705882353,1.3823529411764706,35,1.6,H,2.37,3.02,3.22
3379,2021,2021-11-25,Sao Paulo,Athletico-PR,1546.212746101092,1494.190912682067,52.02183341902514,1.4,1.4,0.8,1.2,1.4,1.2,1.6,1.4,8.0,9.0,1.2424242424242424,1.2424242424242424,34,1.4,D,1.84,3.22,4.79
3380,2021,2021-11-25,Santos,Fortaleza,1516.1176606143702,1515.3770959909273,0.7405646234428787,1.4,0.8,0.8,0.8,0.4,1.8,1.8,1.2,4.0,5.0,1.2352941176470589,1.5294117647058822,35,1.0,H,2.74,2.98,2.78
3381,2021,2021-11-25,Ceara,Corinthians,1533.375530595992,1562.2353240159207,-28.859793419928792,2.0,1.8,1.8,0.8,1.2,1.2,2.0,0.2,4.0,4.0,1.3529411764705883,1.5588235294117647,35,2.0,H,2.36,3.05,3.22
3382,2021,2021-11-26,Bahia,Gremio,1475.9363093543839,1493.9194013955969,-17.983092041213013,1.0,2.0,0.2,0.8,2.0,1.2,1.8,0.6,5.0,2.0,1.121212121212121,1.0588235294117647,34,1.8,H,2.59,3.07,2.85
3383,2021,2021-11-27,Bragantino,America MG,1546.0268718144735,1519.9366436753755,26.090228139097917,0.6,1.4,0.6,1.6,1.2,1.2,2.4,1.2,11.0,6.0,1.5294117647058822,1.3235294117647058,35,,D,1.95,3.35,4.02
3384,2021,2021-11-28,Sao Paulo,Sport Recife,1542.966427950857,1446.665837172948,96.30059077790906,1.0,1.2,0.6,1.2,1.2,1.2,1.6,0.0,3.0,9.0,1.2352941176470589,0.9705882352941176,35,2.2,H,1.48,4.06,7.08
3385,2021,2021-11-28,Atletico-MG,Fluminense,1658.0453864177798,1550.1965588679473,107.84882754983255,2.6,1.8,1.8,0.4,1.0,0.6,3.0,0.6,4.0,3.0,2.2058823529411766,1.457142857142857,35,1.6,H,1.37,4.54,9.06
3386,2021,2021-11-28,Corinthians,Athletico-PR,1553.271787247393,1497.437230832302,55.8345564150909,1.2,1.4,1.2,1.6,1.0,0.8,3.0,1.0,3.0,3.0,1.5142857142857142,1.2352941176470589,36,1.0,H,2.0,3.07,4.24
3387,2021,2021-11-28,Internacional,Santos,1536.9965018767089,1524.2477579610643,12.748743915644582,0.6,2.0,0.8,1.4,1.2,0.4,1.6,1.0,3.0,3.0,1.3428571428571427,1.2857142857142858,36,2.2,D,1.56,3.91,6.08
3388,2021,2021-11-29,Atletico GO,Bahia,1501.7762177727755,1484.5912546185639,17.184963154211573,0.8,1.4,0.4,1.2,0.8,1.0,1.8,1.0,6.0,3.0,1.2058823529411764,1.1764705882352942,35,0.6666666666666666,H,2.54,2.99,3.0
3389,2021,2021-11-30,Juventude,Bragantino,1499.2262616439627,1543.4635492033647,-44.23728755940192,2.0,0.8,1.2,0.8,0.8,1.6,1.8,0.4,7.0,3.0,1.1764705882352942,1.5142857142857142,35,,H,2.42,2.95,3.23
3390,2021,2021-11-30,Flamengo RJ,Ceara,1650.4585277564267,1542.3390673645197,108.11946039190707,2.6,2.0,2.4,0.6,2.0,1.0,2.6,1.2,6.0,5.0,1.9705882352941178,1.4,35,1.0,H,1.43,4.57,6.88
3391,2021,2021-12-01,America MG,Chapecoense-SC,1522.4999662864843,1369.4506520076502,153.04931427883412,1.6,0.4,1.4,1.2,0.6,1.8,2.2,0.2,4.0,11.0,1.3142857142857143,0.4411764705882353,36,0.5,H,1.27,5.48,11.48
3392,2021,2021-12-01,Cuiaba,Palmeiras,1518.7654095774433,1562.6436062736416,-43.8781966961983,1.0,0.8,0.6,0.8,1.4,1.4,2.2,1.8,10.0,7.0,1.2647058823529411,1.6857142857142857,35,,A,1.73,3.47,5.1
3393,2021,2021-12-02,Bahia,Atletico-MG,1476.913573879176,1663.4439072744822,-186.53033339530612,0.8,2.6,0.8,1.4,2.0,0.6,2.2,1.0,3.0,4.0,1.1428571428571428,2.2285714285714286,36,1.4,A,4.1,3.17,1.99
3394,2021,2021-12-02,Gremio,Sao Paulo,1485.2644561314169,1548.6309259594238,-63.366469828006984,1.4,1.6,2.0,1.8,1.0,1.0,2.0,1.0,6.0,4.0,1.0285714285714285,1.2857142857142858,36,2.4,H,2.2,3.16,3.46
3395,2021,2021-12-03,Athletico-PR,Cuiaba,1490.7813706248066,1508.1582230472152,-17.376852422408547,0.8,0.8,0.6,1.0,0.8,1.4,0.8,0.4,5.0,2.0,1.2,1.2285714285714286,36,,H,1.72,3.2,5.86
3396,2021,2021-12-03,Chapecoense-SC,Atletico GO,1365.0146011437735,1509.4538985121633,-144.43929736838982,0.2,1.4,0.6,2.4,0.8,0.6,0.4,0.2,2.0,4.0,0.42857142857142855,1.2571428571428571,36,0.0,A,3.65,3.18,2.11
3397,2021,2021-12-03,Sport Recife,Flamengo RJ,1441.001339164381,1655.850910680571,-214.84957151618983,0.6,2.6,0.8,1.6,2.2,0.8,2.0,1.8,5.0,3.0,0.9428571428571428,2.0,36,1.2,D,4.65,3.76,1.71
3398,2021,2021-12-04,Fortaleza,Juventude,1507.2469986442331,1508.6293731178541,-1.3823744736209846,0.8,2.0,0.4,2.0,1.0,0.6,2.0,0.8,9.0,4.0,1.4857142857142858,1.2285714285714286,36,,H,1.7,3.5,5.23
3399,2021,2021-12-05,Atletico-MG,Bragantino,1670.0819929078968,1534.0604377294733,136.02155517842357,2.6,0.8,2.0,1.0,0.8,1.4,3.0,0.2,3.0,5.0,2.25,1.4722222222222223,37,3.0,H,1.97,3.37,3.93
3400,2021,2021-12-05,Bahia,Fluminense,1470.2754882457614,1544.798038011245,-74.52254976548352,0.8,1.8,1.2,1.4,1.2,0.8,1.6,0.0,3.0,7.0,1.1111111111111112,1.4166666666666667,37,1.4,H,2.05,3.13,3.96
3401,2021,2021-12-05,Corinthians,Gremio,1559.9276474548883,1495.2174397000738,64.71020775481452,1.8,2.0,1.4,1.0,2.4,1.2,3.0,0.6,7.0,3.0,1.5555555555555556,1.0833333333333333,37,0.8,D,2.27,3.31,3.13
3402,2021,2021-12-05,Ceara,America MG,1536.9466844403755,1526.936017150361,10.010667290014453,2.0,1.6,2.0,1.0,1.4,0.8,2.4,1.4,5.0,4.0,1.3611111111111112,1.3611111111111112,37,1.0,D,2.13,3.18,3.62
3403,2021,2021-12-06,Athletico-PR,Palmeiras,1499.4191866297986,1573.2507928038697,-73.83160617407111,0.8,0.8,0.4,0.8,1.2,1.6,1.4,1.8,3.0,5.0,1.25,1.7222222222222223,37,0.8,D,1.42,4.43,7.67
3404,2021,2021-12-06,Sao Paulo,Juventude,1538.677942390767,1500.4402424490668,38.23769994170016,1.4,1.4,0.8,1.4,0.6,0.8,2.0,0.8,4.0,2.0,1.25,1.1944444444444444,37,,H,1.63,3.53,6.12
3405,2021,2021-12-06,Cuiaba,Fortaleza,1499.5204070422233,1515.4361293130205,-15.915722270797232,0.8,1.2,0.8,1.4,0.4,1.8,2.0,0.6,3.0,2.0,1.1944444444444444,1.5277777777777777,37,,H,2.12,3.04,3.89
3406,2021,2021-12-06,Flamengo RJ,Santos,1651.78682453041,1526.4489261555584,125.33789837485165,2.2,1.6,1.6,1.0,1.0,0.6,3.0,1.2,3.0,8.0,1.9722222222222223,1.2777777777777777,37,2.4,A,1.51,4.53,5.77
3407,2021,2021-12-06,Internacional,Atletico GO,1534.7953336822147,1517.206479730251,17.588853951963756,0.8,1.8,0.8,1.2,1.0,0.6,1.6,0.8,8.0,3.0,1.3333333333333333,1.3055555555555556,37,3.0,A,1.55,4.0,6.12
3408,2021,2021-12-07,Chapecoense-SC,Sport Recife,1357.2620199256858,1445.065425314542,-87.80340538885616,0.0,0.8,0.2,2.2,1.0,1.6,0.2,0.0,4.0,4.0,0.4166666666666667,0.9444444444444444,37,2.2,A,3.0,3.09,2.48
3409,2021,2021-12-10,America MG,Sao Paulo,1529.0620667792793,1545.790992729968,-16.728925950688563,1.2,2.0,0.8,0.6,1.4,0.8,2.2,0.8,5.0,4.0,1.3513513513513513,1.2972972972972974,38,1.5,H,1.98,3.29,4.02
3410,2021,2021-12-10,Atletico GO,Flamengo RJ,1529.5397939783782,1636.7978548906224,-107.25806091224422,2.2,1.6,1.4,0.8,1.4,1.2,1.8,1.8,4.0,4.0,1.3513513513513513,1.9189189189189189,38,1.0,H,1.73,3.87,4.49
3411,2021,2021-12-10,Bragantino,Internacional,1529.276811155363,1522.4620194340876,6.814791721275469,0.8,0.2,1.4,1.8,0.6,1.4,2.0,0.0,5.0,4.0,1.4324324324324325,1.2972972972972974,38,0.0,H,1.89,3.61,3.95
3412,2021,2021-12-10,Fluminense,Chapecoense-SC,1534.5240256066663,1347.9174138705143,186.606611736152,1.2,0.0,0.8,1.0,0.2,2.0,3.0,0.2,5.0,3.0,1.3783783783783783,0.40540540540540543,38,1.0,H,1.19,6.7,15.66
3413,2021,2021-12-10,Fortaleza,Bahia,1506.8395637962124,1480.54950065034,26.29006314587241,1.2,1.4,0.4,1.4,1.6,1.2,2.0,0.4,4.0,5.0,1.4864864864864864,1.162162162162162,38,1.5,H,2.45,3.2,2.94
3414,2021,2021-12-10,Gremio,Atletico-MG,1498.7865018522377,1674.865619482007,-176.07911762976937,1.6,2.6,2.0,1.4,2.6,1.6,2.0,1.4,5.0,5.0,1.0810810810810811,2.27027027027027,38,2.2,H,1.52,4.33,5.77
3415,2021,2021-12-10,Juventude,Corinthians,1493.3271921098658,1556.3585853027244,-63.03139319285856,0.8,1.4,0.6,1.4,1.0,0.8,2.2,0.2,4.0,5.0,1.162162162162162,1.5405405405405406,38,,H,2.25,3.06,3.46
3416,2021,2021-12-10,Palmeiras,Ceara,1572.9966534795194,1534.8206348114572,38.17601866806217,1.0,1.6,1.0,1.2,1.6,0.8,2.0,1.0,4.0,5.0,1.7027027027027026,1.3513513513513513,38,3.0,H,4.0,3.73,1.85
3417,2021,2021-12-10,Santos,Cuiaba,1541.437895795346,1508.1169725590314,33.320923236314684,2.0,1.4,1.2,0.6,0.6,0.8,2.4,0.2,4.0,4.0,1.3243243243243243,1.2432432432432432,38,,D,2.07,3.01,4.09
3418,2021,2021-12-10,Sport Recife,Athletico-PR,1454.4100313697134,1499.6733259541488,-45.26329458443547,1.4,1.0,0.8,1.0,0.2,0.4,1.6,0.8,3.0,4.0,1.0,1.2432432432432432,38,2.6,D,1.71,3.57,5.19
